Copyright 1986-2020 Xilinx, Inc. All Rights Reserved.
--------------------------------------------------------------------------------------------------------------------------------------------------------------------------------
| Tool Version : Vivado v.2020.2 (win64) Build 3064766 Wed Nov 18 09:12:45 MST 2020
| Date         : Thu May 22 16:55:24 2025
| Host         : DESKTOP-7CFQ9ND running 64-bit major release  (build 9200)
| Command      : report_timing_summary -max_paths 10 -file spi_timing_summary_routed.rpt -pb spi_timing_summary_routed.pb -rpx spi_timing_summary_routed.rpx -warn_on_violation
| Design       : spi
| Device       : 7a35t-cpg236
| Speed File   : -1  PRODUCTION 1.23 2018-06-13
--------------------------------------------------------------------------------------------------------------------------------------------------------------------------------

Timing Summary Report

------------------------------------------------------------------------------------------------
| Timer Settings
| --------------
------------------------------------------------------------------------------------------------

  Enable Multi Corner Analysis               :  Yes
  Enable Pessimism Removal                   :  Yes
  Pessimism Removal Resolution               :  Nearest Common Node
  Enable Input Delay Default Clock           :  No
  Enable Preset / Clear Arcs                 :  No
  Disable Flight Delays                      :  No
  Ignore I/O Paths                           :  No
  Timing Early Launch at Borrowing Latches   :  No
  Borrow Time for Max Delay Exceptions       :  Yes
  Merge Timing Exceptions                    :  Yes

  Corner  Analyze    Analyze    
  Name    Max Paths  Min Paths  
  ------  ---------  ---------  
  Slow    Yes        Yes        
  Fast    Yes        Yes        



check_timing report

Table of Contents
-----------------
1. checking no_clock (248)
2. checking constant_clock (0)
3. checking pulse_width_clock (0)
4. checking unconstrained_internal_endpoints (32)
5. checking no_input_delay (10)
6. checking no_output_delay (16)
7. checking multiple_clock (0)
8. checking generated_clocks (0)
9. checking loops (0)
10. checking partial_input_delay (0)
11. checking partial_output_delay (0)
12. checking latch_loops (0)

1. checking no_clock (248)
--------------------------
 There are 16 register/latch pins with no clock driven by root clock pin: U_btn/edge_detect_reg/Q (HIGH)

 There are 16 register/latch pins with no clock driven by root clock pin: U_btn/q_reg_reg[0]/Q (HIGH)

 There are 16 register/latch pins with no clock driven by root clock pin: U_btn/q_reg_reg[1]/Q (HIGH)

 There are 16 register/latch pins with no clock driven by root clock pin: U_btn/q_reg_reg[2]/Q (HIGH)

 There are 16 register/latch pins with no clock driven by root clock pin: U_btn/q_reg_reg[3]/Q (HIGH)

 There are 16 register/latch pins with no clock driven by root clock pin: U_btn/q_reg_reg[4]/Q (HIGH)

 There are 16 register/latch pins with no clock driven by root clock pin: U_btn/q_reg_reg[5]/Q (HIGH)

 There are 16 register/latch pins with no clock driven by root clock pin: U_btn/q_reg_reg[6]/Q (HIGH)

 There are 16 register/latch pins with no clock driven by root clock pin: U_btn/q_reg_reg[7]/Q (HIGH)

 There are 8 register/latch pins with no clock driven by root clock pin: U_btn/r_1khz_reg/Q (HIGH)

 There are 16 register/latch pins with no clock driven by root clock pin: dut/FSM_sequential_state_reg[0]/Q (HIGH)

 There are 16 register/latch pins with no clock driven by root clock pin: dut/FSM_sequential_state_reg[1]/Q (HIGH)

 There are 16 register/latch pins with no clock driven by root clock pin: dutt/U_SPI_Slave_Intf/si_done_reg_reg/Q (HIGH)

 There are 16 register/latch pins with no clock driven by root clock pin: dutt/U_SPI_Slave_Reg/FSM_onehot_state_reg[2]/Q (HIGH)

 There are 16 register/latch pins with no clock driven by root clock pin: dutt/U_SPI_Slave_Reg/addr_reg_reg[0]/Q (HIGH)

 There are 16 register/latch pins with no clock driven by root clock pin: dutt/U_SPI_Slave_Reg/addr_reg_reg[1]/Q (HIGH)


2. checking constant_clock (0)
------------------------------
 There are 0 register/latch pins with constant_clock.


3. checking pulse_width_clock (0)
---------------------------------
 There are 0 register/latch pins which need pulse_width check


4. checking unconstrained_internal_endpoints (32)
-------------------------------------------------
 There are 32 pins that are not constrained for maximum delay. (HIGH)

 There are 0 pins that are not constrained for maximum delay due to constant clock.


5. checking no_input_delay (10)
-------------------------------
 There are 10 input ports with no input delay specified. (HIGH)

 There are 0 input ports with no input delay but user has a false path constraint.


6. checking no_output_delay (16)
--------------------------------
 There are 16 ports with no output delay specified. (HIGH)

 There are 0 ports with no output delay but user has a false path constraint

 There are 0 ports with no output delay but with a timing clock defined on it or propagating through it


7. checking multiple_clock (0)
------------------------------
 There are 0 register/latch pins with multiple clocks.


8. checking generated_clocks (0)
--------------------------------
 There are 0 generated clocks that are not connected to a clock source.


9. checking loops (0)
---------------------
 There are 0 combinational loops in the design.


10. checking partial_input_delay (0)
------------------------------------
 There are 0 input ports with partial input delay specified.


11. checking partial_output_delay (0)
-------------------------------------
 There are 0 ports with partial output delay specified.


12. checking latch_loops (0)
----------------------------
 There are 0 combinational latch loops in the design through latch input



------------------------------------------------------------------------------------------------
| Design Timing Summary
| ---------------------
------------------------------------------------------------------------------------------------

    WNS(ns)      TNS(ns)  TNS Failing Endpoints  TNS Total Endpoints      WHS(ns)      THS(ns)  THS Failing Endpoints  THS Total Endpoints     WPWS(ns)     TPWS(ns)  TPWS Failing Endpoints  TPWS Total Endpoints  
    -------      -------  ---------------------  -------------------      -------      -------  ---------------------  -------------------     --------     --------  ----------------------  --------------------  
      5.546        0.000                      0                   94        0.196        0.000                      0                   94        4.500        0.000                       0                    69  


All user specified timing constraints are met.


------------------------------------------------------------------------------------------------
| Clock Summary
| -------------
------------------------------------------------------------------------------------------------

Clock        Waveform(ns)       Period(ns)      Frequency(MHz)
-----        ------------       ----------      --------------
sys_clk_pin  {0.000 5.000}      10.000          100.000         


------------------------------------------------------------------------------------------------
| Intra Clock Table
| -----------------
------------------------------------------------------------------------------------------------

Clock             WNS(ns)      TNS(ns)  TNS Failing Endpoints  TNS Total Endpoints      WHS(ns)      THS(ns)  THS Failing Endpoints  THS Total Endpoints     WPWS(ns)     TPWS(ns)  TPWS Failing Endpoints  TPWS Total Endpoints  
-----             -------      -------  ---------------------  -------------------      -------      -------  ---------------------  -------------------     --------     --------  ----------------------  --------------------  
sys_clk_pin         5.546        0.000                      0                   94        0.196        0.000                      0                   94        4.500        0.000                       0                    69  


------------------------------------------------------------------------------------------------
| Inter Clock Table
| -----------------
------------------------------------------------------------------------------------------------

From Clock    To Clock          WNS(ns)      TNS(ns)  TNS Failing Endpoints  TNS Total Endpoints      WHS(ns)      THS(ns)  THS Failing Endpoints  THS Total Endpoints  
----------    --------          -------      -------  ---------------------  -------------------      -------      -------  ---------------------  -------------------  


------------------------------------------------------------------------------------------------
| Other Path Groups Table
| -----------------------
------------------------------------------------------------------------------------------------

Path Group    From Clock    To Clock          WNS(ns)      TNS(ns)  TNS Failing Endpoints  TNS Total Endpoints      WHS(ns)      THS(ns)  THS Failing Endpoints  THS Total Endpoints  
----------    ----------    --------          -------      -------  ---------------------  -------------------      -------      -------  ---------------------  -------------------  


------------------------------------------------------------------------------------------------
| Timing Details
| --------------
------------------------------------------------------------------------------------------------


---------------------------------------------------------------------------------------------------
From Clock:  sys_clk_pin
  To Clock:  sys_clk_pin

Setup :            0  Failing Endpoints,  Worst Slack        5.546ns,  Total Violation        0.000ns
Hold  :            0  Failing Endpoints,  Worst Slack        0.196ns,  Total Violation        0.000ns
PW    :            0  Failing Endpoints,  Worst Slack        4.500ns,  Total Violation        0.000ns
---------------------------------------------------------------------------------------------------


Max Delay Paths
--------------------------------------------------------------------------------------
Slack (MET) :             5.546ns  (required time - arrival time)
  Source:                 dut/sclk_counter_reg_reg[1]/C
                            (rising edge-triggered cell FDCE clocked by sys_clk_pin  {rise@0.000ns fall@5.000ns period=10.000ns})
  Destination:            dutt/U_SPI_Slave_Reg/FSM_onehot_state_reg[0]/CE
                            (rising edge-triggered cell FDPE clocked by sys_clk_pin  {rise@0.000ns fall@5.000ns period=10.000ns})
  Path Group:             sys_clk_pin
  Path Type:              Setup (Max at Slow Process Corner)
  Requirement:            10.000ns  (sys_clk_pin rise@10.000ns - sys_clk_pin rise@0.000ns)
  Data Path Delay:        4.186ns  (logic 1.202ns (28.715%)  route 2.984ns (71.285%))
  Logic Levels:           3  (LUT5=1 LUT6=2)
  Clock Path Skew:        -0.028ns (DCD - SCD + CPR)
    Destination Clock Delay (DCD):    4.848ns = ( 14.848 - 10.000 ) 
    Source Clock Delay      (SCD):    5.136ns
    Clock Pessimism Removal (CPR):    0.260ns
  Clock Uncertainty:      0.035ns  ((TSJ^2 + TIJ^2)^1/2 + DJ) / 2 + PE
    Total System Jitter     (TSJ):    0.071ns
    Total Input Jitter      (TIJ):    0.000ns
    Discrete Jitter          (DJ):    0.000ns
    Phase Error              (PE):    0.000ns

    Location             Delay type                Incr(ns)  Path(ns)    Netlist Resource(s)
  -------------------------------------------------------------------    -------------------
                         (clock sys_clk_pin rise edge)
                                                      0.000     0.000 r  
    W5                                                0.000     0.000 r  clk (IN)
                         net (fo=0)                   0.000     0.000    clk
    W5                   IBUF (Prop_ibuf_I_O)         1.458     1.458 r  clk_IBUF_inst/O
                         net (fo=1, routed)           1.967     3.425    clk_IBUF
    BUFGCTRL_X0Y0        BUFG (Prop_bufg_I_O)         0.096     3.521 r  clk_IBUF_BUFG_inst/O
                         net (fo=68, routed)          1.615     5.136    dut/clk_IBUF_BUFG
    SLICE_X5Y24          FDCE                                         r  dut/sclk_counter_reg_reg[1]/C
  -------------------------------------------------------------------    -------------------
    SLICE_X5Y24          FDCE (Prop_fdce_C_Q)         0.419     5.555 r  dut/sclk_counter_reg_reg[1]/Q
                         net (fo=5, routed)           0.891     6.446    dut/sclk_counter_reg[1]
    SLICE_X5Y24          LUT6 (Prop_lut6_I0_O)        0.299     6.745 r  dut/FSM_sequential_state[1]_i_3/O
                         net (fo=11, routed)          0.683     7.428    dut/FSM_sequential_state[1]_i_3_n_0
    SLICE_X4Y24          LUT5 (Prop_lut5_I3_O)        0.152     7.580 r  dut/FSM_onehot_state[4]_i_2/O
                         net (fo=1, routed)           0.794     8.374    dutt/U_SPI_Slave_Reg/FSM_onehot_state_reg[0]_1
    SLICE_X3Y28          LUT6 (Prop_lut6_I2_O)        0.332     8.706 r  dutt/U_SPI_Slave_Reg/FSM_onehot_state[4]_i_1/O
                         net (fo=5, routed)           0.616     9.322    dutt/U_SPI_Slave_Reg/FSM_onehot_state[4]_i_1_n_0
    SLICE_X3Y28          FDPE                                         r  dutt/U_SPI_Slave_Reg/FSM_onehot_state_reg[0]/CE
  -------------------------------------------------------------------    -------------------

                         (clock sys_clk_pin rise edge)
                                                     10.000    10.000 r  
    W5                                                0.000    10.000 r  clk (IN)
                         net (fo=0)                   0.000    10.000    clk
    W5                   IBUF (Prop_ibuf_I_O)         1.388    11.388 r  clk_IBUF_inst/O
                         net (fo=1, routed)           1.862    13.250    clk_IBUF
    BUFGCTRL_X0Y0        BUFG (Prop_bufg_I_O)         0.091    13.341 r  clk_IBUF_BUFG_inst/O
                         net (fo=68, routed)          1.507    14.848    dutt/U_SPI_Slave_Reg/clk_IBUF_BUFG
    SLICE_X3Y28          FDPE                                         r  dutt/U_SPI_Slave_Reg/FSM_onehot_state_reg[0]/C
                         clock pessimism              0.260    15.108    
                         clock uncertainty           -0.035    15.073    
    SLICE_X3Y28          FDPE (Setup_fdpe_C_CE)      -0.205    14.868    dutt/U_SPI_Slave_Reg/FSM_onehot_state_reg[0]
  -------------------------------------------------------------------
                         required time                         14.868    
                         arrival time                          -9.322    
  -------------------------------------------------------------------
                         slack                                  5.546    

Slack (MET) :             5.546ns  (required time - arrival time)
  Source:                 dut/sclk_counter_reg_reg[1]/C
                            (rising edge-triggered cell FDCE clocked by sys_clk_pin  {rise@0.000ns fall@5.000ns period=10.000ns})
  Destination:            dutt/U_SPI_Slave_Reg/FSM_onehot_state_reg[1]/CE
                            (rising edge-triggered cell FDCE clocked by sys_clk_pin  {rise@0.000ns fall@5.000ns period=10.000ns})
  Path Group:             sys_clk_pin
  Path Type:              Setup (Max at Slow Process Corner)
  Requirement:            10.000ns  (sys_clk_pin rise@10.000ns - sys_clk_pin rise@0.000ns)
  Data Path Delay:        4.186ns  (logic 1.202ns (28.715%)  route 2.984ns (71.285%))
  Logic Levels:           3  (LUT5=1 LUT6=2)
  Clock Path Skew:        -0.028ns (DCD - SCD + CPR)
    Destination Clock Delay (DCD):    4.848ns = ( 14.848 - 10.000 ) 
    Source Clock Delay      (SCD):    5.136ns
    Clock Pessimism Removal (CPR):    0.260ns
  Clock Uncertainty:      0.035ns  ((TSJ^2 + TIJ^2)^1/2 + DJ) / 2 + PE
    Total System Jitter     (TSJ):    0.071ns
    Total Input Jitter      (TIJ):    0.000ns
    Discrete Jitter          (DJ):    0.000ns
    Phase Error              (PE):    0.000ns

    Location             Delay type                Incr(ns)  Path(ns)    Netlist Resource(s)
  -------------------------------------------------------------------    -------------------
                         (clock sys_clk_pin rise edge)
                                                      0.000     0.000 r  
    W5                                                0.000     0.000 r  clk (IN)
                         net (fo=0)                   0.000     0.000    clk
    W5                   IBUF (Prop_ibuf_I_O)         1.458     1.458 r  clk_IBUF_inst/O
                         net (fo=1, routed)           1.967     3.425    clk_IBUF
    BUFGCTRL_X0Y0        BUFG (Prop_bufg_I_O)         0.096     3.521 r  clk_IBUF_BUFG_inst/O
                         net (fo=68, routed)          1.615     5.136    dut/clk_IBUF_BUFG
    SLICE_X5Y24          FDCE                                         r  dut/sclk_counter_reg_reg[1]/C
  -------------------------------------------------------------------    -------------------
    SLICE_X5Y24          FDCE (Prop_fdce_C_Q)         0.419     5.555 r  dut/sclk_counter_reg_reg[1]/Q
                         net (fo=5, routed)           0.891     6.446    dut/sclk_counter_reg[1]
    SLICE_X5Y24          LUT6 (Prop_lut6_I0_O)        0.299     6.745 r  dut/FSM_sequential_state[1]_i_3/O
                         net (fo=11, routed)          0.683     7.428    dut/FSM_sequential_state[1]_i_3_n_0
    SLICE_X4Y24          LUT5 (Prop_lut5_I3_O)        0.152     7.580 r  dut/FSM_onehot_state[4]_i_2/O
                         net (fo=1, routed)           0.794     8.374    dutt/U_SPI_Slave_Reg/FSM_onehot_state_reg[0]_1
    SLICE_X3Y28          LUT6 (Prop_lut6_I2_O)        0.332     8.706 r  dutt/U_SPI_Slave_Reg/FSM_onehot_state[4]_i_1/O
                         net (fo=5, routed)           0.616     9.322    dutt/U_SPI_Slave_Reg/FSM_onehot_state[4]_i_1_n_0
    SLICE_X3Y28          FDCE                                         r  dutt/U_SPI_Slave_Reg/FSM_onehot_state_reg[1]/CE
  -------------------------------------------------------------------    -------------------

                         (clock sys_clk_pin rise edge)
                                                     10.000    10.000 r  
    W5                                                0.000    10.000 r  clk (IN)
                         net (fo=0)                   0.000    10.000    clk
    W5                   IBUF (Prop_ibuf_I_O)         1.388    11.388 r  clk_IBUF_inst/O
                         net (fo=1, routed)           1.862    13.250    clk_IBUF
    BUFGCTRL_X0Y0        BUFG (Prop_bufg_I_O)         0.091    13.341 r  clk_IBUF_BUFG_inst/O
                         net (fo=68, routed)          1.507    14.848    dutt/U_SPI_Slave_Reg/clk_IBUF_BUFG
    SLICE_X3Y28          FDCE                                         r  dutt/U_SPI_Slave_Reg/FSM_onehot_state_reg[1]/C
                         clock pessimism              0.260    15.108    
                         clock uncertainty           -0.035    15.073    
    SLICE_X3Y28          FDCE (Setup_fdce_C_CE)      -0.205    14.868    dutt/U_SPI_Slave_Reg/FSM_onehot_state_reg[1]
  -------------------------------------------------------------------
                         required time                         14.868    
                         arrival time                          -9.322    
  -------------------------------------------------------------------
                         slack                                  5.546    

Slack (MET) :             5.546ns  (required time - arrival time)
  Source:                 dut/sclk_counter_reg_reg[1]/C
                            (rising edge-triggered cell FDCE clocked by sys_clk_pin  {rise@0.000ns fall@5.000ns period=10.000ns})
  Destination:            dutt/U_SPI_Slave_Reg/FSM_onehot_state_reg[2]/CE
                            (rising edge-triggered cell FDCE clocked by sys_clk_pin  {rise@0.000ns fall@5.000ns period=10.000ns})
  Path Group:             sys_clk_pin
  Path Type:              Setup (Max at Slow Process Corner)
  Requirement:            10.000ns  (sys_clk_pin rise@10.000ns - sys_clk_pin rise@0.000ns)
  Data Path Delay:        4.186ns  (logic 1.202ns (28.715%)  route 2.984ns (71.285%))
  Logic Levels:           3  (LUT5=1 LUT6=2)
  Clock Path Skew:        -0.028ns (DCD - SCD + CPR)
    Destination Clock Delay (DCD):    4.848ns = ( 14.848 - 10.000 ) 
    Source Clock Delay      (SCD):    5.136ns
    Clock Pessimism Removal (CPR):    0.260ns
  Clock Uncertainty:      0.035ns  ((TSJ^2 + TIJ^2)^1/2 + DJ) / 2 + PE
    Total System Jitter     (TSJ):    0.071ns
    Total Input Jitter      (TIJ):    0.000ns
    Discrete Jitter          (DJ):    0.000ns
    Phase Error              (PE):    0.000ns

    Location             Delay type                Incr(ns)  Path(ns)    Netlist Resource(s)
  -------------------------------------------------------------------    -------------------
                         (clock sys_clk_pin rise edge)
                                                      0.000     0.000 r  
    W5                                                0.000     0.000 r  clk (IN)
                         net (fo=0)                   0.000     0.000    clk
    W5                   IBUF (Prop_ibuf_I_O)         1.458     1.458 r  clk_IBUF_inst/O
                         net (fo=1, routed)           1.967     3.425    clk_IBUF
    BUFGCTRL_X0Y0        BUFG (Prop_bufg_I_O)         0.096     3.521 r  clk_IBUF_BUFG_inst/O
                         net (fo=68, routed)          1.615     5.136    dut/clk_IBUF_BUFG
    SLICE_X5Y24          FDCE                                         r  dut/sclk_counter_reg_reg[1]/C
  -------------------------------------------------------------------    -------------------
    SLICE_X5Y24          FDCE (Prop_fdce_C_Q)         0.419     5.555 r  dut/sclk_counter_reg_reg[1]/Q
                         net (fo=5, routed)           0.891     6.446    dut/sclk_counter_reg[1]
    SLICE_X5Y24          LUT6 (Prop_lut6_I0_O)        0.299     6.745 r  dut/FSM_sequential_state[1]_i_3/O
                         net (fo=11, routed)          0.683     7.428    dut/FSM_sequential_state[1]_i_3_n_0
    SLICE_X4Y24          LUT5 (Prop_lut5_I3_O)        0.152     7.580 r  dut/FSM_onehot_state[4]_i_2/O
                         net (fo=1, routed)           0.794     8.374    dutt/U_SPI_Slave_Reg/FSM_onehot_state_reg[0]_1
    SLICE_X3Y28          LUT6 (Prop_lut6_I2_O)        0.332     8.706 r  dutt/U_SPI_Slave_Reg/FSM_onehot_state[4]_i_1/O
                         net (fo=5, routed)           0.616     9.322    dutt/U_SPI_Slave_Reg/FSM_onehot_state[4]_i_1_n_0
    SLICE_X3Y28          FDCE                                         r  dutt/U_SPI_Slave_Reg/FSM_onehot_state_reg[2]/CE
  -------------------------------------------------------------------    -------------------

                         (clock sys_clk_pin rise edge)
                                                     10.000    10.000 r  
    W5                                                0.000    10.000 r  clk (IN)
                         net (fo=0)                   0.000    10.000    clk
    W5                   IBUF (Prop_ibuf_I_O)         1.388    11.388 r  clk_IBUF_inst/O
                         net (fo=1, routed)           1.862    13.250    clk_IBUF
    BUFGCTRL_X0Y0        BUFG (Prop_bufg_I_O)         0.091    13.341 r  clk_IBUF_BUFG_inst/O
                         net (fo=68, routed)          1.507    14.848    dutt/U_SPI_Slave_Reg/clk_IBUF_BUFG
    SLICE_X3Y28          FDCE                                         r  dutt/U_SPI_Slave_Reg/FSM_onehot_state_reg[2]/C
                         clock pessimism              0.260    15.108    
                         clock uncertainty           -0.035    15.073    
    SLICE_X3Y28          FDCE (Setup_fdce_C_CE)      -0.205    14.868    dutt/U_SPI_Slave_Reg/FSM_onehot_state_reg[2]
  -------------------------------------------------------------------
                         required time                         14.868    
                         arrival time                          -9.322    
  -------------------------------------------------------------------
                         slack                                  5.546    

Slack (MET) :             5.546ns  (required time - arrival time)
  Source:                 dut/sclk_counter_reg_reg[1]/C
                            (rising edge-triggered cell FDCE clocked by sys_clk_pin  {rise@0.000ns fall@5.000ns period=10.000ns})
  Destination:            dutt/U_SPI_Slave_Reg/FSM_onehot_state_reg[3]/CE
                            (rising edge-triggered cell FDCE clocked by sys_clk_pin  {rise@0.000ns fall@5.000ns period=10.000ns})
  Path Group:             sys_clk_pin
  Path Type:              Setup (Max at Slow Process Corner)
  Requirement:            10.000ns  (sys_clk_pin rise@10.000ns - sys_clk_pin rise@0.000ns)
  Data Path Delay:        4.186ns  (logic 1.202ns (28.715%)  route 2.984ns (71.285%))
  Logic Levels:           3  (LUT5=1 LUT6=2)
  Clock Path Skew:        -0.028ns (DCD - SCD + CPR)
    Destination Clock Delay (DCD):    4.848ns = ( 14.848 - 10.000 ) 
    Source Clock Delay      (SCD):    5.136ns
    Clock Pessimism Removal (CPR):    0.260ns
  Clock Uncertainty:      0.035ns  ((TSJ^2 + TIJ^2)^1/2 + DJ) / 2 + PE
    Total System Jitter     (TSJ):    0.071ns
    Total Input Jitter      (TIJ):    0.000ns
    Discrete Jitter          (DJ):    0.000ns
    Phase Error              (PE):    0.000ns

    Location             Delay type                Incr(ns)  Path(ns)    Netlist Resource(s)
  -------------------------------------------------------------------    -------------------
                         (clock sys_clk_pin rise edge)
                                                      0.000     0.000 r  
    W5                                                0.000     0.000 r  clk (IN)
                         net (fo=0)                   0.000     0.000    clk
    W5                   IBUF (Prop_ibuf_I_O)         1.458     1.458 r  clk_IBUF_inst/O
                         net (fo=1, routed)           1.967     3.425    clk_IBUF
    BUFGCTRL_X0Y0        BUFG (Prop_bufg_I_O)         0.096     3.521 r  clk_IBUF_BUFG_inst/O
                         net (fo=68, routed)          1.615     5.136    dut/clk_IBUF_BUFG
    SLICE_X5Y24          FDCE                                         r  dut/sclk_counter_reg_reg[1]/C
  -------------------------------------------------------------------    -------------------
    SLICE_X5Y24          FDCE (Prop_fdce_C_Q)         0.419     5.555 r  dut/sclk_counter_reg_reg[1]/Q
                         net (fo=5, routed)           0.891     6.446    dut/sclk_counter_reg[1]
    SLICE_X5Y24          LUT6 (Prop_lut6_I0_O)        0.299     6.745 r  dut/FSM_sequential_state[1]_i_3/O
                         net (fo=11, routed)          0.683     7.428    dut/FSM_sequential_state[1]_i_3_n_0
    SLICE_X4Y24          LUT5 (Prop_lut5_I3_O)        0.152     7.580 r  dut/FSM_onehot_state[4]_i_2/O
                         net (fo=1, routed)           0.794     8.374    dutt/U_SPI_Slave_Reg/FSM_onehot_state_reg[0]_1
    SLICE_X3Y28          LUT6 (Prop_lut6_I2_O)        0.332     8.706 r  dutt/U_SPI_Slave_Reg/FSM_onehot_state[4]_i_1/O
                         net (fo=5, routed)           0.616     9.322    dutt/U_SPI_Slave_Reg/FSM_onehot_state[4]_i_1_n_0
    SLICE_X3Y28          FDCE                                         r  dutt/U_SPI_Slave_Reg/FSM_onehot_state_reg[3]/CE
  -------------------------------------------------------------------    -------------------

                         (clock sys_clk_pin rise edge)
                                                     10.000    10.000 r  
    W5                                                0.000    10.000 r  clk (IN)
                         net (fo=0)                   0.000    10.000    clk
    W5                   IBUF (Prop_ibuf_I_O)         1.388    11.388 r  clk_IBUF_inst/O
                         net (fo=1, routed)           1.862    13.250    clk_IBUF
    BUFGCTRL_X0Y0        BUFG (Prop_bufg_I_O)         0.091    13.341 r  clk_IBUF_BUFG_inst/O
                         net (fo=68, routed)          1.507    14.848    dutt/U_SPI_Slave_Reg/clk_IBUF_BUFG
    SLICE_X3Y28          FDCE                                         r  dutt/U_SPI_Slave_Reg/FSM_onehot_state_reg[3]/C
                         clock pessimism              0.260    15.108    
                         clock uncertainty           -0.035    15.073    
    SLICE_X3Y28          FDCE (Setup_fdce_C_CE)      -0.205    14.868    dutt/U_SPI_Slave_Reg/FSM_onehot_state_reg[3]
  -------------------------------------------------------------------
                         required time                         14.868    
                         arrival time                          -9.322    
  -------------------------------------------------------------------
                         slack                                  5.546    

Slack (MET) :             5.546ns  (required time - arrival time)
  Source:                 dut/sclk_counter_reg_reg[1]/C
                            (rising edge-triggered cell FDCE clocked by sys_clk_pin  {rise@0.000ns fall@5.000ns period=10.000ns})
  Destination:            dutt/U_SPI_Slave_Reg/FSM_onehot_state_reg[4]/CE
                            (rising edge-triggered cell FDCE clocked by sys_clk_pin  {rise@0.000ns fall@5.000ns period=10.000ns})
  Path Group:             sys_clk_pin
  Path Type:              Setup (Max at Slow Process Corner)
  Requirement:            10.000ns  (sys_clk_pin rise@10.000ns - sys_clk_pin rise@0.000ns)
  Data Path Delay:        4.186ns  (logic 1.202ns (28.715%)  route 2.984ns (71.285%))
  Logic Levels:           3  (LUT5=1 LUT6=2)
  Clock Path Skew:        -0.028ns (DCD - SCD + CPR)
    Destination Clock Delay (DCD):    4.848ns = ( 14.848 - 10.000 ) 
    Source Clock Delay      (SCD):    5.136ns
    Clock Pessimism Removal (CPR):    0.260ns
  Clock Uncertainty:      0.035ns  ((TSJ^2 + TIJ^2)^1/2 + DJ) / 2 + PE
    Total System Jitter     (TSJ):    0.071ns
    Total Input Jitter      (TIJ):    0.000ns
    Discrete Jitter          (DJ):    0.000ns
    Phase Error              (PE):    0.000ns

    Location             Delay type                Incr(ns)  Path(ns)    Netlist Resource(s)
  -------------------------------------------------------------------    -------------------
                         (clock sys_clk_pin rise edge)
                                                      0.000     0.000 r  
    W5                                                0.000     0.000 r  clk (IN)
                         net (fo=0)                   0.000     0.000    clk
    W5                   IBUF (Prop_ibuf_I_O)         1.458     1.458 r  clk_IBUF_inst/O
                         net (fo=1, routed)           1.967     3.425    clk_IBUF
    BUFGCTRL_X0Y0        BUFG (Prop_bufg_I_O)         0.096     3.521 r  clk_IBUF_BUFG_inst/O
                         net (fo=68, routed)          1.615     5.136    dut/clk_IBUF_BUFG
    SLICE_X5Y24          FDCE                                         r  dut/sclk_counter_reg_reg[1]/C
  -------------------------------------------------------------------    -------------------
    SLICE_X5Y24          FDCE (Prop_fdce_C_Q)         0.419     5.555 r  dut/sclk_counter_reg_reg[1]/Q
                         net (fo=5, routed)           0.891     6.446    dut/sclk_counter_reg[1]
    SLICE_X5Y24          LUT6 (Prop_lut6_I0_O)        0.299     6.745 r  dut/FSM_sequential_state[1]_i_3/O
                         net (fo=11, routed)          0.683     7.428    dut/FSM_sequential_state[1]_i_3_n_0
    SLICE_X4Y24          LUT5 (Prop_lut5_I3_O)        0.152     7.580 r  dut/FSM_onehot_state[4]_i_2/O
                         net (fo=1, routed)           0.794     8.374    dutt/U_SPI_Slave_Reg/FSM_onehot_state_reg[0]_1
    SLICE_X3Y28          LUT6 (Prop_lut6_I2_O)        0.332     8.706 r  dutt/U_SPI_Slave_Reg/FSM_onehot_state[4]_i_1/O
                         net (fo=5, routed)           0.616     9.322    dutt/U_SPI_Slave_Reg/FSM_onehot_state[4]_i_1_n_0
    SLICE_X3Y28          FDCE                                         r  dutt/U_SPI_Slave_Reg/FSM_onehot_state_reg[4]/CE
  -------------------------------------------------------------------    -------------------

                         (clock sys_clk_pin rise edge)
                                                     10.000    10.000 r  
    W5                                                0.000    10.000 r  clk (IN)
                         net (fo=0)                   0.000    10.000    clk
    W5                   IBUF (Prop_ibuf_I_O)         1.388    11.388 r  clk_IBUF_inst/O
                         net (fo=1, routed)           1.862    13.250    clk_IBUF
    BUFGCTRL_X0Y0        BUFG (Prop_bufg_I_O)         0.091    13.341 r  clk_IBUF_BUFG_inst/O
                         net (fo=68, routed)          1.507    14.848    dutt/U_SPI_Slave_Reg/clk_IBUF_BUFG
    SLICE_X3Y28          FDCE                                         r  dutt/U_SPI_Slave_Reg/FSM_onehot_state_reg[4]/C
                         clock pessimism              0.260    15.108    
                         clock uncertainty           -0.035    15.073    
    SLICE_X3Y28          FDCE (Setup_fdce_C_CE)      -0.205    14.868    dutt/U_SPI_Slave_Reg/FSM_onehot_state_reg[4]
  -------------------------------------------------------------------
                         required time                         14.868    
                         arrival time                          -9.322    
  -------------------------------------------------------------------
                         slack                                  5.546    

Slack (MET) :             6.204ns  (required time - arrival time)
  Source:                 U_btn/counter_reg[0]/C
                            (rising edge-triggered cell FDCE clocked by sys_clk_pin  {rise@0.000ns fall@5.000ns period=10.000ns})
  Destination:            U_btn/counter_reg[15]/D
                            (rising edge-triggered cell FDCE clocked by sys_clk_pin  {rise@0.000ns fall@5.000ns period=10.000ns})
  Path Group:             sys_clk_pin
  Path Type:              Setup (Max at Slow Process Corner)
  Requirement:            10.000ns  (sys_clk_pin rise@10.000ns - sys_clk_pin rise@0.000ns)
  Data Path Delay:        3.754ns  (logic 1.805ns (48.077%)  route 1.949ns (51.923%))
  Logic Levels:           5  (CARRY4=4 LUT5=1)
  Clock Path Skew:        -0.035ns (DCD - SCD + CPR)
    Destination Clock Delay (DCD):    4.841ns = ( 14.841 - 10.000 ) 
    Source Clock Delay      (SCD):    5.136ns
    Clock Pessimism Removal (CPR):    0.260ns
  Clock Uncertainty:      0.035ns  ((TSJ^2 + TIJ^2)^1/2 + DJ) / 2 + PE
    Total System Jitter     (TSJ):    0.071ns
    Total Input Jitter      (TIJ):    0.000ns
    Discrete Jitter          (DJ):    0.000ns
    Phase Error              (PE):    0.000ns

    Location             Delay type                Incr(ns)  Path(ns)    Netlist Resource(s)
  -------------------------------------------------------------------    -------------------
                         (clock sys_clk_pin rise edge)
                                                      0.000     0.000 r  
    W5                                                0.000     0.000 r  clk (IN)
                         net (fo=0)                   0.000     0.000    clk
    W5                   IBUF (Prop_ibuf_I_O)         1.458     1.458 r  clk_IBUF_inst/O
                         net (fo=1, routed)           1.967     3.425    clk_IBUF
    BUFGCTRL_X0Y0        BUFG (Prop_bufg_I_O)         0.096     3.521 r  clk_IBUF_BUFG_inst/O
                         net (fo=68, routed)          1.615     5.136    U_btn/clk_IBUF_BUFG
    SLICE_X4Y24          FDCE                                         r  U_btn/counter_reg[0]/C
  -------------------------------------------------------------------    -------------------
    SLICE_X4Y24          FDCE (Prop_fdce_C_Q)         0.456     5.592 r  U_btn/counter_reg[0]/Q
                         net (fo=3, routed)           1.118     6.710    U_btn/counter[0]
    SLICE_X3Y23          CARRY4 (Prop_carry4_CYINIT_CO[3])
                                                      0.580     7.290 r  U_btn/counter0_carry/CO[3]
                         net (fo=1, routed)           0.000     7.290    U_btn/counter0_carry_n_0
    SLICE_X3Y24          CARRY4 (Prop_carry4_CI_CO[3])
                                                      0.114     7.404 r  U_btn/counter0_carry__0/CO[3]
                         net (fo=1, routed)           0.009     7.413    U_btn/counter0_carry__0_n_0
    SLICE_X3Y25          CARRY4 (Prop_carry4_CI_CO[3])
                                                      0.114     7.527 r  U_btn/counter0_carry__1/CO[3]
                         net (fo=1, routed)           0.000     7.527    U_btn/counter0_carry__1_n_0
    SLICE_X3Y26          CARRY4 (Prop_carry4_CI_O[2])
                                                      0.239     7.766 r  U_btn/counter0_carry__2/O[2]
                         net (fo=1, routed)           0.823     8.589    U_btn/counter0_carry__2_n_5
    SLICE_X4Y25          LUT5 (Prop_lut5_I4_O)        0.302     8.891 r  U_btn/counter[15]_i_1/O
                         net (fo=1, routed)           0.000     8.891    U_btn/counter_0[15]
    SLICE_X4Y25          FDCE                                         r  U_btn/counter_reg[15]/D
  -------------------------------------------------------------------    -------------------

                         (clock sys_clk_pin rise edge)
                                                     10.000    10.000 r  
    W5                                                0.000    10.000 r  clk (IN)
                         net (fo=0)                   0.000    10.000    clk
    W5                   IBUF (Prop_ibuf_I_O)         1.388    11.388 r  clk_IBUF_inst/O
                         net (fo=1, routed)           1.862    13.250    clk_IBUF
    BUFGCTRL_X0Y0        BUFG (Prop_bufg_I_O)         0.091    13.341 r  clk_IBUF_BUFG_inst/O
                         net (fo=68, routed)          1.500    14.841    U_btn/clk_IBUF_BUFG
    SLICE_X4Y25          FDCE                                         r  U_btn/counter_reg[15]/C
                         clock pessimism              0.260    15.101    
                         clock uncertainty           -0.035    15.066    
    SLICE_X4Y25          FDCE (Setup_fdce_C_D)        0.029    15.095    U_btn/counter_reg[15]
  -------------------------------------------------------------------
                         required time                         15.095    
                         arrival time                          -8.891    
  -------------------------------------------------------------------
                         slack                                  6.204    

Slack (MET) :             6.353ns  (required time - arrival time)
  Source:                 U_btn/counter_reg[0]/C
                            (rising edge-triggered cell FDCE clocked by sys_clk_pin  {rise@0.000ns fall@5.000ns period=10.000ns})
  Destination:            U_btn/counter_reg[16]/D
                            (rising edge-triggered cell FDCE clocked by sys_clk_pin  {rise@0.000ns fall@5.000ns period=10.000ns})
  Path Group:             sys_clk_pin
  Path Type:              Setup (Max at Slow Process Corner)
  Requirement:            10.000ns  (sys_clk_pin rise@10.000ns - sys_clk_pin rise@0.000ns)
  Data Path Delay:        3.608ns  (logic 1.883ns (52.188%)  route 1.725ns (47.812%))
  Logic Levels:           5  (CARRY4=4 LUT5=1)
  Clock Path Skew:        -0.035ns (DCD - SCD + CPR)
    Destination Clock Delay (DCD):    4.841ns = ( 14.841 - 10.000 ) 
    Source Clock Delay      (SCD):    5.136ns
    Clock Pessimism Removal (CPR):    0.260ns
  Clock Uncertainty:      0.035ns  ((TSJ^2 + TIJ^2)^1/2 + DJ) / 2 + PE
    Total System Jitter     (TSJ):    0.071ns
    Total Input Jitter      (TIJ):    0.000ns
    Discrete Jitter          (DJ):    0.000ns
    Phase Error              (PE):    0.000ns

    Location             Delay type                Incr(ns)  Path(ns)    Netlist Resource(s)
  -------------------------------------------------------------------    -------------------
                         (clock sys_clk_pin rise edge)
                                                      0.000     0.000 r  
    W5                                                0.000     0.000 r  clk (IN)
                         net (fo=0)                   0.000     0.000    clk
    W5                   IBUF (Prop_ibuf_I_O)         1.458     1.458 r  clk_IBUF_inst/O
                         net (fo=1, routed)           1.967     3.425    clk_IBUF
    BUFGCTRL_X0Y0        BUFG (Prop_bufg_I_O)         0.096     3.521 r  clk_IBUF_BUFG_inst/O
                         net (fo=68, routed)          1.615     5.136    U_btn/clk_IBUF_BUFG
    SLICE_X4Y24          FDCE                                         r  U_btn/counter_reg[0]/C
  -------------------------------------------------------------------    -------------------
    SLICE_X4Y24          FDCE (Prop_fdce_C_Q)         0.456     5.592 r  U_btn/counter_reg[0]/Q
                         net (fo=3, routed)           1.118     6.710    U_btn/counter[0]
    SLICE_X3Y23          CARRY4 (Prop_carry4_CYINIT_CO[3])
                                                      0.580     7.290 r  U_btn/counter0_carry/CO[3]
                         net (fo=1, routed)           0.000     7.290    U_btn/counter0_carry_n_0
    SLICE_X3Y24          CARRY4 (Prop_carry4_CI_CO[3])
                                                      0.114     7.404 r  U_btn/counter0_carry__0/CO[3]
                         net (fo=1, routed)           0.009     7.413    U_btn/counter0_carry__0_n_0
    SLICE_X3Y25          CARRY4 (Prop_carry4_CI_CO[3])
                                                      0.114     7.527 r  U_btn/counter0_carry__1/CO[3]
                         net (fo=1, routed)           0.000     7.527    U_btn/counter0_carry__1_n_0
    SLICE_X3Y26          CARRY4 (Prop_carry4_CI_O[3])
                                                      0.313     7.840 r  U_btn/counter0_carry__2/O[3]
                         net (fo=1, routed)           0.598     8.438    U_btn/counter0_carry__2_n_4
    SLICE_X4Y25          LUT5 (Prop_lut5_I4_O)        0.306     8.744 r  U_btn/counter[16]_i_1/O
                         net (fo=1, routed)           0.000     8.744    U_btn/counter_0[16]
    SLICE_X4Y25          FDCE                                         r  U_btn/counter_reg[16]/D
  -------------------------------------------------------------------    -------------------

                         (clock sys_clk_pin rise edge)
                                                     10.000    10.000 r  
    W5                                                0.000    10.000 r  clk (IN)
                         net (fo=0)                   0.000    10.000    clk
    W5                   IBUF (Prop_ibuf_I_O)         1.388    11.388 r  clk_IBUF_inst/O
                         net (fo=1, routed)           1.862    13.250    clk_IBUF
    BUFGCTRL_X0Y0        BUFG (Prop_bufg_I_O)         0.091    13.341 r  clk_IBUF_BUFG_inst/O
                         net (fo=68, routed)          1.500    14.841    U_btn/clk_IBUF_BUFG
    SLICE_X4Y25          FDCE                                         r  U_btn/counter_reg[16]/C
                         clock pessimism              0.260    15.101    
                         clock uncertainty           -0.035    15.066    
    SLICE_X4Y25          FDCE (Setup_fdce_C_D)        0.031    15.097    U_btn/counter_reg[16]
  -------------------------------------------------------------------
                         required time                         15.097    
                         arrival time                          -8.744    
  -------------------------------------------------------------------
                         slack                                  6.353    

Slack (MET) :             6.365ns  (required time - arrival time)
  Source:                 dut/FSM_sequential_state_reg[0]/C
                            (rising edge-triggered cell FDCE clocked by sys_clk_pin  {rise@0.000ns fall@5.000ns period=10.000ns})
  Destination:            dutt/U_SPI_Slave_Intf/si_data_reg_reg[0]/CE
                            (rising edge-triggered cell FDCE clocked by sys_clk_pin  {rise@0.000ns fall@5.000ns period=10.000ns})
  Path Group:             sys_clk_pin
  Path Type:              Setup (Max at Slow Process Corner)
  Requirement:            10.000ns  (sys_clk_pin rise@10.000ns - sys_clk_pin rise@0.000ns)
  Data Path Delay:        3.364ns  (logic 0.704ns (20.926%)  route 2.660ns (79.074%))
  Logic Levels:           2  (LUT4=1 LUT6=1)
  Clock Path Skew:        -0.030ns (DCD - SCD + CPR)
    Destination Clock Delay (DCD):    4.849ns = ( 14.849 - 10.000 ) 
    Source Clock Delay      (SCD):    5.139ns
    Clock Pessimism Removal (CPR):    0.260ns
  Clock Uncertainty:      0.035ns  ((TSJ^2 + TIJ^2)^1/2 + DJ) / 2 + PE
    Total System Jitter     (TSJ):    0.071ns
    Total Input Jitter      (TIJ):    0.000ns
    Discrete Jitter          (DJ):    0.000ns
    Phase Error              (PE):    0.000ns

    Location             Delay type                Incr(ns)  Path(ns)    Netlist Resource(s)
  -------------------------------------------------------------------    -------------------
                         (clock sys_clk_pin rise edge)
                                                      0.000     0.000 r  
    W5                                                0.000     0.000 r  clk (IN)
                         net (fo=0)                   0.000     0.000    clk
    W5                   IBUF (Prop_ibuf_I_O)         1.458     1.458 r  clk_IBUF_inst/O
                         net (fo=1, routed)           1.967     3.425    clk_IBUF
    BUFGCTRL_X0Y0        BUFG (Prop_bufg_I_O)         0.096     3.521 r  clk_IBUF_BUFG_inst/O
                         net (fo=68, routed)          1.618     5.139    dut/clk_IBUF_BUFG
    SLICE_X4Y22          FDCE                                         r  dut/FSM_sequential_state_reg[0]/C
  -------------------------------------------------------------------    -------------------
    SLICE_X4Y22          FDCE (Prop_fdce_C_Q)         0.456     5.595 r  dut/FSM_sequential_state_reg[0]/Q
                         net (fo=18, routed)          1.146     6.742    U_btn/Q[0]
    SLICE_X1Y23          LUT6 (Prop_lut6_I0_O)        0.124     6.866 f  U_btn/FSM_sequential_so_state[1]_i_2/O
                         net (fo=20, routed)          1.191     8.056    dutt/U_SPI_Slave_Intf/FSM_sequential_so_state_reg[1]_0
    SLICE_X3Y29          LUT4 (Prop_lut4_I3_O)        0.124     8.180 r  dutt/U_SPI_Slave_Intf/si_data_reg[7]_i_1/O
                         net (fo=8, routed)           0.323     8.503    dutt/U_SPI_Slave_Intf/si_data_reg[7]_i_1_n_0
    SLICE_X1Y29          FDCE                                         r  dutt/U_SPI_Slave_Intf/si_data_reg_reg[0]/CE
  -------------------------------------------------------------------    -------------------

                         (clock sys_clk_pin rise edge)
                                                     10.000    10.000 r  
    W5                                                0.000    10.000 r  clk (IN)
                         net (fo=0)                   0.000    10.000    clk
    W5                   IBUF (Prop_ibuf_I_O)         1.388    11.388 r  clk_IBUF_inst/O
                         net (fo=1, routed)           1.862    13.250    clk_IBUF
    BUFGCTRL_X0Y0        BUFG (Prop_bufg_I_O)         0.091    13.341 r  clk_IBUF_BUFG_inst/O
                         net (fo=68, routed)          1.508    14.849    dutt/U_SPI_Slave_Intf/clk_IBUF_BUFG
    SLICE_X1Y29          FDCE                                         r  dutt/U_SPI_Slave_Intf/si_data_reg_reg[0]/C
                         clock pessimism              0.260    15.109    
                         clock uncertainty           -0.035    15.074    
    SLICE_X1Y29          FDCE (Setup_fdce_C_CE)      -0.205    14.869    dutt/U_SPI_Slave_Intf/si_data_reg_reg[0]
  -------------------------------------------------------------------
                         required time                         14.869    
                         arrival time                          -8.503    
  -------------------------------------------------------------------
                         slack                                  6.365    

Slack (MET) :             6.365ns  (required time - arrival time)
  Source:                 dut/FSM_sequential_state_reg[0]/C
                            (rising edge-triggered cell FDCE clocked by sys_clk_pin  {rise@0.000ns fall@5.000ns period=10.000ns})
  Destination:            dutt/U_SPI_Slave_Intf/si_data_reg_reg[1]/CE
                            (rising edge-triggered cell FDCE clocked by sys_clk_pin  {rise@0.000ns fall@5.000ns period=10.000ns})
  Path Group:             sys_clk_pin
  Path Type:              Setup (Max at Slow Process Corner)
  Requirement:            10.000ns  (sys_clk_pin rise@10.000ns - sys_clk_pin rise@0.000ns)
  Data Path Delay:        3.364ns  (logic 0.704ns (20.926%)  route 2.660ns (79.074%))
  Logic Levels:           2  (LUT4=1 LUT6=1)
  Clock Path Skew:        -0.030ns (DCD - SCD + CPR)
    Destination Clock Delay (DCD):    4.849ns = ( 14.849 - 10.000 ) 
    Source Clock Delay      (SCD):    5.139ns
    Clock Pessimism Removal (CPR):    0.260ns
  Clock Uncertainty:      0.035ns  ((TSJ^2 + TIJ^2)^1/2 + DJ) / 2 + PE
    Total System Jitter     (TSJ):    0.071ns
    Total Input Jitter      (TIJ):    0.000ns
    Discrete Jitter          (DJ):    0.000ns
    Phase Error              (PE):    0.000ns

    Location             Delay type                Incr(ns)  Path(ns)    Netlist Resource(s)
  -------------------------------------------------------------------    -------------------
                         (clock sys_clk_pin rise edge)
                                                      0.000     0.000 r  
    W5                                                0.000     0.000 r  clk (IN)
                         net (fo=0)                   0.000     0.000    clk
    W5                   IBUF (Prop_ibuf_I_O)         1.458     1.458 r  clk_IBUF_inst/O
                         net (fo=1, routed)           1.967     3.425    clk_IBUF
    BUFGCTRL_X0Y0        BUFG (Prop_bufg_I_O)         0.096     3.521 r  clk_IBUF_BUFG_inst/O
                         net (fo=68, routed)          1.618     5.139    dut/clk_IBUF_BUFG
    SLICE_X4Y22          FDCE                                         r  dut/FSM_sequential_state_reg[0]/C
  -------------------------------------------------------------------    -------------------
    SLICE_X4Y22          FDCE (Prop_fdce_C_Q)         0.456     5.595 r  dut/FSM_sequential_state_reg[0]/Q
                         net (fo=18, routed)          1.146     6.742    U_btn/Q[0]
    SLICE_X1Y23          LUT6 (Prop_lut6_I0_O)        0.124     6.866 f  U_btn/FSM_sequential_so_state[1]_i_2/O
                         net (fo=20, routed)          1.191     8.056    dutt/U_SPI_Slave_Intf/FSM_sequential_so_state_reg[1]_0
    SLICE_X3Y29          LUT4 (Prop_lut4_I3_O)        0.124     8.180 r  dutt/U_SPI_Slave_Intf/si_data_reg[7]_i_1/O
                         net (fo=8, routed)           0.323     8.503    dutt/U_SPI_Slave_Intf/si_data_reg[7]_i_1_n_0
    SLICE_X1Y29          FDCE                                         r  dutt/U_SPI_Slave_Intf/si_data_reg_reg[1]/CE
  -------------------------------------------------------------------    -------------------

                         (clock sys_clk_pin rise edge)
                                                     10.000    10.000 r  
    W5                                                0.000    10.000 r  clk (IN)
                         net (fo=0)                   0.000    10.000    clk
    W5                   IBUF (Prop_ibuf_I_O)         1.388    11.388 r  clk_IBUF_inst/O
                         net (fo=1, routed)           1.862    13.250    clk_IBUF
    BUFGCTRL_X0Y0        BUFG (Prop_bufg_I_O)         0.091    13.341 r  clk_IBUF_BUFG_inst/O
                         net (fo=68, routed)          1.508    14.849    dutt/U_SPI_Slave_Intf/clk_IBUF_BUFG
    SLICE_X1Y29          FDCE                                         r  dutt/U_SPI_Slave_Intf/si_data_reg_reg[1]/C
                         clock pessimism              0.260    15.109    
                         clock uncertainty           -0.035    15.074    
    SLICE_X1Y29          FDCE (Setup_fdce_C_CE)      -0.205    14.869    dutt/U_SPI_Slave_Intf/si_data_reg_reg[1]
  -------------------------------------------------------------------
                         required time                         14.869    
                         arrival time                          -8.503    
  -------------------------------------------------------------------
                         slack                                  6.365    

Slack (MET) :             6.365ns  (required time - arrival time)
  Source:                 dut/FSM_sequential_state_reg[0]/C
                            (rising edge-triggered cell FDCE clocked by sys_clk_pin  {rise@0.000ns fall@5.000ns period=10.000ns})
  Destination:            dutt/U_SPI_Slave_Intf/si_data_reg_reg[2]/CE
                            (rising edge-triggered cell FDCE clocked by sys_clk_pin  {rise@0.000ns fall@5.000ns period=10.000ns})
  Path Group:             sys_clk_pin
  Path Type:              Setup (Max at Slow Process Corner)
  Requirement:            10.000ns  (sys_clk_pin rise@10.000ns - sys_clk_pin rise@0.000ns)
  Data Path Delay:        3.364ns  (logic 0.704ns (20.926%)  route 2.660ns (79.074%))
  Logic Levels:           2  (LUT4=1 LUT6=1)
  Clock Path Skew:        -0.030ns (DCD - SCD + CPR)
    Destination Clock Delay (DCD):    4.849ns = ( 14.849 - 10.000 ) 
    Source Clock Delay      (SCD):    5.139ns
    Clock Pessimism Removal (CPR):    0.260ns
  Clock Uncertainty:      0.035ns  ((TSJ^2 + TIJ^2)^1/2 + DJ) / 2 + PE
    Total System Jitter     (TSJ):    0.071ns
    Total Input Jitter      (TIJ):    0.000ns
    Discrete Jitter          (DJ):    0.000ns
    Phase Error              (PE):    0.000ns

    Location             Delay type                Incr(ns)  Path(ns)    Netlist Resource(s)
  -------------------------------------------------------------------    -------------------
                         (clock sys_clk_pin rise edge)
                                                      0.000     0.000 r  
    W5                                                0.000     0.000 r  clk (IN)
                         net (fo=0)                   0.000     0.000    clk
    W5                   IBUF (Prop_ibuf_I_O)         1.458     1.458 r  clk_IBUF_inst/O
                         net (fo=1, routed)           1.967     3.425    clk_IBUF
    BUFGCTRL_X0Y0        BUFG (Prop_bufg_I_O)         0.096     3.521 r  clk_IBUF_BUFG_inst/O
                         net (fo=68, routed)          1.618     5.139    dut/clk_IBUF_BUFG
    SLICE_X4Y22          FDCE                                         r  dut/FSM_sequential_state_reg[0]/C
  -------------------------------------------------------------------    -------------------
    SLICE_X4Y22          FDCE (Prop_fdce_C_Q)         0.456     5.595 r  dut/FSM_sequential_state_reg[0]/Q
                         net (fo=18, routed)          1.146     6.742    U_btn/Q[0]
    SLICE_X1Y23          LUT6 (Prop_lut6_I0_O)        0.124     6.866 f  U_btn/FSM_sequential_so_state[1]_i_2/O
                         net (fo=20, routed)          1.191     8.056    dutt/U_SPI_Slave_Intf/FSM_sequential_so_state_reg[1]_0
    SLICE_X3Y29          LUT4 (Prop_lut4_I3_O)        0.124     8.180 r  dutt/U_SPI_Slave_Intf/si_data_reg[7]_i_1/O
                         net (fo=8, routed)           0.323     8.503    dutt/U_SPI_Slave_Intf/si_data_reg[7]_i_1_n_0
    SLICE_X1Y29          FDCE                                         r  dutt/U_SPI_Slave_Intf/si_data_reg_reg[2]/CE
  -------------------------------------------------------------------    -------------------

                         (clock sys_clk_pin rise edge)
                                                     10.000    10.000 r  
    W5                                                0.000    10.000 r  clk (IN)
                         net (fo=0)                   0.000    10.000    clk
    W5                   IBUF (Prop_ibuf_I_O)         1.388    11.388 r  clk_IBUF_inst/O
                         net (fo=1, routed)           1.862    13.250    clk_IBUF
    BUFGCTRL_X0Y0        BUFG (Prop_bufg_I_O)         0.091    13.341 r  clk_IBUF_BUFG_inst/O
                         net (fo=68, routed)          1.508    14.849    dutt/U_SPI_Slave_Intf/clk_IBUF_BUFG
    SLICE_X1Y29          FDCE                                         r  dutt/U_SPI_Slave_Intf/si_data_reg_reg[2]/C
                         clock pessimism              0.260    15.109    
                         clock uncertainty           -0.035    15.074    
    SLICE_X1Y29          FDCE (Setup_fdce_C_CE)      -0.205    14.869    dutt/U_SPI_Slave_Intf/si_data_reg_reg[2]
  -------------------------------------------------------------------
                         required time                         14.869    
                         arrival time                          -8.503    
  -------------------------------------------------------------------
                         slack                                  6.365    





Min Delay Paths
--------------------------------------------------------------------------------------
Slack (MET) :             0.196ns  (arrival time - required time)
  Source:                 dutt/U_SPI_Slave_Intf/FSM_sequential_so_state_reg[1]/C
                            (rising edge-triggered cell FDCE clocked by sys_clk_pin  {rise@0.000ns fall@5.000ns period=10.000ns})
  Destination:            dutt/U_SPI_Slave_Intf/so_bit_count_reg_reg[0]/D
                            (rising edge-triggered cell FDCE clocked by sys_clk_pin  {rise@0.000ns fall@5.000ns period=10.000ns})
  Path Group:             sys_clk_pin
  Path Type:              Hold (Min at Fast Process Corner)
  Requirement:            0.000ns  (sys_clk_pin rise@0.000ns - sys_clk_pin rise@0.000ns)
  Data Path Delay:        0.317ns  (logic 0.246ns (77.542%)  route 0.071ns (22.458%))
  Logic Levels:           1  (LUT6=1)
  Clock Path Skew:        0.000ns (DCD - SCD - CPR)
    Destination Clock Delay (DCD):    1.982ns
    Source Clock Delay      (SCD):    1.469ns
    Clock Pessimism Removal (CPR):    0.513ns

    Location             Delay type                Incr(ns)  Path(ns)    Netlist Resource(s)
  -------------------------------------------------------------------    -------------------
                         (clock sys_clk_pin rise edge)
                                                      0.000     0.000 r  
    W5                                                0.000     0.000 r  clk (IN)
                         net (fo=0)                   0.000     0.000    clk
    W5                   IBUF (Prop_ibuf_I_O)         0.226     0.226 r  clk_IBUF_inst/O
                         net (fo=1, routed)           0.631     0.858    clk_IBUF
    BUFGCTRL_X0Y0        BUFG (Prop_bufg_I_O)         0.026     0.884 r  clk_IBUF_BUFG_inst/O
                         net (fo=68, routed)          0.586     1.469    dutt/U_SPI_Slave_Intf/clk_IBUF_BUFG
    SLICE_X2Y29          FDCE                                         r  dutt/U_SPI_Slave_Intf/FSM_sequential_so_state_reg[1]/C
  -------------------------------------------------------------------    -------------------
    SLICE_X2Y29          FDCE (Prop_fdce_C_Q)         0.148     1.617 r  dutt/U_SPI_Slave_Intf/FSM_sequential_so_state_reg[1]/Q
                         net (fo=8, routed)           0.071     1.688    dutt/U_SPI_Slave_Intf/so_state[1]
    SLICE_X2Y29          LUT6 (Prop_lut6_I3_O)        0.098     1.786 r  dutt/U_SPI_Slave_Intf/so_bit_count_reg[0]_i_1/O
                         net (fo=1, routed)           0.000     1.786    dutt/U_SPI_Slave_Intf/so_bit_count_reg[0]_i_1_n_0
    SLICE_X2Y29          FDCE                                         r  dutt/U_SPI_Slave_Intf/so_bit_count_reg_reg[0]/D
  -------------------------------------------------------------------    -------------------

                         (clock sys_clk_pin rise edge)
                                                      0.000     0.000 r  
    W5                                                0.000     0.000 r  clk (IN)
                         net (fo=0)                   0.000     0.000    clk
    W5                   IBUF (Prop_ibuf_I_O)         0.414     0.414 r  clk_IBUF_inst/O
                         net (fo=1, routed)           0.685     1.099    clk_IBUF
    BUFGCTRL_X0Y0        BUFG (Prop_bufg_I_O)         0.029     1.128 r  clk_IBUF_BUFG_inst/O
                         net (fo=68, routed)          0.855     1.982    dutt/U_SPI_Slave_Intf/clk_IBUF_BUFG
    SLICE_X2Y29          FDCE                                         r  dutt/U_SPI_Slave_Intf/so_bit_count_reg_reg[0]/C
                         clock pessimism             -0.513     1.469    
    SLICE_X2Y29          FDCE (Hold_fdce_C_D)         0.121     1.590    dutt/U_SPI_Slave_Intf/so_bit_count_reg_reg[0]
  -------------------------------------------------------------------
                         required time                         -1.590    
                         arrival time                           1.786    
  -------------------------------------------------------------------
                         slack                                  0.196    

Slack (MET) :             0.211ns  (arrival time - required time)
  Source:                 dutt/U_SPI_Slave_Reg/FSM_onehot_state_reg[0]/C
                            (rising edge-triggered cell FDPE clocked by sys_clk_pin  {rise@0.000ns fall@5.000ns period=10.000ns})
  Destination:            dutt/U_SPI_Slave_Reg/FSM_onehot_state_reg[1]/D
                            (rising edge-triggered cell FDCE clocked by sys_clk_pin  {rise@0.000ns fall@5.000ns period=10.000ns})
  Path Group:             sys_clk_pin
  Path Type:              Hold (Min at Fast Process Corner)
  Requirement:            0.000ns  (sys_clk_pin rise@0.000ns - sys_clk_pin rise@0.000ns)
  Data Path Delay:        0.281ns  (logic 0.141ns (50.217%)  route 0.140ns (49.783%))
  Logic Levels:           0  
  Clock Path Skew:        0.000ns (DCD - SCD - CPR)
    Destination Clock Delay (DCD):    1.981ns
    Source Clock Delay      (SCD):    1.468ns
    Clock Pessimism Removal (CPR):    0.513ns

    Location             Delay type                Incr(ns)  Path(ns)    Netlist Resource(s)
  -------------------------------------------------------------------    -------------------
                         (clock sys_clk_pin rise edge)
                                                      0.000     0.000 r  
    W5                                                0.000     0.000 r  clk (IN)
                         net (fo=0)                   0.000     0.000    clk
    W5                   IBUF (Prop_ibuf_I_O)         0.226     0.226 r  clk_IBUF_inst/O
                         net (fo=1, routed)           0.631     0.858    clk_IBUF
    BUFGCTRL_X0Y0        BUFG (Prop_bufg_I_O)         0.026     0.884 r  clk_IBUF_BUFG_inst/O
                         net (fo=68, routed)          0.585     1.468    dutt/U_SPI_Slave_Reg/clk_IBUF_BUFG
    SLICE_X3Y28          FDPE                                         r  dutt/U_SPI_Slave_Reg/FSM_onehot_state_reg[0]/C
  -------------------------------------------------------------------    -------------------
    SLICE_X3Y28          FDPE (Prop_fdpe_C_Q)         0.141     1.609 r  dutt/U_SPI_Slave_Reg/FSM_onehot_state_reg[0]/Q
                         net (fo=5, routed)           0.140     1.749    dutt/U_SPI_Slave_Reg/FSM_onehot_state_reg_n_0_[0]
    SLICE_X3Y28          FDCE                                         r  dutt/U_SPI_Slave_Reg/FSM_onehot_state_reg[1]/D
  -------------------------------------------------------------------    -------------------

                         (clock sys_clk_pin rise edge)
                                                      0.000     0.000 r  
    W5                                                0.000     0.000 r  clk (IN)
                         net (fo=0)                   0.000     0.000    clk
    W5                   IBUF (Prop_ibuf_I_O)         0.414     0.414 r  clk_IBUF_inst/O
                         net (fo=1, routed)           0.685     1.099    clk_IBUF
    BUFGCTRL_X0Y0        BUFG (Prop_bufg_I_O)         0.029     1.128 r  clk_IBUF_BUFG_inst/O
                         net (fo=68, routed)          0.854     1.981    dutt/U_SPI_Slave_Reg/clk_IBUF_BUFG
    SLICE_X3Y28          FDCE                                         r  dutt/U_SPI_Slave_Reg/FSM_onehot_state_reg[1]/C
                         clock pessimism             -0.513     1.468    
    SLICE_X3Y28          FDCE (Hold_fdce_C_D)         0.070     1.538    dutt/U_SPI_Slave_Reg/FSM_onehot_state_reg[1]
  -------------------------------------------------------------------
                         required time                         -1.538    
                         arrival time                           1.749    
  -------------------------------------------------------------------
                         slack                                  0.211    

Slack (MET) :             0.213ns  (arrival time - required time)
  Source:                 dut/bit_counter_reg_reg[0]/C
                            (rising edge-triggered cell FDCE clocked by sys_clk_pin  {rise@0.000ns fall@5.000ns period=10.000ns})
  Destination:            dut/bit_counter_reg_reg[2]/D
                            (rising edge-triggered cell FDCE clocked by sys_clk_pin  {rise@0.000ns fall@5.000ns period=10.000ns})
  Path Group:             sys_clk_pin
  Path Type:              Hold (Min at Fast Process Corner)
  Requirement:            0.000ns  (sys_clk_pin rise@0.000ns - sys_clk_pin rise@0.000ns)
  Data Path Delay:        0.317ns  (logic 0.186ns (58.652%)  route 0.131ns (41.348%))
  Logic Levels:           1  (LUT5=1)
  Clock Path Skew:        0.013ns (DCD - SCD - CPR)
    Destination Clock Delay (DCD):    1.976ns
    Source Clock Delay      (SCD):    1.464ns
    Clock Pessimism Removal (CPR):    0.499ns

    Location             Delay type                Incr(ns)  Path(ns)    Netlist Resource(s)
  -------------------------------------------------------------------    -------------------
                         (clock sys_clk_pin rise edge)
                                                      0.000     0.000 r  
    W5                                                0.000     0.000 r  clk (IN)
                         net (fo=0)                   0.000     0.000    clk
    W5                   IBUF (Prop_ibuf_I_O)         0.226     0.226 r  clk_IBUF_inst/O
                         net (fo=1, routed)           0.631     0.858    clk_IBUF
    BUFGCTRL_X0Y0        BUFG (Prop_bufg_I_O)         0.026     0.884 r  clk_IBUF_BUFG_inst/O
                         net (fo=68, routed)          0.581     1.464    dut/clk_IBUF_BUFG
    SLICE_X4Y23          FDCE                                         r  dut/bit_counter_reg_reg[0]/C
  -------------------------------------------------------------------    -------------------
    SLICE_X4Y23          FDCE (Prop_fdce_C_Q)         0.141     1.605 r  dut/bit_counter_reg_reg[0]/Q
                         net (fo=7, routed)           0.131     1.736    dut/bit_counter_reg[0]
    SLICE_X5Y23          LUT5 (Prop_lut5_I2_O)        0.045     1.781 r  dut/bit_counter_reg[2]_i_1/O
                         net (fo=1, routed)           0.000     1.781    dut/bit_counter_reg[2]_i_1_n_0
    SLICE_X5Y23          FDCE                                         r  dut/bit_counter_reg_reg[2]/D
  -------------------------------------------------------------------    -------------------

                         (clock sys_clk_pin rise edge)
                                                      0.000     0.000 r  
    W5                                                0.000     0.000 r  clk (IN)
                         net (fo=0)                   0.000     0.000    clk
    W5                   IBUF (Prop_ibuf_I_O)         0.414     0.414 r  clk_IBUF_inst/O
                         net (fo=1, routed)           0.685     1.099    clk_IBUF
    BUFGCTRL_X0Y0        BUFG (Prop_bufg_I_O)         0.029     1.128 r  clk_IBUF_BUFG_inst/O
                         net (fo=68, routed)          0.849     1.976    dut/clk_IBUF_BUFG
    SLICE_X5Y23          FDCE                                         r  dut/bit_counter_reg_reg[2]/C
                         clock pessimism             -0.499     1.477    
    SLICE_X5Y23          FDCE (Hold_fdce_C_D)         0.091     1.568    dut/bit_counter_reg_reg[2]
  -------------------------------------------------------------------
                         required time                         -1.568    
                         arrival time                           1.781    
  -------------------------------------------------------------------
                         slack                                  0.213    

Slack (MET) :             0.219ns  (arrival time - required time)
  Source:                 dut/temp_tx_data_reg_reg[3]/C
                            (rising edge-triggered cell FDCE clocked by sys_clk_pin  {rise@0.000ns fall@5.000ns period=10.000ns})
  Destination:            dut/temp_tx_data_reg_reg[4]/D
                            (rising edge-triggered cell FDCE clocked by sys_clk_pin  {rise@0.000ns fall@5.000ns period=10.000ns})
  Path Group:             sys_clk_pin
  Path Type:              Hold (Min at Fast Process Corner)
  Requirement:            0.000ns  (sys_clk_pin rise@0.000ns - sys_clk_pin rise@0.000ns)
  Data Path Delay:        0.323ns  (logic 0.186ns (57.598%)  route 0.137ns (42.402%))
  Logic Levels:           1  (LUT4=1)
  Clock Path Skew:        0.013ns (DCD - SCD - CPR)
    Destination Clock Delay (DCD):    1.980ns
    Source Clock Delay      (SCD):    1.468ns
    Clock Pessimism Removal (CPR):    0.499ns

    Location             Delay type                Incr(ns)  Path(ns)    Netlist Resource(s)
  -------------------------------------------------------------------    -------------------
                         (clock sys_clk_pin rise edge)
                                                      0.000     0.000 r  
    W5                                                0.000     0.000 r  clk (IN)
                         net (fo=0)                   0.000     0.000    clk
    W5                   IBUF (Prop_ibuf_I_O)         0.226     0.226 r  clk_IBUF_inst/O
                         net (fo=1, routed)           0.631     0.858    clk_IBUF
    BUFGCTRL_X0Y0        BUFG (Prop_bufg_I_O)         0.026     0.884 r  clk_IBUF_BUFG_inst/O
                         net (fo=68, routed)          0.585     1.468    dut/clk_IBUF_BUFG
    SLICE_X0Y22          FDCE                                         r  dut/temp_tx_data_reg_reg[3]/C
  -------------------------------------------------------------------    -------------------
    SLICE_X0Y22          FDCE (Prop_fdce_C_Q)         0.141     1.609 r  dut/temp_tx_data_reg_reg[3]/Q
                         net (fo=1, routed)           0.137     1.746    dut/temp_tx_data_reg_reg_n_0_[3]
    SLICE_X1Y22          LUT4 (Prop_lut4_I2_O)        0.045     1.791 r  dut/temp_tx_data_reg[4]_i_1/O
                         net (fo=1, routed)           0.000     1.791    dut/temp_tx_data_next[4]
    SLICE_X1Y22          FDCE                                         r  dut/temp_tx_data_reg_reg[4]/D
  -------------------------------------------------------------------    -------------------

                         (clock sys_clk_pin rise edge)
                                                      0.000     0.000 r  
    W5                                                0.000     0.000 r  clk (IN)
                         net (fo=0)                   0.000     0.000    clk
    W5                   IBUF (Prop_ibuf_I_O)         0.414     0.414 r  clk_IBUF_inst/O
                         net (fo=1, routed)           0.685     1.099    clk_IBUF
    BUFGCTRL_X0Y0        BUFG (Prop_bufg_I_O)         0.029     1.128 r  clk_IBUF_BUFG_inst/O
                         net (fo=68, routed)          0.853     1.980    dut/clk_IBUF_BUFG
    SLICE_X1Y22          FDCE                                         r  dut/temp_tx_data_reg_reg[4]/C
                         clock pessimism             -0.499     1.481    
    SLICE_X1Y22          FDCE (Hold_fdce_C_D)         0.091     1.572    dut/temp_tx_data_reg_reg[4]
  -------------------------------------------------------------------
                         required time                         -1.572    
                         arrival time                           1.791    
  -------------------------------------------------------------------
                         slack                                  0.219    

Slack (MET) :             0.226ns  (arrival time - required time)
  Source:                 dut/sclk_counter_reg_reg[3]/C
                            (rising edge-triggered cell FDCE clocked by sys_clk_pin  {rise@0.000ns fall@5.000ns period=10.000ns})
  Destination:            dut/sclk_counter_reg_reg[3]/D
                            (rising edge-triggered cell FDCE clocked by sys_clk_pin  {rise@0.000ns fall@5.000ns period=10.000ns})
  Path Group:             sys_clk_pin
  Path Type:              Hold (Min at Fast Process Corner)
  Requirement:            0.000ns  (sys_clk_pin rise@0.000ns - sys_clk_pin rise@0.000ns)
  Data Path Delay:        0.347ns  (logic 0.209ns (60.231%)  route 0.138ns (39.769%))
  Logic Levels:           1  (LUT6=1)
  Clock Path Skew:        0.000ns (DCD - SCD - CPR)
    Destination Clock Delay (DCD):    1.975ns
    Source Clock Delay      (SCD):    1.463ns
    Clock Pessimism Removal (CPR):    0.512ns

    Location             Delay type                Incr(ns)  Path(ns)    Netlist Resource(s)
  -------------------------------------------------------------------    -------------------
                         (clock sys_clk_pin rise edge)
                                                      0.000     0.000 r  
    W5                                                0.000     0.000 r  clk (IN)
                         net (fo=0)                   0.000     0.000    clk
    W5                   IBUF (Prop_ibuf_I_O)         0.226     0.226 r  clk_IBUF_inst/O
                         net (fo=1, routed)           0.631     0.858    clk_IBUF
    BUFGCTRL_X0Y0        BUFG (Prop_bufg_I_O)         0.026     0.884 r  clk_IBUF_BUFG_inst/O
                         net (fo=68, routed)          0.580     1.463    dut/clk_IBUF_BUFG
    SLICE_X6Y24          FDCE                                         r  dut/sclk_counter_reg_reg[3]/C
  -------------------------------------------------------------------    -------------------
    SLICE_X6Y24          FDCE (Prop_fdce_C_Q)         0.164     1.627 r  dut/sclk_counter_reg_reg[3]/Q
                         net (fo=3, routed)           0.138     1.765    dut/sclk_counter_reg[3]
    SLICE_X6Y24          LUT6 (Prop_lut6_I5_O)        0.045     1.810 r  dut/sclk_counter_reg[3]_i_1/O
                         net (fo=1, routed)           0.000     1.810    dut/sclk_counter_reg[3]_i_1_n_0
    SLICE_X6Y24          FDCE                                         r  dut/sclk_counter_reg_reg[3]/D
  -------------------------------------------------------------------    -------------------

                         (clock sys_clk_pin rise edge)
                                                      0.000     0.000 r  
    W5                                                0.000     0.000 r  clk (IN)
                         net (fo=0)                   0.000     0.000    clk
    W5                   IBUF (Prop_ibuf_I_O)         0.414     0.414 r  clk_IBUF_inst/O
                         net (fo=1, routed)           0.685     1.099    clk_IBUF
    BUFGCTRL_X0Y0        BUFG (Prop_bufg_I_O)         0.029     1.128 r  clk_IBUF_BUFG_inst/O
                         net (fo=68, routed)          0.848     1.975    dut/clk_IBUF_BUFG
    SLICE_X6Y24          FDCE                                         r  dut/sclk_counter_reg_reg[3]/C
                         clock pessimism             -0.512     1.463    
    SLICE_X6Y24          FDCE (Hold_fdce_C_D)         0.121     1.584    dut/sclk_counter_reg_reg[3]
  -------------------------------------------------------------------
                         required time                         -1.584    
                         arrival time                           1.810    
  -------------------------------------------------------------------
                         slack                                  0.226    

Slack (MET) :             0.228ns  (arrival time - required time)
  Source:                 dutt/U_SPI_Slave_Intf/sclk_sync1_reg/C
                            (rising edge-triggered cell FDCE clocked by sys_clk_pin  {rise@0.000ns fall@5.000ns period=10.000ns})
  Destination:            dutt/U_SPI_Slave_Intf/si_bit_count_reg_reg[1]/D
                            (rising edge-triggered cell FDCE clocked by sys_clk_pin  {rise@0.000ns fall@5.000ns period=10.000ns})
  Path Group:             sys_clk_pin
  Path Type:              Hold (Min at Fast Process Corner)
  Requirement:            0.000ns  (sys_clk_pin rise@0.000ns - sys_clk_pin rise@0.000ns)
  Data Path Delay:        0.319ns  (logic 0.227ns (71.172%)  route 0.092ns (28.828%))
  Logic Levels:           1  (LUT6=1)
  Clock Path Skew:        0.000ns (DCD - SCD - CPR)
    Destination Clock Delay (DCD):    1.980ns
    Source Clock Delay      (SCD):    1.467ns
    Clock Pessimism Removal (CPR):    0.513ns

    Location             Delay type                Incr(ns)  Path(ns)    Netlist Resource(s)
  -------------------------------------------------------------------    -------------------
                         (clock sys_clk_pin rise edge)
                                                      0.000     0.000 r  
    W5                                                0.000     0.000 r  clk (IN)
                         net (fo=0)                   0.000     0.000    clk
    W5                   IBUF (Prop_ibuf_I_O)         0.226     0.226 r  clk_IBUF_inst/O
                         net (fo=1, routed)           0.631     0.858    clk_IBUF
    BUFGCTRL_X0Y0        BUFG (Prop_bufg_I_O)         0.026     0.884 r  clk_IBUF_BUFG_inst/O
                         net (fo=68, routed)          0.584     1.467    dutt/U_SPI_Slave_Intf/clk_IBUF_BUFG
    SLICE_X4Y29          FDCE                                         r  dutt/U_SPI_Slave_Intf/sclk_sync1_reg/C
  -------------------------------------------------------------------    -------------------
    SLICE_X4Y29          FDCE (Prop_fdce_C_Q)         0.128     1.595 r  dutt/U_SPI_Slave_Intf/sclk_sync1_reg/Q
                         net (fo=9, routed)           0.092     1.687    dutt/U_SPI_Slave_Intf/sclk_sync1
    SLICE_X4Y29          LUT6 (Prop_lut6_I1_O)        0.099     1.786 r  dutt/U_SPI_Slave_Intf/si_bit_count_reg[1]_i_1/O
                         net (fo=1, routed)           0.000     1.786    dutt/U_SPI_Slave_Intf/si_bit_count_reg[1]_i_1_n_0
    SLICE_X4Y29          FDCE                                         r  dutt/U_SPI_Slave_Intf/si_bit_count_reg_reg[1]/D
  -------------------------------------------------------------------    -------------------

                         (clock sys_clk_pin rise edge)
                                                      0.000     0.000 r  
    W5                                                0.000     0.000 r  clk (IN)
                         net (fo=0)                   0.000     0.000    clk
    W5                   IBUF (Prop_ibuf_I_O)         0.414     0.414 r  clk_IBUF_inst/O
                         net (fo=1, routed)           0.685     1.099    clk_IBUF
    BUFGCTRL_X0Y0        BUFG (Prop_bufg_I_O)         0.029     1.128 r  clk_IBUF_BUFG_inst/O
                         net (fo=68, routed)          0.853     1.980    dutt/U_SPI_Slave_Intf/clk_IBUF_BUFG
    SLICE_X4Y29          FDCE                                         r  dutt/U_SPI_Slave_Intf/si_bit_count_reg_reg[1]/C
                         clock pessimism             -0.513     1.467    
    SLICE_X4Y29          FDCE (Hold_fdce_C_D)         0.091     1.558    dutt/U_SPI_Slave_Intf/si_bit_count_reg_reg[1]
  -------------------------------------------------------------------
                         required time                         -1.558    
                         arrival time                           1.786    
  -------------------------------------------------------------------
                         slack                                  0.228    

Slack (MET) :             0.231ns  (arrival time - required time)
  Source:                 dutt/U_SPI_Slave_Intf/si_data_reg_reg[2]/C
                            (rising edge-triggered cell FDCE clocked by sys_clk_pin  {rise@0.000ns fall@5.000ns period=10.000ns})
  Destination:            dutt/U_SPI_Slave_Intf/si_data_reg_reg[3]/D
                            (rising edge-triggered cell FDCE clocked by sys_clk_pin  {rise@0.000ns fall@5.000ns period=10.000ns})
  Path Group:             sys_clk_pin
  Path Type:              Hold (Min at Fast Process Corner)
  Requirement:            0.000ns  (sys_clk_pin rise@0.000ns - sys_clk_pin rise@0.000ns)
  Data Path Delay:        0.278ns  (logic 0.141ns (50.772%)  route 0.137ns (49.228%))
  Logic Levels:           0  
  Clock Path Skew:        0.000ns (DCD - SCD - CPR)
    Destination Clock Delay (DCD):    1.982ns
    Source Clock Delay      (SCD):    1.469ns
    Clock Pessimism Removal (CPR):    0.513ns

    Location             Delay type                Incr(ns)  Path(ns)    Netlist Resource(s)
  -------------------------------------------------------------------    -------------------
                         (clock sys_clk_pin rise edge)
                                                      0.000     0.000 r  
    W5                                                0.000     0.000 r  clk (IN)
                         net (fo=0)                   0.000     0.000    clk
    W5                   IBUF (Prop_ibuf_I_O)         0.226     0.226 r  clk_IBUF_inst/O
                         net (fo=1, routed)           0.631     0.858    clk_IBUF
    BUFGCTRL_X0Y0        BUFG (Prop_bufg_I_O)         0.026     0.884 r  clk_IBUF_BUFG_inst/O
                         net (fo=68, routed)          0.586     1.469    dutt/U_SPI_Slave_Intf/clk_IBUF_BUFG
    SLICE_X1Y29          FDCE                                         r  dutt/U_SPI_Slave_Intf/si_data_reg_reg[2]/C
  -------------------------------------------------------------------    -------------------
    SLICE_X1Y29          FDCE (Prop_fdce_C_Q)         0.141     1.610 r  dutt/U_SPI_Slave_Intf/si_data_reg_reg[2]/Q
                         net (fo=3, routed)           0.137     1.747    dutt/U_SPI_Slave_Intf/Q[2]
    SLICE_X1Y29          FDCE                                         r  dutt/U_SPI_Slave_Intf/si_data_reg_reg[3]/D
  -------------------------------------------------------------------    -------------------

                         (clock sys_clk_pin rise edge)
                                                      0.000     0.000 r  
    W5                                                0.000     0.000 r  clk (IN)
                         net (fo=0)                   0.000     0.000    clk
    W5                   IBUF (Prop_ibuf_I_O)         0.414     0.414 r  clk_IBUF_inst/O
                         net (fo=1, routed)           0.685     1.099    clk_IBUF
    BUFGCTRL_X0Y0        BUFG (Prop_bufg_I_O)         0.029     1.128 r  clk_IBUF_BUFG_inst/O
                         net (fo=68, routed)          0.855     1.982    dutt/U_SPI_Slave_Intf/clk_IBUF_BUFG
    SLICE_X1Y29          FDCE                                         r  dutt/U_SPI_Slave_Intf/si_data_reg_reg[3]/C
                         clock pessimism             -0.513     1.469    
    SLICE_X1Y29          FDCE (Hold_fdce_C_D)         0.047     1.516    dutt/U_SPI_Slave_Intf/si_data_reg_reg[3]
  -------------------------------------------------------------------
                         required time                         -1.516    
                         arrival time                           1.747    
  -------------------------------------------------------------------
                         slack                                  0.231    

Slack (MET) :             0.235ns  (arrival time - required time)
  Source:                 dutt/U_SPI_Slave_Intf/si_data_reg_reg[0]/C
                            (rising edge-triggered cell FDCE clocked by sys_clk_pin  {rise@0.000ns fall@5.000ns period=10.000ns})
  Destination:            dutt/U_SPI_Slave_Intf/si_data_reg_reg[1]/D
                            (rising edge-triggered cell FDCE clocked by sys_clk_pin  {rise@0.000ns fall@5.000ns period=10.000ns})
  Path Group:             sys_clk_pin
  Path Type:              Hold (Min at Fast Process Corner)
  Requirement:            0.000ns  (sys_clk_pin rise@0.000ns - sys_clk_pin rise@0.000ns)
  Data Path Delay:        0.282ns  (logic 0.141ns (50.053%)  route 0.141ns (49.947%))
  Logic Levels:           0  
  Clock Path Skew:        0.000ns (DCD - SCD - CPR)
    Destination Clock Delay (DCD):    1.982ns
    Source Clock Delay      (SCD):    1.469ns
    Clock Pessimism Removal (CPR):    0.513ns

    Location             Delay type                Incr(ns)  Path(ns)    Netlist Resource(s)
  -------------------------------------------------------------------    -------------------
                         (clock sys_clk_pin rise edge)
                                                      0.000     0.000 r  
    W5                                                0.000     0.000 r  clk (IN)
                         net (fo=0)                   0.000     0.000    clk
    W5                   IBUF (Prop_ibuf_I_O)         0.226     0.226 r  clk_IBUF_inst/O
                         net (fo=1, routed)           0.631     0.858    clk_IBUF
    BUFGCTRL_X0Y0        BUFG (Prop_bufg_I_O)         0.026     0.884 r  clk_IBUF_BUFG_inst/O
                         net (fo=68, routed)          0.586     1.469    dutt/U_SPI_Slave_Intf/clk_IBUF_BUFG
    SLICE_X1Y29          FDCE                                         r  dutt/U_SPI_Slave_Intf/si_data_reg_reg[0]/C
  -------------------------------------------------------------------    -------------------
    SLICE_X1Y29          FDCE (Prop_fdce_C_Q)         0.141     1.610 r  dutt/U_SPI_Slave_Intf/si_data_reg_reg[0]/Q
                         net (fo=4, routed)           0.141     1.751    dutt/U_SPI_Slave_Intf/Q[0]
    SLICE_X1Y29          FDCE                                         r  dutt/U_SPI_Slave_Intf/si_data_reg_reg[1]/D
  -------------------------------------------------------------------    -------------------

                         (clock sys_clk_pin rise edge)
                                                      0.000     0.000 r  
    W5                                                0.000     0.000 r  clk (IN)
                         net (fo=0)                   0.000     0.000    clk
    W5                   IBUF (Prop_ibuf_I_O)         0.414     0.414 r  clk_IBUF_inst/O
                         net (fo=1, routed)           0.685     1.099    clk_IBUF
    BUFGCTRL_X0Y0        BUFG (Prop_bufg_I_O)         0.029     1.128 r  clk_IBUF_BUFG_inst/O
                         net (fo=68, routed)          0.855     1.982    dutt/U_SPI_Slave_Intf/clk_IBUF_BUFG
    SLICE_X1Y29          FDCE                                         r  dutt/U_SPI_Slave_Intf/si_data_reg_reg[1]/C
                         clock pessimism             -0.513     1.469    
    SLICE_X1Y29          FDCE (Hold_fdce_C_D)         0.047     1.516    dutt/U_SPI_Slave_Intf/si_data_reg_reg[1]
  -------------------------------------------------------------------
                         required time                         -1.516    
                         arrival time                           1.751    
  -------------------------------------------------------------------
                         slack                                  0.235    

Slack (MET) :             0.236ns  (arrival time - required time)
  Source:                 dutt/U_SPI_Slave_Reg/FSM_onehot_state_reg[0]/C
                            (rising edge-triggered cell FDPE clocked by sys_clk_pin  {rise@0.000ns fall@5.000ns period=10.000ns})
  Destination:            dutt/U_SPI_Slave_Reg/addr_reg_reg[1]/D
                            (rising edge-triggered cell FDCE clocked by sys_clk_pin  {rise@0.000ns fall@5.000ns period=10.000ns})
  Path Group:             sys_clk_pin
  Path Type:              Hold (Min at Fast Process Corner)
  Requirement:            0.000ns  (sys_clk_pin rise@0.000ns - sys_clk_pin rise@0.000ns)
  Data Path Delay:        0.342ns  (logic 0.186ns (54.363%)  route 0.156ns (45.637%))
  Logic Levels:           1  (LUT6=1)
  Clock Path Skew:        0.014ns (DCD - SCD - CPR)
    Destination Clock Delay (DCD):    1.981ns
    Source Clock Delay      (SCD):    1.468ns
    Clock Pessimism Removal (CPR):    0.499ns

    Location             Delay type                Incr(ns)  Path(ns)    Netlist Resource(s)
  -------------------------------------------------------------------    -------------------
                         (clock sys_clk_pin rise edge)
                                                      0.000     0.000 r  
    W5                                                0.000     0.000 r  clk (IN)
                         net (fo=0)                   0.000     0.000    clk
    W5                   IBUF (Prop_ibuf_I_O)         0.226     0.226 r  clk_IBUF_inst/O
                         net (fo=1, routed)           0.631     0.858    clk_IBUF
    BUFGCTRL_X0Y0        BUFG (Prop_bufg_I_O)         0.026     0.884 r  clk_IBUF_BUFG_inst/O
                         net (fo=68, routed)          0.585     1.468    dutt/U_SPI_Slave_Reg/clk_IBUF_BUFG
    SLICE_X3Y28          FDPE                                         r  dutt/U_SPI_Slave_Reg/FSM_onehot_state_reg[0]/C
  -------------------------------------------------------------------    -------------------
    SLICE_X3Y28          FDPE (Prop_fdpe_C_Q)         0.141     1.609 r  dutt/U_SPI_Slave_Reg/FSM_onehot_state_reg[0]/Q
                         net (fo=5, routed)           0.156     1.765    dutt/U_SPI_Slave_Reg/FSM_onehot_state_reg_n_0_[0]
    SLICE_X1Y28          LUT6 (Prop_lut6_I3_O)        0.045     1.810 r  dutt/U_SPI_Slave_Reg/addr_reg[1]_i_1/O
                         net (fo=1, routed)           0.000     1.810    dutt/U_SPI_Slave_Reg/addr_reg[1]_i_1_n_0
    SLICE_X1Y28          FDCE                                         r  dutt/U_SPI_Slave_Reg/addr_reg_reg[1]/D
  -------------------------------------------------------------------    -------------------

                         (clock sys_clk_pin rise edge)
                                                      0.000     0.000 r  
    W5                                                0.000     0.000 r  clk (IN)
                         net (fo=0)                   0.000     0.000    clk
    W5                   IBUF (Prop_ibuf_I_O)         0.414     0.414 r  clk_IBUF_inst/O
                         net (fo=1, routed)           0.685     1.099    clk_IBUF
    BUFGCTRL_X0Y0        BUFG (Prop_bufg_I_O)         0.029     1.128 r  clk_IBUF_BUFG_inst/O
                         net (fo=68, routed)          0.854     1.981    dutt/U_SPI_Slave_Reg/clk_IBUF_BUFG
    SLICE_X1Y28          FDCE                                         r  dutt/U_SPI_Slave_Reg/addr_reg_reg[1]/C
                         clock pessimism             -0.499     1.482    
    SLICE_X1Y28          FDCE (Hold_fdce_C_D)         0.092     1.574    dutt/U_SPI_Slave_Reg/addr_reg_reg[1]
  -------------------------------------------------------------------
                         required time                         -1.574    
                         arrival time                           1.810    
  -------------------------------------------------------------------
                         slack                                  0.236    

Slack (MET) :             0.237ns  (arrival time - required time)
  Source:                 dutt/U_SPI_Slave_Intf/so_done_reg_reg/C
                            (rising edge-triggered cell FDCE clocked by sys_clk_pin  {rise@0.000ns fall@5.000ns period=10.000ns})
  Destination:            dutt/U_SPI_Slave_Intf/so_done_reg_reg/D
                            (rising edge-triggered cell FDCE clocked by sys_clk_pin  {rise@0.000ns fall@5.000ns period=10.000ns})
  Path Group:             sys_clk_pin
  Path Type:              Hold (Min at Fast Process Corner)
  Requirement:            0.000ns  (sys_clk_pin rise@0.000ns - sys_clk_pin rise@0.000ns)
  Data Path Delay:        0.358ns  (logic 0.209ns (58.341%)  route 0.149ns (41.659%))
  Logic Levels:           1  (LUT5=1)
  Clock Path Skew:        0.000ns (DCD - SCD - CPR)
    Destination Clock Delay (DCD):    1.982ns
    Source Clock Delay      (SCD):    1.469ns
    Clock Pessimism Removal (CPR):    0.513ns

    Location             Delay type                Incr(ns)  Path(ns)    Netlist Resource(s)
  -------------------------------------------------------------------    -------------------
                         (clock sys_clk_pin rise edge)
                                                      0.000     0.000 r  
    W5                                                0.000     0.000 r  clk (IN)
                         net (fo=0)                   0.000     0.000    clk
    W5                   IBUF (Prop_ibuf_I_O)         0.226     0.226 r  clk_IBUF_inst/O
                         net (fo=1, routed)           0.631     0.858    clk_IBUF
    BUFGCTRL_X0Y0        BUFG (Prop_bufg_I_O)         0.026     0.884 r  clk_IBUF_BUFG_inst/O
                         net (fo=68, routed)          0.586     1.469    dutt/U_SPI_Slave_Intf/clk_IBUF_BUFG
    SLICE_X2Y29          FDCE                                         r  dutt/U_SPI_Slave_Intf/so_done_reg_reg/C
  -------------------------------------------------------------------    -------------------
    SLICE_X2Y29          FDCE (Prop_fdce_C_Q)         0.164     1.633 r  dutt/U_SPI_Slave_Intf/so_done_reg_reg/Q
                         net (fo=3, routed)           0.149     1.782    dutt/U_SPI_Slave_Intf/so_done
    SLICE_X2Y29          LUT5 (Prop_lut5_I4_O)        0.045     1.827 r  dutt/U_SPI_Slave_Intf/so_done_reg_i_1/O
                         net (fo=1, routed)           0.000     1.827    dutt/U_SPI_Slave_Intf/so_done_reg_i_1_n_0
    SLICE_X2Y29          FDCE                                         r  dutt/U_SPI_Slave_Intf/so_done_reg_reg/D
  -------------------------------------------------------------------    -------------------

                         (clock sys_clk_pin rise edge)
                                                      0.000     0.000 r  
    W5                                                0.000     0.000 r  clk (IN)
                         net (fo=0)                   0.000     0.000    clk
    W5                   IBUF (Prop_ibuf_I_O)         0.414     0.414 r  clk_IBUF_inst/O
                         net (fo=1, routed)           0.685     1.099    clk_IBUF
    BUFGCTRL_X0Y0        BUFG (Prop_bufg_I_O)         0.029     1.128 r  clk_IBUF_BUFG_inst/O
                         net (fo=68, routed)          0.855     1.982    dutt/U_SPI_Slave_Intf/clk_IBUF_BUFG
    SLICE_X2Y29          FDCE                                         r  dutt/U_SPI_Slave_Intf/so_done_reg_reg/C
                         clock pessimism             -0.513     1.469    
    SLICE_X2Y29          FDCE (Hold_fdce_C_D)         0.121     1.590    dutt/U_SPI_Slave_Intf/so_done_reg_reg
  -------------------------------------------------------------------
                         required time                         -1.590    
                         arrival time                           1.827    
  -------------------------------------------------------------------
                         slack                                  0.237    





Pulse Width Checks
--------------------------------------------------------------------------------------
Clock Name:         sys_clk_pin
Waveform(ns):       { 0.000 5.000 }
Period(ns):         10.000
Sources:            { clk }

Check Type        Corner  Lib Pin  Reference Pin  Required(ns)  Actual(ns)  Slack(ns)  Location       Pin
Min Period        n/a     BUFG/I   n/a            2.155         10.000      7.845      BUFGCTRL_X0Y0  clk_IBUF_BUFG_inst/I
Min Period        n/a     FDCE/C   n/a            1.000         10.000      9.000      SLICE_X4Y24    U_btn/counter_reg[0]/C
Min Period        n/a     FDCE/C   n/a            1.000         10.000      9.000      SLICE_X4Y25    U_btn/counter_reg[10]/C
Min Period        n/a     FDCE/C   n/a            1.000         10.000      9.000      SLICE_X2Y25    U_btn/counter_reg[11]/C
Min Period        n/a     FDCE/C   n/a            1.000         10.000      9.000      SLICE_X1Y25    U_btn/counter_reg[12]/C
Min Period        n/a     FDCE/C   n/a            1.000         10.000      9.000      SLICE_X2Y25    U_btn/counter_reg[13]/C
Min Period        n/a     FDCE/C   n/a            1.000         10.000      9.000      SLICE_X1Y25    U_btn/counter_reg[14]/C
Min Period        n/a     FDCE/C   n/a            1.000         10.000      9.000      SLICE_X4Y25    U_btn/counter_reg[15]/C
Min Period        n/a     FDCE/C   n/a            1.000         10.000      9.000      SLICE_X4Y25    U_btn/counter_reg[16]/C
Min Period        n/a     FDCE/C   n/a            1.000         10.000      9.000      SLICE_X2Y23    U_btn/counter_reg[1]/C
Low Pulse Width   Slow    FDCE/C   n/a            0.500         5.000       4.500      SLICE_X4Y24    U_btn/counter_reg[0]/C
Low Pulse Width   Slow    FDCE/C   n/a            0.500         5.000       4.500      SLICE_X4Y25    U_btn/counter_reg[10]/C
Low Pulse Width   Fast    FDCE/C   n/a            0.500         5.000       4.500      SLICE_X2Y25    U_btn/counter_reg[11]/C
Low Pulse Width   Fast    FDCE/C   n/a            0.500         5.000       4.500      SLICE_X1Y25    U_btn/counter_reg[12]/C
Low Pulse Width   Fast    FDCE/C   n/a            0.500         5.000       4.500      SLICE_X2Y25    U_btn/counter_reg[13]/C
Low Pulse Width   Fast    FDCE/C   n/a            0.500         5.000       4.500      SLICE_X1Y25    U_btn/counter_reg[14]/C
Low Pulse Width   Slow    FDCE/C   n/a            0.500         5.000       4.500      SLICE_X4Y25    U_btn/counter_reg[15]/C
Low Pulse Width   Slow    FDCE/C   n/a            0.500         5.000       4.500      SLICE_X4Y25    U_btn/counter_reg[16]/C
Low Pulse Width   Fast    FDCE/C   n/a            0.500         5.000       4.500      SLICE_X2Y23    U_btn/counter_reg[1]/C
Low Pulse Width   Fast    FDCE/C   n/a            0.500         5.000       4.500      SLICE_X2Y23    U_btn/counter_reg[2]/C
High Pulse Width  Fast    FDCE/C   n/a            0.500         5.000       4.500      SLICE_X4Y24    U_btn/counter_reg[0]/C
High Pulse Width  Fast    FDCE/C   n/a            0.500         5.000       4.500      SLICE_X4Y25    U_btn/counter_reg[10]/C
High Pulse Width  Slow    FDCE/C   n/a            0.500         5.000       4.500      SLICE_X2Y25    U_btn/counter_reg[11]/C
High Pulse Width  Slow    FDCE/C   n/a            0.500         5.000       4.500      SLICE_X1Y25    U_btn/counter_reg[12]/C
High Pulse Width  Slow    FDCE/C   n/a            0.500         5.000       4.500      SLICE_X2Y25    U_btn/counter_reg[13]/C
High Pulse Width  Slow    FDCE/C   n/a            0.500         5.000       4.500      SLICE_X1Y25    U_btn/counter_reg[14]/C
High Pulse Width  Fast    FDCE/C   n/a            0.500         5.000       4.500      SLICE_X4Y25    U_btn/counter_reg[15]/C
High Pulse Width  Fast    FDCE/C   n/a            0.500         5.000       4.500      SLICE_X4Y25    U_btn/counter_reg[16]/C
High Pulse Width  Slow    FDCE/C   n/a            0.500         5.000       4.500      SLICE_X2Y23    U_btn/counter_reg[1]/C
High Pulse Width  Slow    FDCE/C   n/a            0.500         5.000       4.500      SLICE_X2Y23    U_btn/counter_reg[2]/C



