cc0c cc0c c40c c3eb c40c c40c c40c c3ec bbcb bbab b3ab b3ab bbcb bbcb bbec bc0c c40d c42d c42d bbec c44d cc8f cc8e cc8e ccaf d4cf d4af d48e d48e d48e d46e cc6e cc6d cc6d cc6d cc4c cc2c cc4d cc6d cc6e d46e d4af dcaf dcaf dcaf dc8f d48e d48f d4af d4ae d4ae d4af d4af d48e cc6e cc4d c44d c42c c42d c44d c44d c44d c44d c46e ccaf ccf0 ccf0 ccd0 ac0d 8ac8 8b07 9ba7 bc66 d507 dd47 e547 e547 e567 e567 e567 e547 e547 e547 e547 e547 e547 e547 e547 e547 e547 e547 e547 e547 e547 e547 e547 e547 e546 e546 e546 e546 e546 e547 e567 e567 e547 e547 e547 e547 e546 d506 bc66 a3c6 8325 72a7 7288 6aaa 6aaa 6289 6269 6aaa 6aca 6aaa 7aeb 830b 7b0b 7b0a 7aea 7b0a 830a 938b ac2d b46e a42d a42c bd0e cdaf cdad c58c c56c c58c cd8c cdac cdcd d5ce d5ee d5ee d60e d60e d60e d60e d60e d60e d62f de2f de50 e670 e670 e670 e671 e691 e692 e692 e692 e692 e692 e692 e6b2 e692 e691 de71 de51 d630 d610 ce0f cdef cdee cdce cdce cdce cdad c5ae c5ae ad0d 83ab 7b6c 7b8c 83ad 83ae 83ae 83ce 83ce 83ce 83ef 83ee 738d 6b2b 5aa9 5269 5acb 62ed 62ed 62ee 732d 9c4f bcb0 bcaf bcaf bcf0 d616 eef9 ef1a e6fa e6fa e6fa e6fa e6fa eefa eefa eef9 eef9 eed8 eed8 eeb8 eeb8 eeb8 eeb7 ee97 ee77 ee56 ee56 ee35 ee35 ee15 edf5 edf5 e5f4 e5d4 e5d4 e5d4 e5b4 dd73 e573 e573 e572 e572 e572 ccef dd51 e592 e592 e592 e571 e551 e550 e550 dd30 dd30 dd10 dcf0 d4ef d4ef d4ef ccae ccae d4ef dd0f d4cf d4ce d4ce d4cf ccae ccae d4ce d4ef d4ef ccce bc4d abcc a3cd 8b4b 72ea 9bed cd10 d530 d510 d4ef d4ef d4ef d4ef d4ef d4ef d4ef dd0f dd0f dd30 e550 dd30 dd2f dd0f dd0f dd0f d4ce d4ce d4ce ccae ccae ccae ccae d4ae d4ce d4ce d4ef d4ef d4ce ccce ccae ccae ccce ccee 
c3eb c3ec c3ec c3eb c40c c40c c40c bbeb bbcb b3aa b38a b3ab b3ab b3cb bbcb bbec bc0c bc0c bc0c b3ec bc4d c46e c46f cc8f cc8f d4af d4af d48e d48e d48e cc6e cc6e cc6e cc6e cc6d c42c c42c cc4d c42d c42d c42d cc4d d46e d4af dcaf dcaf dc8f d48f d48f d4ae d4ae d4ae d4af d48e cc8e cc6e cc6d c44d cc6e cc6e cc6e cc6e c44d c44d c46e ccaf c4cf bc6d a388 a387 c489 d529 dd48 e547 e547 e547 e547 e546 e567 e567 e567 e567 e567 e567 e567 e567 e567 e567 e567 e567 e567 e567 e567 e567 e567 e567 e567 e546 e546 e546 e546 e546 e567 e567 e567 e567 e547 e547 e547 e546 e546 e527 dd27 ccc8 abe7 82e5 7286 6a88 6248 6269 6aaa 6aaa 6aca 7b0b 7b0b 7b0a 7b0a 7aea 7aea 8b4b ac2e b44e b46e a42d b4ae c56f cdae c5ad c58d c5ad cdae cdce d5ee d60f d60f de2f de30 de2f de2f de4f de50 de50 de50 de50 de70 e691 e691 e691 e691 e691 e6b2 e6b2 e6b2 e6b2 e6b2 e6b2 e6b2 e6b2 e692 e692 e672 de71 de71 de51 d650 d630 de30 d60f d5ef cdee cdee cdee cdce c5af 9c8d 83ab 7b8c 83ad 83ae 83ae 83ae 83ce 83ce 83ef 83ef 7bce 734c 6b0b 528a 528a 5aed 62ed 630e 6b0d 7b6d a46f bcaf bcaf bcb0 b4f1 de77 e6f9 e6fa e6fa e6fa eefa eefa eef9 eefa eef9 eef9 eed8 eed8 eed8 f6b8 eeb8 ee97 ee77 ee76 ee56 ee56 ee56 ee35 ee15 ee15 ee15 edf5 edf5 edf5 edd4 e5b4 e5b4 e593 e593 e593 e593 e592 dd31 d510 e572 e592 e592 e571 e551 e550 dd30 dd30 dd10 dd10 dd10 dd10 d4ef d4cf ccae ccae d4ef d4cf ccae ccae ccae ccae ccae cc8e ccae d4cf d4ef d4ce bc6d abcc a3cc 93ac 7b0a 832a b4af cd10 d4ef d4ef d4ef d4ef d4ef d4cf d4ce d4ce d4ef d4ef dd0f dd30 dd0f dd0f d4ef d4ef d4ef d4ce d4ce d4ce ccae ccae ccae ccae d4ae d4ce d4ce d4ee d4ee ccae ccad ccae ccce ccce d4ee 
c3eb c3ec c3ec c3eb c3eb c3ec c3ec bbeb b3aa b38a b38a b38b b3ab b3cb b3cb bbec bc0c bc0c bc0c b3cc bc4e c46f c48f c490 c4af ccb0 cc8f d48f d46e cc6e cc6e cc6e cc6e cc6e cc6e c44d c42d c44d c42d c42d c42d c44e cc4e d4af dcaf dcaf dcaf d48f d48f d48e d4af d4af d48f d48e cc6e cc6e cc6e cc6e cc8e d48f d48e cc8e cc6e c46e c46e bc4d abea 9b87 bc48 d509 dd48 e547 e567 e547 e547 e547 e547 e547 e546 e547 e546 e546 e546 e546 e546 e546 e546 e546 e546 e546 e546 e546 e546 e546 e546 e546 e546 e546 e546 e546 e546 e546 e546 e546 e546 e546 e546 e547 e547 e546 e546 e546 e546 e547 dd28 ccc8 a3c6 7285 5a26 6288 6aaa 6aaa 72ca 7b0a 7b0a 7b0a 830a 830a 832a a3ed ac4e b46e ac4d ac6d b4ee b4cd accb a4aa a4cb accb accb acec b50c b52c bd4d c56e c58e c58e c58e c5ae c5ae c5af c5cf cdcf cdf0 cdf0 d611 d631 d631 d631 de51 de52 de72 de72 de72 de71 de72 de92 de91 de71 d651 d630 d630 d630 d630 d630 d630 d630 d610 d60f d60f ce0f cdef cdf0 bd90 944c 7b8b 83ad 83ce 83ce 83ce 83ce 83ce 83ef 83ef 83ef 7bae 736d 630c 528a 52ac 5aed 62ee 630e 6b0d 83ad b48f bcaf c4d0 bcd0 bd32 de98 eef9 eefa eefa eefa eefa eefa eefa eef9 eef9 eed8 eed8 eeb8 eeb8 ee97 ee97 ee76 ee56 ee56 ee56 ee56 ee35 ee15 ee15 ee15 ee15 edf5 edd4 e5b4 e5b4 e5b4 edb4 e593 e593 e592 e592 e572 d4f0 dd52 e592 e592 e571 e551 e550 dd30 dd0f d4ef d4ef dd10 dcef d4cf d4ae ccae ccae d4ce ccae cc8e cc8e cc8e cc8e cc8e cc8e cc8e cc8e ccae ccae c46d abcc a3ac a3cc 8b4b 72c9 9bec c4d0 d4ef d4cf d4ce d4ce d4ce d4ae ccae d4ce d4ce d4ce d4ce d4ef d4ef d4ce d4ce ccae d4ce d4ce d4ce ccae ccae cc8e cc8d cc8d ccae d4ae d4ae d4ce d4ce ccae cc8d ccae ccae ccae d4ce 
c3ec c3ec c3ec c3eb bbcb bbcb bbec bbab b38a b38a b38a b38b b3ab b3ab b3ab b3ab bbec bc0d bc0d abcc bc4f bc70 bc70 bcb1 c4d1 c4b1 c490 c46f cc6f cc6f cc8f cc6f c46f c490 c490 c46f c44e c44e c46e cc6f cc8f ccb0 cc8f d4af d4cf d4cf d4cf d4af d4af d4af d4af d4af d48f cc6e cc6e cc6e cc6e cc6e cc6e cc8f cc8e cc8e cc8e cc8e bc4c 9b67 a3c7 c4c8 dd48 e547 e547 e546 e546 e547 e547 e547 e546 e546 e546 e546 e546 e546 e546 e546 e546 e546 e546 e546 e546 e546 e546 e546 e546 e546 e546 e546 e546 e546 e546 e546 e546 e546 e546 e546 e546 e546 e546 e546 e546 e547 e546 e546 e546 e546 e547 e547 dd48 bca8 72a4 6245 6aa8 6aaa 72ca 7aea 832a 832a 832a 8b2a 9bcc ac4e ac6e ac4e ac4d bd0e b4ed 9c4a 9c4a 9c4a 9c6a a48a 9c6a 9c6a a48a a4ab accb accc a4ab a48b 9c6b 9c6b 9c6b 9c6b 9c8b a48c a4ac a4cd accd aced aced aced aced a4ac ad0e acee aced b52e bd6f bd6f bd90 c5b0 c5b0 c5d0 cdd0 cdd0 cdd0 cdd0 cdf0 cdf0 cdf0 ce10 ce10 ce10 ce10 cdf0 c5f0 b52f 83cb 7b8c 83ce 83ce 7bce 7bae 7bce 7bce 83cf 840f 83ef 7b8d 6b2c 5acb 4a8a 5acc 5aee 62ee 6b2e 734d 93ef bcb0 c4cf c4ef b4cf c573 e6b8 eefa eefa eefa eefa eefa eefa eef9 eef9 eed8 eed8 eeb8 ee98 eeb7 ee97 ee76 ee56 ee56 ee57 ee56 ee36 ee16 ee15 ee15 edf5 edd4 e5d4 e5b4 e5b4 e5b4 e594 e593 e593 e592 e592 e572 d4f0 d4f0 e572 e572 e571 e551 e530 dd10 dcef d4cf d4cf d4cf d4cf d4cf ccae cc8e cc8e cc8e cc8e cc8e cc8e cc8e cc8e cc8e cc8e cc8e cc8d cc8d cc6d bc2c b3cb a3ab a3ac 9b8c 7ae9 832a b46e cccf d4ce d4ce ccae ccae ccae cc8d ccae ccae ccae d4ce d4ce d4ce ccae ccae cc8e cc8e ccae ccae cc8d c46d c46d cc6d c46d cc8d cc8e cc8e d4ae d4ae d4ae cc8e ccae ccae ccae d4ce 
bbcb c3cb c3cc c3cb bbcb bbcb bbcb b38b ab6a b36a b38a b38a b38b b38b b38b b38b b3ab b3cc abac 932b 936c 9bcf 9c30 a450 a42f a40f ac0f abee abee abee abee abee abee b450 bc91 bc70 ac0e ac0e b42e bc4f bc70 bc91 bc70 c46f c46f cc8f cc8f ccb0 ccb0 ccaf ccaf ccaf cc8f cc6f cc6e c44e c44e c44e c44e c44e c44e c44e c46e bc2c a367 b447 d528 dd47 e567 e546 e547 e547 e547 e547 e547 e547 e546 e546 e546 e546 e546 e546 e546 e546 e546 e546 e546 e546 e546 e546 e546 e546 e546 e546 e546 e546 e546 e546 e546 e546 e546 e546 e546 e546 e546 e546 e546 e546 e546 e546 e546 e546 e547 e546 e546 e546 e546 dd47 c4a7 82e4 7265 72a9 72ca 7aea 832b 8b2a 8b0a 9b8b ac4e b46e ac4e a40d bcee c58f cdae cdae c5ad c5ad cdce d5ee d5ee d5ee d60e d62f d62f d62f d630 de30 d630 d630 d610 d610 d630 d631 d631 d631 d651 d631 d630 ce10 bdaf ad0c bd6e bd6e b52e aced accd a4cc accd ad0d b52e b52e b52e b52e b52e ad0d aced aced ad0d bd4e bd6e bd6e bd4e bd6f b56f b550 944d 734b 734c 736d 736d 736d 736d 736d 734d 7bce 7bcf 7bce 7bae 6b6d 52ab 4a6a 5acd 62ee 6b2f 7370 838f a450 bcd0 c4ef bccf b4af cdd4 eed9 eefa eefa eefa eefa eefa eefa eed9 eed8 eed8 eeb8 ee98 eeb7 ee97 ee77 ee77 ee56 f656 f656 f656 ee36 ee15 ee15 edf5 e5d4 edd4 e5d4 e5b4 e5b4 edb4 ed93 ed93 ed93 e592 e572 dd31 ccaf e552 e572 e551 e551 e510 dcef d4cf d4cf d4cf d4cf d4af d4ae d48e cc8e cc6e cc8e cc8e cc8e cc8e cc6d cc8e cc8e cc6d cc6d cc6d cc6d cc6d c44d b3cb a3ab a38b 9bac 8b4a 7ae9 9b8b ccaf ccce ccae d4ce ccae cc8d cc8d cc8d cc8e ccae ccae d4ce ccce ccae cc8d cc8d cc8d cc8e cc8e cc8d c46d c46d c46d c46d cc6d cc8d cc8e cc8e ccae d4ae cc8d cc8e d4ae d4ce d4ce 
bbab bbab bbab bbab bbab bbab b3ab b38b ab6a ab6a b38a ab8b b38b b38b b38b b38b b3ab b3cc 932a 6a47 6248 62aa 732c 6aeb 62aa 62aa 6aca 72aa 72aa 72aa 72aa 72aa 72aa 7aeb 834c 7b0b 72aa 7aaa 7aca 7acb 7aeb 7b0b 830b 830b 830b 8b0b 8b2b 8b4c 936c 938c 938c 936c 936c 9b6c 9b6c 9b6c 9b6c 9b6c 9b8c 9b8c 9b8c 9b8c 9b8a 9b88 bc88 d528 dd47 e566 e546 e546 e546 e567 e567 e567 e567 e566 e546 e546 e546 e546 e546 e546 e546 e546 e546 e546 e546 e546 e546 e546 e546 e546 e546 e546 e546 e546 e546 e546 e546 e546 e546 e546 e546 e546 e546 e546 e546 e546 e546 e546 e546 e546 e546 e546 e546 e546 e566 e547 dd47 c4a7 82e4 6245 72a9 7aea 8b2b 8b29 936a ac0c b44d b46e a42d a44c c56f cdae cdce cdce cdcd cdcd d60e d62e de2e de2e de4f de4f de4f de2f de50 e670 e670 e670 e670 e670 e670 e691 e691 e690 e691 e691 de90 de70 ce0f c58e cdef d630 d630 d610 cdef cdef cdef cdf0 cdf0 ce10 d5f0 d610 d610 cdf0 cdf0 d610 d610 d631 d631 d631 d631 d631 ce11 cdd1 bd70 8c0d 6aea 62eb 62eb 6b0c 6b2c 6b2c 630c 6b4d 734d 736d 736d 6b6d 5aeb 4a6a 5aec 630e 630f 6b50 7b90 8bb0 ac70 bccf bccf bccf b4d0 de36 eef9 eefa eefa eefa eefa eefa eef9 eef8 eed8 eeb8 eeb8 ee97 ee97 ee77 f676 ee56 ee56 ee56 ee56 ee35 ee15 ee15 ee15 edf4 edd4 edd4 edd4 edd4 edb4 ed93 ed93 e593 e592 e592 e551 ccf0 dd51 e572 e551 e531 e510 dcef d4cf d4cf d4ae d4af d4ae d48e d48e cc8e cc6d cc6d cc6d cc6d cc6d cc6d cc8e cc6e cc6d cc6d c44d c44d c44d c44d bc2d abcb a38b 9bac 9bac 830a 8b09 b44e ccaf ccae ccae ccae cc8d cc8d cc8d cc8d cc8d ccad ccae ccae cc8e cc8d cc8d cc8d cc8d cc8d cc8d cc6d c46d cc6d cc6d cc6d cc6d cc6d cc8d ccae ccad cc8d ccae d4ae d4ce d4ae 
bbab bbab bbab bbab bbab bbab b3ab b38b b38a b38a b38a b38b b3ab b3ab b3ab b3ab b3cc b3ac 8ae9 6207 5207 5228 5248 5249 5249 5249 5a49 5a49 5a29 5a08 5a29 6269 6269 626a 628a 6a8a 6a6a 6269 6249 6249 6249 6249 6269 6248 6248 6249 5a29 5a29 6269 6a69 6269 6249 6249 6249 6249 6249 6249 6249 6249 6269 6268 6a46 7aa5 b448 dd48 dd67 dd66 dd66 e547 e547 e567 e567 e567 e567 e567 e567 e567 e567 e567 e547 e547 e546 e546 e546 e546 e546 e546 e546 e546 e546 e546 e546 e546 e546 e546 e546 e546 e546 e546 e546 e546 e546 e546 e546 e546 e546 e546 e546 e546 e546 e546 e546 e546 e546 e546 e546 e547 e547 e546 dd48 bc67 6a43 6a86 7b09 832a 9349 abec bc4d b44d b44d a40c bcee cd8e d5ad d5cd d5ee d5ed d5ee d60e de2e de2e de4f de4f e66f de70 de50 de70 e670 e670 e670 e670 e670 e670 e690 e690 de70 de70 de90 de90 de90 de70 d60f de50 de71 de71 de71 de50 de50 d650 d650 d630 d630 d630 d610 d610 ce0f d610 d630 d630 de50 de51 de51 de71 de72 de72 de72 de32 c5b1 8c0d 736c 7b6d 7b8e 7b8e 7b8e 7b8e 7baf 7bcf 83cf 83ef 83ef 7bcf 632c 52ab 630e 632e 6b4f 7391 7b90 93cf b490 bcb0 bcaf bc8f bd11 e697 eef9 eefa eefa eefa eefa eef9 eef8 eed8 eeb8 eeb8 ee97 ee97 ee76 f676 ee56 ee56 ee56 ee36 ee15 ee15 ee15 ee15 edf5 edd4 edd4 edf4 edd4 edb4 edb4 ed93 e5b3 e592 e592 e572 dd30 d510 e551 e551 e531 e530 dcef d4cf d4ae cc8e d48e d48e d48e d48e cc8e cc6d cc6d cc6d c44d c44d c46d cc6d cc6d c46d c46d c44d c44d c42c c42c c44d b3cb a36a a3ac a3ed 8b4b 7ac9 9bac c48e cc8e cc8e cc8e cc8d cc8d cc8d c46d c46d cc8d cc8d c48d c48d c46d c46d cc6d cc6d cc6d cc6d cc6d c46d c46d cc6d c46d c46d c46d cc8d ccae cc8d cc8d cc8d ccae ccad ccad 
bbaa bbaa bbab bbab bbab bbab b3ab b38b b38a b38a b38b b3ab b3ac b3ab b3ab b3cc b3cc b3ac 9b4b 7aa9 72a9 6a89 6a89 7289 7289 728a 728a 728a 6a8a 6249 6aaa 832c 8b4c 8b4d 8b4c 8b4c 832b 832b 830b 7aeb 7aca 7aeb 7aeb 7aea 72ca 72ca 6a8a 6a8a 7aeb 832c 832c 832c 832c 832c 7b0c 7aeb 72ca 72cb 72aa 6aa9 6a46 7aa5 bc68 dd28 e547 dd66 dd46 dd46 e546 e547 e547 e547 e547 e547 e547 e567 e567 e567 e567 e567 e567 e567 e567 e567 e567 e546 e546 e546 e546 e546 e546 e546 e546 e546 e546 e546 e546 e546 e546 e546 e546 e546 e546 e546 e546 e546 e546 e546 e546 e546 e546 e546 e546 e546 e546 e546 e546 e546 e546 e547 dd27 bc67 a3a7 82e6 8b28 abec bc4d bc6d bc6d a3eb b4ac c56e cdad d5cd d5ed d5ee d5ee d60e d62e de2f de2f de2f de4f e670 e670 de50 e670 e670 de70 de70 de70 de70 e670 e690 e690 e690 e670 de70 de70 de70 de90 d62f de71 de91 e691 e691 de91 de91 de91 de70 de70 de91 de91 de71 de71 de50 de50 de71 de51 de50 de30 de51 de71 de71 de71 de51 d651 ce11 ad2f 7bac 7b8d 7bae 7bae 7bae 83af 83cf 83cf 83ef 840f 8c0f 8c30 83ef 630c 5aec 6b2e 6b6f 7391 73b1 7b90 93ef b490 c4af bcaf b46e c552 e698 eefa ef1a ef1a eef9 eef9 eef8 eed8 eeb8 eeb8 ee97 ee77 ee76 f676 ee56 ee56 ee56 ee36 ee15 ee15 ee15 ee15 edf5 edf4 edf4 edd4 edd4 edb4 edb4 edb3 e593 e592 e592 e572 e551 cccf dd31 e551 e531 e530 dcef d4af d48e d48e d48e d48e d48e d48e d48e cc6d cc6d cc6d c44d c44d c44d c44d c44d c44d c46d c44d c44d c42c c40c c42d bc0c abcb abab a3cc 9bac 830a 8b2a b42d c48e cc8e cc8e cc8d c46d c46d c46c c46c c46d cc8d c48d c46d c46d c46d cc6d cc6d cc6d cc6d c46d c44d c44d c46c c46c c46c c44c c46c cc8d cc8d cc6d cc8d cc8d cc8d cc8d 
b3ab b3aa bb8b bbab bbab bbab b3ab b38b b38b b3ab b3ab b3ab b3cc b3cb b3ab b3cc b3cc b3cc b3cc a38c 9b6c 9b4b 930a 930a 8b0b 932b 932b 8b2c 7aca 728a 830b a3ad abad abad a3ad a3ac a38c 9b6c 936c 934b 934b 934b 934b 932b 8b2b 830b 72aa 72ca 8b4c 9bad 9bad 9bad 9bcd 9bad 93ad 938d 938c 936d 8b4b 82e9 8b27 c4a8 dd48 dd47 e547 e546 e546 dd66 dd66 e566 e566 e547 e546 e546 e546 e547 e547 e547 e547 e547 e546 e546 e546 e546 e547 e547 e547 e546 e546 e546 e547 e547 e547 e546 e546 e546 e546 e546 e546 e546 e546 e546 e546 e546 e546 e546 e546 e546 e546 e546 e546 e546 e547 e547 e547 e547 e546 e546 e566 e547 e546 dd47 dd08 b407 9346 b42b bc6d bc6d ac0b ac6b c54d cdad cdad d5cd d5ee d60e d5ee d60e de2e de2f de2f de2f de4f de6f de70 de70 e670 e670 de70 de6f de70 de6f de70 e690 e690 e690 e690 e690 e690 e690 e691 d630 de71 e691 e691 de91 de71 de71 de70 de70 de70 de71 de71 de71 de71 de71 e691 e691 de91 e692 e692 e6b2 e6b2 e6b2 deb2 de92 de71 d652 c5d1 946d 7b8c 7b8d 7bae 83ae 83af 83cf 83cf 83ef 83ef 8c0f 8c10 8430 7bce 630c 630d 6b4f 6b70 7390 73b0 7b8f 9c0f b48f bcaf bc8f ac4e c553 e6b8 ef1a ef1a ef1a eef9 eef8 eed8 eeb8 eeb8 ee97 ee77 ee76 ee76 ee56 ee56 ee56 ee56 ee15 ee15 ee15 ee15 edf5 edf4 edf4 edd4 e5b4 edb4 edb3 edb3 e593 e592 e572 e572 dd51 d4f0 d4f0 e531 e510 dd10 dcef d4ae cc8e d46e cc6e cc6e cc8e cc8e cc6e cc6d cc4d c44d c44d c44d c44d c44d c44d c44d cc6d c44d c44d c42c c42c bc0c bc0c b3ec abcb a3ab a3ac 936c 82e9 a3cc c46e cc8e cc8e c46d c44c c44c c44c c44c c46d c46d c46d c46d c46d c46d cc6d cc6d cc6d c46d c44d c44d c44d c46d c46d c46c c44c c44c c46c c46c cc6d cc8d cc8d cc8d cc8d 
9b6a ab8a b38b bbab bbab bbab bbcb b3ab b3ab b3ab bbcb b3cc b3cc b3cb b3ab b3cb bbcb b3cb b3cc b3cc abac abac abac abac ab8c abac abcd a3ad 8b0b 7aca 9b8c c44e c44e c44e c44e c42d bc0d bbec b3cc abac abac abac abac ab8c a38c 932b 7aa9 8b0b ac0e bc4f bc4f bc6f bc4e b40e ac0e ac0e ac0e a3cd 8b08 9346 c4c8 dd47 e547 e547 e547 e547 dd47 dd26 d526 d507 d4e6 d4e7 d507 d507 d4e7 cce6 cca5 cca5 cca5 cca5 cca5 cca5 ccc5 ccc5 d4c6 dd07 dd27 e547 e547 e547 e547 e547 e547 e547 e546 e546 e546 e546 e546 e546 e546 e546 e546 e546 e546 e546 e546 e546 e546 e546 e546 e547 dce6 c445 dd28 dd06 dd26 e546 e546 e546 e526 e547 dd47 d508 b406 9b66 bc6c ac0b a40a c52d cd8d cdac cdac d5cd d5ee d5ee d5ee d60e d60e de2f de2f de4f de4f de4f de4f de4f de70 e670 de70 de4f de6f de70 de6f de6f e670 e690 e670 e670 e690 e691 e691 d610 e671 e6b2 e6b1 e691 de91 de70 de70 de70 de70 de70 de71 de71 de71 de71 e691 e691 de91 e691 e691 e691 e6b2 e6b2 e6b2 de92 de91 de72 d632 b530 83cc 7b8d 7bae 83ae 83ae 83cf 83cf 83cf 83ef 840f 8c10 8c30 8410 7bae 630c 630d 736f 6b90 7390 738f 7b8d a42e bcaf c4af bc6e b48f cdb4 eef9 ef19 ef1a ef19 eef9 eef9 eed8 eeb8 eeb7 ee97 ee76 ee76 ee56 ee56 ee56 ee36 ee36 ee15 ee15 edf5 edf4 edf4 edd4 edd4 edb4 edb4 edb3 edb3 e593 e592 e572 e572 e551 dd31 cc8e dd10 dd10 e510 dd10 d4cf d48e d48e d46e cc6e cc6d cc6d cc6d cc4d c42d c42c c44d c44d c44d c44d c44d c44d c46d c44d c44d c44d c42c bc0c bc0b bc0c b3cb a3ab a3ac 9b8c 8309 934a b42d c48e cc8e c46d c44c c44c bc2c c44c c44d c46d c46d c48d c46d c46d cc6d cc6d cc6d c46d c44d c44d c46d c46d c46d c44c c44c c44c c46c c46d cc6d cc8d cc8d cc8d cc8d 
7ae8 934a ab8b b3ab b3ab b3ab b3cb b3ab b3ab bbcb bbcc b3cc b3cc b3cb b3ab b3ab b3cb b3cb b3cb b3ab b3ac b3ac b3ac b3ac b3ac b3cc b3cd abcd 8b2b 82ea abed cc6e d46e d46e d46e d46e cc4d c40d c3ec bbec bbec bbec bbcc bbcc b3cc 9b6c 7aaa 934b c490 d4d0 d4d0 cc8f bc2e b40d abed b40e b40d a38a 9347 c4a8 dd48 dd47 dd47 dd27 d507 cca6 bc24 b404 b404 abe3 a3a3 9b82 9ba2 a3a3 abc3 abe3 b404 bc44 c485 cca5 cca6 cca6 cca5 c464 b3e3 b403 bc44 bc24 c444 c444 cca5 d4e7 dd07 dd27 dd27 dd47 e547 e547 e567 e546 e546 e546 e546 e546 e546 e546 e546 e546 e546 e546 e547 e547 dd06 b3c3 d4c7 c465 ccc5 dd47 e546 dd26 cc84 d4e6 dd47 dd27 d4e7 a385 9367 9be9 bcec c56d cd8c cdac cdac d5cd d5cd d5ee d5ee cdee d5ee d60e d60e d62f de2f de2f d62f d60e de2f de2f de2f d62e d62e de2f d62e d62f de2f de2f de2f de2f de2f d62f d60f c5ad d630 de50 de50 d650 d62f d60f d60f d60f d60f d60f d62f d60f d60f d62f d650 de50 d630 de71 de91 e691 e691 e6b2 e6b2 e6b2 e692 de92 de72 c5d1 946d 7b8c 7bad 83ae 83ae 83ae 83cf 83cf 83ef 83ef 8c0f 8c10 8c30 8430 738e 5aec 6b4e 6b6f 6b90 7390 7b8e 83ad acaf bcaf c4af bc8f b4b0 d615 eed9 ef1a ef1a ef19 eef9 eed9 eed9 eeb8 ee97 ee77 ee77 ee56 ee56 ee56 f656 f636 f636 f615 ee15 edf5 edf4 edd4 edd4 edb4 edb4 edb3 e593 e593 e592 e572 e552 e551 dd31 c48e cccf dd31 e531 e531 dcf0 d4af d48e d48e cc6e cc6d cc6e cc6e cc4d c44d c44d c44d c44d c44d c44d c42d c44d cc4d c44d c42d c42d c42c bc0c bbec bc0c b3cb abab a38c a3ac 934b 82c9 9bab bc6e cc6e c44d c44d c44d c44c c44c c44d c44d c46d c46d c46d c44d cc6d cc6d cc6d cc6d c44d c44d c46d c46d c46d c44c c44c c44c c46c cc6d cc6d cc8d cc8d cc8d cc8d 
6a86 8b29 a38b ab8a ab8a b3ab b3ab b3ab b3ab b3ab b3ac b3cc b3cc b3ab b3ab b3ab b3ab b3cb b3ab b3ab b3cb b3cc b3cb b3cb b3cb bbcc b3cc abac 932b 8b0a b42e cc8f d46e d46e d48e cc6e cc4d c40c bc0c bbec c40c c40c bbcc bbcc b3ec 9b6b 82ca 9b6c c48f d4af cc6e bc2d b3ec abcc abac abac a38b 8ae6 bc69 cd08 cd07 c486 bc25 b404 b404 b424 c486 cce7 d507 d507 d507 d507 cce7 d507 d527 dd27 dd47 dd27 dd46 e547 e547 e547 e547 e547 dd06 d4e6 d4e6 ccc6 cca5 c465 bc44 bc24 b404 b3e3 b3e3 bc65 d4e6 dd27 e548 e547 e547 e547 e546 e546 e546 e546 e546 e546 e546 e546 e546 e546 e547 cc85 c485 cc85 bc44 dd47 e546 dd47 c464 b3e3 dd27 dd27 d527 cd08 9345 a408 c52c c56c c56c cd8c cd6c c52b b4ca bd2b bd2b bd2b b52b c58c cdad cdcd cdcd cdcd cdcd cdcd cdee cdcd cded cdcd cded cded cded cded d60e d5ee d60e d60e d60e d5ee cdee bd4c cdee cdce cdce cdce cdee cdcd cdcd cdcd cdcd cdcd cdce cdee cdee cdee d5ee d5ee cdce ce0f d60f d60f d62f de50 de50 de70 de71 de71 de72 d652 b550 83cc 7bad 7bad 7bae 83ae 83ce 83ef 83ef 840f 840f 8c0f 8c2f 8c30 840f 6b4d 5acc 632e 6b6f 6b6f 738f 7b8e 940f bcd0 bc8f c48e bc8f bcd1 de16 eef9 ef1a ef19 f6f9 f6f9 eed8 eed8 eeb7 ee97 ee97 ee77 ee56 ee56 ee56 f636 f636 f636 ee15 edf5 edf4 edd4 edd4 edd4 edb4 edb3 e593 e593 e592 e572 e552 e531 dd31 d4cf c48e dd31 e531 e531 dcf0 d4af d48e d48e cc6e cc4d cc6e cc6e cc4e cc4d c44d c44d c44d c44d c42d c42c c42d c44d cc4d c42d c42d c40c bc0c bc0c bbec bbec b3ab ab8b abac a3ac 82e9 82e9 abed c46e c44d c44d c44d c44d c44d c44d c44d cc6d cc6d c46d c44c cc6d c46d c46d c46d c44d c44d c44d c46d c44d c44c c44c c44c cc4c cc6d cc6d cc6d cc6d cc6d cc8d 
72c8 7b08 9b8b ab8b ab8a b38b b3ab b3ab b3ab b3ab b3cc b3ac b3cc b3ab b3ab b3ab b3cb b3cb b3ab b3ab b3ab b3ab b3cb b3cb b3cb bbcb b3cc abac 932b 8b0a bc4e cc8e d46e d48d d48e cc6d c42d c40c bbec bbec c40c c40c bbcb bbcc b3ed 9b6b 82ea 9b6c c46f cc8f c42d bbec b3cc abab a3ab a3cb 9328 8ae5 abe6 abe4 abe4 bc25 cca6 d507 dd27 dd47 dd47 e547 e546 e547 e547 e547 e547 e547 e547 e547 e547 e547 e546 e566 e566 e566 e566 e566 e546 e546 e546 e546 e546 e547 e547 dd26 dd26 d506 ccc6 bc25 b3e4 abc3 bc45 ccc7 d4e7 dd07 dd47 dd46 e546 e546 e546 e546 e546 e546 e547 e547 e547 e547 dd27 d4c6 b403 dd27 dd46 dd67 d506 aba2 d507 cca6 c485 d548 c4a7 8324 a428 bd4c c54b c56b c54c c54b bd0b bd4c c58d bd6c bd4c cdad cdcd cdce cdcd cded cdee cdee d5ee cdee d5ee cdee cdee cdee d60e d60e d60e d60e d60f d62f d62f d60f d60f c56d d5ef d60f d60f d62f d62f d62f d60f d60f ce0f cdee cdee cdee cdee cdee cdce cdce cdae cdae cdae cdae cdce cdce cdce cdee d60f d630 ce10 ce11 c5d1 944d 7b8c 7bad 7bae 83ce 7bce 83ee 83ee 840e 840e 8c2f 8c2f 8c2f 8c30 840f 630c 5aec 632e 6b4f 6b6f 7b8f 7b8e a44f bc8f bc8e bc8e bcaf bd11 de36 eef9 ef1a ef1a f6f9 eef9 eed8 eed8 eeb8 eeb7 ee77 ee76 ee56 ee56 ee36 ee15 ee15 ee15 edf5 edf4 edd4 edd4 edd4 edd4 edb4 e5b3 e593 e593 e572 e572 e551 e551 dd10 c48e d510 e531 e531 dd10 dccf d4af d4af cc6e cc6e cc6e cc6e cc4d cc4d c42d c42d c44d c42d c42d c42d c42d cc2d cc2d c42d c42c c40c c40c c40c bc0c bbec bbec b3ac abac a3cd 936b 7aa8 936b bc2e c44d c44d c44d c44d c44d c44d c44d c46d c46d c44d c46d c46d c46d c46d c44d c44c c44d c44d c44d c44d c44d c44c c44c cc4c cc4c cc6d cc6d cc6d cc6d cc6d 
8309 72c8 936a a38b ab8b b3ab b3ab b3ab b3ab b3ab b3cc b3ac b3cc b3ab b3ab b3cb b3cc b3cc b3ab b3ab b3ab b3ab b3cb bbcb b3cb bbcc b3ec abac 934b 932b bc6f cc8e d48e d48d cc6d c42c c3ec bbec bbec bbec c40c c40c bbec bbcc b3ec 9b6b 82ea 9b8c bc6f c46e c44d bc2d abcb a38a 9348 8b26 8ae4 9b64 bc66 cce7 dd07 dd27 e546 e546 e546 dd46 e546 e546 e547 e547 e547 e547 e547 e547 e547 e567 e567 e567 e566 e566 e566 e546 e546 e546 e546 e566 e566 e566 e566 e566 e546 e546 e546 e546 e547 dd27 d507 ccc6 bc25 abc4 abc4 b3e4 bc45 ccc6 d507 dd27 e546 e547 e547 e547 e547 e547 e546 e546 e546 dd06 bc23 dd06 dd46 dd47 d527 b403 ccc6 c4a7 abe4 d508 d528 93a4 72c3 accb bd0b bd2b bd4b bd4c c54c c56d c5ad c5ad c5ad cdad cdce d5ce cdce cdee cdce cdee d5ee d5ee cdee cdee cdee cdee cdee cdee d60f d60f d610 d610 d60f d60f cdcf b52c c5ae cdef cdef d60f d60f ce0f cdef cdee cdee cdef cdcf cdef cdef cdcf cdcf c5cf c5af c5af c5af cdaf cdaf c5cf cdcf cdcf cdef ce10 cdf0 ce10 c5f0 a4ee 83cb 7b6c 7b8d 7bae 7bae 7bce 83ee 83ee 840e 840e 840e 8c2f 8c2f 8c30 7bcf 632d 630d 6b4e 6b4e 736e 7b8f 8bae a42f bc8e bc8e bcae bcf0 bd11 d616 eef9 ef1a ef19 eef9 eef8 eed8 eeb8 eeb7 ee97 ee76 ee76 ee56 ee56 ee36 ee15 ee15 edf5 edf4 edd4 e5d4 e5d4 edd4 edd4 e5b3 e593 e593 e572 e551 e551 e551 dd51 d4d0 d4f0 dd31 e531 e531 dcf0 d4cf d4af d48e cc6e cc6e cc4d cc4d cc4d c42d c42d c42d c42d c42d c42d c42d c42d c42d c42d c42d c40c c40c c40c c40c bbec bc0c b3cc abac abed a3ac 82e9 8309 abed bc4e c46d c46d c44d c44d c42d c42d c44d bc2d c42d c44d c46d c46d c46d c42c c42c c42c c42c c42c c42c c42c cc4c cc4c cc4c cc6d cc6d cc8d d48d cc6d cc6d 
8b6a 7b09 8309 a3ac abab b3ab b3ab b3ab b3ab b3cb b3cc b3cc b3cc b3cb b3cc bbcc bbcc b3cb b3ab b3ab b3cb b3cb b3cb bbcc bbcb bbcb bbec ab8c 932b 934b c48f d4af d48e d48e cc6d c40c bbec bbec bbec bbec c40c bbec bbec bbec b3ec 934b 82ea 936c bc4e c46e bc4d abaa 9307 9305 a386 b446 c4c7 d527 dd47 e547 e546 e546 e546 e546 e546 e546 e546 e546 e546 e566 e546 e546 e546 e547 e547 e546 e547 e547 dd46 dd46 dd46 dd46 e546 e547 e547 e547 dd47 e547 e546 e546 e546 e546 e546 e546 e546 e546 e546 e547 dd47 dd27 d527 ccc6 b424 abc3 abc3 b404 c465 d4c6 dd27 dd27 dd47 dd47 e546 e546 e546 dd47 dd06 e547 e547 d506 c4a6 c4a6 c4c7 d508 abe4 c486 d548 bca7 7282 8346 9c29 a489 acaa acca accb b50b c56d cdcd c5ad cdad cdad cd8d c56c c56c c54c c56d c58d c56d c56d bd4d bd4d bd6d bd6d bd6d bd6d bd6e bd6e bd4e bd4e b52e b50d a4ac b52d b54e bd6e bd8f bd6e b54d b50d b50d b52d b52e b50e b50e b50e aced aced aced a4cd accd aced aced ad0e ad0e b52e bd6f bd90 c5b0 c5b0 c5b0 bdb0 b550 944d 7b6c 736c 7b6d 7b8e 7bae 7bae 7bce 83ce 83ee 83ee 83ee 840e 840e 840f 738e 62ec 6b4e 6b6e 6b4e 734f 7b6f 8bae ac6f bcaf c4ae c4cf bcd0 bd11 e697 f71a f719 eef9 eef8 eed8 eed8 eeb8 ee97 ee97 ee76 ee56 ee56 ee36 ee15 ee15 edf4 edf4 edd4 e5d4 e5b3 e5d4 e5d4 e5b3 e5b3 e593 e572 e551 e551 e551 dd51 dd11 ccd0 dd31 e531 e531 dd10 dcf0 d4af d48e cc6e cc6e cc4e cc4e cc4d c42d c42d c42d c42d cc2d cc2d c42d c42d c40d c40d c40d c40c c40c bbec bbec bbec bc0c bbec b3ec b3ec abed 934b 7aa9 8b0a b40e b42d bc2d bc2d b40d b3ec b3ec b3ec b3ec b40c b40c b42d bc2d bc2d b40c b3ec bbec bbec b3ec bbec bc0c bc2d c44d c44d c46d cc6e cc8e cc8e c46d c46d 
936a 72e9 6267 8b2a a38b b3ab b3ab b3ab b3ab bbcb bbcb b3ab b3cb b3ab b3cb b3cb b3cb b3ab b3ab b3ab b3ab b3cb b3cb bbcb bbcb bbcc b3cc a38c 932b 936b ccaf d4cf d48e cc6d cc4d c40c bbec bbec bbec bbec bbec bbcc bbcb b3cc abcc 8b2a 82ea 936c b44e b3eb 9b67 a3a6 c467 d509 dd28 dd47 dd46 e546 e546 e547 e547 e546 e566 e546 e546 e547 e547 e547 dd47 dd47 dd47 d526 d506 cce6 cce6 cce6 cce6 cce6 d506 d507 ccc6 c485 c465 c485 c486 c485 c485 cca6 d507 dd47 e547 dd47 e546 e546 e546 e547 e546 e546 e546 dd46 dd67 dd67 dd47 dd27 d4e7 cca6 bc65 b423 b403 bc44 d507 dd47 dd47 e546 dd46 e546 e547 e547 dd47 c485 b3e4 cce7 b444 d529 c486 b404 dd48 d528 bc87 8b64 a46a b4eb bd2c c54d c54c c56c cdee d5ee cdee cdee cdee cdad c58d bd4c bd2c bd2c bd4d bd4d bd2d b50c b50c bd2d bd2d b52c b50c b50d b50d b50d b50d b4ed accc accc acec acec b50d b52d b52d b50d b4ed b50d b50d acac accd b52e b52e b50e accd acad a48c 9c8c 9c6c 9c4c 942b 942b 942b 944c 9c8c a48c a4cd a4ac 9cac a4ce 944d 734b 62ea 62ca 62ca 62cb 62eb 6b0c 6b2c 6b2c 6b2b 6b2b 6b2b 6b2b 6b2c 630b 5aaa 62ec 6b6e 6b6e 6b6f 7bb0 7b8e 93ce b48f c4af c4af c4cf c511 d5b3 eeb8 f719 ef19 eef9 eef8 eed8 eed8 eeb7 ee97 ee97 ee76 ee56 ee56 ee35 ee15 edf5 edf4 edd4 edd4 e5b4 e5b3 e5b3 e5b3 e5b3 e593 e572 e572 e551 e551 dd31 dd31 d4f0 d4f0 dd51 e531 e510 dcf0 dccf d4af d48e cc6e cc6e cc6e cc4e cc4e c42d c42d c42d c42d c42d c42d c42d c40d c40d c40c c40c bbec bbec bbec c40c c40c c40c bc2c b3ec b3ed 9b6c 7268 6228 7269 7289 7289 7289 7289 7289 7289 72a9 72a9 7aca 82ea 830a 82ea 82ca 82ea 82ea 8b0b 8b0b 8b2a 8b2b 932b 934b 936b 936b 9b6b 9b6c 9b8c 9bac 9b8c 9b8b 
8b2a 72ea 6aca 6aa9 936b abcc b3cb bbcb bbcb bbcb bbab bbcb b3cb b3ab b3ab b3ab b3ab b3ab b38b abab b3ab b3cb b3cb bbcb bbcb bbec b3cc a38c 934b 9b6b ccaf d4af d48e cc4d c40c bbec bbec bbcc bbcc b3cc b3cc b3ac b3ab b3ac abac 8b0a 8309 8b49 9b88 abe7 c4a7 d527 dd47 dd47 dd47 dd47 dd46 dd46 e546 e546 e547 dd47 dd47 dd27 d4e7 cce7 d507 d507 ccc6 bc65 b445 ac04 a3e4 a3c4 a3c4 a3c4 a3c4 a3c4 a3e4 abe4 a3c4 9ba4 9b84 9b84 9ba4 9ba4 9b84 a3a4 b405 c4c6 cce7 d507 dd27 dd47 dd47 e547 e566 e546 e547 e547 e547 e547 e547 e547 e547 e547 dd47 dd27 d507 bc45 aba3 bc45 d4e7 dd27 dd47 dd46 dd46 dd47 c4a5 c486 b404 cce7 abe3 d508 c4a7 b404 dd27 dd46 dd47 b466 9be6 bd0b c54c c58d cdad cdad cdcd cdee cdce cdce cdcd cdad c5ad c5ad c5ad cdad cdae cdad cdad cdce cdce cdee d5ef cdee d5ef cdef d60f d60f d62f d60f d60f d60f d5ef cdee cdee cdee cdce cdce cdae cdae c5ae b50c bd8e c5cf cdcf cdef cdf0 cdf0 cdf0 ce10 cdf0 cdd0 cdd0 cdd0 cdf0 cdf0 cdf0 ce11 ce11 c5b0 c5d0 c5f1 c5b1 acef 83ac 6b0b 6b0c 6b2d 734c 736d 736d 736d 738d 736d 738d 7b8d 736d 736d 736d 6b2d 6b4d 738f 73b1 7bb1 7bb0 7b8e 93cd b48f bcaf c4ae c4cf c531 d5d4 eeb8 ef19 eef9 eef9 eef8 eed8 eed8 eed7 eeb7 ee76 ee56 e656 ee35 ee15 ee15 edf4 edd4 edd4 e5b4 e5b3 e5b3 e5b3 e593 e593 e573 e572 e552 dd31 dd31 dd31 d4f0 c46e dd31 e531 e511 e4f0 dccf d4af d48e cc6e cc6e cc6e cc4e cc4e c42d c40d c42d c42d c42d c42d c42d c40d c40c c3ec bbec bbec bbec c40c c40c c40c c40c c42d bc0c abec a3ac 82ea 6228 5a08 5a08 5a08 5a08 5a28 5a28 5a28 5a28 5a28 5a48 6248 6248 6a68 6a68 6a68 6a68 6268 6268 6268 6268 6a68 6a68 6a88 6a88 7289 72a9 72a9 72ca 72ca 72ca 
8b2a 93ef 9430 734c 7b0a a3ac b3ec bbec c40c bbec bbcc bbcc bbcb b3ab b3ab b3ab b3ab b3ab ab8b ab8b b3ab b3ab b3ab b3ab b3cb bbcb b3cc a38c 9b6b a3ac ccaf d4ae d48e cc4d c40c bbec bbec b3cc b3cc b3cc b3cb b3ab b3ab abab a38c 8b09 7aa7 8b26 bc67 d528 dd47 dd46 e547 e547 e547 dd66 dd66 dd46 dd46 dd47 dd47 d506 c486 b424 abe4 a3c4 ac05 ac05 a3c4 9ba4 9ba4 9384 9384 9384 9b84 9b84 9384 9b84 9384 9384 9384 9384 9384 9384 9384 9384 9384 9b84 9b84 a3c5 a3c4 a3e4 ac24 bc65 c4c6 cce6 d506 d527 dd27 dd27 dd47 e547 e567 dd47 e547 e547 e546 e546 e547 d528 a3c4 9b63 abe4 b424 c4a6 d507 d526 d527 abc3 c486 b424 d508 b403 cce7 abe4 c466 dd27 dd46 dd46 d527 a3c4 b489 c54c c58d cdad cdcd d5ee d5ee cdee cdcd cdcd cdad cdad c5ad cdad cdad cdcd cdcd cdcd cdce cdce cdce cdce cdce cdce cdce cdee d5ef d60f d60f de2f de2f de2f de2f d62f d60f d60f d60f d60f d60f d5ef bd6d cdcf cdef cdef cdcf cdcf cdcf cdef cdef cdef cdef cdef d60f d610 d630 d630 d631 d651 ce30 ce31 d651 d632 c5f1 a4ae 7b8c 7b6c 7b8e 7bae 83ce 83ce 83ee 83ee 83ee 83ef 8c2f 8c0f 8c0f 8c30 83ef 632d 736f 7bd1 7bd1 7bf2 83d0 7b4d 9c0e b48f bc8e bc6d c4af c511 d5d4 eeb8 eef9 eef9 eef9 eed8 eed8 eed8 eeb7 ee97 ee76 ee56 ee36 ee35 ee15 e5f5 edd4 e5d4 e5b4 e5b4 e5b3 e5b3 e593 e593 e573 e572 e552 e551 dd31 e531 dd11 bc6e d4f0 e552 e531 e511 dcf0 dccf d48e cc6e cc6e cc4e cc4e cc2e c42d c40d c40d c40d c40d c40d c40d c40d c3ec bbec bbec bbec bbec c3ec c40c c3ec c40c cc2d c44d b3ec a3ab 936b 82ca 7aaa 7aaa 7aca 7aca 7aca 7aca 7aca 72aa 6a89 72ca 7b0b 82ea 82ea 7aca 7aca 7ac9 7aca 7aea 7aca 7aca 7aca 7aca 7aea 7aea 830a 830a 830a 830b 82eb 82ea 
8b4b 93ef a4b3 9450 730a 8b4b abec bc0c c42d c40c bbec bbec bbcc b3cb b3ab b3ab b3ab b38b ab8a ab8b b3ab b3ab b3ab b3ab bbcb bbcc b3ab abac a38c abed ccaf d4ae d46e cc4d c40c bbcb b3cb b3cb b3cb b3cb b3ab abab ab8c ab8b 9b29 82c5 a3a7 ccc8 dd48 dd66 e566 e566 e546 e547 e547 dd47 dd47 d527 d4e6 ccc6 bc65 a3c4 a384 9b84 9b84 9384 9384 9384 9384 9384 9385 9385 9385 9384 9384 9384 9384 9384 9384 9384 9384 9385 9385 9385 9384 9384 9b85 9b85 9b85 9385 9385 9384 9384 9b84 a3a4 a3a4 a3c4 abe5 bc66 c486 c486 ccc6 d4e7 dd27 dd47 e547 e547 e547 e547 dd47 b424 b445 cce7 bc65 9322 a383 b3e4 c467 9b43 bc87 b444 d508 ac04 cce8 a3a4 c487 d528 d527 dd47 dd47 bc86 a426 cd8d cdad cdcd d5ee d60e d60e d60e d60e d60e d60e d60e d5ee cdce cdee d5ee cdee cdcd d5ee d5ee cdce cdce cdee cdce cdce cdee cdee d5ee d5ee d5ee d5ee d5ee cdee cdee cdce cdce cdee cdee cdee d5ee c5ad cdee d60f d60f d60f d62f d62f d62f d630 d630 d610 d610 d610 d630 d630 d630 d651 d651 ce10 ce31 d651 d651 d632 bd70 8bec 7b8c 7b8d 7bae 83ce 83ce 83ee 83ee 83ee 83ef 8c0f 8c2f 8c2f 8c30 8c30 738e 632d 73af 7bd1 7bf2 7bb1 6b2e 7b2c a40e bc6f b44d bc4d c4af c511 cdd5 eed8 eef9 eef9 eed8 eed8 eed8 eeb7 ee97 ee76 ee56 e636 ee36 e615 e5f5 e5f4 e5d4 e5b4 e5b4 e593 e5b3 e593 e593 e572 e572 e552 e552 e552 e552 dd31 c4af cccf e552 e552 e511 dcf0 dcd0 d4af d46f cc6e cc4e c42e c42e c40d c40d c40d c40d c40d c40d c3ed bbed bbec bbcc bbcc bbcc bbec bbec bbec bbec c3ec cc2d cc6d bc0c abcc a3ac a38c a36c 9b6c 9b6c 9b6c 9b4c 9b4c 9b6c 9b8c 934b 8b4b 9bad 9b6c 9b6b 9b6b 934b 934b 934b 934b 934b 936c 936c 934b 936b 9b8c a3ac a3ac a3ad a3cd a3cd a3cd 
8b6c 9c30 9431 acd3 9430 7b4b 938b b40d c44d c42d bbec bbec bbec bbec b3ab b3ab b3ab b38b ab8a ab8a ab8b ab8b b38a b3ab bbec bc0c b3cc abcc a3ac b42e d4cf d4ae d48e cc2d bbec b3cb b3cb b3cb b3cb abcb abcb abab a369 9ae6 a386 cca8 dd28 dd47 dd46 dd66 e546 e547 e547 dd47 dd47 cce6 bc64 abe4 a3c4 9ba3 9b84 9385 9385 9365 9365 9384 9385 9385 9385 93a5 9385 9385 9385 9385 9385 93a4 93a4 93a4 93a4 93a4 9385 9385 9385 9385 9385 9385 9b85 9385 9385 9385 9385 9384 9384 9384 9b84 9b84 9b84 9b84 9b84 9b84 9b84 9ba4 a3c4 bc65 ccc6 d507 dd47 e547 e547 dd27 b403 c485 dd47 dd47 c465 cca7 c4a6 aba3 8281 bc67 d508 d508 abe3 ccc8 a3c4 ac05 b405 b3e4 d507 dd47 d528 a405 c52b d5ce d5ee d60e d60e d60e de2f de2f de2f de2f de2f de2f de2f de4f de2f de0f d60e d60f d60f d5ef d5ef d5ee d5ee d5ee d5ee d5ee d5ee d5ee d5ee d5ee d5ce cdee cdee d5ee d5ee cdee cdee cdee cdce c58d cdce cdce cdee cdee cdee cdee cdee d60f d60f d62f d630 d630 d630 d630 de30 de50 de71 ce30 d631 de72 de72 d672 ce11 ad0f 83cb 7b6c 7b8d 7bad 83ce 83ce 83ce 83ce 83ee 8c0f 8c0f 8c2f 9430 9450 8c10 6b4d 736e 7bd1 7bd1 7bb1 7391 6b2e 7b4d a40e b44e b42d bc4d bcaf b4d0 cdf5 e6d9 eef9 eed9 eed8 eed8 eeb8 e6b7 ee97 ee77 e656 e636 e635 e615 e5f5 e5d4 e5d4 e5b4 e593 dd73 e593 dd73 dd73 dd72 dd52 dd32 dd52 dd52 dd52 d511 c4af dd31 e532 e511 e4f1 dcf0 d4b0 cc6f cc4e c42e c40e c40e c3ed c3ed c3ed c3ed c3ed bbed bbcd bbcc bbcc bbcc bbcc bbcc bbcc bbcc bbcb c3ec cc2d cc4d cc6d c44d bc0c abcc abcc abac abac ab8b a36b a36b a34b a36b abac a38b 932a 9b2a 9b6b a36b a38b 9b6b 9b6b 9b4b 9b4b 9b4b 9b4b 9b4b 9b4a 9b4a a38b ab8b abab abab abcc abcb abcb 
938c acd3 acf4 a4b3 b4f4 9c91 836c 938b b40d bc2d bbec b3cc bc0d bbec b3cc b3cc b3cc ab8b ab6b ab6b ab8b ab8b ab8b b3ab bbec bc2d b3cc abcc a3ac bc4e d4cf d4cf d48e cc2d bbec bbcb b3cb b3cb abcb abcb abcb a369 92e5 bc27 dd08 dd47 dd47 e546 e546 e566 dd47 dd27 ccc6 c486 b425 a3c4 9ba3 9b84 9b84 9385 9365 8b24 7ae3 7ae3 8b65 9385 9385 9385 9385 9385 93a5 93a5 93a5 9385 9385 9385 9385 9385 9385 93a5 9385 9385 93a5 9385 9385 9385 9385 9b85 9385 9385 9385 9385 93a5 9385 9384 9b85 9384 9384 9385 9385 9385 9384 9b84 9ba4 a3c4 abe5 bc45 d4e7 dd47 dd47 c4a5 d506 dd46 e546 dd26 dd47 dd47 d527 b425 aba3 c486 cce8 a3c3 ccc8 abc4 abe5 b426 aba3 d4e7 dd47 dd47 b446 b4a9 d5ce d5ee d5ee d60e d60e d62f de2f de2f de4f de4f de4f de4f de4f de4f de2f de4f de50 de50 de50 de2f d62f d5ee d5ee d60f d60f d60f d60f d5ef d5ee d5ee d5ef d5ef d60f d5ef d5ef d5ef d5ef d5ee cdae cdce cdee cdee d5ef cdee cdee cdee d60e d60f d60f d60f d60f d60f d60f d60f d60f d630 c5ef ce10 ce31 ce31 ce11 ce11 c5b0 9c6d 7b4b 7b6c 7b8d 7bad 83ad 83cd 83ce 83ee 83ee 83ee 8c0e 8c0f 9450 8c30 83cf 6b2d 738f 73b1 73b1 7bd1 7bd1 734e 836d a40e b44e b42d b44e b48f acaf c5f5 e6d9 eed9 eed9 eed9 e6b8 e697 e676 de36 de15 d5d4 d5b4 d5b4 ddb4 dd94 dd94 dd94 dd73 dd73 d552 d532 d532 d512 ccf1 ccd1 ccf1 ccf1 d4f1 ccd0 b42e c48f dd11 e511 e4f1 dcd0 d4af cc4e cc2e c42e c40e c40e c40e c3ed c3ed c3ed bbed bbcd bbcd bbac bbac bbcc bbcc bbcc bbcc bbcb bbcb c3ec cc2d cc4d cc6d cc4d c42d bc0c bc0c bc0c bbec bbec bbcc b3cc b3cc bbec bc0d bc0c abcb a34a abab b3cc b3cb abab a38b a36b a36b a36b a36b a36b a36b ab6a b3ec bbec bc0c c42d c42d bc2c bc0c 
8b8d b534 c596 b514 acd3 b575 9cb1 7b4b 8b6b 9bac 9b8c a38c abcd abcd a3ac abcd abcd 9b6b 9b4b 9b4b 9b4a 9b4b a36b a38b abcc abed a3ac a3cd a3ac bc4e d4cf d4af d46e c42d bbec b3cc b3cc abcc abcb a3cb 9349 7a64 bc27 dd28 e547 e547 e547 e547 dd47 d527 c4a6 b445 a3c4 9b84 9b84 9b84 9384 9384 9385 9365 82e3 7ac3 8304 8345 8b85 9385 9385 9384 9384 9384 9384 93a4 9384 9384 9385 9385 9385 9385 9385 9385 9385 93a5 93a5 9385 9385 9385 9385 9385 9385 9385 9385 9385 9385 9385 9385 9385 9385 9385 9385 9385 9385 9385 9384 9384 9384 9b84 9ba4 ac25 cce7 d527 dd27 dd46 e546 e546 e546 e566 dd66 dd46 d527 c4a6 b3e4 abe5 9b63 c4c8 abc4 b405 c466 b3e4 ccc7 dd47 dd47 bc86 a427 d5ad d5cd d5ee d5ee d60e d60f de2f de2f de4f de4f de4f de4f de4f de4f de4f de50 de50 de50 de50 de30 d62f d62f d62f d630 de50 de30 d60f d60f d60f d60f d60f d60f d60f d60f d60f d60f d60f cdef cdce cdef cdef d5ef d5ef d5ef cdee cdee d5ee d60f d60f d60f d60f d60f d5ef d5ef cdef cdef c5ae c5cf cdef cdef cdcf cdcf c5af b52f 8bec 7b4a 7b8c 7bad 7bad 83ad 83cd 83cd 83cd 83ed 83ed 83ee 8c2f 8c2f 8c2f 736d 632e 73b1 73d1 7bd1 8413 7bb0 7b6e 8bae a3ed b42e b42e b46e ac8f b553 e6b8 eed9 e6d9 e698 d636 cdd5 cd94 bd12 acd1 ac90 a44f a44f ac4f ac2f a42f a42f ac2f ac2f ac0e ac0e a40e a3ce 9bad 9bad 9bac a3ad a3cd a3ad 934b abcd d4f1 e532 dd11 dcd0 d4af d46f c42e c40e c40e c40e c40e c3ed c3ed bbed bbcd bbcd bbcd bbcc bbac bbcc bbcc bbcc bbab b3ab bbab bbcb cc2d cc4d cc4d c42c c42c c40c c40c c40c c40c bbec bbcb bbcb bbec c40c cc2d cc4d c42c b38a b3ab bbec bbec b3cb b3ab ab8b ab8b ab8b ab8b ab8b b3ab bbcb c40c c42d cc2d cc4d cc6d cc4d cc2c 
836d bd55 c596 c596 ad14 ad14 ad55 8c30 62ca 62a9 6268 6268 6a68 6a69 6269 6a89 6a89 6268 6248 6a69 6a69 6a69 7289 7289 72a9 7aca 72aa 7aca 8b4b bc4e d4af d48e cc6e c42d bbec b3cc b3ac abcc abcb 9368 8b06 9304 d508 e547 e547 e546 dd27 d507 bc86 ac05 9ba4 8b44 82e3 82e3 9365 9365 9384 9384 9385 8b44 8b44 9385 8b85 8b65 8344 8344 9385 93a4 9384 9384 93a4 93a4 93a4 9384 9384 9b85 9385 9b85 9385 9385 9385 9385 9385 9385 9385 9385 9385 9385 9385 9385 9385 9385 9385 9385 9385 9385 9385 9385 9385 9385 9385 9385 93a5 9385 9385 9384 9384 9ba4 a3e4 b424 c4a5 d526 dd47 e546 e546 e546 e546 dd46 dd46 dd47 d507 b404 9322 ac05 ac05 ac05 c4a7 bc25 cce6 dd47 dd47 c4a6 9bc5 c54d cd8d cdad cdce d5ee d5ee d5ee d5ee d60f d60f de2f de2f de2f de2f de2f de4f de30 de30 de30 de30 d62f d62f de30 d630 d630 d610 d60f de30 de30 de30 d630 d630 d60f d60f d60f d60f d60f c5ce c58e d5ef d60f d60f d60f d60f d60f d60e cdee cdee d5ef d60f d60f cdef cdef cdef cdef cdef bd8e c5ae c5cf cdcf cdcf cdaf c5ae c58f b4ee 838a 7b6a 7b8c 7bac 7bac 83cd 83cd 83cd 83ed 83ed 83ed 8c0e 8c2f 8c4f 840f 630c 7390 7bf1 7bd2 7bd2 83f2 7b90 8bcf 834c 938c ac2e 9bed 93cc bd53 e6d9 eefa e6d9 d616 c594 cdf6 cdb5 b532 b4f2 acd1 a470 9c4f a450 93ad 834c 8b6c 93ad 9bce a3ef a3ef a3ef 9bce 938d 8b6d 8b4c 938d a40f a3ee a3ad bc6f d4f1 e511 dcf1 d4d0 d48f d48f c42e c40e c40e c40e c3ed c3ed bbed bbcd bbcd bbac bbcd bbcd bbcc bbcc bbcc bbac b3ab b38b b38b bbab cc0d cc2d cc2c c42c c40b c40b c40c c40c c40c c3ec bbab bbab c3eb c3ec cc0c cc2c cc4d bbeb b38a bbeb bbec bbcb b38b b38b b38b ab8b b38b b3ab bbcc c40c c40c cc2d cc2c cc4d cc4c cc4c cc4c 
8bae c575 c596 bd96 a4b3 ad14 a4d3 ad13 7bad 734b 62c9 5a68 5a48 5a49 5a29 5a29 5a29 5208 5208 5228 5228 5a28 5a28 5a28 5a29 5a29 5a29 5a08 7aca bc4e cc8e cc8e cc4d c42d bc0d b3cc abcc abab 9b47 ac08 b427 abe5 dd28 e547 e546 dd27 c486 abe4 9ba4 8b24 7ac2 7ae3 8344 8b65 9365 9364 9384 9384 9385 9385 9385 8b64 7ae3 7282 72a3 8303 9385 9384 9384 9b84 9384 9384 9384 9384 9384 9384 9384 9385 9385 9385 9385 9385 9385 9385 9385 9385 9385 9385 9385 9385 9385 9385 9385 9385 9385 9385 9385 9385 9385 9385 9385 9385 9384 9384 9385 9385 9b84 9385 9384 9b84 9bc4 b425 ccc6 dd27 e547 e546 e546 dd46 dd46 dd46 dd46 dd47 ccc7 ac05 a3c5 9b84 c4a7 b425 cce6 dd47 dd47 cce7 9ba4 bcec c56d c56d c58d c58d c5ad cdce cdce cdce cdce cdce cdee cdee cdee cdee cdee d5ef d5ef d5ef d5ef cdee cdcf cdce cdae c58e cdae cdcf cdcf cdcf d5ef cdcf cdce c5ce cdcf cdef cdef ce0f c58e bd6d d5ef d60f d60f d610 d610 d60f d60f d60f d610 d610 d610 cdef cdef cdef cdef cdef c5ef b54d bdae c5ef cdcf cdcf c5cf c5af c5af bd8f a48d 7b8a 736a 7b8c 7bac 83ad 83cd 83cd 83cd 83ed 83ed 83ee 8c0e 8c2e 8c2f 736d 630d 7390 7bd1 73b1 73b1 7bb1 83af 8bae 832b 7b0a 7aea 7b2a 8bed c5d5 e6d9 e6d9 de77 d637 de78 d657 cdf5 c5b4 c573 c553 c553 c533 bcf2 b4b1 b470 ac6f bcb1 c4d2 c4f2 bcb1 b470 ac4f a40f 93ad 93ad 9bad ac0e ccd1 d511 dd11 e4f1 dcd0 dcd0 d48f d48f cc4e c40e c40e c3ed c3ed c40e c40e c3ed bbed bbcd bbcd bbcd bbed bbec bbcc b3ac b38b b36b b38b bbab c40c cc2d cc2c c40c c40c c40c c40c c40c c40c c3ec c3cc c3cc c3cb c3eb c40c cc0c cc2c c40c b38a b3ab bbec bbec b3ab b3ab b38b b3ab bbcc bbec c3ec cc2d c40d cc0d cc0c cc2c cc2c cc2c cc2c 
9c0f c595 cdb6 bd75 9431 b555 ad34 9c92 9c91 942f 8bee 734b 7b2c 7b2c 7b0b 7aec 7aeb 72eb 72ca 6aca 72ca 6aca 72ca 72ca 6aaa 6269 5a29 5a28 8b0b bc4e c46e c46d c44d bc0d b3ec abcc abab 92e7 b3e7 d509 bc45 bc45 dd48 dd47 d527 bc85 a3c4 9364 8303 72a2 7b04 8b65 8344 7ae3 7ae3 7b03 8b64 9384 9384 9384 9384 8b64 8323 8b44 8b65 9385 9385 9385 9384 9384 9384 9384 9384 9384 9384 9384 9384 9384 9385 9385 9385 9385 9385 9385 9385 9385 9384 9384 9384 9384 93a5 9385 9385 9385 9385 9385 9385 9385 9385 9385 9385 9385 9385 9385 9385 9385 9384 9385 9385 9385 9ba4 9ba4 a3e4 bc65 dd27 e547 e547 dd46 dd46 e546 e546 dd46 dd47 d507 bc66 9343 ac26 a3c4 ccc6 e547 dd46 d527 a3e5 8ba7 9c2a 9c4a 942a 942a a48a accb aceb b4cb b4cc accb accb accb accb accb b4ec c56d c58e c58e bd6d bd2c b50c accc a48b a48c a4ab accc b4ed accc b4ec b50c b50c b50c b52c bd4d bd4d b52c a4ca ad0b bd4d bd4d b50c b50c b4ec b4ec b4ec b4ec b4ed b4ed b4ed accc accc aced b4ed b52e b54e ad0d bd8f c5af c5cf c5d0 c5d0 c5b0 c5af c590 b550 946d 736a 734b 736c 7b8d 7bad 7bad 83ad 83cd 83ce 83ce 83ee 840e 8c2f 83ef 630c 630c 736f 7390 7390 7bb1 83d1 8baf 93ce 832b 72c9 7b2a 93cc acd1 de77 eed9 eed9 e6d9 e6d9 e6d8 e6b7 e677 e656 e656 e636 e636 e615 e5f5 dd93 d573 d553 d553 d552 d532 ccf1 c4d1 bc90 ac2f a3ee a3ee ac0e d4f1 dcf1 dd11 dcf1 dcf0 dcd0 d4af d48f cc4f c42e c40e c3ed bbed c40e c40e c3ed c3ed bbed bbcd bbcd bbcd bbcc bbcc b3ac b38b b38b b38b bbcc c40d cc0d cc2d c40c c40c c40c c40c c40c c40c c3ec c3ec c3ec c3ec cbec cc0c cc0c cc0c c40c b38a ab8a b3cb b3cb b3ab b3ab b38b b3ab bbec c40d c40c cc0c cc2d cc0c cc0c cc2c cc2c c40b cc2c 
a42f cdb6 cdd7 c596 a4b2 bd96 c5d7 a4b3 a4f3 ad53 a4f2 8c2e 8bad 93cd 8b8d 93ad 93ce 93ad 938d 938d 938d 938d 938d 938c 8b6c 832b 72ea 7aeb 9bac bc6e c48e c46e bc4d bc0c abcc a3ab 9308 8284 cca9 dd49 bc45 c485 dd47 d507 bc65 a3c4 9364 7ae3 72a3 8345 8325 72c3 72c3 7ae3 8345 8b65 8b44 9384 9384 9384 9384 9384 9384 9384 9385 9385 9385 9385 9385 9384 9385 9385 9384 9385 9385 9385 9385 9385 9385 9365 8b65 8b65 8b65 8b65 8b65 8b65 8b65 9385 8b85 8b85 8b85 9385 9385 9385 9385 9385 9385 9385 9385 9385 9385 9385 9385 9385 9385 9385 9385 9385 9385 9385 9385 9384 93a4 9ba3 bc45 ccc7 d527 dd47 dd46 e546 e546 e546 e546 dd47 dd28 ccc7 abc5 9b83 cce7 dd47 dd46 dd27 b466 8b66 9c4a 9c2a 940a 8be9 9c6b a4ab acab acab acab ac8b ac8b ac8b a48b a48a a46a accb b50c b50c b50c b50c b4ec accc acac acac acab b4ec bd2d b50d bd2d bd2d bd2d bd2c bd4c bd4d b52c aceb accb b52c bd4c b52c b50c b4ec acec accc a48b a46b a46b a44b 9c4b 942a 940a 9c2a 9c2b 9c6b 9c8b a4cc acec ad0d ad0d accd aced a48c a4ad acee a4ce 9c6e 7b8b 62ea 62ca 6aeb 6b0b 6b2c 6b2c 734c 736d 7b8d 738d 7b8d 7bae 7bae 6b0c 5a8a 6b2d 7390 7bb1 83d3 83d2 7b2e 9bef 9bee 8b4a 938c ac4e b4d0 c593 e698 eed9 eef9 eef9 eed8 e6d7 e6b7 ee97 ee76 ee56 ee56 ee35 ee35 e5f4 e5b4 e5b4 e593 dd93 dd93 dd93 dd73 ccf2 b44f abee ac0e b40e d4d1 dcf1 dcf1 dcf1 dcf1 dcd0 d4af d48f cc6f cc2e c40e c3ed c3ed c40e c40e c3ed bbed bbed bbed bbcd bbcd bbcc bbac b3ab b3ab b3ac bbcc bbcc c3ec c40c c40c c40c c40c c3ec c3ec bbeb bbeb c3ec c3ec c3ec c3ec c3eb c3eb c3ec cc0c c40c b38a ab69 b3aa b3ab b3ab b3ab b38b b38b bbec c40d c40c c40c cc0c cc0c cc0c cc0c cc0c c40b cc2c 
ac50 d5b6 d5d7 d5d7 c596 cdd7 cdf7 c5d6 bd96 bdb6 ad13 944f 8bcd 7b4b 72e9 93ac ac2e a3ed a3cc a3cc a3cd a3ad a3ad a3ac 9b8b 8b6b 8b4b 8b4b ac0d c4af c48e c46e bc4d b40c abcb 9308 a387 ab86 d4e8 dd27 ccc6 cce6 cce7 b425 9ba4 9364 8304 7ae4 8b46 72c3 72c3 8324 8b65 8b85 8324 7ac3 7ac2 9384 9384 9385 9385 9384 93a4 9384 9385 93a5 9385 9385 9384 9385 9385 9385 9385 9386 8b66 8b45 8325 7ae5 6aa4 6264 5203 49c3 49a2 59c2 6a64 7a84 82c5 82e5 72a4 6a84 72c5 8346 8b66 8b86 9386 9385 9385 9385 9385 9b85 9b85 9385 9385 9385 9385 9385 9385 9385 9385 9385 9385 9384 9384 9384 9b83 a3c4 b425 c4a6 dd47 dd47 dd47 e546 e546 e547 e547 dd47 d507 b425 b425 d507 dd47 dd47 ccc7 9bc6 bd0c b4ec acec acec b50c b52c bd2c bd4c bd2c bd0c bd0c bd2c bd2c bd2c bd2c bd2c bd2c bd4c bd4c bd4c bd4c bd4c bd4d bd4d c56d c56d c56d c56d c56d bd6d c56d c56d c56d c56d c56d c58e c58e c58e c58d c58d c56d c56d c58e c58e c58e c58e cdaf c5af c5af c5af c5af cdaf cdaf c5af c5cf cdcf cdef cdef cdf0 cdd0 c5d0 b50e b54f c5d1 c590 bd90 ad30 8bed 6aea 6b0b 6b0b 6b2c 734c 734c 734c 734c 6b0b 6b0b 6b2b 62cb 5aaa 528a 5acb 7390 7bf2 83f3 83f3 83d1 8bcf a450 ac4e b44e bc6e bcaf b4af cd93 e6b7 e6d8 eed9 eed8 eed8 e6b7 eeb7 ee96 ee76 ee56 ee35 ee35 ee15 e5d4 e5b4 e5b4 e593 e593 e593 dd93 d512 bc70 b42f b42f b42e ccb0 d4f1 dcf1 dcf1 dcf1 dcd0 d4b0 d48f cc6f cc4e c40e bbed bbed bbed bbed bbed bbed bbed bbed bbcd bbcc bbac b3ac b3ac bbac bbcc bbcc bbec bbec c3ec c3ec c40c c3ec c3ec c3ec bbcb bbeb bbcb c3ec c3cb c3cb c3cb c3cb c3eb c3ec c40c b3aa ab49 ab6a b3ab b3ab b3ab b3ab b38b bbab bbcc c3ec bbec c3ec cc0c c3ec cbec cc0c cc2c cc2c 
b490 ddb6 ddd7 d5d7 cdd7 cdf7 d5f7 cdf7 c5d7 bd96 a4d2 9c91 734c 62a8 72e9 a40d c4f0 cccf c48f c48e c46e bc4e b42e abed a3cc 9b8b 936b 936b b44e ccaf cc8e c46d bc2d abeb 9307 a3a7 c4c8 c486 dd27 dd46 dd27 cce7 ac25 9ba4 9385 8b24 7ae4 8346 72c3 72a2 8b65 9385 8b65 8303 7ac2 8324 9365 9385 9385 9385 9385 9384 93a4 93a4 9ba5 9b85 9385 9385 9385 9385 8b86 8366 7b26 6285 5203 4182 3942 3102 20a1 1880 1060 1040 2080 6205 a3ab abcb abeb 9baa 5a05 2080 20c0 2921 4183 5a24 72c5 8346 8b66 9385 9385 9385 9385 9385 93a5 93a5 9385 9385 9385 9385 9385 9385 9385 9385 9385 93a5 9384 9384 9b84 9bc3 b445 bc85 cce6 dd27 dd47 e546 e546 e546 e526 dd06 bc45 b404 d507 dd47 d527 9ba4 ac89 b50b bd2b bd2b aca9 b4ea bd2b bd4c bd4c bd4c bd4c bd2c bd4c bd4c bd4c bd4c bd2c bd4c bd4c bd4c bd4c bd4c bd4c bd4c c56c c56c c56d c54d c56d bd6d c56d bd6d bd4d bd6d c56d c58d c58d c58d c5ae c58d c58d c58d cdae cdce cdce cdce cdee cdee cdee cdee ce0f d60f d60f d60f d60f d62f de30 de50 de51 de51 de51 c5b0 cdf1 de72 de72 d652 d632 c5d2 8c2d 736c 736c 7b8d 83ce 83cd 83ce 83ce 83ae 7bae 83ce 7bad 738d 7bae 6b2d 6b4f 7bf2 7c14 7bf4 8413 9431 93ce a42e bc6e bc6d bc8d bc8e b4cf cdb3 e6b8 e6d9 eed8 eed8 eed8 eeb7 eeb6 ee96 ee76 e655 ee35 ee15 e5f4 e5d4 e5d4 e5b3 e593 e593 dd92 d532 c4b0 bc70 b42f bc6f bc6f d511 dcf1 dcf1 dcf1 dcd0 d4b0 d48f d46f cc4f c40e c3ed bbcd bbcd bbcd bbcd bbcd bbcd bbcd bbcd bbcd bbac bbac b3ac bbac bbcc bbcc bbcc bbcc c3cc c3ec c3ec c3ec bbec bbcc bbcb bbcb bbcb bbcb bbcb bbcb c3cb c3cb c3eb c3ec c3ec bbcb ab6a a349 b3ab bbab b3ab b3ab b38b b38b b38b b3ab b3ab bbcb c3ec bbcc c3ec c40d cc2d cc2d 
bcd1 ddd6 ddf7 ddf7 d5f7 d5f7 d5f7 d5f7 cdf7 bd96 a4d3 9451 62ca 6aea 6ac9 9bed cd10 d4f0 d4d0 ccaf cc8f c46e bc4e b42d b40d a3cc 9b8c a3ac bc8f cccf ccae c46e bc4d a3aa 9b26 cce9 dd48 dd46 e546 dd47 c4a5 ac04 9ba4 9b84 9365 8b65 8b65 8b45 7ae3 8b65 8b85 8344 7ae3 7ae3 8b44 9385 9385 9385 9385 9385 93a5 9384 93a4 9384 9385 9385 9385 9385 8b66 7b25 6aa5 49e3 3141 18a0 1880 20e2 3964 18a1 0840 0840 0840 1860 49a4 9b8b b40c bc0c bc2c a3cb 3943 1040 0840 0840 0840 1880 20e1 3982 5224 6ac5 8346 9385 9385 9385 9385 9385 9385 9385 9385 9385 9385 9385 9385 9385 9385 9385 9385 9385 9385 9384 9ba4 9ba4 abe4 c486 d507 dd47 e527 e526 e546 e546 dd27 bc44 bc23 d506 d527 a3e5 ac69 c54c c56c bd4c b52b bd2b bd4b c54c c56c c56c c56c c56c bd4c bd4c bd4c bd4c bd4c bd4c bd4c bd4c bd4c bd4c bd4c bd4c c56c c56c c56c c54c c54d c56d c56d bd4c bd4c bd4d c56d c58d c5ad cdae cdae cdce cdae cdce d5ef d5ef d60f d60f d60f d62f de30 de50 de50 de50 de50 de50 de71 de71 de70 de71 de71 de71 de72 d611 d632 de92 de92 de72 de73 d653 bd91 8c0d 7b8c 7bad 83ee 83ee 83ee 83ee 83ee 83ee 83ee 8c0f 8c2f 8c50 8c30 736f 73d1 7c13 7bd3 7391 7bb0 838e 8b8c ac2e bc6d bc6d bc6d bcae b4cf cdd4 e6d9 eed8 eed8 eed8 eeb7 eeb6 ee96 ee76 e655 e655 ee35 ee15 edf4 edf4 e5b4 e5b3 e593 e593 dd53 ccf1 c490 b42f bc6f bc4f d511 dd11 dcf1 dcf1 dcd0 d4b0 d48f cc6f cc4f c40e c3ed bbcd bbcd bbcd bbcd bbcd bbcd bbcd bbcd bbcd bbcd bbcc bbcc bbac bbcc bbcc bbcc bbcc bbab c3cc c3ec c3ec bbcb bbab bbab bbab bbab bbab bbab bbab c3cb c3cb c3cb c3cb c3cb c3eb b3ab a349 b3ab b3ab b3ab b3ab b38b b38b b38b b38b ab8a b38b b3ab b3ab bbcb c3ec c40c c40c 
cd13 e5f6 e617 ddf7 de17 d617 d617 d617 cdf7 c5b7 bd56 9c92 62eb 7b8d 93ed a42e c4f0 ccf0 d4f0 cc8f c46e bc4e bc4d b42d ac0d a38c 9b8c a3ed c4b0 ccd0 c4af c48f bc4d 9b67 c488 dd48 dd46 e546 dd27 c4a6 a3e3 9b84 9384 9365 8b45 8b65 9385 8b85 8b85 8b85 8344 72c3 7b04 8b65 8b85 9384 9385 9385 9385 9384 9384 9384 9384 9385 9385 8b85 8366 72e5 5a24 3941 20a0 1060 0840 1040 20c2 5228 3985 0861 0840 0040 0840 3123 832a b40c bc0c bc0c bc0c 934a 20a1 0840 0820 0020 0040 0840 0840 0840 1080 2901 49c2 72c5 8b46 9386 9385 9385 9385 9385 9385 9385 9385 9385 93a5 93a5 93a5 93a4 93a4 9385 9385 9384 9b84 9b84 9b84 a3a4 bc65 d507 e527 e527 e526 e546 dd46 dd26 bc43 bc24 cd08 a425 a448 c58d cdad cdad c5ad bd6c bd4b cdad cdad cdcd cdce cdce cdad c5ad c58d cdad c58d c58d c58d c56c bd4c bd4c bd4c bd4c c56d c56c c56d c54d c56d c56d bd6c bd4c bd6d c56d c58d cdae cdce cdce cdce d5ef d5ef d60f d60f d60f d62f de30 de50 de50 de50 de50 de70 de71 e671 e671 e691 e691 e671 e671 e671 de91 de92 d631 de52 e692 de92 de72 de73 d673 ce12 b530 8c0d 7bad 83ce 83ce 83ee 83ee 8bef 83ef 83ef 8c0f 8c2f 944f 8c50 83f0 738f 7bd1 7bd2 7370 736f 7b4e 834c 93ac ac4d bc6d bc4d bc6d bc8e bcf0 de36 eed8 eed8 eed8 eeb7 eeb7 ee96 ee76 e655 e635 ee35 ee35 ee14 e5f4 e5d4 e5b3 e5b3 e5b3 dd73 d512 c4b1 b44f bc4f bc6f ccd0 dd11 e511 dcf1 dcd0 d4b0 d48f cc6f cc4f c40e bbed bbed bbed bbcd bbcd bbcd bbcd bbcd bbcd bbcd bbcd bbcc bbcc bbcc bbcc bbcc bbcc bbab bbab bbab c3ec c3ec bbab bbab bbab bbab bbcb bbcb bbcb bbab c3ab c3ab bbcb bbcb bbab c3cb bbcb a349 a36a b3ac b3ab b3ab b38b b38b b38b b38b b36a b38a b38a b38b bbab bbcb c3eb c40c 
d553 ee17 ee37 ee37 e637 e638 de38 de18 cdd7 bd76 a493 9cb3 9451 9c71 b512 b4af b46e bcae c4af c48e bc8e bc6d bc4d b42d abec 9b8c 9b8d a3ee ac2f 9bcd 938c 936b 8b28 abe7 dd29 dd47 e546 dd27 c4a6 a3c3 9b84 9384 8b44 7ae3 7ac3 8b44 9385 9385 9385 9385 8b64 8b65 9385 8b85 9385 93a4 93a4 9384 9384 9384 9384 9385 9385 8b85 8366 6ac5 49c3 28e1 1060 0840 0840 0820 0840 28c1 6268 6aa9 1881 0840 0040 0820 20a1 72a8 ac0c bc0c bc2c bc0c b40c 7267 1860 0840 0820 0040 0040 0040 0040 0040 0840 1040 3943 7ae8 82c6 7ae5 8b65 8b85 8ba5 9385 9385 9385 9385 93a5 93a5 93a5 93a5 93a5 93a4 93a4 9384 9384 9b84 9b85 9b84 9b84 a383 bc45 d508 dd27 e546 e546 e546 e546 dd27 b424 ac25 a447 9c28 c58d c58d c5ad c5ad c58c c58c cdad cdcd cdcd cdce cdce d5ee d5ee d5ef d60f d60f d60f d5ee d5ee cdce cdce cdce cdae cdce cdce cdce c5ad cdce cdce cdce cdce cdce cdce cdce cdee cdce cdae cdae cdee d60f d5ee d5ee d60f d60f d60f d60f d60f d62f d62f d630 de30 de50 de70 de70 de70 de70 de70 de71 de71 de71 d610 de51 e692 de92 de92 de92 de73 d652 ce13 ad10 83ac 7bad 83ce 83ee 83ee 83ef 8bef 8bef 8bef 8c2f 944f 944f 8c50 73af 6b6f 7390 7390 734f 734e 6b0c 834b 93ab ac4d bc4d bc6d bc6d bc8f bcf1 e657 eed9 eed8 eeb7 eeb7 ee97 ee96 ee56 ee56 ee35 ee35 ee15 e5f4 e5d4 e5d3 e5d3 e5b3 e593 dd53 ccd1 bc90 b42f bc4f c46f dd11 e511 e4f1 dcf0 dcb0 d490 d46f cc4f c40e bbed bbed bbed bbcd bbcd bbcd bbcc bbcd bbcd bbcd bbcd bbcc bbcc bbac bbac bbcc bbcc bbcc bbab bbcb c3ec c3cc bbcc bbcb bbab bbab bbab bbcb bbcb bbab bbab bbab bbab bbab bbab bbab bbcb ab6a 9b09 ab8b b3ac b3ab b38b b38b b38b b38b b38a ab6a ab6a b38a b38b bbab bbcb c3ec 
dd74 ee37 f638 f658 ee78 ee58 e658 de38 d5f7 c596 9c72 9c92 a4d4 9c71 b4d1 c511 b46e a44c ac6d ac2d ac4d bc6e bc4d b42d abec 9b8c 934c 8b4c 7aca 6269 5a27 5a05 8b46 cce9 dd47 dd47 dd47 c4a6 a3c3 9384 9384 8323 72a2 8303 8b65 8b85 8b64 8344 8b85 9385 9385 9385 9385 9385 9385 9385 9384 9385 9385 9385 9385 8b86 8365 6ac4 49a3 20c1 1060 0840 0820 0821 0820 0840 28e1 6aa8 8b6b 49a5 1040 0820 0840 1860 5a26 a3ec bc0c bc0c bc2b bc0c abec 51c5 1061 0841 0840 0840 0040 0040 0040 0820 1040 3103 832a ac0c abeb 8b28 59e3 6284 7b45 8b85 9385 9385 9385 93a4 9385 9385 9385 9385 9385 9385 9384 9384 9384 9b85 9b85 9b85 9b84 a3c4 b425 bc86 d4e6 dd27 dd47 e546 dd47 d507 abe5 9385 a46a c58e c58e c5ae c5ad cdce cdad cdad cdad cdad cdcd cdce cdce cdce cdce cdee d5ee d5ee cdee cdce d5ee d5ef cdce cdef d5ef cdef cdee cdef d60f d60f d5ef d5ef cdcf cdcf cdef cdef cdef cdcf cdef d60f d60f d62f d62f d630 de30 de50 de50 de50 de50 de50 de50 de70 e671 e691 e691 e671 e671 e671 e691 e692 de71 cdf0 de51 e692 e692 de92 de92 de93 d672 ce53 c5f2 946e 7bac 7bad 83ee 83ef 83ef 83ef 8c0f 8c0f 8c30 9450 9470 9470 840f 6b2d 6b4e 7390 7370 734f 6b2d 6aca 730a 938b ac2d b44d bc4d bc6e bc8f c552 e697 eed8 eeb8 eeb7 ee97 ee97 ee76 ee76 ee56 ee35 e615 e5f4 e5f4 e5d4 e5d3 e5b3 e5b3 dd73 ccf1 c490 b450 bc70 c490 d4f1 e511 e4f1 dcf1 dcd0 d4af cc6f cc4e c40e c3ee c3ee c3ee bbed bbcd bbcd bbcd bbcd bbcc bbcd bbcd bbcc bbcc bbcc bbac bbcc bbcc c3ec c3ec bbec c3ec bbcc bbab bbcb bbab bbab bbab bbcb bbab bbab bbab bbab bbab bbab bbab c3ab c3cc bbab 9b09 a34a b3ac b3ab b3ab b3ab b38b b38b b38b ab6a ab6a b36a b38a b38a bbab c3ec 
dd94 f637 f637 f658 ee78 ee78 ee78 e658 d5f7 cdb6 b535 ad14 9cb3 a4b2 acb0 c4f0 c4af b46d 9bcb 8349 9bcb b46e b44d b40d a3ec 9bac 938c 9bad 8b8c 834b 7ae9 72c6 bc89 dd48 e546 dd47 cce6 a3e4 9384 8b64 7ae3 72c2 8b44 8b85 8b85 7b24 72c3 8324 9385 9385 9385 9385 9385 9385 9384 9384 9384 9385 9385 8b85 8b86 72e5 49e2 28e0 1060 0840 0040 0821 0820 0821 0840 20c2 6aa7 a3ec 8309 28c1 0820 0040 0840 3923 9b8c b42c bc0c bc0b bc0b bc0c a3cb 4143 1040 0841 0041 0021 0820 0020 0020 0820 2081 6a67 ac0c bc0c bc2c abcb 59c4 28c0 49a2 6ac5 8366 8b85 9385 9384 9385 9385 9385 9385 9385 9385 9384 9384 9384 9384 9385 9384 9384 93a4 9b84 9ba3 abe4 c4a6 dd27 e547 e547 dd47 ccc8 82e3 9be9 b4ec b4ec b4ec b50c b52d b52c bd2c bd4d bd6d c56d c56e c56e c56d bd4d bd4d bd4d bd4d bd4d bd4d c56e bd4e bd4e bd6e bd6e bd6e c58f c5ae cdae cdef d5ef cdef cdcf cdef cdf0 cdf0 cdf0 cdf0 cdf0 cdf0 ce10 d610 d610 d611 d631 d631 de51 de51 de52 de51 de71 de71 de71 de72 de72 de71 de71 de72 de72 de72 de72 c5af d631 de72 de92 de92 de92 de92 d672 d652 ce32 b591 8c0c 7bad 83ce 83ef 83ef 83ef 840f 8c0f 8c0f 8c30 9450 9470 8c50 7bcf 632d 6b6f 736f 6b4f 734e 6b0c 6aeb 730a 938b ac2e b44d bc6d bc6e bcaf cdb3 e6b7 eed8 e6b7 e6b7 e697 ee96 ee76 ee76 ee55 e635 e614 e5f4 e5f4 edf3 e5d3 e5b3 dd93 d532 c4b1 b470 b450 bc90 d4d1 dd11 dcf1 dcf1 dcd0 d48f cc4e c42e c42e c40e c40e c3ee bbed bbcd bbcd bbcd bbcd bbcd bbcd bbcd bbcc bbcc bbcc bbcc bbac bbcb c3cc c3ec c3ec c3cc bbcb bbab bbcb bbcb bbab bbab bbab bbab bbab bb8b bb8b bb8b bb8b bb8b c3ab c3cc bbcc b36a ab4a b3ab b3ab b3ab b3ab b3ab b38b b38b ab6a ab6a ab6a b38a b38a b38a bbcb 
ddb5 ee37 f637 f657 f678 f678 ee78 e658 d5f7 cdb6 c5b7 c5d7 b556 acf3 ac90 cccf cccf c4cf 9beb 7ae8 8349 ac2d b44d b42d ac0c a3ec ac2d b46e b46e b46e 938a a3e8 d529 e547 e547 d4e7 b425 9ba4 9364 72c2 72a2 8365 8b85 8b65 7b03 72a2 8344 9385 9385 9385 9385 9385 9385 9385 9384 9384 9384 9385 9385 8345 6264 3121 1080 0840 0840 0041 0020 0020 0821 0820 2081 6247 abec abec 6a26 1860 0820 0840 20a1 7268 b40d bc2c bc2b bc0b bc0b bc2c 936a 28c2 0820 0021 0021 0821 0820 0040 0040 0840 4143 9b8b bc0c bc0b bc0c b40c 7266 1860 1860 2902 5a24 7b46 8b85 8b85 9385 9385 9385 9385 9385 9385 9385 9384 9384 9384 9384 9384 9384 93a4 9384 93a4 9ba4 a3e4 c4a7 dd27 dd47 dd46 dd47 a3e5 8b46 a46b a48c a48c acac b4ed b50d b4ed b50d bd2d bd4d bd4e bd4e b50d b4ec acab ac8b acac acac a48b acab acac a46b 9c4b 93ea 942a a46b a48b acab accb b50d bd2d bd2d b52d b52d b50d acec accc acec acec accc accc acec b4ed bd2e bd4e bd6f bd6f bd6f bd6f bd8f bd8f c58f c590 c590 c5b0 c5d1 ce11 d631 d631 ce10 c5af d610 d651 de72 de92 de92 de72 de92 d672 ce32 ce12 a4ef 83ad 83ae 83ce 83ef 83ef 83ef 840f 840f 840f 8c30 8c50 9470 8c50 736d 630d 6b4e 6b4f 6b2e 6b2e 62ec 6aeb 7b0a 9bcc ac2d b44d bc6d bc8e bcf0 d5d4 eeb7 e6b7 e6b7 ee97 ee97 ee96 ee76 ee56 ee35 e635 e614 e5f4 edf3 edd3 e5d3 e5b3 dd52 c4d1 b490 ac0e b42f ccb0 dd11 dcf1 dcf1 dcd0 d48f c42e c40e c42e c40e c40e c40e c3ed bbcd bbcd bbcd bbcd bbcc bbcd bbcd bbcd bbcc bbcc bbcc bbac bbab bbcc c3cc c3cc bbcc bbac bbab bbac bbab b3ab b38b b38b b3ab bb8b bb8b bb8b bb8b bb8b bb8b c3cb c3cc c3cc c3cc b36a ab8b b3cb b3ab b3ab b38b b38b b38b ab6a ab6a ab6a ab6a b38a b3aa bbeb 
e5f6 ee17 f637 f657 f658 f678 f679 ee79 d5f7 cdd7 d618 d638 c5f8 acf4 ac90 ccf0 cccf ccef bcae 9bcb 7b08 93cb b46e bc6e bc6e bc6d cccf dd50 d550 cd10 9347 c4a8 dd47 dd47 cce6 ac04 9ba4 9384 7ae3 72c2 8365 8b85 8b45 72a3 72c3 8b65 8b85 9384 9384 9385 9385 9384 9385 9385 9385 9385 9385 8b66 6ac5 4162 1880 1040 0820 0820 0040 0040 0020 0020 0820 2081 5a06 a3ab bc0c a3ab 4964 1040 0820 1060 51c5 abcc bc0d c42c bc2b bc0b bc0b bc0c 8b09 2081 0820 0020 0041 0021 0820 0040 0020 2081 7288 b3ec bc0c bc0c bc0c bc0c 8b29 20a1 0820 0840 1880 41a2 6ae5 8367 9386 9385 9385 9385 9385 9385 9385 9385 9385 9385 9384 9384 9384 93a4 93a4 9384 9384 9384 9bc4 ac04 cce6 dd47 dd46 cd07 9bc5 ac6a c56e bd4e c58e c5ae c58e cdae cdae cdae cdae cdae cdce cdae c5ad c58d c56d c56d c56d c56d c56d c56d bd4d b50c 8bc8 acab bd2d bd2d bd4d bd4d c56d c56d c58d c5ae c5ae c5ae c5ae c5ae c5af c5af c5ae c5af cdaf cdaf cdcf cdcf cdaf c58f bd6e b54e b54d b52d b52d b50d aced aced b52e bd6f c58f c5af c5cf cdf0 cdf0 c5af d631 de92 de92 de92 de72 d651 ce11 ce32 bd71 8c2d 734c 736d 7bae 7bae 7bce 7bce 7bce 7bce 7bce 7bce 83ef 83ef 7bae 5acb 5acc 6b2e 6b0e 6b2d 6b0d 6aec 7b2b 7b2a 9bac ac0d b44d bc6d bc6e bccf de14 e6b7 e6b7 ee97 ee97 ee76 ee76 ee56 ee35 ee35 ee34 e614 edf3 edf3 e5d3 e5b3 e593 ccf1 b470 a3cd a3ee bc4f d4f1 dcf0 dcd0 dcb0 d48f c42e c40d c40d c40d c3ed bbed bbcd bbcd bbcd bbac bbac bbac bbac bbcd bbcd bbcd bbcc bbcc bbac bbac bbac bbcc c3cc c3cc bbac bbab bb8b b38b b38b b36b b38b b38b b38b bb8b bb8b bbab bbab bbab c3ab bbab c3ab c3ab b38b ab6a b3cb b3cb b3ab b38b b38b ab8a ab6a ab6a ab6a ab6a ab6a b38a bbcb 
ee16 ee37 f617 f658 f678 f678 f679 ee79 e658 de38 de38 d638 cdf8 ad14 ac90 ccf0 d4f0 d510 ccef ac2d 7b08 838b a44e b46e bc8e c4ae d50f dd50 dd50 c48c 9b65 d508 dd47 d506 ac24 9ba3 9385 8b85 72a2 8344 8b85 8b85 7ae3 7ac3 8b65 8b85 9384 9384 9384 9385 9385 9385 9385 9385 9385 8b86 8366 5a43 2901 1060 0820 0020 0020 0040 0040 0040 0040 0040 1061 51c5 9b8b b42c bc0c 932a 30e2 0820 0840 3102 8b2a bc0d c40c c42c c42b c40b c40b bc0c 82e8 1860 0820 0020 0041 0040 0020 0020 1020 4984 a38c bc0c bc0c bc0c bc2b bc0b a3aa 3923 1040 0840 0840 1060 3122 6a86 8b66 9385 9385 9385 9385 9385 9385 9385 9385 9385 9385 9385 9385 93a4 9385 9384 9384 9384 9384 9ba4 b445 d507 dd27 d547 cce7 9bc5 ac69 a4aa bd4c bd6c c56c c56c c56c c56c c56c c56c c58c c58c c58d c58c c56d c56d c56d c56c c56c c56d c58d bd4c acaa bd4d c56d c56d c56d c58d c58d cdcd cdcd cdee cdee cdee d60f d62f d630 de30 de50 de50 de51 de71 de71 e671 e671 de71 de71 de71 de51 de51 de51 de51 de52 de52 de72 de71 de71 de71 de71 de72 de72 de72 de92 de92 de92 de92 de92 d651 ce10 d652 c5f1 b530 83cd 734c 738d 738d 738d 736d 734c 736c 736d 6b4c 738d 738d 736d 632c 52ab 62ed 630d 630d 6b4e 6b2d 732c 7b2b 7b0a 938c ac0d bc6e bc6e bc8e bccf de35 e6b6 eeb6 ee96 ee76 ee76 ee56 ee35 ee35 e634 e614 ee14 edf3 edd3 e5d3 e5b3 cd11 b46f a3ee a3cd b40e d4d1 dcf1 dcf0 dcd0 d4af cc6f c40d bbed bbcd bbcd bbcd bbcd bbcd bbcd bbcd bbac bbac bbac bbcc bbcc bbcd bbcc bbcc bbcc bbac bb8b bbac bbac c3cc bbcc bb8b bb8b b38b b38b b38b b38b b36b b36a bb6a bb8b bb8b bbab bbab bbab bbab c3ab c3cc bbcc ab6b b3ab b3cc b3ab ab8b ab6a ab6a ab6a ab6a ab6a ab6a ab8a b38a b3ab 
ee16 f657 f637 f658 f678 f678 f698 ee99 e658 de38 de38 d638 cdf8 ad14 ac91 ccf1 d510 dd50 d510 ac2d 72e9 7b6c 940f 9c0e b48f c4cf d50f d530 ccee abc8 bc47 dd48 dd27 bc85 9bc3 9ba4 9385 8b44 7ae3 8b85 8ba5 8b64 72a3 8b45 9385 9385 9384 9384 9384 9384 9384 9384 9384 9385 8b86 7305 49e2 20c0 1040 0020 0020 0020 0021 0040 0040 0040 0040 0861 3924 8b4b b40d bc2c bc0c 82a8 2081 0840 1881 6267 abec bc2d bc0c c40c c42b c40b c40b bc0c 7ac8 1860 0820 0020 0040 0040 0020 0820 1881 7ac9 b40c bc0b bc0b bc0b c42b c40b b3eb 59c5 1840 0840 0840 0840 1040 3102 6aa5 8b66 93a5 9385 9385 9385 9385 9385 9385 9385 9385 9385 9385 9385 9385 93a4 93a4 9384 93a4 93a4 9ba4 b445 d507 dd47 dd48 bc87 9385 a469 bd4c bd6c c54c c56c c56c c56c c56c c56c c56c c56c c58c c58c c56c c56c c56c c56c c56c c56c c58c bd4c b4eb c56d c58c c58d cdad cdad cdad cdcd cdee d60e d60e d60e d60f d62f d62f de50 de50 de50 de50 de71 e671 e671 e671 e671 e671 e691 e670 de71 de71 de71 e692 e692 e691 e691 e691 e691 de91 e692 e692 e692 e692 de92 de92 de92 de92 de72 de72 d672 d652 ce12 b530 83cc 7bad 7bce 83ce 83ce 83ce 83ef 7bef 7bae 840f 8c50 8c30 8c30 6b4d 5acc 630d 630e 6b2e 6b6e 6b2d 6aeb 72ea 7b0a 938c ac2e bc6e bc6e b46d c530 e655 ee96 ee96 ee96 ee76 ee55 ee55 ee35 e614 ee14 ee14 ee14 edf4 edd3 e5b4 dd52 bc90 ac0e 9bad ac0e ccb0 dcf1 dcd0 dcd0 d4b0 d48f cc4f c40e c3ed bbed bbcd bbcd bbcd bbcd bbcd bbcd bbac b3ac b3ac bbcc bbcd bbcd bbac b3ac b38b b38b bb8c bbac c3ed c3ec bbac bbac bbab b38b b3ab b38b b36a b36a b36a b38a bb8b bbab bbab bbab bbab bbab c3cc c3ec b3ab ab6a b3ab b3ab ab8b ab8a ab6a b38a b38a ab6a b38a b38b b38b b3ab 
ee58 f678 f658 f678 f678 f698 f698 ee99 ddf7 cdd6 de38 d638 ce18 ad34 a470 cd11 d530 dd30 ccef ac4e 732b 7baf 9473 8bef 9c2e a44d b46d c4ef bc8d 9b66 d4e9 dd48 d4e6 abe4 9383 9384 9385 8324 8344 8b85 93a5 8323 7ae3 9385 9385 9384 9384 9384 9384 9384 9384 9384 8b85 8366 6ac5 3982 1880 0840 0821 0020 0020 0020 0040 0040 0040 0820 0840 28e2 7ae9 ac0d bc2d bc0c b40c 6a27 1861 1040 3144 8b8c b40d bc0c bc2c c40b c42b c40b bc0b b40c 7aa7 1840 0820 0040 0040 0020 0820 0840 3943 a3ab bc0c bc0b c40b c40b c40b c40b bc0c 7287 2081 0820 0840 0840 0840 1040 3142 72e7 8b86 93a5 9385 9385 9385 9384 9385 9385 9385 9385 9385 9385 9385 93a4 9384 9384 9385 9384 9384 9ba3 b444 d527 dd47 d528 b446 93a6 c54c c56d c56c c56c c56c c56c c56c c56c c56c c56c c56c c56c c56c c56c c56c c56c c56c c56c c56c bd4b b4ea c56c c58c c58c c58d c58c c58c c58c c5ad cdcd cdcd cdcd cdce d5ee d60f d62f d62f de2f de2f de2f de4f de50 de50 de70 e670 e670 e670 e670 e690 e690 e691 e691 e691 e691 e691 e691 de91 e691 e692 e692 e692 e692 e692 e692 e692 de92 de72 de72 d672 d652 cdf2 9cae 7bac 7bad 83ce 83ee 83ef 840f 83ef 7bce 83ef 8c30 8c50 9471 8410 62ec 630d 630e 630e 6b4f 734e 62cb 6aca 72ea 7aea 938c ac2e bc6e bc6e b44d d572 ee76 ee96 ee96 ee76 ee76 ee55 ee55 ee34 ee34 ee14 ee14 edf4 edf4 e5b4 e593 ccf1 b42f 9bad a3ee c4b0 d4f1 d4d0 d4d0 d4b1 d490 cc70 c44f c42e bc0e bbee bbed bbed b3cd b3cd bbcd b3ad b3ac b3ac b3ac bbcc bbcc b3ac b38b b38b b3ac b38c bbac bbcc bbcc b3ac b3ac b3ac b38b b38c b38b b36a b36a b36a b38a bbaa bbab bbab bbab c3ab c3ab c3cb c3cc bbcc a36a ab8b ab8b b38b b38a b38a b38a b38a ab6a b38a b38b b38b b38b 
ee78 f698 f698 f698 f698 f678 f698 e678 c574 c575 d5f7 cdd7 ce18 ad34 9c50 cd31 d530 d4ef c48e ac2e 9410 9454 94b6 9474 738d 62c9 7b29 bccf ac2b a3c7 d529 d527 bc65 9ba4 9384 9385 9385 9364 8b65 9385 9385 8b64 9364 9385 9384 9384 9384 9384 9384 9384 9384 9385 8366 6285 28e1 1040 0840 0841 0821 0020 0020 0040 0040 0020 0041 0821 2081 6a88 abed bc2c bc0c bc0c abcc 51a5 1040 1060 41a4 8309 a3ab bc2c bc2c c40b c40b bc0b c40b b40c 7a87 1840 0820 0020 0040 0040 0840 1860 6a67 b40c bc0b c40b c40b c40b c40b c40b bc2c 8b08 30c1 1020 0820 0841 0041 0840 1060 41a3 7b26 8b85 9385 9385 9384 93a4 9384 9385 9385 9385 9385 9385 9385 9385 9384 9384 9384 9384 93a4 9384 9ba3 bc86 dd28 dd47 d528 a3c5 b4a9 cd8d cdad cdad cdad c58c c58c c56c c56c c56c c56c c56c c56c c56c c56c c56c c56c c56c bd6c bd2b b4ea c56c c56b c56c c58c c58c c58c c58c c58c c56c c58c c58c c58c c58d c58d c5ad cdcd cdee d5ee d5ee d5ee d60e d60f de2f de2f de2f de2f de4f de4f de70 de70 de70 de70 de70 de70 de70 de71 de71 de71 de72 de72 de71 de72 e692 de72 de72 de72 de72 d671 d651 ce31 c5d1 944d 7b8c 7bad 83ce 83ef 840f 840f 7bce 83ef 8c0f 8c30 9471 8c50 7bae 62ed 6b4f 632f 632f 6b6f 6b2d 62eb 730b 72ea 7b0a 938c ac2d bc6e b44d ac4d cd92 e696 ee96 ee96 ee76 ee75 ee55 ee35 ee35 ee34 ee34 ee14 edf3 e5b3 e593 dd73 c4b1 abcd 9b8d 9bad a3ad 9b8d 9b8d a38d 9b6d 9b4d 9b4c 934c 932c 930b 930b 930b 930b 930c 932c 9b2c 9b2c 9b4c 9b4c 9b4c a36c a36c a36c a36c a36c a36c a36c a36c a38c a38c a38c ab8c ab8c ab8c ab8c ab6b a36a ab6a ab6b ab8b b3ab b3ac bbac bbac bbcc bbcc bbcc bbcc ab8b ab6a b38b b38b b38b b38a b38a b38b b38b b38a b38b b38b ab6a 
ee78 f699 f699 f699 f698 f698 ee98 d5f6 b4d2 de17 de18 d5f7 d638 bd75 a450 ccf0 d50f d4ce c48d b42e a492 9cb6 9cb7 94b5 6b4e 5aa9 62a8 9c2d 9bc9 ac28 dd29 cce7 abe4 9b84 9385 9385 9385 9385 9385 9385 9385 9385 9385 9385 9385 9384 9384 9384 9384 9385 9385 8b66 6a85 2901 0840 0820 0040 0820 0820 0821 0821 0820 0040 0040 0821 1061 51e5 9bcc bc0c c40c bc0c b3ec 934a 3922 1040 20e1 6ac8 7b08 82c6 abca bc2c c42b c40b c40b bc0c b40c 7287 1840 0820 0020 0040 0040 0840 30e2 8b4a bc0c bc0b c40b c40b c40b c40b c40b bc2b 936a 38e2 1040 0820 0821 0840 0840 0840 1880 5203 8367 9385 9385 9385 9385 9385 9384 9385 9385 9385 9385 9385 9385 9385 9385 9385 93a4 9384 9384 9b84 a3c4 c4a6 dd27 dd27 bc86 ac26 cdad d5ce d5ee d5ee d5ee d5ce d5cd d5cd cdcd cdcd cdcd cdcd cdcd cdad cdad cd8c cd8c c58c bd2b bd2b cdad c5ac c5ac cdad c5ac cdad cdad cdad c58c c58c c5ad c5ad c5ad c58c c5ad cdad cdcd cdcd cdcd cdcd cdcd d5ee d5ee d5ee d5ee d5ee cdee ce0e ce0e d60f d60f d5ee cdee d60e d60f d60f d60f d630 d630 d630 d610 d630 d651 d631 d630 d630 d630 ce10 ce10 cdf0 c5d0 b52f 8c0c 7bac 7bad 83ce 83ef 83ef 7bce 83ef 840f 840f 8c50 9470 8c50 6b4d 632e 7390 6b70 6b4f 736e 6b2d 6b0b 730b 7b0a 832a 9bcc b44e bc6e b46d ac6e d5d3 ee76 ee96 ee96 ee76 ee75 ee55 ee55 ee55 ee34 ee14 edf3 edd3 e5b3 e593 d532 bc4f a3ee 9b8d 728a 6a6a 6a6a 726a 726a 726a 6a4a 6a4a 6a4a 6a4a 6a4a 6a4a 6229 6a29 6a4a 6a4a 6a49 6a49 6a29 6229 6a49 6a6a 6a6a 6a69 7269 7269 7269 726a 726a 728a 7a8a 7aaa 82aa 82aa 82aa 7aaa 82aa 82ca 8aea 8aea 930b 932b a34c a34c a36c a36c a34b a36c a38b a34a ab8b b38b b38b b36b ab6a b38b b38a ab6a ab6a ab6a ab6a 
f699 f6b9 f6b9 f6b9 f699 ee99 ee99 d5d6 a450 d5f7 e679 e638 de59 cdd7 ac90 c4f0 d4ef ccae c46d b44f a492 ad37 9cf8 9cd6 6b4f 5aaa 62c9 8bab 8b88 b448 d528 bc66 a3a4 9b85 9b85 9b85 9b85 9385 9385 9385 9385 9385 9385 9385 9385 9385 9385 9385 93a5 93a5 9385 7b05 41a3 1060 0820 0040 0040 0020 0820 0821 0821 0821 0020 0020 0820 3923 8b4a b40c bc0c bc0c abaa 8b08 6a66 28e1 1060 3984 8349 8b69 82e7 8b07 bc2c bc2c c42b c40c bc0c b40c 7287 1840 0820 0020 0040 0040 1040 51e5 abec bc2c bc0b c40b c40b c40b c40b c42b bc2b a3ab 4143 1040 0840 0840 0820 0820 0820 0840 28e1 6aa6 8b66 9385 9385 9385 9385 9384 9385 9385 9385 9385 9385 9385 9385 9385 9385 9385 9385 9385 9385 9b84 ac05 ccc7 dd27 d507 a405 c54b d5ee d5ee d5ee d5ee d5ee d5ee d5ee d5ee d5ee d5ee d5cd d5cd d5ee d5cd cdcd d5cd cdcd bd2b bd4c cdee cded cdcd cdcd cdcd cdcd cded cded cdcd cdcd cdcd cdcd cdcd cdcd cdcd cdcd d5ee d5ee d5ee d5ee d5ee d5ee d5ee cdee cdee cdee cdee cdee d5ee d5ee d5ee d5ee d60e d60f d60f d60f d60f d62f d630 de30 d630 d630 d630 d630 d630 d610 d610 ce10 cdf0 cdf0 c5d0 bdb0 acee 83eb 83ac 83ce 7bee 83ef 7bce 83ef 83ef 83ef 8c0f 8c50 9470 8410 6b2d 7370 7391 7390 738f 738f 6b2d 730b 7b4c 7b0a 8b2a 9bcc b44e bc6e b44e b48e d5d3 ee96 ee96 ee76 ee76 ee76 ee55 ee55 ee34 ee14 edf3 edd3 e5b3 e5b3 dd73 c4d1 b44f ac0e 8b4c 830c 82eb 82eb 82ec 82ec 7acb 72ab 728b 728b 7aab 7aab 728b 728a 728a 726a 6a6a 6a49 6a49 6a29 6a49 6a49 6a49 6a69 6a49 6a49 6a49 6a49 6249 6249 6249 6249 6229 6248 6248 6248 6248 6228 6a48 6a48 6a49 6a49 6a69 6a49 6a69 6a28 6208 6a28 7268 82a9 9b4b ab8c b38b b36b ab6a b38a ab6a ab6a ab4a ab4a ab4a 
f6b9 f6ba f6ba f6b9 f6b9 f699 ee99 cd95 9c30 d5f6 ee99 ee99 ee9a d638 b4d1 ccf0 d4ef ccae c46d b46f a492 b579 ad5a ad39 8c74 736f 8bee 93ec 8306 b488 d528 abe4 9b84 9385 9b85 9b85 9385 9385 9385 9385 9385 9385 9385 9385 9385 9385 9385 9385 93a5 93a5 8b85 6aa4 3962 0840 0020 0040 0040 0020 0820 0820 0841 0821 0020 0820 1861 6aa8 ac0c bc2c b3cb 9328 7a85 82e7 7ae8 28e1 18a1 5a67 8b8a 9369 8b48 82c6 ac0b bc4c c44c c44c c44d bc4d 7aa8 1840 0820 0020 0020 0820 20a1 7ae9 b42c bc0b c40b bc0b c40b c40b c40b c40b bc2b abec 51a4 1020 0840 0840 0820 0820 0820 0820 1060 3942 7b06 9386 9385 9385 9b85 9385 9384 9384 9385 9385 9385 9385 9385 9385 9385 9385 9385 9385 9385 9b84 9ba4 b425 d507 dd47 b466 ac47 d5cd d60f d60f d60e d5ee d5ee d5ee d5ee d5ee d5ee cdcd d5cd d5ee d5ee d5ed d5ee d5ce bd0b c56c d5ee d5ee cded cdcd cdcd cdcd cdee d5ee d5ee d5ee d5ee d5ee d5ee d5ee d5ee d5ee d60f de0f de2f de2f de2f de2f d62f d60e d60e d60e d60f d62f d62f d60e d60f d62f de2f de50 de4f de30 de50 de50 de50 de70 de71 de71 de70 de50 de50 de30 d630 d631 d610 ce10 cdf0 cdf0 c5b0 a4ce 83cc 7bad 83ce 83ee 7bce 83ee 8bef 83ef 840f 8c4f 9470 9471 7baf 6b0e 7370 7390 73b0 738f 738e 6b0c 7b4c 836c 7aea 830a a3ac b44e b44e ac2d bccf e655 ee96 ee96 ee96 ee75 ee55 ee55 ee34 ee14 edf3 edf3 edd3 e5b3 e593 dd73 ccf1 bc6f b42f ac0f ac0f abef abef a3ce a3ae 9b8e 9b6d 9b6d 9b8d 9b8d 9b6d 934c 932c 8b0b 8aeb 8aeb 8b0b 8aeb 8aeb 8aeb 8b0b 8b0b 82ca 82ca 82ca 82ca 7aca 7aaa 7aaa 7aaa 7aaa 7aa9 7aa9 7aaa 7aaa 7a8a 7269 6a69 6a69 6a69 6a49 6229 6229 5a08 59c7 59c8 59e8 7248 8ac9 ab6b b38c b38b b38b b38a ab6a ab4a ab4a ab49 a329 
f6ba f6ba f6ba f6b9 f6b9 f699 ee99 bd13 a450 d5d6 ee99 f6ba eeba de58 bcf2 c4d0 cccf ccae bc6d ac4e a492 bd99 b59a ad59 ad37 9c93 940f ac4e 9367 c4c9 cce7 a3a4 9b84 9385 9384 9385 9385 9385 9385 9385 9385 9385 9385 9385 9385 9384 9385 9385 93a5 9385 8b66 5a64 20a0 0820 0040 0020 0020 0020 0820 0841 0861 0820 0840 1040 4164 9bab ac0b a389 8ae7 82c6 7ac6 9bca 93ec 3922 3963 93cc ac6d b46d ac4c 9b89 ccef e5b2 e5b2 e5b2 e5b2 e592 a40d 20a1 0820 0020 0020 1040 3943 9bab b42c bc0b bc0b bc0c bc0c c40b c40b c40b bc2b b40c 6206 1040 0040 0040 0820 0820 0820 0821 0840 1060 49c3 8346 9386 9385 9385 9385 9385 9385 9385 9385 9385 9385 9385 9385 9385 9385 9385 9385 9385 9385 9b84 9ba4 c466 dd48 d528 ac25 bcca d5cf d5ef d5ef d5ef d5ef d5ef d5ef de0f d5ef d5ce d5ce d5ee d5ee d5ee d60f d60f cdce d5ef d60f d5ee d60e d5ee cdce d5ce d5ce d5ee d5ee cdee cdee cdee cdee cdcd cdcd cdcd d5ce d5ee d5ef d60e d60e d60e d5ef d60f de0f de2f de2f de4f de2f de2f de2f de2f de2f de2f d62f d62f d62f de30 de50 de50 de50 de70 de70 de50 de50 d650 d650 d631 d631 d610 ce10 ce11 ce11 c5d1 a4ae 83cc 83cd 83ee 83ce 83ee 83ef 83ef 840f 8c2f 8c50 8c50 8c30 6b2d 6b2d 738f 738f 73b0 7bb0 738e 6b0c 838d 8b8d 7aea 830a 9b8c ac0e b44e ac6e c572 ee96 eeb6 eeb6 ee96 ee75 ee55 ee55 ee34 ee14 ee14 edf4 edf4 edd4 edb4 e593 dd52 d511 d4f1 d4d1 ccb0 cc90 c44f bc2f bc0e bbee bbee bbee bbee b3cd ab8c ab6c a34b a32b a34c a34c a32b a34c a34c a34b 9b2b 9b2b 9b2b 9b2b 9b2b 9b0a 930a 930a 9b2b 9b2b 9b4b 9b4b 9b4b 9b4c 930b 8aea 8b0b 8b0b 8aea 82ca 82ca 82aa 7a89 7a89 82aa 82aa 82ca 8aea 9b2b ab6c b38b b38b b36b ab4a ab4a ab4a ab4a ab4a 
f6b9 f6d9 f6ba f6b9 f6b9 f6b9 ee78 bcd2 9bee cd95 f699 f6ba eeda e679 bcf2 c4d0 cccf cc8e bc6d ac0d a471 bd99 bd9a bdba bdda ad36 9c50 ac4d a3c8 cd09 c4a6 9ba4 9b84 9385 9384 9384 9384 9385 9385 9385 9385 9385 9385 9385 9384 9384 9385 9385 9385 8b66 6a84 3121 0840 0020 0021 0020 0020 0020 0821 0841 1061 0821 0840 20a2 72c9 9baa 9327 9b68 ac2a b48c 93a8 a40b a46d 4183 6267 b4af bcce b46c a40b b48d e5d2 ee13 ee13 ee13 ee13 ee13 bccf 3102 0820 0020 0840 1060 6247 ac0c bc2c bc0b c42b c40c c40b c40b c40b c40b c40b b40c 6a26 1840 0840 0040 0020 0020 0020 0820 0840 0840 20e0 6a85 8b67 9385 9384 9385 9385 9385 9385 9385 9385 9385 9385 9385 9385 9385 9385 9385 9385 9385 9384 9ba4 ac05 d507 dd48 ccc7 9b84 ac6a ac6a ac8a b4ab bccc bcec bcec bcec bcec bcec b4cb bceb bd0c cd6d cd8e cd8e cd8e cd8e cd8e cd8e cd8e cd8e c58e c56e c56d c58e c58e c58f c56e c58e c58e c58e c56d c56d cd8e cdaf cdaf cdce d5cf d5cf d5ce d5ee d5ef d60f de0f d60f d60f d60f d60f d60f d60f d60f d60f d62f d60f d60f d62f de2f de50 de70 de70 de50 de50 de50 d650 d630 d610 cdf0 cdf0 ce10 cdf0 c5d0 bd6f 8c0c 7bac 83ae 83ce 83ee 83ee 83ee 840f 8c0f 8c2f 8c2f 8c50 7bcf 632d 6b4e 738f 7390 73b0 73b0 6b4e 730c 838d 834b 7b0a 7aea 8b2b 9bed ac8f d614 eeb7 eeb7 eeb7 ee96 ee76 ee75 ee75 ee55 ee35 ee35 ee14 ee14 edf4 edd4 e593 e573 e572 e532 dd11 dcf1 dcf1 dcf1 d4b0 d46f d46f cc4f cc2f cc2e cc2e c3ee c3cd bbcd bbad bbcd bbcd bbcd bbcd bbcd b3ac b38c ab8c ab8b ab6b ab6b a36b a36b a34b a36b ab6b ab8b ab8b ab8c ab6c a32b 92ea 9b2b 9b4b 9b2b 930a 92ea 92ea 8ac9 92ea 92ea 930a 9b2a 9b2a 9b2b ab4b b38b b38b ab6b a34a a32a a329 ab4a b38b 
f699 f6d9 f6ba f6b9 f6b9 f699 ee37 b491 9bce cd53 f699 f6ba eeda e699 bd12 c4af c4ae c46e c44d ac2e a471 bd98 c5bb c5fb c61b b577 a450 a3cb ac08 cd09 b445 9ba4 9385 9385 9384 9384 9384 9384 9385 9385 9385 9385 9385 9385 9385 9385 9385 9385 8b65 6a85 3121 1060 0820 0821 0021 0020 0020 0020 0841 1061 1061 0821 0840 4165 72e9 8307 a3c9 bc8b cd2d d56f b46b 9bca ac6e 51c4 7309 ac6e a42c ac6c cd50 e5f3 ee13 ee33 ee13 ee13 ee33 ee33 cd51 4184 0840 0840 0840 18a1 93ec c510 c48d c44c bc2b c42b c40b c40b c40b c40b c40b bc0c 7267 1860 0820 0820 0020 0020 0020 0820 0840 0840 1060 4183 7b27 8b86 93a5 93a5 9385 9385 9385 9385 9385 9385 9385 9385 9385 9385 9385 9385 9384 9384 9384 9384 9ba4 bc66 d527 d508 9b84 9bc8 ac2a ac2a ac2b ac2b ac2b ac2b ac2b ac4b ac4b b46b b48c bccc c4ed c50d bccc b4ac b48b b48c b48c b4ac b4ac bcad bccd bccd b4ad a44c 940b 8baa 9c4c a46d ac8d ac6d ac8d c50f bcef b4cd b4ad bccd bced bd0e bd0d bd0d bd0d c52e c54e c54e c56e cd6e cdaf cdaf cdaf d5cf d5ef d5ef d5ef d60f d60f de30 de30 de30 de50 de50 de50 de50 de50 d630 d610 cdf0 cdf0 cdf0 c5f0 c5b0 a4ce 83cc 7b8c 7b8d 83ee 83ef 83ef 83ef 840f 840f 8c2f 8c50 8c50 7bce 632d 6b4e 738f 7390 7390 7390 732e 6aeb 838d 7b2b 72ca 7288 7aea bd12 e697 eeb7 eeb7 eeb7 eeb6 ee96 ee96 ee75 ee75 ee55 ee55 ee35 ee14 ee14 edf4 edd3 edb3 e592 e552 e531 dd11 dcf1 dcf1 dcd0 dcaf d48f d46f d46f cc4f cc2e cc2e cc0e c40e c3ee c3ee c3ee c3cd bbcd bbac bbac b3ac b38c b38c bb8c b38c b38c b38c b38c b38c bb8c bbac bbab bbac b38c b38c a32b ab6b ab6c ab6b ab6b a34b a34a a32a a32a 9b0a a32a ab6b ab8c ab8c ab8b ab8b ab6b ab6a a32a a329 a329 a34a b38b 
d5b5 f6b9 f6b9 f6b9 f6b9 f699 e617 b450 a3ee c512 f699 f6ba eeda e6b9 c533 bc8f c46e c44d bc4d b42e a471 c5b8 c5db cdfc c61b bdb8 a471 9b8a ac29 bca8 a3c4 9ba5 9385 9385 9384 9384 9384 9384 9384 9385 9385 9385 9385 9385 9385 9385 9385 8b85 6ac5 3101 1040 0840 0820 0820 0040 0020 0020 0020 0840 1081 1061 0840 1881 49c6 6246 8348 bccc d56d dd8e d58f ac6c 93a9 a44e 51c4 6a87 9bec cd71 e5f3 e613 ee13 ee33 ee33 ee33 ee33 ee33 ee33 d5b2 5a47 1040 0820 0840 3143 bd11 e613 e5d2 dd50 ccad c42c c42b c42b c40c c40c bc0b b40c 7a87 2060 0820 0820 0820 0020 0020 0820 0040 0040 0820 2080 5a65 8b87 93a5 9385 9385 9385 9385 9385 9385 9385 9385 9385 9385 9385 9385 9385 9385 9385 9384 9384 9ba4 a3c3 bc65 d507 bc66 9366 b46c bc8d bcae c4ae c4ae c4ae c4ce c4ce c4ce c4ce c4ce c4ce ccee ccee c4ce c4ae c4ae c4ce ccef ccef cd0f cd0f cd10 d530 c4f0 9bec 8b6b 7b0a 9bed bcd0 bcaf b46e b48e bcaf bc8f b46e b46d b46d bcae c4ef c510 c510 c4f0 c4ef c4cf bcce bcad b48c ac6b ac4b b48c bccd bced c50d c52d c54d c56e cd8e cdaf cdd0 d5f0 de11 de31 d630 d611 d631 de31 d631 d631 d610 ce10 cdf1 c5b1 9cae 7b8c 734c 83cf 83ef 83ef 83ef 8c0f 840f 840f 8c30 8c50 8c51 7bcf 630d 6b6e 738f 7390 7bb1 7bb0 6b2e 7b6d 8b8d 834b 7aea 72a9 a470 e677 eeb7 eeb7 eed7 eeb6 ee96 ee96 ee76 ee75 ee75 ee55 ee55 ee34 ee14 ee13 edf3 edd3 ed92 e572 e551 dd11 dd10 e510 dcf0 dcd0 dcaf d46f d46f d44f cc2f cc2e cc2e cc0e cc0e cc0e c3ee c3ed bbcd bbac b38c b38c b38c b38c bbac bb8c b38c bb8c bb8c bb8c bbac bbac bbab bb8b bb8c bb8c ab2b ab4b b38c b38c b3ac b3ac b38b ab6b ab6b ab6b ab8b ab8b b38b b38c b38c ab6b ab6a ab4a a32a a329 a309 a329 b38b 
ac2f e617 f6b9 f6b9 f6b9 ee99 d575 a3ee a3ee cd13 f679 f6ba eeda eeb9 c553 bc6f bc4d c42d bc2d b42d a450 c598 ce1b ce1c c61b bd99 a471 9b8a b469 ac46 9ba4 93a4 9384 9384 9384 9384 9384 9384 9385 9384 9385 9385 93a4 93a5 9385 9385 8b66 6263 3101 1040 0820 0040 0820 0820 0040 0040 0020 0820 0840 18c2 1081 0840 3123 6ac8 8349 8347 cd4e d58e c50c a40a 8b68 93aa 93ab 6246 ac4e ddd3 e613 ee13 ee33 ee13 ee34 ee33 ee33 ee33 ee33 ee33 de14 8b8b 1881 0820 0820 41a4 c572 e634 ee13 ee13 edd2 dd50 ccae c44c c42c c40c bc0b b40c 7ac8 2081 0820 0020 0020 0020 0020 0820 0020 0040 0820 1040 3122 7307 9386 9385 9385 9385 93a5 9385 9385 9385 9385 9385 9385 9385 9385 9385 9385 9385 9385 9384 9384 9b84 a3c3 c4a6 cce8 9365 b44c bc8d bc8e c48e c48e c4ae c4ae ccae ccae ccae cccf ccae c4ae c48e c48e bc6d bc6d bc4d bc4d bc6d c4ae ccef d4ef d510 cd10 ac2e 93ad 832b 8b4b b46f bc8f b44e b44e b44e b44d b44d b44e b46e bc8e c4af c4d0 cd11 d531 d531 d531 cd10 cd30 cd0f c4ee c4ce c4ce c4ce c4ee c4ee bccd b4ad b48c ac8c ac8c ac8c b4ad bcee bd2e bd0e b4cd b4cd b50e d611 ce11 cdf0 c58f c5b0 c5d1 b571 8c2e 734c 83ae 83cf 83cf 83ef 83ef 83ef 83ef 840f 8c30 8c30 8410 6b4d 632d 736f 7390 7390 7bb0 7b90 6b2d 8bad 9bed 9bcc 834a 93cd de16 eed7 eed7 eed7 eed7 eeb7 ee96 ee96 ee76 ee75 f675 f655 f654 ee34 ee14 edf4 edd3 edb3 ed72 e572 e531 e531 e511 e4f0 dcd0 dcaf d46f d46f d470 d44f cc2f cc0e cc0e cc0e c40e c3ed c3ed bbcc bbac b38b b38b b38b bb8c bbac bbac bb8b bb8b b36b b38b bb8c bbac bb8b bb8b bb8c bbac b36b ab0a b36b b38b b38b b38b b38b b38b b38b b38b b38b b38b b3ac b3ac b38b ab6b ab6b ab4a a34a a34a ab4a ab6a b38b 
934b b470 e617 f6b9 f6b9 ee78 cd33 a3ad a3cd c4f2 f678 f6b9 f6da eeb9 cd54 b46f bc4e c42d bc2d bc2d ac50 c5b8 ce1b ce1c c61b c5b9 a472 9bca bc89 a3e5 93a4 9384 9384 9384 9384 9384 9384 9384 9384 9384 9385 9385 93a5 9385 9385 8346 5a44 28c0 1040 0820 0020 0041 0020 0820 0020 0020 0020 0820 1041 2944 18a1 18a0 5a46 8baa ac6c 8b88 ac6b a42a 93a9 9389 93aa ac2c bcef b48e d592 e614 ee13 ee33 ee33 ee14 ee34 ee33 ee33 ee33 ee33 ee33 e613 b4b0 2902 0820 0820 4a06 cdb3 e634 ee13 ee13 ee13 ee13 edd2 dd2f c46d c42c bc2c b40c 82e9 2081 0820 0020 0020 0020 0020 0020 0820 0040 0040 0840 1880 5225 8b87 9385 93a5 9384 93a5 9385 9385 9385 9385 9385 9385 9385 9385 9385 9385 9385 9385 9384 9385 9b84 9ba4 b425 d528 a3e6 ac0a bc8d bc8e c48e c48e c48e c4ae c4ae c4ae ccae cccf c48e c46e bc6d bc6d bc4d bc2d bc2d bc2c bc2c bc4d c48e c4ae cccf ccf0 bc8f 9bcd 8b6c 7b0a a3cd b44f b44e b42d b42d b42d b42d b42d b42d b42d b42d b42d bc8e c48f c4af c4af c4d0 ccf0 ccef ccef cccf ccef ccf0 cd10 cd10 cd10 c50f c510 c50f c50f bcef bcee bcee c52f c550 c550 bd0f a44c b50f b52f b54e b52e b52e b54f ad2f 9c8e 736b 732c 734d 734d 734d 736d 736d 736d 734c 734d 734d 734d 6b4d 5aeb 6b2d 736f 7390 7bb0 7bb0 7b8e 7b2c 9bcd ac2e ac0d a40d c532 ee97 eed7 eef7 eed7 f6d7 f6b7 eeb6 ee96 ee95 f675 f675 f654 f634 ee34 f614 f5f3 edb3 ed92 ed72 e531 e531 e511 e4f0 dcd0 dcaf dc8f d46f d46f d46f d44f cc2f cc0e c40e c40d c3ed bbcc bbcc bbac b38b b38b bb8b bb8c bb8c bb8c bb8c bb8c b36b b36b b38b b38b b38b b36b bb8c bbac bb8c ab2a ab6b b38b b38b b38b b38b b38b b38b b38b ab6b b38b bbac b3ac b38b ab8b ab6b ab4a ab6a ab6b b38b b38b bbab 
930a 9b4b bc90 ee37 f698 ee78 c513 a3cd abed c4d1 ee78 f6b9 f6da eeb9 cd74 b44f bc4e bc2d c42d bc0d ac50 c598 ce1b ce1c ce1c c5da acb2 9beb b468 9ba4 93a4 9384 9384 9384 9384 9384 9384 9384 9384 9384 9385 93a5 9385 9385 8345 5223 20c0 1040 0820 0020 0041 0041 0040 0820 0820 0820 0020 0820 1881 41c6 18a1 3122 836a ac8d b4ad a44b 9bca 9bca a40b ac6d c531 ddf3 e613 e613 ee13 ee14 ee13 ee33 ee33 ee13 ee33 ee33 ee33 ee33 ee33 ee33 ee13 cd72 49e5 1040 1020 5227 d5b3 ee34 ee13 ee13 ee33 ee33 ee13 edf3 dd71 c48d bc2c b40c 8309 28a1 0820 0040 0020 0020 0020 0020 0040 0040 0040 0840 0840 2902 7b27 8b86 9385 9385 9385 9385 9385 9385 9385 9385 9385 9385 9385 9385 9385 9385 9385 9385 9385 9385 9b84 a3c4 cce8 b427 a3a8 bc8d c48e c48e c48e c48e c48e c48e c48e ccae ccaf c48e c46d bc4d bc2d bc4d bc2d bc2d bc2d bc4d bc4d bc2c bc6d c4ae cccf bcaf 9bed 8b8c 7b0a 832a a40d b42d b42d b42d b42c b42d b42d b40d b40d b40d b40d b42d b42d bc4e bc4e bc6e bc6e c4af c4af c4af c4af c4b0 c4d0 c4f0 ccf0 cd10 cd11 cd31 cd31 cd31 cd11 cd11 c530 cd51 d592 d592 bd10 ac8e c5b1 d612 d631 ce11 cdf1 cdf1 c5d1 ad10 83cd 7b8d 7b8e 7b8e 7bae 7bce 7bae 7b8e 7bae 7bae 7bae 7bcf 738d 630b 6b4d 738f 7bb0 7bd0 7bd0 7b6e 836c a40e b44e b44e b46f d5d4 eeb7 f6f7 f6f7 eed7 f6d7 eeb6 eeb6 ee95 f675 f675 f654 ee34 ee34 f614 f614 edd3 edb2 ed92 e551 e531 e510 e4f0 dcf0 dcd0 dc8f d46f d44f d44f d44f d42f cc0e c3ed c3ed c3ed bbcc bbac b38c b38b b38b bb8b bb8c bb8c b38b bb8b bb8b b36b b36b b36b b38b bb8b bb8c c3ac c3ac bb8c b34b ab4a b36b b36b b36b b36b b36b ab6b ab6b ab6b b38b b3ac b38b b38b ab8b ab6b ab4a ab6b b3ab bbab bbab bb8b 
930a 9b2a 9b6b bc90 ee16 ee78 bcf2 a3cd abed b490 e637 f6b9 eeb9 eeb9 d595 b44f bc2e bc2d c42d bc2d a40f bd77 cdfb ce1c ce1c c5da acb3 a3eb ac08 9b84 9384 9384 9384 9b85 9384 9384 9384 9384 9385 9385 9385 9385 8b85 8346 49e3 18a0 0840 0020 0040 0040 0041 0021 0040 0820 0820 0820 0040 0840 2903 5a28 20c1 5a26 a46d bcce ac6c ac4c a40b b48d d5b1 e613 e633 e633 ee33 ee13 ee13 ee13 ee13 ee33 ee33 ee33 ee33 ee33 ee33 ee33 ee33 ee33 ee13 e5f3 7b4a 1881 1040 5a47 d5b3 ee13 ee13 ee13 ee33 ee33 ee13 ee13 ee13 e5b1 c4ad b42c 8308 20a1 0820 0020 0020 0020 0020 0020 0020 0020 0040 0040 0820 1860 6285 8b86 9385 9385 9384 9385 9385 9385 9385 9385 9385 9385 9385 9385 9385 9385 9385 9385 9385 9384 9384 9ba4 bc87 bca8 9b66 b44b bc6d c48e c48e c48e c48e c48e c48e c4ae c48e bc6d bc4d bc4d bc2d bc2d bc2d bc2d bc2d bc2d b40c b40c bc2d bc6d c48e bc8f a3ed 938c 832b 7ac9 938b abed ac0c b40c b40c b40c b40d b40d b40d b3ed b40d b40d b40d b42d bc2d bc2e bc2d bc4e c46e c48f c48f c48f c4af c4cf c4d0 c4d0 ccf0 cd10 cd11 cd10 cd11 cd11 cd10 cd31 cd52 d593 cd92 b4f0 bd50 d632 de51 d630 d630 d631 ce11 cdf2 ad10 8bed 83ae 83cf 83ef 8c30 8c30 8c30 8c30 8c30 8c30 8c50 8c30 738d 630b 738e 73af 7bb0 7bd0 83d0 7b6e 8b6d ac4e b44e ac4e b48f e635 f6d7 f6f7 f6d7 eed7 eeb6 eeb6 ee95 f675 f675 f655 f654 ee34 f614 ee14 edf3 edb3 ed92 e572 e551 e511 e510 e4f0 dcf0 dcb0 d46f d46f d44f d44f cc2f cbee c3cd bbcd bbcd bbac bbac b38c b38c b36b bb8c bb8c b38b b38b bb8b b38b b36b b36b bb8b bbac bbac bbac c3ac c3ac bb8c b36b ab2a ab6b b36b ab6b ab6b ab6b ab4b ab6b ab6b b36b b38b b38b b38b b38b b36b ab6a ab6b b38b bb8b bbab bbab 
9b0a 9b0a 9b2a a36c bc90 ddd5 b490 a3cd ac0e b44f ddd6 ee99 f6b9 f6ba ddf6 bc6f bc2e bc0d c42d bc0d a40f c577 ce1b ce1c ce1c c5ba acb3 9baa 9ba7 9b85 9385 9385 9384 9384 9384 9384 9384 9385 9385 93a4 9384 8b85 7b25 49c3 1880 0820 0020 0020 0020 0040 0020 0020 0040 0020 0820 0020 0040 0840 41a5 6aa9 30e1 836a b4ce b48d ac2c b48d cd71 e613 e633 e634 e634 ee34 ee34 ee13 ee13 ee33 ee13 ee13 ee33 ee33 ee33 ee33 ee33 ee33 ee33 ee33 ee13 ee13 b4b0 3123 1040 6268 d5d3 ee13 ee13 ee33 ee33 ee33 ee33 ee33 ee33 ee13 dd91 bc6d 7ac8 2081 0820 0020 0020 0020 0020 0020 0020 0820 0021 0020 0820 1040 4182 8346 9385 9385 9385 9385 9385 9385 9385 9385 9385 9385 9385 9385 9385 9385 9385 9385 9385 9384 9385 9b84 b446 c4e8 9365 abea b42c b44d bc4d bc6d bc8e c48e c48e c48e bc6e bc2d b40c b40c b40c b40c b40c b40c b40c b40c b3ec b3ec b40c bc2c bc4d c48f bc6e 93ac 834b 7ac9 82ea 9b8c abec abec b3ec b3ec b40d b40d b3ed b3ec b3ec b3ed b40d b40d b42d b42d b42d b40d b42d bc4e c46f c46f c48f c48f c48f c4af c4d0 ccf0 ccf0 ccf0 ccf0 ccf0 c510 c511 cd11 cd32 d573 cd72 acae cdd1 d631 d611 d630 d630 d630 ce31 cdf2 ad10 8bed 83ae 83ef 8c10 8c30 8c30 8c30 8c30 8c30 8c30 8c50 8430 6b4c 632c 736f 7390 73b0 7bb0 83d0 836e 93cd ac4e b44e ac4e bcf0 e655 f6d7 f6d7 f6d7 eeb6 eeb6 eeb5 f695 f675 f675 f655 ee34 ee14 ee14 edf3 edd3 ed93 e572 e552 e531 e511 e511 e4f1 dcd0 dc8f d46f d44f cc4f cc2e c40e c3ed bbcd bbac bbac bbac bbac bbac b38c b38c bb8c b38c b38c bb8c bb8c b38b b36b bb8c bbac bbac bbac bb8c c38c bb8c b36b a32a ab4b b36b b36b ab4b ab4b ab6b ab6b ab6b ab6b ab6b ab6b b36b b38b b36b ab6b ab6b b38b bb8b bbab bbab 
9b0a 9b0a 9b0a a32b a3ac c4b1 b42f abcd b40e b44f d595 f699 f6ba f6ba ddf7 b470 b40d b3ec bbec b3ec a3ee bd76 ce1b ce1c ce1c c5d9 acb3 936a 9366 9385 9385 9385 9385 9385 9384 9385 9385 9385 93a5 93a5 8b85 7b05 3982 1880 0840 0040 0040 0020 0020 0841 0040 0020 0020 0040 0020 0040 0040 1060 5a47 72e9 4162 93ec 9c0c ac4d cd51 e5f3 e633 e633 e633 e634 ee33 ee33 ee34 ee33 ee33 ee33 ee33 ee33 ee33 ee33 ee33 ee33 ee33 ee33 ee33 ee33 ee13 ee13 d592 6a87 2080 6288 d5d4 e614 ee33 ee33 ee33 ee33 ee33 ee13 ee33 ee13 edf3 cd10 72a8 2061 0820 0020 0020 0020 0020 0020 0820 0820 0820 0820 0820 0840 28c1 72c5 8b86 9385 9385 9384 9385 9385 9385 9385 9385 9385 9385 9385 9384 9385 9385 9385 9385 9385 9385 9ba4 ac05 cd08 9b85 a3a9 abeb ac0c b42c b42d bc6d c48e bc6e bc6e bc4d b42c b40c b40c abec abec abeb b3ec b3ec b3ec b40c b40c b40c b40c bc6d c48e c4af a3ed 8b4c 7aea 7289 8b2a a3cc abcc abcc b3cc b3cd b3ed b3ec b3ec b3cc abcc b40d b40d b40d b40d b40d b40d b40d bc2d bc4e c46e c46e c46e c48f c48f c4af c4af ccd0 ccf0 ccd0 ccf0 c4f0 c4f0 c4f1 c4f1 cd32 cd73 bd10 c590 d611 d611 d630 d610 ce0f cdef cdf0 c5b1 a4ae 83cd 83ae 8bef 8c30 8c2f 8c30 8c30 8c30 8c30 8c30 8c30 83ee 630b 6b2d 738f 7390 7bb1 83d1 83d0 7b6d 9bee b46f bcb0 b48f c551 e696 eed7 eed7 eeb6 eeb6 eeb6 f695 f675 f675 f655 f634 ee14 edf3 edf3 edd3 edb3 e592 e572 e551 e531 e531 dd10 dcf0 dcb0 d48f d46f d44f cc2e c40d c3ed bbcc bbac bbac bbac bbac bb8c b38c b36b bb8c bbac bb8c bb8c bb8c bb8c bb6c bb8c bb8c bbac bb8c bb8c c38c bb8c b36c ab2a ab4a b36b ab6b ab4b ab6b ab4b ab4b ab4b ab4a ab4b ab4b ab4b ab6b ab4b ab6b ab6b b38b b38b bb8b bbab 
a32a a32a 9b2a a32a a36b a38c a3ad abee b40e b450 cd75 ee99 f6ba f69a ddd6 ac2f abed b3ec b3ec abcc a3ee bd56 ce1b ce1c ce1b c5da acb3 8b6a 9367 9385 9364 8303 8b64 8b44 8b64 9385 9385 9385 9385 8b85 72c5 4162 1060 0820 0820 0040 0840 0840 0841 0861 0840 0020 0020 0020 0020 0040 0040 18a1 72e9 832a 51e4 8b8a 8b6a d592 ee14 ee34 ee33 ee33 ee33 ee33 ee33 ee33 ee33 ee33 ee33 ee33 ee33 ee33 ee33 ee33 ee33 ee33 ee33 ee33 ee33 ee33 ee13 ee13 e5f3 a42d 3922 6aa8 d5d3 ee14 ee13 ee33 ee13 ee13 ee33 ee33 ee13 ee13 ee13 ddb2 7ae9 1860 0820 0820 0020 0020 0020 0020 0020 0020 0020 0020 0020 0820 1860 5204 8b67 9385 9385 9385 9385 9385 9385 9385 9385 9385 9385 9385 9384 9385 9385 9385 9385 9385 9385 9ba4 a3e5 cd08 a3e6 9368 a3eb ac0c ac0c b42c b42d bc4d bc4d bc4d b42d b42d b40c b40c b3ec abec abec abec abec abec b40c b40d b40c b40d bc4d c46e c4af bc6f 938c 830b 7289 72a9 936b a3ab ab8b ab8c abac b3cc b3ec b3cc abcc abcc b3ec b3ec abcc b3ec b3ed b3ed b40d b40d bc2d bc4e bc4e bc6e bc6e bc6e bc6e bc6e c4af cccf c4d0 c4d0 c4d0 c4d0 c4d0 c4d0 c4f1 cd32 cd92 c570 cdd0 d610 d610 cdef c5ce c5ae c5ae c58f b54f 8c0c 7b8c 83ce 8c0f 8c0f 8c0f 8c0f 8c10 8c30 8c2f 8c2f 8c2f 7bad 630c 6b4d 738f 73b0 7bd1 7bb1 7b6f 836e a430 bcd1 bcd0 b48f cd72 eeb6 f6d7 f6d7 eeb6 f6b6 f695 ee75 f675 f655 f635 ee34 ee14 edf3 edd3 edd3 e5b3 e572 e552 e531 dd11 dd11 e511 e4f1 dcb0 d48f d46f cc4f cc0e c3ee bbcd bbac bbac bb8c b38c b38c b38c b36c b38c bbac bbac bbac b38c b38c b38c b38c b38c bbac bb8c bb8c bb8c bb8c bb8c ab6b ab4a ab6b ab4b ab4b ab6b ab4b ab4a ab2a ab2a ab2a ab2a ab4a ab4a ab4b ab4b ab6b b36b b36b b36a b38b 
a34b a34b a34b a34b a34c 9b4c a3ce abee ac0f a430 c555 ee79 f6ba eeba d5d7 a40f a3ac abcc abcc a3ac a3ce bd56 ce1b ce1c cdfb c5da a4b3 834a 8b47 9386 8323 7ae3 8b65 72a3 8324 8b85 8b64 8344 8b65 6a84 3901 1840 1040 1040 1881 20e1 3963 3164 18a2 0841 0840 0020 0020 0020 0020 0020 0840 28e2 93ac ac4e 8b49 c531 9bec d572 ee14 ee14 ee33 ee33 ee33 ee33 ee33 ee33 ee33 ee33 ee33 ee34 ee33 ee33 ee33 ee33 ee34 ee33 ee33 ee33 ee33 ee33 ee13 ee13 ee13 d592 6a87 72a7 ddd3 ee13 ee33 ee33 ee33 ee33 ee33 ee33 ee33 ee33 ee33 e5f3 834a 1860 0820 0820 0020 0020 0020 0020 0040 0040 0040 0040 0020 0840 0840 3142 7b26 9386 9385 9385 9385 9385 9385 9385 9385 9385 9385 9385 9385 9365 9385 9385 9385 9385 9385 9b84 9ba4 c4c8 a3e7 82e6 936a 93ac 9bab 9bac 93ab 9bac a3cc a3cc a3cc a3cd a3cc a3cc a3cc a3cc 9bac a3ac a3cc abed abed ac0d abed ac0d ac0d b42d bc8e bcaf a40e 832b 72aa 6a68 82ea 9b8b a3ab ab8b abac b3cc b3ec b3cc abcc abcc abcc abab ab8b abac b3cc b3ec b3ec b40c b40d bc2d bc4e bc4e bc4e bc4e bc4e bc4e bc6e c4af ccd0 c4d0 c4d0 c4d0 c4d0 c4d0 c4d0 c4f0 cd31 c551 c54f d5f0 d60f cdef c5ce c5ae c5ae c5ae c58f ad0f 8bcb 83ac 8bef 8c0f 8c0f 8c0f 8c2f 8c30 8c2f 8c2f 8c2e 8c0e 7bad 630c 736e 73b0 7bb1 7bb1 7bb1 7b6f 838f a491 b4d1 bcb0 ac8f d5d3 eeb7 f6d7 f6b6 f6b6 f695 f675 f675 f655 f655 f634 ee14 edf3 edd3 edd3 edb3 e592 e572 e552 dd31 e531 e511 e4f1 dcd1 d490 d46f cc4f cc4f cc0e c3ee bbcd bbad bbac b38c b36c b38c b38c bb8c bbac bbac bbac bbac b38c b38c b38b b38c b3ac bb8c bb8c bb8c bb8c b38c b36b ab4a ab6b ab4b ab4b ab4b ab4b ab4a a32a a30a a30a a30a a32a ab4b ab4b ab4b ab4b b36b b36b b36a b36a 
ab6b ab6b ab6b a36b 92ea 7aaa 7aca 7aca 7aca 7b2c b4f3 e679 eeba ee9a d5d7 9bce 8b2b 934b 934b 8b2b 8b8d b536 cdfa ce1c cdfb c5ba a493 72e9 7ae6 8b86 7b03 8324 8b65 6a82 8324 8b85 8303 72a3 8346 51e2 3101 3922 49a3 5a24 6aa5 72e7 6286 3122 1060 0840 0020 0020 0020 0020 0020 0020 0840 3943 ac6e d592 cd50 e614 b46e ac4d ddd3 ee14 ee13 ee13 ee13 ee33 ee33 ee33 ee33 ee33 ee33 ee34 ee33 ee33 ee33 ee33 ee34 ee33 ee33 ee33 ee33 ee33 ee13 ee13 ee13 e5f3 b48e 8b29 e5d3 ee14 ee33 ee13 ee13 ee13 ee13 ee13 ee34 ee34 e633 ddf3 72e9 1840 0820 0841 0821 0020 0020 0040 0040 0040 0040 0040 0040 0040 0840 18a0 6285 8b86 9385 9385 9385 9385 8b44 8b44 9385 9385 9385 9385 8b65 7ac3 9365 9385 9385 9385 9384 9384 9b84 b466 a407 6a44 6247 6a69 6268 6268 6268 6268 6a69 6a89 72a9 72a9 72ca 72ca 72c9 72c9 72ca 7aea 7aea 7b0a 7b0b 7b0b 7b0b 832b 832b 834b 8b6c 8b8c 8b4c 72aa 6248 5a28 6a88 936b a38b a3ab abcc b3cc b3cc b3cc b3cc abcb abab abab ab8b b3cc b3cc b3cc b3ec b40c b40c b42d bc2e bc4e bc4e bc4e bc2d b42d b42d bc6e c4af c4af c4af c4af c4d0 c4b0 c4af c4af c4f0 c531 b4ce cd8f d5ef d5ef cdef cdce cdce cdce cdcf c5d0 acce 83cc 83ee 8c0f 8c0f 8c2f 8c30 9430 8c2f 8c2f 8c2e 8c0e 8c0f 7bae 630c 738f 7bb0 7bd1 7bb1 7b90 736f 83cf ac91 bcf2 b4b0 b4d0 e635 f6d6 f6d6 f6b6 f6b5 ee95 f675 f675 f655 ee34 ee34 ee14 edf4 e5d4 e5d3 e593 e593 e572 e532 e531 e512 e4f1 dcd1 dcb0 d46f cc4f cc4f cc2e c40e c3ed bbcd bbad bbad b38c b38c b38c b38c bbac bbac b3ac b3ac bbac b38c b38b b38b b38c bb8c bb8c bb8b b3ac b38c b36b ab4b ab4b ab6c ab6b ab4b ab4b a34a a32a a30a a30a a30a a32a a32a a32a ab2a ab4a ab4b ab4a b34a b34a 
abac ab8c ab6c 9b4b 7a68 6a08 6208 5a08 5a28 628a 9c30 de18 ee9a ee99 d5f7 8b8e 6a89 6a68 6a68 6248 6aeb a4d5 c5da c5fb cdfc c5ba 9c53 6268 6aa5 8b86 7b04 8325 8b65 6a83 8325 8b85 7b04 7283 8b86 7b05 6284 7b06 8346 8b66 8367 6ae6 3142 1060 0840 0840 0020 0020 0020 0841 0840 0020 0840 41a5 c531 e613 ee13 e614 ddb3 b46e b48e ddb2 e613 ee13 ee13 ee13 ee33 ee33 ee33 ee33 ee33 ee33 ee33 ee33 ee33 ee33 ee33 ee33 ee33 ee33 ee33 ee33 ee33 ee33 ee13 ee14 ddb3 c510 e613 ee33 ee33 e633 ee33 ee13 ee13 ee13 ee34 ee33 e633 ddd3 6267 1040 0841 1062 0841 0020 0040 0040 0040 0040 0040 0040 0040 0040 0841 1060 49e4 8387 8b85 8b64 8303 8b65 8b45 7ac2 8b45 8b45 7ac3 8b45 8b66 7aa3 8b25 9385 9385 9384 9384 9385 9385 a405 a428 6a64 6267 6248 6248 5a48 5a48 6248 6269 6269 6269 6268 6268 5a48 5a48 5a48 5a28 5a48 5a48 5a48 6248 6269 6269 6269 6269 6269 6269 6269 6269 5a29 5208 5208 5a27 7aea 938c 9b8c a3ab a3cc abcc abcc abcc abab a3ab a3ab abab abcc abcc abcc abcc b3ec b40d b40d b40d bc2d bc4e bc4e bc2d b40d b40d b40d bc6e bc8f bc8f c48f c4af c4af c4af c4af c4d0 c510 bd0f c54f d5d0 d5ef d5ef cdee cdef cdef cdef cdf0 c5b0 944d 83ad 83ee 8c0e 8c2f 9450 9450 9450 9430 8c2f 8c2f 8c2f 8c0f 630c 630d 738f 7bd0 7bd0 7bb0 7b90 7b8f 8bef acb2 b4d1 b490 c531 ee75 f6d6 f6b6 e655 de14 e634 ee35 e614 e5f4 ddd3 ddd4 ddd4 ddb3 dd93 dd73 e573 dd52 dd32 dd11 dcf1 dcd1 d4b1 d490 cc70 cc4f c44f c42e c40e bbee bbcd bbcd bbcd b3ad b3ad b3ad b3ad b3ac b3ac b38c b38c b38c b36c ab6b ab6b b38c b38c b38c b38c b38c ab8c ab6b a34b a34c ab6c ab6b ab6b ab6b a34b a32a a32a a30a a32a a32a a32a a32a a32a a32a a32a ab2a ab2a b34a 
b3ac ab8c ab8c a36c 932b 82ea 7aca 7aca 7aeb 832c 8b8e b4d2 de38 ee99 de58 93ef 72aa 72a9 72a9 6a89 72eb a4d4 bdba c5db c5fb c5ba 9c53 5a27 6265 8b66 7b04 8325 8b65 72a3 8325 8b85 8304 7282 8b86 8324 72c3 8b65 8b85 8b66 72e5 3941 1060 0840 0840 0020 0020 0020 0020 0841 0841 0840 0840 5a67 d593 e613 ee13 ee13 ee13 e5f3 c510 ac4d c4ef ddb2 ee13 ee14 ee13 ee13 ee33 ee13 ee13 ee13 ee33 ee13 ee13 ee33 ee34 ee34 ee34 ee33 ee13 ee13 ee33 ee33 ee33 ee13 ee14 e613 e633 e633 e633 ee33 ee34 ee34 ee33 ee33 ee33 ee33 ee13 d592 5206 1040 18c2 2944 0841 0020 0020 0040 0040 0040 0040 0040 0040 0040 0041 0840 3942 7b47 8b85 8b65 72c2 8344 8b85 7ae3 8304 9386 7ac3 72a3 8b66 7ae4 8304 9385 9385 9384 9384 9385 9384 9bc4 a407 7ae6 7b09 7b0b 7aeb 7b0b 72eb 72eb 7b0b 7aeb 7aeb 72ea 72ca 6aa9 6269 6aa9 6aa9 72ca 72ca 72ca 72aa 72ca 72ea 72ea 72ca 6aa9 6289 6289 6289 6269 5a48 5228 5207 6228 7aca 82ea 82ea 8b2a 934a 9b6b 9b8c 9bac 9bac a3ac a3ac a3cc abcc abcc abcc abec b3ed abec abec b3ed bc2d c46e c46e bc4e b40d b40d b42d bc4e bc6e bc6e bc8f c48f c48f c490 bcb0 c4f0 cd71 c52f c54e cdcf d5ef d5ee d5ef d5ef cdef ce10 cdf1 b530 83cc 83cd 8c0f 8c2f 8c2f 8c30 9430 8c2f 8c2f 8c2f 8c2f 8c2f 7b8d 5acb 6b2d 7390 7bd0 7bd0 7bd1 83d1 7b8f 9430 b4b1 bcd1 bcae cd71 ee95 ee96 de14 d5d4 de15 e615 ddd4 bcd0 ac6f a44f a42e 9bee 9bee a3ee a40e a40e abee abee abce abce a3ae a3ad a38d a36d 9b6c 9b4c 9b4c 9b2c 932b 930b 930b 930b 932b 9b2c 9b2c 9b2c 9b2c 9b2c 9b2c 9b2b 9b0b 930b 930b 9b0b 9b0b 9b0b 9b0b 9b2b 930b 92ea 8aea 9b0b ab6c ab6b ab6b ab6b ab4b a34a a32a a30a a32a a32a a32a a32a a32a a32a a30a ab0a ab2a ab2a 
ab8c ab8c ab6c ab8c ab8c a3ad abcd abce abad a3ad a3cd a3ee bcf2 de37 e679 ac91 8b8c 936c 9b6c 936c 836d a4d4 bdba c5db c5db c5da a4b4 6aca 6a65 8b66 7b04 8324 8b86 72c3 8304 8b85 8344 7282 8b65 8b64 8344 8b85 8b66 6aa5 3921 1040 0820 0840 0820 0020 0820 0840 0040 0861 1061 0840 1061 6ae9 d5d3 e613 ee13 ee13 ee13 e614 e614 ddb2 bcef ac6d b4ae cd71 ddf3 e613 e633 ddb2 dd91 e613 ee34 ee14 ee13 ee13 ee34 ee34 ee34 ee14 ddb2 c4ee e5f3 ee13 ee33 ee33 ee13 ee13 ee34 ee34 ee33 ee33 ee34 ee34 ee34 ee14 ee14 ee13 ee13 c531 4184 1860 5268 5aaa 1061 0820 0021 0040 0040 0040 0040 0040 0040 0040 0041 0840 20c1 72e6 8b86 8b85 7b03 7b03 93a5 8324 72a3 8b66 8b45 6a82 8325 7b04 7aa2 9385 9385 9384 9384 9384 9384 93a4 a406 8306 8b4a 8b4b 8b6c 8b8d 8b6c 8b2c 8b4c 8b4c 936c 8b6c 8b6c 834c 6a89 7b0b 8b6c 93ad 93ad 938d 93ad 9bad 9bce 9bee 9bed 9bcd 93ac 8b6c 8b4c 832b 72ca 6289 5a28 5a08 6228 6a69 7289 6a69 6a69 6a89 7289 72a9 72c9 7aea 7b0a 832a 8b4b 8b4b 936b 9b8c 9bac 9bad 9bac a3ed ac2e b44f b46f b46f b44e ac4e b46e b46f b46f b46e b46f bc8f bc8f b48f b48f bcaf cd51 c530 b4cd cdaf d610 d62f de30 de30 d630 d630 d631 cdf2 a4cf 83ac 83ce 8bef 8c0f 8c0f 8c0f 8c0f 8c2f 8c0f 8c0e 840e 83ee 736d 62ec 6b4e 7bd0 7bd0 7bd1 7bd1 7bd0 7b8e 940e b4d0 c4cf bcae cd51 d5f3 cdb3 cd93 cd73 cd73 c552 a44f 93ce 93ae 836c 7b2c 7b2c 7b0c 7aeb 7b0b 7aeb 7aeb 7acb 7aab 7aab 72ab 72ab 728a 728a 728a 728a 728a 728a 728a 728a 728a 72aa 72aa 728a 7a8a 7a8a 728a 7a8a 728a 726a 7269 7249 7249 7249 7249 6a49 6a28 6208 59e7 59e7 7248 9b4b ab6b ab6b ab6b ab6b a34a a32a a32a a32a a30a 9b0a a30a a32a a32a ab2a ab2a ab0a ab2a 
ab8b ab8b ab8c ab6c ab8c b3cd b3cd b3ed bbed bbed bbed b3ee b42f c513 de37 bd12 9bad a3ac a3ac 9bac 93cd b535 c5fa c61c c61c c5da acd5 7b0b 6a66 8b46 7b04 7b04 8b86 7b04 72c3 8b85 9385 8303 8b64 9385 9385 8b86 6aa4 3121 1060 0820 0820 0820 0820 0020 0820 0020 0040 10a2 3185 1081 1060 7309 ddf3 e633 ee13 ee13 e633 e614 d5b3 c531 bd11 bd31 b4f0 ac6e ac4d bcae d571 cd50 ac2c ddb1 ee33 ee33 ee13 ee13 ee34 ee33 ee33 ee13 e5d2 b46d d571 ee13 ee13 ee13 ee33 ee33 ee33 ee34 ee33 ee33 ee33 ee33 ee33 ee34 ee34 ee14 ee14 b4af 3943 3964 9c90 734b 1081 0020 0040 0040 0040 0040 0040 0040 0040 0040 0041 0840 1880 6265 8b86 8b85 8344 72e2 8b85 8b45 7282 8345 8b66 72c3 7b04 8325 72a2 9385 9385 9384 9384 9384 9384 9ba4 a426 8b46 9beb a3ed a40e a40e a3ed 9bac 9b8c 9b8c 9b8c 9bac 9b8c 8b4c 6a68 832b a3ee ac0e ac0e ac0e b42e b44e b46f bc8f bc6f bc6f bc6e b44e abed 9b8c 8b2b 830b 72aa 6248 6a48 6a69 6a69 6a69 6a49 6a49 6249 6248 6248 6248 6228 6248 6249 6248 6a69 6a89 6a89 6aa9 6aa9 72ea 7b0b 7b0b 832b 832b 834b 8b4b 8b6c 8b6c 938c 938c 938d 93ad 9bce 9bee 9c0e a40e ac90 b4d0 ac8d b50e d5f0 d5ef d60f d630 d60f d610 cdef c5b0 b550 83cc 736c 7b8d 83ce 83ce 83ee 83ee 83ee 83ee 83ce 83cd 83ce 7bae 630c 62ec 7bb0 7bd0 7bd0 7bd0 7bd0 7baf 7b6d a42f bcaf bcae bcae c531 d5d3 d5b3 cd93 d593 cd93 c552 c532 c532 bd12 b4b1 ac70 a40e 9bce a3ee a3ef 9bce 938d 936d 8b2c 830c 830b 82eb 82eb 7acb 7acb 7acb 7acb 7acb 7acb 7acb 7acb 7aab 7a8a 728a 7a6a 7a8a 7a8a 7a8a 7a8a 7a8a 7269 7269 7269 726a 6a49 6a49 6228 6208 6207 6a28 8aca a34b ab6b ab6b ab6b ab4b a34a a32a a30a a30a 9b0a 9b0a a30a a32a ab2a ab2a ab2a ab2a 
b3ac b38c ab8b ab8b b3ac b3cc b3ec bbed bc0d bc0d bc0d b3ed b40e b450 c533 b490 a3ad a3ac a3ab a38b 9bee bd76 ce3a ce3b ce3b c5fa acf5 834c 6a86 8346 8325 7ac3 8b85 8b65 72a2 8b64 9385 9385 9385 9385 8b65 6ac5 3121 1060 0820 0020 0020 0820 0820 0020 0020 0020 0840 20e3 7b8d 3984 1880 7b29 ddf3 e633 ee33 e633 ddf3 bd31 b4d1 bd53 bd74 b533 acd1 b4b0 ac2d 938a 9b8a a3ec 9b8a c4ee ee13 ee13 ee13 ee34 ee33 ee33 ee33 ee13 ee13 cd30 b48d cd51 ddd3 e5f3 e613 e613 e633 e633 ee14 ee13 ee13 ee13 ee13 ee13 ee13 ee14 e614 a42d 4163 838c cdd4 730a 1061 0040 0040 0040 0040 0040 0040 0040 0040 0040 0041 0840 1060 49e4 8b87 9385 8b85 8323 8b85 8b65 7282 8325 8b86 7b04 7ae4 8b45 7ac3 8b65 9385 9385 9384 9384 9384 9ba4 ac46 9366 a3eb b44e b44e b44e b44e b42e ac2d ac0d ac0d ac0d a3ac 936c 7aa9 830b ac2e b46f bc8f bc8f c48f bc8f bc8f c4af c4af c48f bc8e bc4e b44d ac0d a3cc a3cd 936b 830a 8b2a 8b4b 8b2b 830a 82ea 7aea 7aea 7aea 72ca 72ca 72ca 72ca 72aa 6aaa 6aaa 6a8a 6269 5a28 5a48 6289 6289 6a89 6a89 6a89 6a89 6a89 6a89 6a89 6a89 6a89 6a89 6a8a 6a8a 72aa 72ca 72ca 72eb 72eb 7b0a 9c0c c570 c58e cdae d60f cdef cdcf bd6e ad2d a4ed 8c0c 6b0a 62ca 6b0b 6b2c 6b4c 734c 6b2c 6b2b 6b0b 6b0b 62eb 62eb 62ec 5acb 630d 738f 738f 736e 736f 7bd0 83d0 8bce b46f bc8e bcae bccf ddf4 ee76 e676 e655 e675 e635 de14 ddf4 ddf4 ddd3 d593 d552 d532 ccf1 c4d0 c4b0 c4b0 bc90 bc4f b42f b40e abee abee abce abad a3ad a38d a38d 9b6d 9b6d 9b6d 9b4c 932c 930b 930b 932c 932c 932c 932c 932b 8b0b 8aeb 8aeb 8aeb 82ca 7aca 82cb 82cb 82ca 82ca 92ea 9b0b ab4b ab6b ab4b ab4b a34b a32a 9b0a a30a 9b0a 9b0a a30a a32a a32a a32a ab2a ab2a 
bbac b3ac b3ac b3ac bbcc bbec bbec bbec bc2d bc2d bc0d bbed b3ed b40e ac0e 9bac a3ac a38c a38b a38b 9bac ac91 cdf8 d65a ce5b c5fa acf5 836d 7286 8326 8b66 7ae3 8b64 8b85 8324 8b64 9384 9385 9385 8b65 72c4 3941 1060 0820 0840 0840 0861 0861 0841 0040 0020 0020 0840 2903 acd1 8bcc 3101 7b29 ddf3 e613 e633 de34 b531 bd94 ce37 d699 ef5c ef5d deba bd54 9c2f 9bed abec a3ab a38a ccce edf3 ee33 ee13 ee34 ee13 ee33 ee33 ee13 ee13 e5f3 cd0f a3ab a3cb ac0d ac4e ac4d ac6e b4d0 bd11 bd11 bd10 c510 cd31 d551 dd72 d571 cd51 8329 72c8 c572 d5f4 62a8 1060 0020 0040 0040 0040 0040 0040 0040 0040 0040 0040 0040 0840 3962 8367 9385 9385 8b85 9385 9365 7ac3 8325 8b85 8304 7b04 8b45 7ac3 8b65 9385 9385 9384 9384 9384 9ba4 b487 9366 9baa b44e b44e b44e b44e bc6e bc6e b44d b42d b42d a3cc 938b 832b 82ea a40d b44e bc6e bc8e bc8e bc6e bc6d bc6d bc6d bc4d b42c b40c b42c b42c abec ac0c abec abcc abcc a3cc a3ac 9bac 9b8b 936b 938c 93ac 938c 936b 936b 936b 936c 938d 938d 834c 7b0b 6269 6289 7b4c 834c 834b 832b 832b 7b0b 7aeb 72ca 72ea 72ea 72ca 72cb 72cb 72cb 72eb 72eb 72eb 72cb 72ab 72ea 836a ac8d cdd0 d610 d62f d60f d610 d610 cdf0 c5d0 bd90 946d 736b 736c 7b8d 7bae 7bae 7bae 7b8d 7b8d 7b8d 736d 6b4c 7b8e 738e 52aa 5acb 5acb 52aa 5acb 738f 8c32 8c11 9c0f bc8f c4cf bcae c530 e655 f696 f6b6 f6b7 ee96 ee75 ee55 ee55 ee34 e5f4 e5d4 e5b3 dd93 dd52 dd32 dd32 d511 ccd0 ccb0 cc90 c46f c44f c42f bc0e bbee bbee b3ee b3ae abad abad ab8d ab8c a36c a36c a36c a36c a36c a36c a36c 9b4b 9b4b 9b2b 932b 930a 8aca 8aea 8aea 8aea 8aea 92ea 9b0b ab4c ab6b ab4b a34b a32b a32a a30a a30a a30a 9b0a a30a a30a a30a a30a a30a ab2a 
bbac bbac bbac bbcc bbcc bbed bbec bc0d c42d c42d bc0d bc0d bbed b3ed b3ec a3ac a3ac a38b a38b a36b 9b6b 9bad ac91 cdf7 ce3a c61a acf5 8b8d 7ac8 7ac5 9366 8b65 9385 9384 9385 9385 9384 9384 9385 72c3 4160 20c0 18a0 18c1 2902 39a4 2944 1081 0840 0040 0020 0040 0840 20e2 acd1 cdb3 834a 8b8a e5f4 ee14 e634 bd31 bd94 b595 4228 4228 b596 ef7d f79e f77d de99 a491 9bcd b42d bc2c bc4c d52f ee13 ee13 ee14 ee13 ee13 ee33 ee13 ee13 e5b2 ccef bc2d abec a3ec 8b6b 838c acd1 bdb5 c5f6 b574 8c2f 7b8c 7b4b a44f bd11 c530 c4ef a40c c530 de14 d5b3 5206 1040 0020 0040 0040 0040 0040 0040 0040 0040 0040 0020 0040 0840 2901 7b46 9386 9385 9384 9385 9385 8b65 9385 9385 8323 8324 8b65 8303 9385 9385 9385 9385 9384 93a4 9bc4 bcc8 9386 9389 b44e b46e bc6e bc6e bc6e bc6e bc4e b40d abec a3cb 9b8b 934b 82e9 936b ac0d b40c bc6d bc6d bc6d bc4d bc4d bc2c bc2c b40c b3eb b40b b40b abec abec abec abeb b3ec b3ec abec abcc abcc a3ab abcc abec a3cc a3cc a3cc a3cc abed ac0e ac2e 9bcd 830a 6aa9 6a89 93ad ac4f ac2e ac2e a3cd 9b8c 9b8c 936c 936c 938d 93ad 93ad 938d 938d 93ad 93ad 93ad 938d 93ad 93ad 93ac 9c0b c56f d5f0 de30 de30 de30 d630 d630 d651 d652 c5f1 9cae 7bac 7bce 83ef 8c0f 8c0f 8c0f 8bef 8c0f 8c0f 83ee 83ee 7bae 5aca 4a49 4a48 5269 528a 5aec 7390 8c32 8c10 ac70 c4d0 c4ef c4ef cd51 ee75 f6b7 f6b7 f696 ee75 ee75 ee75 ee55 ee14 edd3 e5b3 e593 e593 e572 e552 dd31 dcf1 dcf0 dcd0 dcd0 dcb0 d470 d46f cc2e cc2e c40e bbce bbcd bbad bbad b3ad b3ad b3ad b3ad b38c b38c ab8c ab8c ab6b ab6b a34b a32a 9b0a 9aea 9aea 9b0a 9b0a 9b0a a32b ab6c b38c ab6b a34b a32a a32a a32a a32a a32a a32a a30a a30a a30a a30a a30a a30a ab4b 
bbac bbac bbcc bbcd bbed c3ed c40d c42d c42d bc0d bc0d bc0d bbed b3cc b3ac ab8b a38b a38b a38b a36b 9b6b 9b6c 9bad ac92 bd97 c5f9 ad15 93ae 936b 82c6 8b66 9385 9385 9384 9384 9384 9384 9384 9365 7ae3 6a83 6aa4 6aa5 6aa5 62a6 4a05 18a1 0840 0820 0040 0020 0040 0840 20c2 a490 de14 d592 c510 e614 ee34 e634 bd52 de99 8c50 10a2 10a2 7c0f e75d f79e f79e f77d e6ba 9c2f a3ec bc2d bc2c ccef edf3 ee13 ee13 ee13 ee33 ee13 ee13 e5f2 d50f c46d bc2c abeb 93ac bd33 de99 deb9 e73b f77d f77d ef3c e6fb de99 b534 acd1 ddd4 e614 e5f3 e5f3 e613 c551 3963 0840 0040 0040 0040 0040 0040 0040 0040 0040 0040 0020 0020 0840 20a0 72e5 9386 9385 9384 9385 9385 9385 9385 9385 9385 9385 9385 9385 9385 9385 9385 9385 9385 9b84 a3c4 c4c9 9366 938a ac4e b46e bc6e bc6e b42d b42d b42d b40d abec abec a3ab 934b 82e9 830a a3ed abeb b40c bc4d bc4d bc4d bc4d b42c b40c b40c b40c b40c b3ec b3ec b3ec b3ec abcb b3ec b3ec b3ec b3cc b3cc abcc abcc abec abcc abcc abcc abec abed ac0d b42e a3ed 830a 72c9 6a69 832b a42e b46e bc6f b42e abed abcc abed ac0d ac0d abed a3ed a3ed a40d ac4e ac4f ac2e a40e a40e ac4e b4af ac6d b4cd c56e d5ef de0f de30 de30 d630 d650 d651 ce31 bd91 8c2d 7bac 83ce 83ef 8c0f 8c0f 8c0f 8c0f 8c0f 83ee 7bad 6b2c 528a 4a28 4a48 5aa9 5aca 5aca 5acc 7390 8c11 9410 b4b0 c4d0 c4cf c4cf cd71 f696 f6b7 f6b6 f6b6 f695 ee75 f675 ee34 edd3 e5b3 e593 e593 e592 e552 dd31 dd11 dcf1 dcf0 dcd0 dcb0 dc70 d46f d44f d44f cc0e c3ee c3ce bbcd bbcd bbed bbed bbcd bbcd bbcd bbad bbad bbac b3ac b3ac b38c ab6b ab6b ab6b ab6c b38c b38c ab6b ab6b b38c b38c ab6b ab4b a34a a32a a34a a32a a32a a32a a32a a30a a30a a32a a32b ab4b b36b 
bbcc bbcc bbcd bbed c40d c40d c42d c42e c42d bc0d bc0d bbed bbed b3ec abab ab8b a38b a38b a38b a38b a38b a36b 9b8c 8b6d 9c31 bd57 b4f5 93ae 9bac 8b08 8b26 9386 9385 9384 9384 9384 9384 9384 9385 9385 8b86 8b86 8b66 7b26 5224 20a0 0820 0820 0820 0040 0020 0040 0840 18a2 9c4e de14 e634 e634 ee14 e634 ee55 eef8 ef3b 9cd2 2144 2965 94d3 ef7d f79e f79e f79e f77d d678 a44f b44e bc8e dd71 ee13 dd92 d530 ee13 ee33 ee33 ee13 e5d2 cccf c46d b42c 938b bd53 e6da 9cb2 62eb a513 ef3c f79d f79e f79e f77e ef1b b553 bd11 de14 e633 ee33 e613 acaf 28e2 0840 0840 0040 0040 0040 0040 0040 0040 0040 0040 0020 0020 0820 1880 6aa5 8b66 9385 9384 9385 9384 9385 9385 9385 9385 9385 93a5 9385 9385 9385 9385 9385 9385 9384 a3e5 bca9 9387 9bcc ac2e b46e bc6e b44d b42d b40d b42d b40d abec abec a3cc 936b 8b4b 7ac9 9bac a3cc abcb b3ec bc4d bc4d bc2d b40c b40c bc0c bc2d bc0d b3ed b3cc b3cc abcc abcc b3ec b3ec b3ed b3cc b3cc abcc abcc abcc abcc abcc abec b40d b40d ac0d b42d abed 8b2b 7aca 6aa9 72c9 9bcd ac2e b44e b42d ac0c abec ac0c b42d b42d b42d b42d b42d b44e bc6f c4b0 c4b0 bcb0 c4b0 c4d0 c511 bd10 b4ad bd0d cd8e de0f de10 de30 de30 de50 de71 d651 ce32 bd70 8bed 7bad 83ce 8c0f 8c2f 8c30 8c2f 8c0f 83ce 736c 6b0c 5289 4207 4a27 5aa9 5ac9 62ea 62eb 5acb 736f 8bf1 9c10 bcd0 c4ef c4cf bcae e5f3 f6b6 f6b6 f6b6 f696 f675 ee55 f634 edf4 e5d3 e5b3 e5b3 e592 e572 e531 dd31 e511 e511 e4f0 e4d0 dc8f d46f d46f d46f cc2f cc0e c40e c3ee c3ee c3ee c3ee c3ee c3ee bbed bbed bbed bbcd bbac b38c b38c b3ac bbac bbac bbac bb8c bbac b36b ab6b b38c b38c ab6b ab6b ab6b ab4b ab4b a32a a32a a32a a32a a30a a30a a32a a32b ab4b b36b 
bbcd bbcd bbed c3ed c40e c40e c40e c40e c40d bc0d bc0d bbed bbed b3ec abab ab8b a38b a38c a38b a3ac a3ac a38b a36c 8b2b 7b0c 93f0 a492 93ad a3ac 934a 7ac5 8b66 9385 9384 9384 9385 9385 9384 9385 9385 9385 8b86 7b26 49c3 18a0 0820 0821 0021 0020 0040 0020 0840 0840 1881 93ed ddf4 ee34 ee34 ee34 e634 ee55 f75a f77c deda a534 ad75 defb f79d f79e f79e f79e f79e f77d e6b8 d593 dd92 e5f3 ee13 c4ce c4ce ee13 ee33 ee33 ee13 ee13 e5b2 d571 b48e a44f eefb ce59 31a6 1081 4a28 d679 f79d f79e f79e f79e f79e ef1b b533 bd72 e634 e613 e5f4 8b8b 1880 1060 18c3 0861 0040 0040 0040 0040 0040 0040 0040 0040 0020 0820 1060 6285 8b66 9385 9384 9385 9385 9385 9385 9385 9385 9384 9385 9385 93a5 9385 9385 9385 9385 9384 9bc5 b468 9367 a3ec ac2e b44e b46e b44d b42d b42d ac0d abec abec abec abec 9b8b 936b 7ae9 8b2a a3ac a3ab abcc b42c bc4d bc2c b40c b3ec b40c bc0d b40d b3ec abcc abcc abcb abcb abcc b3ec abec abcc abcb abab abcb abab a3ab a3ab abec b40d b40c b40c b40d a3cc 932b 830a 7aca 6a89 832a a3ed b40d b40d ac0c abec ac0c b42d b42d b42d b42d b42d b42d b44e bc6f c4af c4b0 c4d0 c4d0 c4f0 cd31 c50f bccd c52d d5af de0f de30 de30 de50 de71 de71 de72 d652 b531 8bed 83ad 83cf 8c0f 8c0f 8c0f 8c0f 7bad 734c 6b0c 5289 4207 4207 5288 5ac9 630a 6b2b 5aca 5aab 7b8f 8bcf a46f c4f0 ccf0 c4ce c4ce e614 f6b6 f6b6 f696 ee75 ee55 ee34 ee14 edf4 edd4 e5b3 e592 e552 e551 e531 e531 e511 e4f0 e4d0 dcaf dc8f d46f d46f d44f cc2f cc2e c40e c40e c40e c40e c40e c40e c3ee bbed bbed bbcd b3ac b38c b38c bbad bbcd bbcc bbac bb8c bb8c b38c b36b b36b b36b ab4b ab6b ab6b ab4b ab4b a34a a32a a32a a32a a30a a30a a32a ab4b ab4b b36b 
bbed bbed bbed bbed bc0e c40e bc0e bc0d c40d bc0d bc0d bc0d bc0d b3ec abac ab8b ab6b ab8b a38b a3ac abac ab8c a38c 8b2b 72aa 7b0c 8b8d 9b8d a38c 9b6b 7265 8b47 9385 9384 9384 9385 9385 9384 9384 9385 8b65 7284 4142 1860 0820 0820 0821 0021 0020 0040 0020 0840 0841 1061 836b ddf3 ee34 ee34 ee34 ee34 e655 f75a f79d f79d f77e f79d f79e f79e f79e f79e f7be f7be f79e f77c eeb8 e634 ee14 e5f3 b46d cd71 e613 ee33 ee33 ee33 ee33 ee13 e614 bcf0 cdd6 f75d deba 52aa 2144 52aa d679 f79e f79e f7be f7be f79e f79d d699 a4b1 de15 e614 d593 5a26 20a1 5a88 6b0b 1081 0040 0040 0040 0040 0040 0040 0040 0040 0040 0820 1040 5a44 8b66 9385 9384 9385 9385 9385 9385 9385 8b84 93a5 9385 9385 9385 9385 9385 9385 9385 9385 9ba5 a3e7 9368 a40d ac2e ac4f b46e b44e ac2d ac2d ac0d ac0d ac0d ac0c abec a3ac 936b 832a 82c9 a3cc a3cc abec b40c bc2c bc2c b40c b40c b40c b40c b3ec abcc abcc abab a38b abab abcb abeb abec abeb abcb a3ab a3aa a38a a38a a38b abab b3ec b3ec b3ec abec abcc 9b8c 8b2b 82ea 72aa 72a9 938c ac0d b40d ac0c ac0c ac0c b40d b42d b42d b42d b42d b42d b44e b44e bc6f c4b0 c4d0 c4d0 c4f0 c510 cd30 bcad bccc c52d d5cf de2f de30 de50 de50 de71 de71 de72 d633 b530 83cd 7bad 83ef 840f 840f 83ce 736d 6b2c 630c 4a69 4207 4207 4a67 5288 5ac9 62e9 62ea 52a9 5aeb 7b8e 8bce b4b0 bcaf bc8e bc6e bc8e e614 f6b6 f696 ee75 ee75 f655 f634 ee14 edf4 edd3 e592 e572 e551 e551 e552 e531 e511 e4d0 dcb0 dcaf dc8f dc8f d46f d46f d46f cc2f c40e c40e c40e c40e c3ee bbed bbed bbed bbed bbcd b3ac b38c bbad bbcd bbcd bbcc c3cc c3ac bbac b36b b36b b38c ab6b ab6b ab4b ab2a ab4a ab4b a32a a32a a32a a32a a32a a32a ab4b ab6b b36b 
bbed bbcd bbcd bbed bbed bbed bbed bc0d c40d bc0d bc0d bc0d bc0d b3ed abac ab8b ab6b ab8b ab8b abac abac abac a38c 8b2b 7289 7aeb 8b2c 9b6c a38c a36b 7a87 7ac6 9366 9385 9384 9385 9385 9384 9384 9385 8b45 6223 28c0 1040 0820 0820 0820 0820 0020 0020 0820 0840 0861 1040 7309 ddf3 ee34 ee34 ee34 ee34 e654 f73a f79d f79e f79e f79e f7be f7be f79e f79e efbe efbe f7be f77c eed8 e635 e634 d591 ac6c ddf3 e633 ee33 ee33 ee33 ee33 ee13 e634 d5f4 eefa f77d ef5d ce79 b596 c638 ef5d f79e f79e f7be f7be f79e f79e ef5c bd74 d5b4 e614 b4cf 4163 6ac8 b511 8bad 1061 0040 0040 0040 0040 0040 0040 0040 0040 0040 0840 1060 5204 8b66 9385 9384 9385 8b44 8324 9385 8b44 7ac2 9365 9385 8b64 82e3 9365 9385 9385 9385 9385 93a5 9ba6 9388 a42e ac4f ac4f b46f b44e b44d b42d b42d b40d b40d b40d abec a3cc 936b 8b4b 7ac9 936b a3cc abcc abec b42c b40c b3eb b3ec b40c b3ec b3ec abcc abab a3ab a38a a38b abab abcb abcc abcc abab a38b a38b a38b a38b a38b a3ab abec abec abec abcc abec a3cc 936c 830b 7aeb 6a89 830a a3ed ac0d b40c ac0c ac0c b40c b42d b42d b42d b40d b42d b42d b44e bc6e bc8f ccd0 ccf1 ccf1 c510 c50f bcad b48c bcec cd8e d60f d62f d62f d650 de50 de71 de72 d652 ce12 a4cf 83cd 7bae 83ef 83ee 738d 6b4c 6b0b 62eb 4a48 41e7 4207 4a68 5288 5aa8 5aa8 62c9 5ac9 528a 630d 83af 8bce a40e b44d bc4d b44d c4ef e614 f696 f695 f695 f675 f655 ee14 edf4 edd3 e592 e572 e531 e531 e531 e511 e511 dcf0 dcb0 dcb0 dcaf dc8f dc90 d490 d46f cc4f cc2e c42e c40e c40e c40e c3ee bbcd bbcd c3ed bbcd bbac bbad bbad bbac bbcc c3cc c3ed c3cc c3cc bb8c b36b b38c b38c b36b ab4b ab4b ab4b ab6b ab4b a32a a32a a32a a32a a32a a34b ab4b ab4b 
bbcd bbcd bbcd bbed bbed bbed bbed bc0d bc0d bc0d bc0e bc2e bc0d b3cc abac ab8b ab8b ab8b ab6b ab8b ab8c ab8c a36c 8aeb 7289 830a 934b a36c a36c 9b6c 82e9 6a86 8b46 9365 9384 9385 9385 9384 9384 9384 9385 8b66 6264 3941 1880 0840 0820 0820 0020 0020 0820 0841 0861 1060 62a8 d5d3 ee13 ee13 ee34 ee34 e634 e6b8 f77c f79e f79e f7be f7be f7be f7be f79e efbe efbe f7be f79c eed8 e635 e634 c50f bcce e633 ee33 ee33 ee33 ee33 ee33 ee33 ee34 eeb7 ff5b f77d f79e f79e f79e f79e f79e f79e f79e f7be f7be f7be f79e f77d d616 d5d3 e5f4 9bec 6a87 c551 d5d3 7b2a 1060 0040 0040 0040 0020 0040 0040 0040 0040 0020 0820 1040 49c3 8b66 9385 9385 9385 8b24 7ae3 9386 8344 7ac2 9385 9385 8b24 7aa2 9365 9385 9384 9384 9385 9385 9386 8b89 a42e a42f ac4f ac4f b44e b44e b42d b42d b42d b42d ac0c abec abec 9bab 8b4b 7ac9 82ea 9bac abcc abeb ac0c ac0c abec abec abec b3ec abcc abcc a3ab a3ab a38a a36a a3ab abab abcc abcc abcc a3ab a3ab a3ab a3ab a3ab a3ab abec abec abec a3ab abcc a3ac 9b6b 8b2b 830b 72a9 72a9 93ac abec ac0c abec ac0c ac0c ac0d b40d b40d b40d b42d b42d b44e bc4e bc6e c4b0 ccf1 cd11 cd10 c510 bcce bcac b4ab cd6e d60f d62f d62f d62f d630 de50 de71 d651 d652 c5f2 946f 7bce 7bae 7bae 736d 6b2c 630b 62eb 4a28 39e7 4227 4a68 5288 5aa8 5aa8 5ac9 5aa9 5269 62ec 83d0 8bd0 838d 9bcd ac2d b44d bc8e bccf ddf3 ee95 f696 f675 f655 ee14 edf3 edd3 e5b2 e572 e531 e531 dd11 e511 e511 dcf0 dcd0 dcb0 dc8f dc8f d48f d48f d48f cc6f cc4e cc2e c40e c3ee c3ee c3ee bbcd bbcd c3ee c3ee bbcd bbcd bbcd b3ac bbcc c3cc c3ec c3ec c3cc c3cc bbac b3ac b38b b34b ab4b ab6b ab4b ab4b ab4b a32a a32a a32a a30a a32b a34b a34b ab4b 
bbcd bbcd bbcd bbcd bbed bbed bbed bc0d bc0d bc0d bc0d bc0d b3cd b3ac ab8b ab8b ab8b ab8b a36b a38b a38c a38c 9b6c 82ca 7aa9 8b0b 9b4b a36c a36c 9b6c 936b 72a8 7ae6 9366 9365 9385 9385 9384 9384 9384 9384 9385 8b65 7b26 5a64 3142 1880 1040 0840 0840 0841 1061 18a2 1881 5226 cd92 ee13 ee13 ee13 ee14 e635 bd32 e6da f79d f7be f79e f7be f7be f7be ef9e f79e f79e f79e f79d eed8 de34 ddd2 ac6d d591 e633 ee33 ee32 ee33 ee33 ee33 ee33 e634 eeb7 ff7c f79d f79e f79e f79e f79e f79e f79e f79e f7be f7be f7be f79e f79d de98 ddf4 e613 b4ae c510 e614 d5b3 6267 1040 0840 0040 0040 0040 0040 0040 0040 0020 0820 0840 0840 49a3 8b66 9385 9385 9385 8b44 7ae3 9386 8324 7ac3 9385 9385 8304 7ac2 9385 9385 9384 9384 9384 9385 8b45 8b89 a46f ac4f ac2f ac2e ac4e ac2e b42d b42d b42d b42d ac0c abeb a3cb 9bcb 832a 72c9 72a8 9bac a3ec abeb abec b3ec b3ec b3ec abec abeb abcc abcb abcb a3ab a38a a36a a38a a3ab abab abac abcc abcc a3ab abcc abcc abcc b40d b40c abec abcc a3ab a3ab a3ab a38c 936b 832b 72a9 6248 830a a3ec abec abec ac0c ac0d abec ac0d ac0d b40d b42d b44d b44e b44e b44e bc8f c4f0 ccf0 cd10 c510 c4ee bccd b48b bd2d c56e c58e c58e cdaf cdcf cdf0 cdf0 cdf1 cdf1 c5f2 ad31 83cd 7b8d 736c 6b4c 6b2c 630b 62eb 4a48 4207 4a48 5288 5288 5ac9 5ac9 5aa8 5289 4a49 630d 7bf0 8411 83cf 7b6c 93cc ac0d bc8e bcae bccf ddd3 ee55 f655 f635 ee14 edf4 edf3 edd3 e592 e572 e531 dd10 dd11 e511 dd10 dcf0 dcd0 dcb0 dc8f d48f d4af dcb0 d48f d46f cc4f c40e c3ee c3ee c3ee c3ee bbee c3ee c40e bbed bbcd bbed bbcd bbac bbac c3cc c3ed c3cd c3cc bbac bbac b38c b36b b34b b36b ab4b ab4b ab2b a32b a32b a34b a32a a32a a32b a32b ab2b 
bbcd bbcd bbcd b3cc b3cc b3cd b3cd bbed bc0d c40e bc0e bbee b3cd ab8c ab8b ab8c ab8c ab8c a36b a36b ab8c ab8c 9b4c 82ca 82aa 930b 9b4b a34c 9b4c 9b6b 9b6c 8aea 7266 8b46 9385 9385 9384 9385 9385 9385 9385 9385 9385 9385 8b66 8346 6aa4 41a2 20c1 1060 3123 7b4b 93ee 5206 49a4 bd30 e613 e633 e633 ee13 ee34 c531 c5b5 f73c f79d f79e f7be f7be ef9e f79e f79e f79e f79d f75b e697 de34 c510 bcef e613 e633 ddd2 ee13 ee33 ee13 ee34 ee33 e634 eeb7 f77c f79d f79d f79e f79e f79e f79e f79e f79e f79e f79e f79e f79e f79d eef9 e635 e634 e634 e614 e614 c531 41a4 0820 0020 0040 0040 0040 0040 0040 0040 0841 0841 0840 0840 4183 8346 9365 9384 9385 8303 7ac3 9386 8304 82e3 9385 9385 8303 7ac3 9385 9384 9384 9385 9385 9385 7b05 8b69 a44f a44f a42f a42f a44f ac4e ac4e b44e b44e b44e ac0d a3ec a3cc 9bcc 832a 72a8 6247 8b4b a3ec a3ec ac0c ac0c ac0c ac0c abec a3cc abcc abcc a3ab a3ab a3ab a3ab a3ac a3cc a3ab a3ab a3ab a3ab a3ab abcc abec abed b40d b40d abec abcc a3cc a3ab 9b8b 9bac 9bac 8b4b 7aea 6a68 72a8 9bac ac0d ac0c ac0c ac0d abec b3ed b40d b40d b42d b42d b42d b42d b42d bc6e c4d0 ccf0 ccf0 cd10 cd0f c4ee bcad ac6b ac8b ac8b a48b acab acac accc accd a4ad a4ac a4cd 9cad 83ec 6b0a 62ca 5aaa 5a8a 5a8a 5a8a 4a28 4a28 5268 5288 5288 62c9 62c9 5aa8 5288 4a49 632d 83f1 8412 83f1 7baf 7b4c 93ac b44e c4ef b48d bcef ee35 f675 f635 ee35 ee14 edf4 edd3 edb3 e592 e551 e531 e511 e510 dcf0 dcf0 dcf0 dcd0 dcaf d4af d4af dcb0 dcb0 d48f d48f cc4f c40e c40d c40d c40e c3ed c3ee c40e c40e bbcd bbcd bbcd bbcd bbac c3cd c3ed c3cd c3cd bbac bbac b38c b36b b34b ab4b ab2b ab2b ab2b a32b ab2b ab4b a32b a32b a32a a32b ab4b 
bbcd bbcd b3cd b3cc b3cc b3cd b3cd bbed bbed bc0e bc0e bbed b3cd b3ac ab8c ab8c ab8c a38c a36c a36c ab8c ab8c 9b4c 82aa 82aa 930b 9b2b a34c a34c 9b6c 9b4c 9b4b 7a87 7ac5 9366 9385 9385 9385 9365 9385 9385 9385 9385 9384 9384 9385 8b85 8326 6a85 4982 836b cdb3 d5d4 a42e 51c5 b4af e613 e633 e633 ee13 ee33 e614 c532 cdb5 eefb f77d f79d f79d f79e f79d f79e ef5c deba bd94 d5f5 c551 b4ae ddd2 e614 e613 cd30 e5d2 ee13 ee14 ee13 ee33 e634 ee96 f75b f79d f79d f79e f79e f79e f79e f79e f79e f79e f79e f79e f79e f77d f71a e655 ee34 ee33 e634 e614 a46e 2902 0840 0820 0040 0040 0040 0040 0040 0040 0861 1081 0840 0840 3962 8346 9365 9384 9385 7ae3 8304 9386 7ae3 8303 9385 9385 82e3 82e3 9385 9384 9384 9385 9385 8b86 72a5 7b29 838d 834c 834c 836c 836d 8bad 93ad 9bcd 9c0d 9bed 93cd 93ac 93ac 8b8c 834c 6a89 5207 72ea 93ad 93ac 9bcc 9bcc 9bcc 9bcc 9bac 9bac 9bac 9bac 9bab 9bcc 9bcc a3cc a3cc a3cc a3ac 9bab 9bab 9b8b a3ac a3cc a3cc a3cc a3ec abec abec a3cc a3ab 9b8b 9b8b 9b8c 9b8c 8b6c 830b 6a89 6a68 8b6b a40d ac0d ac0d abed abec b42d bc4e b42e b42e b44d b42d ac0d b42d bc6e c4af c4f0 ccf0 ccf0 ccf0 cd0f c4ee ac4a b4ac c56e cd8e cdaf cdcf cdcf cdd0 c5b0 c590 c5b0 c5b0 b550 8bec 6aea 62eb 62eb 62eb 5aaa 4a48 4a48 5269 5289 5a89 62ca 62c9 5aa9 5268 4a49 630c 7bd0 83f1 83f1 83f1 7baf 7b6d 9c0e b48f b48e d5d2 ee75 f675 f655 ee35 f614 ee14 edd3 edb3 e592 e552 e531 e531 e511 dd10 e4f0 dcd0 dcd0 dcaf dcaf dcaf dcaf dcaf d48f d48f cc6f c42e c42d c40d c40d c40d c40d c40e c40e bbcd bbcd c3cd bbcd bbad c3cd c3ed c3cd c3cd bbcc bbac b38c b36c ab4b ab4b ab2b ab2b ab2b a32b ab2b ab4b ab4b a32b a32a a32b ab2b 
bbcd bbcd b3cd b3cc b3cc b3cd b3cd bbed b3cd b3cd b3cd b3ad b3ad ab8c ab8c a38c a38c a36c a36c ab6c ab8c a36c 932c 7a8a 82aa 930b 9b4c a36c a34c a34c 9b4c 9b4c 932a 7a86 8b26 9385 9385 9365 7ac3 8b64 9385 9385 9385 9385 9385 8b65 8b45 8b86 8b66 7ae6 bd10 cd92 bccf b4af 72a8 a44d e614 e634 ee33 ee13 ee33 ee34 e5f4 cd52 bd12 cdd5 de99 e6fa e73b e6fa d678 bd74 acd1 bd32 c552 ac6e d592 e613 e614 e634 e5f3 e613 ee33 ee13 ee33 ee33 e634 e655 f71a f77d f79e f79e f79e f79e f79e f79e f79e f79e f79e f79e f79e f77d eef9 e635 ee34 ee33 ee33 ddf4 8b8b 1881 0820 0841 0841 0041 0040 0040 0040 0040 10a1 3164 1081 1040 3962 8346 9365 9384 9385 8323 8b65 9386 8304 8b44 9385 9385 8303 8303 9385 9384 9384 9385 9385 8b66 5a44 5227 5a49 5229 522a 524a 524a 524a 5a69 628a 62aa 628a 6289 6269 6269 6269 5a69 4a08 41e7 5228 6289 6289 6a89 6aa9 6aa9 6aa9 6aa9 6aa9 6aa9 6aa9 6ac9 72c9 72ea 72ea 72ea 7aea 7b0b 7b0b 7b0b 7b0b 832b 832b 832b 834b 834b 8b6c 8b6c 8b6c 8b6c 8b4b 8b4b 8b6c 8b6c 8b6c 832b 6aaa 6268 7b2b 9bcd a40d a40d abed abed ac2e b46f b46f b48f b46e ac4e ac4e ac6e b48f bcb0 bcd0 c4f0 c4f0 cd10 cd30 c50f b4cd ac6b bd4d cdae d5ef d60f d62f d630 de30 d630 d631 d631 cdf1 ad0f 83cd 736c 734c 6b2c 62eb 5269 4a48 5268 5268 5a89 62ca 62ea 62c9 5289 5269 630d 7bd0 83f1 83d1 83f2 8c33 83b0 838d 9c0d c511 ee75 ee96 f675 f655 f655 f634 f614 edf3 edb3 ed92 e572 e531 e511 e511 e511 e4f0 dcf0 dcd0 dcd0 dcb0 dcaf dcaf dcaf dcaf d48f d46f cc4e c42d c42d c42d c42e c3ed c3ed c40e c3ee bbad bbad bbad bbad c3cd c3ed c3ed c3ed c3cd bbcc b38c b36c b34b ab4b ab4b ab4b ab4b ab2b ab4b ab4b ab4b a32b a32a a32b ab4b 
b3cd b3cd b3cd b3cc b3cd b3cd b3cd b3cd b3cd b3ad b3ad ab8c ab8c ab8c a36c a36c a36c a36c a36c a36c a36c a36c 930b 7a8a 82aa 930b 9b4c a36c a36c a34c 9b6c 9b4c 9b4b 8ae9 7a85 8b26 9386 9386 72a2 8324 9385 8b65 8324 8b65 9385 8324 72a2 8b45 8b66 8306 cd50 a3eb 8b49 9369 7286 9bab e5f3 ee13 ee14 ee34 ee34 ee34 ee14 e634 ddd4 c511 bd11 c552 c573 bd52 b511 bd31 ddd3 e614 c531 bcef b4ae bcce bcef d5b2 e614 ee34 e614 cd50 d592 e613 e634 ddf4 bd32 e6da f77d f79e f79e f79e f79e f79e f79e f7be f7be f79d f79d f75b e697 ee34 ee34 ee33 e633 d5b3 6267 1040 0841 0861 0861 0041 0040 0040 0040 0840 18c1 5267 3943 1040 3962 8346 9385 9385 9385 9385 9385 9385 9385 9385 93a5 93a5 9385 9385 9385 9384 9384 9385 9385 8346 5225 5229 524b 524b 524b 526b 526b 526b 5a8c 5acc 5aab 5a8b 5a8b 5a6a 5a6a 5a4a 524a 4a09 41e8 5249 526a 5a6a 5a6a 5a69 5a49 5249 5a49 5249 5249 5229 5249 5249 5229 5228 5228 5228 5228 4a08 5208 5228 5229 5228 5228 5228 5228 5249 5a49 5a49 5a49 5a49 6269 6269 6268 6289 5a69 5228 4a07 5a48 6aca 72ea 7aea 7aea 7aea 832b 834c 8b6c 8b6c 8b6c 8b4b 93ac 93ad 9bed a42e ac6f ac8f b4b0 bd11 c551 c530 bcef ac8c b4cc cd8e d5ee d60e d62f de50 de51 de50 de50 d630 cdd0 bd91 a4cf 7bac 736c 6b4c 630b 5268 4a48 4a48 4a27 5268 62ca 62ea 62c9 5289 5269 632d 7bd1 83f2 83f3 83f3 8c34 8c33 838f 93cd ddf5 ee96 ee95 ee75 ee75 f655 f635 f634 edf4 edb3 ed92 e552 e531 e511 e511 dd10 dd10 e4f0 e4f0 dcd0 dcb0 dcaf dcaf dcaf d4af d48f d46f cc6f cc4e c42d c42e c40e c3ed bbcd c3ed bbcd b38c b38c b3ac bbac bbad bbcd c3ed bbcd bbcd bbcd b38c b36c b36c b34b ab4b ab4b ab4b ab4b ab4b ab4b ab4b ab4b ab2b a32b ab4b 
b3cd b3ad b3ad b3ac b3ac b3cd b3cd b3cd b3ac abac ab8c ab8c ab8c ab8c a38c a38c 9b6c a36c a36c a34c a34c 9b2c 8aeb 7a69 82ca 8b0b 9b6c a36c a36c a36c 9b6c 9b4c 9b4b 932b 82c8 7aa6 8b47 8b66 7b04 7ac3 8b65 8b65 72a2 7ae3 8b65 8b65 7b03 7ae3 8b66 8326 cd30 938a abeb ac0c a3aa 9369 e5d2 ee13 ee13 ee33 ee33 ee33 ee13 ee14 e614 e613 e613 e614 e614 e614 e614 e634 e614 e614 cd31 9beb c510 d5b2 bcef ac6d e614 e613 d592 a40b ac4d ddf3 e613 e614 c572 bd32 de99 f77c f79d f79e f79e f79e f79e f79e f79e f79d f79c ef19 e656 ee34 ee33 ee33 e633 bd11 4184 1060 18a2 18a2 1081 0841 0040 0040 0041 0820 20a1 62c7 6265 20a0 4182 8346 9385 9385 9385 93a5 9385 9385 9384 9384 9385 93a4 93a4 9384 9384 9384 9384 9384 9385 72e5 5206 4a09 4209 4a0a 4a0a 4a2a 4a2a 4a4a 526b 528b 528b 528b 528b 5a8b 5a8c 5aac 5a8b 524a 41e9 4a2a 524a 524a 524a 524a 524a 524a 526a 526b 524a 524a 524a 524a 4a4a 4a2a 4a29 4a29 4a29 4a29 4a09 4a09 4a09 4a09 4209 4a09 4a09 4a29 4a29 4a29 5229 5249 5249 5249 5269 5269 5269 4a28 41e8 5249 5aaa 62aa 628a 628a 628a 6acb 6aeb 6aeb 6acb 6acb 72cb 72eb 72cb 72eb 72eb 730b 7b2c 834c 838d 8bad 8bcd 93cd 8bab 93eb acac cdae d60e d62f de4f de50 de50 de50 d630 cdcf c5b0 bd91 944d 738c 736c 6b2b 5268 4a47 4a27 4a27 4a47 62c9 62ea 62e9 5aa9 52aa 6b2e 8413 8c34 8c14 8415 8414 8413 9451 c573 ee76 ee96 ee75 ee76 f675 f655 f635 ee34 edf4 edd3 ed92 e552 e531 e511 e511 dd11 e511 e511 dcf0 dcd0 dcb0 dcaf dcaf dcaf dcaf d4af d46f cc4e cc4e c40e c40e c40d c3ed bbcd bbcd bbad bbad b38c b38c b38c b38c b3ac bbcd bbcd bbcd bbcd bbad bb8c bb8c b36c b36c b36c b38c b38c b38c b36c ab6b ab6b ab4b ab2b ab4b 
bbcd b3cd b3cd b3ac b3ac b3ad b3ad b3ad ab8c ab8c ab6c ab6c ab6c a38c a3ac a38c a36c a36c a36c a34c a34c 9b2b 8aca 7269 82aa 8b0b 9b4c a36c a36c a36c 9b4c 9b4c 9b2b 930b 930a 82c8 7a86 8327 8b46 72a2 8344 8b85 8b45 7ae3 7ae3 8b65 8b85 8b65 8b66 8b26 cd50 9baa abeb b40c b3eb 9b49 dd71 ee13 ee13 ee13 ee13 ee13 ee13 ee13 ee14 ee14 ee34 ee33 ee13 e614 e614 e634 e614 d572 a40c bcef e614 e613 cd71 a42c e5f3 e5f3 c4ef bcce bcae ddd2 ee13 e613 e614 cd93 b4f1 c5d5 e6da ef5c f77d f79d f79e f77d ef7d ef3b ef3a e6b7 e655 ee34 ee34 ee33 e633 ac6e 3922 3123 6aea 838d 62ca 20e3 0840 0040 0040 0020 20a1 6ac6 7b26 49a2 49a2 8b46 9385 9385 9385 9385 9385 9385 9385 9385 9385 9385 9385 9384 9384 9384 9384 9384 8b86 5a64 4a06 4208 4209 526a 528b 5acb 62ec 62ec 630c 630c 630c 62ec 62ec 62cc 62cc 62cc 5a8b 526b 4a2a 524a 4a4a 4a2a 4a29 4a29 4a29 4a29 4a29 4a29 4a29 4a09 4a09 4a09 49e9 41e9 41e9 41e9 41e9 41c8 41c8 41c8 41a8 39a8 39a8 39a8 39a8 39a8 41c8 41c8 41c8 41c8 41e8 41e8 4a09 4a29 4a29 4209 41c8 526a 62cb 62cc 62ec 6acc 62ec 6aec 6b0c 6b0c 6b0c 6b0c 6b0c 6b0c 6aec 6aec 6aec 6aec 6aec 6aed 730d 732d 7b2d 7b2d 730b 7b49 acac cdce d5ee d60e d62f de30 de50 de50 de30 d5ef cdd0 cdd1 ad0f 83cc 7b8b 6b4b 5288 4a27 4a27 4a27 5267 62e9 6b4a 734a 630a 62eb 738f 8c54 8c35 8c15 8c15 8413 9493 cdd6 e697 eeb7 f696 ee96 f696 ee75 ee55 ee35 ee14 edf3 edd3 ed93 ed72 e552 e531 e511 e511 e511 e511 dcf0 dcd0 dcd0 dcd0 dcd0 dcaf dcaf dcb0 d48f cc6f cc2e c42e c40d c40d c40d bbed bbcd bbcd c40d bbcd b38c ab6b b38c bbcc bbcd bbed c3ed c40e c3ed bbcd bbcd bbad bbad bb8c b38c bbac bb8c b38c b36b b36c ab4b ab2b ab4b 
bbed bbee bbee b3ad b3ad b3ad b3ad b3ad ab8c ab6c ab6c ab6c a36c a36c ab8c a38c a36c a34c a34c a34c a34c 930b 7a8a 7249 7aaa 8aeb 9b2b 9b2b a32c 9b4b 9b2b 9b2b 9b0b 9b2b 9b0b 930b 8288 7a86 8b66 8324 72c2 8344 8b65 8b64 8323 8b65 93a5 9385 8b65 8306 cd50 abeb abeb bc0c bc0c a369 c4cf ee14 ee13 ee33 ee33 ee13 ee13 ee13 ee13 ee34 ee33 ee33 ee33 e613 e614 e614 e5f3 b46d bcce e613 e614 e634 cd51 ac2c e5f3 e613 d570 ddd2 e5f3 ee13 ee13 ee33 ee33 e614 ddd3 bd11 acb0 bd53 d637 de99 de79 ce17 b553 acf2 d615 e655 e634 ee34 ee34 ee13 e613 93cb 4963 93cc d593 ddb4 cd53 6aa9 1061 0840 0040 0840 18a1 6ac6 8b66 72c4 6242 8b65 8b85 9385 9385 9365 8303 7ae3 8b85 8b65 8344 7ae3 9385 9385 9384 9384 9384 9385 8346 5204 5268 4a29 4a49 528a 5aaa 62eb 630b 62eb 62eb 630b 6b2c 6b2c 6b2c 6b2d 6b2d 6b2d 630c 62ec 62cc 5acc 5aac 5aab 528b 528b 528b 528b 5a8b 5a8b 528b 526b 526b 526b 524b 4a4b 4a4b 4a4b 4a4a 4a2a 4a4a 4a2a 420a 41e9 41e9 41e9 41e9 41e9 41e9 41e9 39e8 39c8 41e9 41e9 422a 4a2a 4a2a 4a2a 4209 4a4a 526b 528b 5aac 5aac 5aab 5aab 62cc 62cc 62ec 6aec 6aec 6aed 6b0d 6aed 6aed 6b0d 62ec 6aed 6aed 6aed 732d 7b4d 7b4c 8bec c56f d5ef d5ee d5ee d60e d62f d62f de30 de2f d60f d60f d5ef cdd0 acce 83cb 734b 5a89 4a27 4a07 5267 5aa8 6b08 736a 7bcb 738b 6b2c 83f1 9455 8c35 8c35 9455 a4f4 ce17 e6b8 eed8 f6d7 f6b7 f696 f696 ee75 ee55 ee34 ee14 edf3 edd3 edb3 ed92 e572 e531 e511 e511 e511 e511 dcf0 dcf0 dcf0 dcd0 dcd0 dcaf dcaf dcb0 d48f cc6f cc4e c42e c42e c40d c40d c3ed bbcc bbcc c3ed c40d b3ac ab6b b38b bbac bbcd bbed c3ed cc2e c40e c3ed c3ed c3ed bbcd bbac b3ac bbac bbac b38c b38b b38c b36b ab4b ab4b 
bbed bc0e c42f bbee b3ad b3ad b3ad ab8d ab6c ab6c ab8c ab8c ab6c a36c a38c a36c a36c a36c a34c a32b a32b 930b 7a69 726a 82aa 8b0b 9b2b 9b2b a32c a32c 9b2c 9b2b 9b2b 9b2b 9b2b 932b 930a 7a66 8b06 8b66 8304 72a2 8304 9385 9385 8b85 93a5 93a5 8b85 82e5 cd0f ccef bc2c bc2c bc2c abaa abeb ee14 ee13 ee33 ee33 ee33 ee33 e633 e633 e633 e633 e633 e633 e633 e614 e613 c530 b48d e5f3 e614 e634 e613 c50f b46d e613 e633 ee33 ee33 ee33 ee34 ee33 ee33 ee33 ee33 ee34 e634 ddf3 cd92 cd73 cd93 c573 c572 cd92 d5f4 e615 e634 ddd2 e5f3 ee14 ee13 e5f3 8b49 8b8b bcf1 a40c a3eb cd72 a44f 20c2 0840 0020 0820 1880 6285 8b86 8b85 8345 9385 8b85 8b85 8b25 7aa3 7ac3 8b65 8b86 8304 7282 8304 9385 9385 9384 9384 9385 8b65 6285 5246 5288 5269 4a49 5a89 62ea 630a 632a 62ea 5ae9 5ac9 5aa9 5aa9 5a89 5a89 5289 5289 5268 4a48 4a28 4a08 4a29 4208 4208 4208 4208 4208 4208 4208 41e8 41e8 41e8 41e8 4209 4209 4209 4209 4a29 4a29 4a29 4a29 4a4a 4a2a 4a2a 4a2a 4a2a 4a2a 4a2a 4a2a 4a2a 4a2a 4a2a 4a4a 4a4b 526b 5aac 5acd 62ed 5acc 5acc 5acc 5aac 528b 526b 526a 5a8b 62ec 6b4e 6b4e 736e 83d0 83d0 7baf 736e 6b2d 62ec 736e 7bae 83cf 8c30 8bee 946f bd70 cdd0 d5ef d5ee d5ee d5ee d60e d60f d60f d60f d60f d60f d60f d610 cdd0 acce 7baa 5aa8 5267 5247 5267 62c8 6b08 7369 738a 736a 738d 8412 8c34 8c13 9494 c5f9 deba e6f9 eef8 f6f8 f6d8 f6b7 f6b6 f696 f675 ee55 ee34 ee14 edf4 edf3 edd3 e592 e572 e552 e531 e531 e511 dd10 dcf0 e4f0 dcf0 dcd0 dcd0 dcd0 d4af d4af d4b0 cc6f cc4e cc4e cc2e c40d c40d c3ed bbcd bbcc bbec c42d bbed b3ac b38b b38b bbcc bbed c40e cc2f cc2f cc0e c3ed c3ed c40e c3ed bbcc bbcc bbcd bbac b38c b38c b38c ab6b ab4b 
bbee bc2e c42f bbce b3cd b3ad ab8d ab8c ab8c ab8c ab8d ab8d ab8c a38c a38c a36c a36c a36c a34c 9b4b 9b4b 8aeb 7269 7a8a 82cb 8b0b 9b2b 9b2c 9b2c 9b2c 9b2b 9b2b 9b2c 9b2c 9b2c 9b4c 9b6c 9309 7a86 8b46 8b66 8b44 8b44 9385 9385 9385 9385 9385 9385 8305 b44b d550 bc4c bc2b bc0c b3eb 9349 ddb2 ee13 ee13 ee33 ee33 ee33 ee33 e633 e633 e633 e633 e633 e633 e633 ddd2 ac4c d571 e614 e614 e633 e5f3 b48d c50f ee34 ee33 ee33 ee33 ee33 ee33 ee33 ee33 ee33 ee33 ee33 ddd2 d591 e5f3 e614 e614 e614 e614 ddd3 ddd3 e614 e614 bcce c530 ddd3 ee13 ddb2 a3eb b46e 934a a3ab 9328 bc8e c532 4184 1040 0820 0820 1060 49e3 8365 8ba5 8b85 9385 8b44 7ac3 72a3 8304 8b65 8b86 8324 72a3 7b05 7ae3 8b65 9385 9384 9384 8b85 7b05 5a25 5aa9 5aa9 5269 4a28 5288 630a 6b2a 6b4a 6b4a 6b2a 6b2a 6309 62e9 62e9 62e9 5ac9 5ac9 5aa9 5a89 4a27 4a28 4a28 4a28 4a28 4a28 4228 4208 4207 4207 4207 41e7 4208 4208 41e8 41e8 41e8 39e7 39c7 39c7 39c7 39c7 41e8 4208 41e8 41e8 4208 4209 4209 4209 4209 4229 4a29 4a29 4a29 4a4a 4a4a 4a6a 528b 528b 528b 5aab 5aab 5aab 528b 5aab 5acb 62ec 6b2d 734d 83cf 9450 9450 8c30 7bcf 62ec 5acb 7bae 9450 9cb1 a4f2 a4d1 bd72 cdf2 c5d0 cdcf cdcf cdce cdcf d5ef d5ef cdcf cdcf cdcf cdef d5f0 ce10 ce11 cdf1 a4ef 6b29 5aa8 5267 5287 62c8 6b09 6b08 6b28 6b09 7b8d 8c11 8c12 ad15 ce38 e6da e6fa ef19 ef19 f718 f6f8 f6d7 f6b7 f696 f696 ee75 ee55 ee35 ee14 edf4 edd4 edb3 e592 e572 e532 e511 dd11 dcf0 dcf0 dcf0 dcf0 dcd0 dcd0 dcd0 dccf d4af d4af d48f cc4f cc4e cc2e c40e c40d c3ed bbcc bbcc bbcc bbed bbed b3ac b3ac b38b b38c bbed c40e cc4f cc4f cc4e cc2e c40d cc0e c40d bbed bbac bbac bbac b38c b38b b36b ab6b ab6a 
bbee bbee b3ce b3ad abad abad ab8c ab8c ab8c abad abad abad ab8c a3ac a38c a36c a36c a36c a36c 9b4b 932b 82a9 6a48 7aaa 8b0b 932c 9b2c 9b2c 9b2c 9b2c 9b2c 9b2c 9b4c 9b4c 9b4c a36d a36d 9b6c 8ae8 7aa5 8b26 9365 9384 9384 9385 9385 9385 9385 9385 8b66 9367 cd0f c46d bc2c bc2c bc0c 9b69 ccef ee13 ee33 ee33 ee33 ee33 ee33 e633 e613 e5f3 e613 e613 ee34 e613 bcce bcce e5f3 e614 e613 e613 d591 b46d ddd2 ee33 ee33 ee33 ee33 ee33 ee33 ee33 ee33 ee34 ee33 ee33 ddd2 b4ae bccf d5b2 e5f4 e613 de14 bccf bcf0 ddd3 cd72 a42c 8329 bcaf e5f3 d550 ac0c 9b6a a38a b40c 9329 ac2d cd52 41c5 1040 0820 0820 0840 3121 7305 8b85 8b85 8b65 72c2 7ac3 8b45 9385 8b65 7ae4 6aa3 7b04 7283 7ae3 9385 9385 9385 8b85 7b45 5a43 62a7 62c9 5ac9 5289 4a27 5a88 62e9 6b09 6b2a 6b2a 6b29 6b09 62e8 62c8 62c8 5aa8 5aa8 5aa8 5aa8 5a88 4a47 4a27 4227 4207 4206 4207 4207 41e7 41e6 4207 4207 41e7 4207 4207 4207 4207 4207 4207 4207 39e7 39e6 41e7 4207 4207 39e7 39e7 39e7 39e7 39e7 39e7 39e7 4207 4208 4208 4228 4228 4a29 4a48 4a49 4a49 4a69 5289 528a 528a 528a 52a9 52a9 5aca 62eb 62ea 736b 83cc 83cc 7bcc 736c 528a 528a 738d 8c4f 9cb1 ad12 a4b0 acf0 ad0f a4cc a48a a48a a48b a48b acac a48b 9c6a 9c4a a48b a4cc acec b52e b54f bd70 bd92 840d 5ac9 5aa9 5a88 62a8 6b08 6b28 6b28 6b2a 944f bdb6 ce18 de99 e6da eefa ef1a ef19 f719 f718 f6f8 f6d8 f6b7 f6b7 f697 f676 f656 ee35 ee14 edf4 edd3 edb3 e572 e552 e531 dd11 dd11 dcf0 dcf0 e510 e4f0 dcf0 dcf0 dcf0 dcd0 dcaf d4af d48f d48f d46f cc4e cc2e c40d c3ed bbcd bbed bbcc bbed bbec bbcc bbac b3ac b3ac bbcd c40e cc4f cc4f d44e d44e cc0d cc0d c3ed bbcc bbac bbac bbed bbcc bbac b38b b38b b36b 
b3cd b3cd b3ad ab8d ab6d ab6d a36c ab8d ab8d ab8d ab8d ab8d a38c a38c a36c 9b4c a36c a36c 9b6c 9b6c 932c 7a89 6228 7aca 8b2c 934c 9b4c 9b2c 9b0c 9b0c 9b2c 9b2c 9b4d a36d a36d a36d a36d 9b4c 934b 7aa8 6a65 8b46 8b85 9385 9384 9384 9385 9385 9385 9386 8325 b44b ccee bc2c bc2c bc2c abca ac0b e5f3 ee33 e633 e633 ee33 ee33 e613 c50f ac2c bcae ddb2 ee14 cd30 b46d ddd3 e613 e613 ee34 e613 bcae bccf e613 ee34 ee33 ee33 ee33 ee33 ee34 ee33 ee33 ee34 ee34 ee34 ee13 ddd2 c50f b48d b4ae bcef c510 9beb 8b6a ac4d a44d b48e 9bec bccf e5d3 c4ce 9b49 9b49 bc0c bc0c 9b29 ac0c bcf0 3943 1860 1040 1020 0840 1880 5a24 8b66 8b85 9384 8b44 8b65 9385 8b44 72c3 72c4 7b25 6a83 72a3 8b65 9385 9385 9385 8b65 6aa4 5a65 62e9 62e9 630a 5ac9 4a27 5267 62c8 62e9 6b09 6b09 62e9 62c8 5ac7 5aa7 5aa7 5287 5267 5267 5267 5267 4a26 4206 41e6 41e5 39e5 39e5 39e5 39e6 39c6 39c5 39c5 39c5 39c5 39c5 39c5 39e6 39e6 39e6 39e6 39e6 39e6 41e6 41e6 41e6 39e6 39e6 39e6 39e6 4207 4207 4207 4207 4227 4227 4227 4a48 4a68 4a68 5268 5269 5289 52a9 5aca 62ea 62ea 62ea 62ea 62ea 6b0a 6b09 83ca 944c 944c 944d 738b 5289 528a 7bad 9450 9cb0 ad11 9caf 944d 9c8d a4cc a48b 9c6a 9c6a 9c2a 9c2a 9409 8be9 8be9 9409 9409 9429 942a 942b 944b 9cad 840c 5aa8 5aa9 5a88 62c8 7349 7b8a 7baa 7b8b a4d1 deb9 e6fa ef1a ef1a ef1a ef1a ef1a f71a f719 eef8 f6d8 f6d8 f6b7 f6b7 f696 f676 f635 ee14 edd4 e5b4 edb3 e573 e552 e532 e511 e511 e511 e511 e511 e511 dcf0 dcf0 dcf0 dcd0 dcb0 dcaf dcaf d48f d48f d46f cc2e c3ed bbcd c3ed c3ed bbcd bbed bbed bbec bbac bbac bbcc bbcc c3ed cc2e cc4f d46f d46f cc2e cc2e cc2e bbed bbac bbac c40d c40d bbcc bbcc b3ac b3ac 
930b 8b0b 82ea 82ea 82eb 82eb 82eb 830b 830b 830b 830b 830b 82eb 7aca 7289 7289 7289 7289 7289 72a9 6a89 5a28 51e7 6249 6a89 6a89 6a69 6a69 6a69 6a69 6a69 6a89 728a 72aa 72aa 72aa 72aa 72aa 72ca 72aa 6247 5a25 7b06 8366 8b86 8b85 9384 9385 9385 9385 9365 8b26 b44b bc4c bc2c bc2c b42b 9b69 d551 e633 e633 e633 e633 ee13 ddd2 a3ec cd51 c4cf ac0c d551 b44d cd51 e614 ee34 e613 e613 d591 b44d ddb2 e614 e633 ee33 ee33 ee33 ee33 ee33 ee33 ee33 ee34 ee34 ee34 ee13 ee13 e613 e613 ddd2 ddb2 d591 b46d c4ef ddf3 e613 e613 e5f3 e5b2 dd71 b40b 9308 b3cb bc0c bc0c 9b28 ac0c ac6e 28e2 3942 41a3 28c1 1860 1860 3101 72a5 9386 9385 9385 9385 8303 7ac2 8304 8325 7282 72c3 8b65 9385 9384 9384 8b85 72e5 5224 62a8 62e9 630a 6b2a 62ea 4a27 5288 5ac8 62c9 62e9 62c8 5ac8 5aa8 5aa7 52a7 5287 4a67 4a46 4a46 4a47 4a47 4a47 4a47 4a27 4226 4206 4206 4206 41e6 39e6 39c5 39c5 39c5 39c5 39c5 39c5 39c5 39c5 39c6 39c6 39c6 39c6 39c6 39c6 39c5 39c5 39c5 39c5 39c6 39e6 39e6 39e6 4207 4207 4207 4207 4227 4227 4a48 4a68 4a68 5288 52a9 5ac9 5ac9 62c9 62e9 62e9 630a 6b2a 6b29 8c0b 946c 9c8c 9c6d 736a 5269 526a 7bad 944f 9cb0 b532 a4af 944c 9c8c a4ab a4ab a4ab a4ab 9c8a 9c6a 9c6a 9c6a 9c4a 9c4a a46a 9c8a a4ab a4ac a4ac 9c8c 7bca 5266 4a67 5287 62c8 7b6a 7baa 7baa 83cb b552 e6d9 e71a ef1a ef1a ef1a ef1a ef1a f71a f719 eef9 eef8 eed8 eeb8 eeb7 ee97 ee76 ee35 ee14 e5d4 e5b4 e5b3 e573 e552 e532 e531 dd11 dd11 dd11 e511 dcf0 dcf0 dcd0 dcd0 dcb0 dcb0 dcaf dcaf d4af d46f cc6f cc4e c40d c3ed c3ed bbed bbcd bbed c3ed bbed bbcc bbac bbcc bbac bbcc c40e cc4e cc6e d46f d46e cc6e cc4e c40d bbcc bbec c42d cc4e c40d bbec bbcc bbcc 
6248 6228 6229 6248 6269 6269 6269 6269 6249 6249 6249 6249 6229 5a29 5a28 5a28 5a28 5a28 5a28 5a28 5208 5208 5208 5208 5208 5208 5208 5208 51e8 51e8 51e8 51e8 51e8 51e8 51e8 51e8 51e8 51e8 5208 5208 5208 4a07 5205 6285 7b26 8b66 9385 9385 9385 9385 9385 8b45 8ae5 abea bc2b bc2b bc2b a3aa b44c e5f3 e633 e633 e633 e5f3 bcce c4f0 e5f4 e5f4 b44d 9bcb bcae e5f3 e614 e633 ee13 e612 b48d cd0f ee14 ee34 ee33 ee33 ee33 ee33 ee33 ee33 ee33 ee33 ee33 ee33 ee33 ee33 ee13 ee13 ee13 ee13 ee13 e5f3 bc8e dd91 e613 ee13 ee13 ee13 e5b2 c4ae 9328 a3aa bc0c bc0c c40c b3cb bc6e 93ab 28c1 5204 7b27 6244 51e4 4183 3921 59e2 8b66 9385 9385 9385 8b44 9365 8b65 7ac3 8303 9365 9385 9385 9384 9384 8345 5203 5246 62c9 62ea 6b0a 6b2b 62e9 4a26 5247 5267 5267 5267 4a47 4a26 4a26 4a46 4a46 4a26 4226 4226 4226 4a26 4226 4a26 4a27 4a27 4a27 4a26 4226 4206 4206 4206 39e6 39e6 41e6 4206 39e6 3a06 39e6 39e6 39e6 41e6 39e6 4206 39e6 39e6 39e6 39e6 39e6 39e6 39e6 39e6 39e6 4207 4207 4207 4227 4207 4227 4227 4227 4a47 4a47 4a67 5267 5287 5288 5a88 5aa8 62c9 62e9 62e8 6b28 8bea 944b 944b 942c 7329 5269 526a 7bad 944f a4b0 b572 a4ef 944c 9c4b 944a 9c6a 9c6a 9c6a 9c6a 9c6a 9c6a 9c6a a46a a46a a46a a48b a4ab a4cb a4ab a4ac 8c0b 5aa7 5247 5288 6b09 7b8a 83aa 83eb 83cc b553 e6f9 ef1a ef1a ef1a ef1a ef1a ef1a f71a f719 eef9 eef9 eef9 f6f9 eeb8 ee97 ee76 ee35 e5f4 e5d4 e5b4 e593 e552 e552 e531 dd31 dd11 dcf0 dcf0 dcf0 dcf0 dcf0 dcf0 dcd0 d4b0 d48f d48f d4af d4af d46f cc6f d46f cc4f c42e c42e c40d c3ed c3ed c40d c40d c3ed bbcc bbac bbcc bbed cc4e cc6f d46f d48f d48f d48f d48f cc6e c42d cc4e cc6e d48e cc4e c42d c40d c3ec 
5a29 5a29 5a29 5a49 5a49 5a49 5a49 5a49 5a49 5a49 5a49 5a49 5a49 5a4a 5a6a 5a6a 5a49 5249 5249 5a49 5229 5228 5208 5208 5229 5249 5229 5229 4a29 4a29 5229 5229 4a08 4a08 4a08 4a08 4a08 4a08 4a09 4a08 4a08 4a28 4a07 4a06 5225 6ac5 8b65 9385 9385 9384 9385 9385 8b25 82e5 a388 b40a b42b abeb 9b69 cd30 e613 e613 e613 cd30 b48e ddd3 e614 e5f3 9baa 938a d571 e614 e614 e633 e613 d591 ac2c e5d2 ee13 ee33 ee33 ee33 ee33 ee33 ee33 ee33 ee33 ee33 ee33 ee33 ee33 ee33 ee33 ee33 ee13 ee13 ee33 ee13 d591 e5f3 ee13 ee13 ee13 ee13 d530 abca 9b28 b40c bc2c bc2b bc0c bc2c bc6e 7287 28c0 6aa5 8347 72a4 6a84 6a84 6aa4 7b25 8b86 9385 9385 9385 9385 9385 9385 8b64 9384 9385 9384 8b85 9385 8b65 6aa4 49e4 5267 62ea 6b0a 6b2a 6b2a 5ac9 4a06 4a26 4a27 4a47 4a27 4206 4206 41e6 41e6 41e6 41e6 41e6 4206 3a05 39e5 39c5 39e5 39e6 41e6 41e6 41e6 39e5 39c5 39e5 39e5 39c5 31c5 39c5 39c5 39c5 39c5 39e6 39e6 39e6 39e6 39e6 4206 4206 4206 4206 4206 4207 4207 41e7 39e6 39e6 39e6 39e6 39e7 4207 4207 4207 4207 4227 4a27 4a47 4a47 4a47 4a47 4a47 5247 5268 5aa8 5aa8 5aa7 62c7 7368 8bea 83c9 7ba9 6b2a 5a89 526a 7bad 944f a4b0 bd92 b530 944b 8c0a 8be9 8be8 8be8 8be8 8be9 8c09 9429 9c4a a46a 9c6a a46a a48b a4ab a4ab a4ab a4ac 8c0b 62e8 5247 5288 7349 83ab 8c0b 946d 83ec b573 e6f9 e71a ef1a ef1a ef1a ef1a ef1a ef1a ef1a ef1a f73a f73a f71a eefa eed9 eeb8 ee77 e615 e5d4 e5b3 e593 dd52 dd31 dd11 dd11 dd10 d4f0 dd11 dd11 dcf0 dcf0 dcf0 dcd0 d4d0 d4b0 d48f d4af dcb0 d4af d46f d48f d48f cc6f c44e c42e c40d c40d c40d c42e c42e bbed bbcc bbcc bbcd cc4e d48f d48f d4af d4af d4b0 d4af d4af d4af d4af d48f d48e cc6e cc4e cc2d c40d 
5249 5249 5249 5249 5a49 5a49 5249 5249 5249 5249 5249 5a69 5a49 5a49 5269 5249 5228 5228 4a28 4a28 4a28 4a07 4a07 4a07 4a08 4a07 49e7 41e7 41e7 41e7 41e8 41e8 41e7 49e7 49e7 41e7 41e7 49e7 4a08 4a08 4a08 4a08 4a07 4a06 41e5 41a3 6264 8346 8b85 9384 9384 9385 9365 9346 82e5 82e5 8b27 9b89 8b28 9369 d5b2 ddf3 c50f b48d ddb2 e614 d591 bcae a3eb d571 e613 ee13 ee33 ee33 e5f3 b4ad cd50 ee13 ee13 ee33 ee33 ee33 ee33 ee33 ee33 ee33 ee33 ee33 ee33 ee33 ee33 ee33 ee33 ee33 ee33 ee33 ee33 ee33 ee33 ee33 ee33 ee13 ee13 e5b2 bc6d 9b28 abaa bc0c bc0b c42b c42b bc4c a3eb 4122 30e1 72e6 8b66 8b66 8b46 8b66 8b66 8b66 7ae4 7b03 8b85 9385 9385 9385 9385 9385 9385 9385 8b85 8b85 8b65 6ac4 49e3 5226 5267 62ea 6b2b 6b2a 736b 62c9 4a26 4a27 4206 41e6 41e6 39c6 39c6 39c6 39c6 39c6 39e6 39e6 39e6 39c6 31c5 31a4 3184 3185 31a5 31a5 31a5 31a5 31a5 31a5 39a5 31a5 31a5 31a5 31a5 31a5 39a5 31a5 39c6 39c6 39c6 39c6 39c6 39c6 39c6 39c6 39c6 39c6 39c6 39c6 31a6 31a6 31a5 31a5 31a6 31a6 31a6 31a6 39c6 39c6 39e7 41e7 4207 4207 4207 4207 4a07 4a27 5268 5a87 5267 5ac7 6b07 7368 6b47 6b28 6b0a 62eb 5a8a 83ce 944f a4d0 bdb3 b571 942b 83c9 7b67 7b87 8be9 942a 9c4a 942a 9409 9409 9409 9409 9409 9409 9429 9449 944a 8c0a 7b89 62c7 5246 5aa8 6b29 8beb 9c6d 9cae 83ec b573 ded9 e6fa e71a ef1a ef1a ef1a ef1a ef1a ef1a ef3b ef3b f75b f73b ef3b ef1b ef1a eef9 e677 ddd4 dd93 e593 dd52 dd31 dd11 dd11 dcf1 dd11 dd11 dd11 dcf0 dcf0 dcf0 dcf0 d4d0 d4b0 d4d0 d4cf d4b0 d4af d48f d48f d4b0 cc8f cc6f cc6f c42e c42e c42e c42e c42e c40d bbed bbed bbed cc6f d4b0 d4b0 d4d0 d4b0 d4b0 dcd0 dcf0 dcf0 d4af cc8e cc6e cc6e cc6e cc2d c40d 
6b2b 6b2b 732b 732b 732b 6b0b 6b0b 62ea 62ca 62ca 62ca 62ca 5aaa 5aaa 5a89 5289 5a8a 5aaa 5aaa 52a9 5289 5289 5269 5248 4a48 4a48 4a28 4a07 4207 4207 4a08 4a08 4a08 4a08 4a08 4a08 4a08 49e7 41e7 41e7 41e7 41e7 41e7 41e7 41e7 41e6 41c4 5224 7b26 8b85 9385 9384 9385 9385 9386 8b45 8305 8306 7ac5 7284 9bca ac6d b4ae d5b2 ddd2 bcce b4ae cd50 e5f3 ee13 ee13 ee33 ee33 e613 c4ee 8307 c530 e5f3 e613 e633 ee34 ee33 ee33 ee33 ee33 ee33 ee33 ee33 ee33 ee33 ee33 ee33 ee33 ee33 ee33 ee33 ee33 ee33 ee33 ee33 ee33 ee13 e5b2 c48e a369 a369 bc0c bc0c c42c bc2b bc2b b3eb 82e7 4982 4161 8346 9386 8b65 8324 7ae3 72a3 72a3 7b04 8b45 8345 8324 8b85 9385 9385 93a5 93a5 9385 8b85 8b85 6ac3 49e3 5226 5267 4a68 630a 736b 6b4a 736a 5ac8 4a47 5267 4a47 4227 4207 39e7 39c6 39c6 39c6 39a6 31a5 39a6 31a6 31a5 3185 3185 2984 3184 3184 3184 3184 3185 3185 3185 3184 3184 3185 3185 3185 3185 3185 3185 31a5 31a5 31a5 31a5 39a6 39a6 39a6 31a6 31a6 31a6 31a6 31a6 31a6 31a6 31a5 31a5 31a5 31a6 3185 3185 3185 31a6 31a6 31a6 39a6 39a6 39a6 39c6 41e6 4a07 5247 5247 4a46 5a87 5ac7 5ac6 5ac6 62c7 62e9 7bae 62eb 83ce 9450 a4d0 c5d3 bd70 8c0a 83c9 7b68 7b47 7b68 7b88 7b67 7b67 83a8 8bc8 8be9 93e9 9409 9409 8c09 8be8 83a8 7b68 6b08 62c7 5267 5aa7 6b29 8c2c a4ef 9cce 83cb ad32 d678 deb9 e6fa e71a e6fa deb9 de99 e6da e6fb e6fb deda deda e6da e6fb deda e6da deb9 d5f6 cd94 cd74 d573 d553 d532 d512 d4f1 d512 dd12 d512 d512 dd11 dd11 d4f0 d4f0 d4d0 d4d0 d4d0 d4d0 d4af cc8f cc8f d4b0 d4d0 cc8f cc8f cc8f cc6e c44e c44e c42e c42e cc4e c40d c40d c42e d48f d4b0 d4b0 d4d0 d4af d4b0 dcf0 dcf0 dcf0 d4d0 d4af cc6e cc6f d48f cc6e cc4e 
6b0b 6b2b 6b2b 732b 734b 6b2b 6b0a 62ea 62ca 62ca 62ca 62ca 62ea 62ea 62ca 62ca 62ea 5aea 5aca 5aaa 5aaa 5aaa 5aaa 5aaa 5a8a 5289 5289 5a8a 5aaa 5aaa 5aaa 5a8a 5a89 5a89 5a89 5a89 5a89 5269 5269 4a48 4a28 4a28 4a49 5249 5269 5248 4a07 41c5 5224 7b26 8b86 9385 9385 9384 9384 9384 9385 9365 9366 8b26 72a5 b48d ddd3 d5b2 bccf cd30 ddf2 e613 ee33 ee33 ee33 ee33 ee33 ddd2 ac4c 9369 ac4c cd30 e613 e634 ee34 ee34 ee34 ee33 ee33 ee33 ee33 ee33 ee33 ee33 ee33 ee33 ee33 ee33 ee33 ee33 ee33 ee33 ee33 ee13 ee13 e5b2 c4ae a38a 9b28 b3eb bc0c bc0c bc2c bc2c b40b 8b07 8305 7b05 6262 8b65 9385 8304 7ae3 7b04 8305 8326 8305 7ac4 72a2 8303 8b65 9385 9385 9385 8b85 8b85 8345 6aa4 5203 5246 5a87 5268 5268 632a 7bac 7b8b 7bab 5aa8 5267 5268 5268 4a68 4a48 4a48 4a48 4a48 4a28 39e6 39e6 4207 4207 4206 39e6 39e6 39c6 39c5 31c5 31a5 31a5 31a5 31a5 3184 3184 3184 3184 3184 3184 3184 3184 3185 3185 3185 3185 3185 3185 3185 31a6 31a6 31a6 31a5 31a5 31a6 31a6 31a6 31a6 31a6 31a6 31a6 3185 3185 3185 3186 3186 3186 31a6 39a6 39a6 39c6 41c6 4206 4a27 4a26 4a26 5246 5266 5286 5a86 5a87 62ea 83ef 6b0c 83ce 9450 a4d0 c5d3 bd50 8c0a 7b88 7b68 7348 7348 6b28 7347 7b88 83a9 7ba9 83a9 8388 83a9 83c9 83e9 83c9 7368 7328 6b08 5aa7 5a87 5ac7 7369 946c acee 9cae 7bab 946f ad13 bdb5 ce58 ce58 c5d7 b554 a4f2 ad34 bdb6 bd96 a513 9cb2 9cd3 9cd3 9cd3 9cd3 9c92 9410 9410 9430 940f 93cf 93cf 9bce 9bef ac30 b471 b471 b450 b470 bc50 b42f ac2e b42e b42f b42f b42f b42e b40e b42e b42f bc4f bc4f bc6f c470 bc4f bc4f c46f bc4f bc4f c46f bc4f bc2e bc4f c46f c490 cc90 ccb0 cc90 ccb0 d4d1 d4d1 d4d1 ccb0 cc8f c44f c44f c44f c44f c44e 
6b0b 6b0b 6b0b 6b0b 6b0b 62ea 62ea 62ea 62ca 62c9 62ca 62ca 62ea 62ea 62ea 62ea 62ea 5aca 5aca 5aca 5aca 5aaa 5aaa 5aca 5aaa 5aaa 5aaa 5aaa 5aca 5aca 5aca 5aca 5aca 5aaa 5aca 5aca 5aaa 5aa9 5289 5269 4a48 4a48 4a49 4a49 4a69 4a48 4a28 41e7 41e5 5245 7306 8387 8b86 9385 9385 9384 9384 9385 9385 8326 9bca ddf3 e614 c50f d591 e633 ee33 ee34 ee33 ee33 ee33 ee33 ee33 d591 c4ce ac4c c50f ac6d ddf3 e614 e614 e634 ee34 ee33 ee33 ee33 ee33 ee33 ee33 ee33 ee33 ee33 ee33 ee33 ee33 ee33 ee33 ee33 ee33 ee13 e5b2 c4ae a38a 8ac7 abab bc0c bc0c bc0c bc0c b3eb 9327 82e5 8b65 8b85 8b65 93a5 9385 8b65 8304 7ae4 72c3 7283 72a3 7b04 8b65 9385 9384 9384 9385 8b85 8b86 7b05 5223 49e3 4a25 5a86 5aa8 5288 5267 630a 7bac 7bcb 83eb 62c8 5a88 5288 5268 5268 5268 5288 4a68 4a68 4a68 4207 4207 4227 4227 4207 4207 4227 4207 4206 3a06 39e6 39e6 39e6 39c5 39c5 39c6 39c5 39c6 39e6 39c5 39c5 31c5 31a5 31a5 31a5 3185 3185 3185 3165 3185 3185 3185 3185 3185 3185 3185 3186 3186 3185 3185 31a6 2965 3165 3186 3166 3186 3186 3165 3186 39a6 39c6 41e6 4207 4227 4206 4206 4a26 4a26 4a46 5267 5288 630b 7bcf 6b2c 7bae 944f acd0 cdd3 bd50 940b 83a9 7348 5a87 5266 5266 5266 5aa7 5ac8 62c8 62e8 62c8 62c8 62e8 6308 62e7 5ac7 62e8 62e8 5287 5287 5ac8 7ba9 9c6c a4ee 9c8e 7b8b 9470 ad34 b555 b575 b575 ad35 a4f4 a4d3 a4d3 a514 9cd3 8410 736e 734e 734e 6b4e 6b4e 6b4e 6b2e 732e 734e 6b2d 6b0d 6aed 730d 730d 72ec 730c 72ec 6acb 72cb 72cb 72ab 72ab 72ab 72cb 72cb 72cb 72ab 72aa 72ab 72ab 72cb 72cb 7aec 830c 830b 830b 8b2c 8b2c 8b4c 8b4c 8b2c 8b4c 936c 936d 938d 9bad 9bad 9bae 9bae 9bae a3ce a3ce 9b8e 934c 8b2b 8b0b 8b0b 8b0b 8b2b 
62ca 62ca 62ca 62ca 62ca 5aaa 5aaa 62aa 5aaa 5aa9 5a89 5aa9 5aaa 5aaa 5aca 5aaa 5aaa 5aaa 5aa9 5aaa 5aaa 5aaa 5a89 5aaa 5aaa 5aaa 5aaa 5aaa 5aaa 5aaa 5aaa 5aca 5aca 5aca 5aa9 5aa9 5aa9 5a89 5289 4a68 4a28 4a28 4a28 4a49 4a49 4a28 4a08 41e8 41e7 41e6 4a05 5a86 7306 8386 8ba6 8ba5 8ba5 8b85 9385 8b46 bcce e613 e613 e613 ee34 ee33 ee34 ee34 ee33 ee33 ee13 ee33 ee33 ee13 ddb2 bcce d591 9beb cd71 c530 bccf c530 ddd2 e633 ee33 ee33 ee33 ee33 ee33 ee33 ee33 ee13 ee13 ee33 ee33 ee33 ee33 ee33 ee13 dd51 c46d 9b6a 6a05 8b4a abec bc0c bc0c b3eb a389 8ae6 82e5 9365 9385 9385 9385 93a5 9385 8b64 7ac3 82e4 8324 8b45 8b85 8ba5 93a5 9384 9385 9385 8b85 8366 6aa4 4a03 41e4 4a26 5266 5287 5aa8 5288 4a67 6309 7bac 83ec 8c0c 6b09 5aa8 5aa8 5268 5268 5268 4a68 4a68 4a48 4a47 4a27 4207 4a27 4a27 4206 4206 4227 4227 4206 4206 41e6 41e6 41e6 39c6 39c6 4206 4206 4206 4206 4206 4206 4206 39e6 39e6 39e6 39e6 39e6 39c6 39c6 39c6 39c6 39c6 39e6 4206 41e7 39e7 39e7 39e7 39a6 39c6 39c6 3185 3186 31a6 31a6 39a6 39a6 39a6 39a6 39a6 39c6 39e6 41e6 4206 4205 4a26 4a26 4a26 5267 5267 5aa8 6b0b 736d 6b4c 83ae 942f acd0 c5d3 bd50 944c 7b49 5aa7 4a27 4a07 41e7 41e7 41e6 41e6 41e6 4207 4207 4a27 4a47 4a47 4a46 4a46 4a47 4a47 4a47 5267 5ac8 7ba9 9c8c ad0e 9c8d 7b8b 9470 ad34 ad34 ad35 ad15 ad15 a4f4 a4d4 a4d4 9cb3 9c72 8bf1 734e 62ed 62cc 5acc 5acc 5acc 5aac 5aac 5aac 5a8b 528b 528b 5aac 62cd 62ac 5aab 5a8b 5a8b 5a6b 5a6b 5a6b 626b 5a6b 628b 628b 628b 628b 628b 628b 628c 628c 628b 5a8b 5a6a 5a6a 624a 626a 6a8a 6a8a 6a8a 628a 628a 6aaa 6aab 6aab 72cb 6acb 6aab 6acb 6aab 6aab 6aab 6a8b 626a 626a 626a 626a 626a 626a 
62ea 62ca 62a9 62c9 62c9 62a9 62a9 5a89 5a89 5a68 5268 5268 5a69 5a69 5a69 5a89 5a69 5268 5268 5268 5268 5248 5248 5248 5248 5248 5248 5248 5248 5248 5268 5248 5268 5268 5268 5268 5248 4a28 4a27 4a28 4a28 4a28 4a08 4a08 4208 41e7 41c7 39c7 39c7 41e7 4207 4a27 4a26 5a45 72e7 8347 8387 8b87 8b66 8347 c50f e613 e613 ee13 ee13 ee33 ee33 ee34 ee33 ee33 ee13 ee13 ee13 ee13 e613 e5f3 ddd2 9bca ac4d cd71 d591 c50f b48d cd70 ee13 ee33 ee33 ee33 ee33 ee33 ee33 ee33 ee33 ee33 ee33 ee33 ee13 e5b2 cd0f b42d 8b29 4163 2080 3123 51c4 7286 82e7 82c5 82c4 8b05 8b65 8b85 9385 9385 9384 9385 8b84 8b84 9365 9365 9385 9385 9385 9385 9384 9385 9385 8b86 7b26 6265 5a66 5246 4205 4a46 5267 5287 5aa8 52a8 5267 6b2a 7bab 83ec 8c2c 6b49 6b09 6b29 62e9 52a8 5267 4a67 4a67 4a47 4a47 4a47 4206 4a26 4a26 4a26 4a26 4a27 4a26 4226 4226 4206 4206 4206 39e5 39c6 4206 4206 4206 4226 4226 4227 4227 4227 4226 4226 4226 4206 39e6 4206 4206 4206 4226 4a27 4a27 4a27 4a27 4a27 4a27 41e6 4207 41e6 39c6 39c6 39c6 41e7 4207 4207 4207 4207 39e6 41e6 4207 4a27 5267 62e8 7369 7368 6b48 8c2b 8c2b 83cb 7b8c 7b8d 7bae 83ce 942f acf0 c5d2 bd70 a48e 734a 5268 5248 4a48 4a28 4a27 4207 4207 41e7 41e6 41e6 4207 4227 4227 4247 4226 4226 4206 4a47 5267 5aa7 7b89 9cac ad0d 9c8d 83ab 9470 a4d2 9c92 9c92 9c92 9c92 9c72 9451 9431 8c30 8c10 8c10 83af 732d 62ec 62cc 62cc 62cc 62cc 62cc 5aac 5a8b 526a 526a 528b 5a8b 5a8b 5a8b 5a8b 5a8b 5a6b 526a 526a 5a6b 5a8b 5a8b 5aac 62ac 5aac 62ac 6aed 6b0d 6b0e 6b0d 6b0d 6aec 6acc 6acc 72ec 72ec 6acc 6aab 6aab 62ab 6aab 6aab 6aab 6aab 6aab 628b 62ab 628b 628b 628b 626b 626a 626a 5a4a 5a4a 5a2a 5a4a 
7b6c 7b6b 838c 838b 7b6b 7b6b 7b6b 7b4b 734a 732a 732a 732b 732b 732b 732b 734b 732b 6b2a 6b0a 6b0a 62e9 62c9 62a9 62c9 62c9 62c9 62c9 62a9 5aa8 5aa8 62c9 5aa8 62a8 62e9 62e9 62c9 62c9 5a88 5a89 5a89 5a89 5268 5248 5228 4a28 4a28 4a28 4a08 4208 4207 4a28 4a48 4a68 5247 5247 5a66 6aa7 7b08 7b07 72c7 b4ce e614 ee34 ee14 ee14 ee33 ee33 ee33 ee33 ee33 ee33 ee13 ee33 ee13 ee13 e613 e613 d5b2 bcef ac4d ddd2 e613 ddd2 ddd2 ee33 ee33 ee33 ee33 ee33 ee33 ee33 ee13 ee33 ee13 edf3 e5d2 d530 bc8e a3cb 7287 3902 1040 0840 0840 20a0 51c3 8306 8b46 9365 9365 9364 9385 9385 9384 9385 9385 9385 9385 9385 9385 9385 9384 9384 9384 9385 9386 8366 7306 6285 62a7 62c9 5288 4226 4226 5267 5aa7 5aa8 5aa8 5288 6b4a 7bcb 840c 8c2c 6b49 6b29 736a 6b4a 6309 5ae8 5ac8 5ac8 5287 52a7 5287 4a46 5267 5267 5287 5267 5267 5267 4a67 4a46 4a26 4a26 4a26 41e5 41e5 4205 4206 4226 4226 4a26 4a26 4a26 4a46 4a46 4a26 4a26 4206 41e6 4206 4226 4226 4a26 4a46 4a46 4a47 4a27 4a27 4a27 4206 4a27 4227 4206 41e6 4206 4207 4a27 4a27 4a48 4a68 4207 4207 4227 4a27 5a87 7369 8c0a 83e9 83e9 b54e bd90 ad30 83cd 83cd 83ee 83ce 942e ad10 c5f2 b530 9c6e 83cc 62ea 62ea 62ea 5aea 5aca 5aca 5aca 5ac9 5289 5289 5289 52a9 5289 5268 4a48 4a47 4a27 5247 5267 62e8 83a9 a4ac ad0d 9c8c 83cb 944f a4b1 a4b1 a4d2 a4f3 ad13 acf3 a4b2 9c92 9471 8c30 9c91 9c92 9471 8bf0 83cf 7b8f 7b8f 83af 7b8f 734e 6b2d 6b2d 6b2d 736d 6b4d 6b2d 6b2d 6b2d 6b2d 6b0c 630c 630c 6b0c 6b2c 6b2d 6b2d 6b2d 6b2d 6b2d 6b2d 734e 734e 6b2d 6b2d 6b2d 6aec 72ec 72ec 6acb 62ab 626a 626a 626a 628a 626a 626a 626a 5a6a 5a6a 5a6a 5a49 5249 5229 5a29 5a49 5a29 5229 5229 5229 5229 
83ec 8bec accf ad0f 9c6c 942b 8beb 8beb 8beb 8beb 8bcc 8bcc 8bec 8bec 8bec 8c0c 8bec 83ec 83cb 83eb 83cb 7b8a 7b8a 7b8a 7b6a 7349 7349 7349 7349 7349 7349 7329 7349 7b8b 7b8b 7b8a 734a 6ae9 6ae9 62e9 62e9 5aa9 5a89 5268 5268 5289 5268 5248 4a48 4a48 4a48 4a69 5289 5289 5269 5a88 62a8 836b a48f 9c0d ac8e e614 ee13 ee33 ee34 ee13 ee33 ee33 ee33 ee33 ee13 ee13 ee33 ee33 ee33 e613 e613 e614 e613 bccf b48e e613 e613 e633 ee33 ee33 ee33 ee33 ee33 ee13 ee13 ee13 edf2 e591 d530 c48d abec 8309 51a4 2080 1040 0840 0840 1060 4142 7ae6 9366 9385 9384 9384 9384 9385 9385 9385 9385 9385 9385 93a4 9385 9385 9385 9385 9384 9385 8b66 7b06 6285 62c7 62e8 62e9 62ea 5288 4a26 4206 5246 5aa7 5aa8 5aa8 5267 6b2a 7bab 840b 8c2c 7349 7349 736a 6b4a 6b29 6308 6308 62e8 5ac7 5ac7 5ac7 5286 5ac8 62e8 62e8 5ac8 5ac7 5ac7 5ac7 5aa7 52a7 5287 5286 5266 4a45 4a66 5266 5266 5266 5266 4a66 4a66 4a66 4a66 4a66 4a66 4226 4226 4a46 4a46 4a46 4a46 4a46 4a46 4a47 4a47 4a47 4a47 4a26 4a47 4a47 4a47 4226 4226 4a27 4a27 4a47 5268 4a48 4207 4207 4227 4206 5a86 7369 8c0a 8c0a 83c9 b54e c5b0 b530 7b8b 83cd 8c0f 83ce 942e ad11 c5d3 acef 946e 83ec 736b 736c 736c 736c 738d 738d 7bad 7bad 7b8d 7b8d 7b8d 7bad 7b8d 6b4c 62eb 52a9 5288 5a88 5aa7 7328 8be9 a4cc acec 9c8b 83aa 9c8f ad12 ad12 ad12 b513 b533 b534 b533 ad13 acf2 a4d2 acf2 acf2 a4d2 9c91 9c71 9c71 9c91 9451 8c10 8bef 83ef 8c10 8c30 9450 8c30 8c30 8c30 8c10 8c10 8c0f 83ce 83ce 8c0f 8c30 9430 9430 8c10 83ef 83ae 7bae 7bae 7bae 7b8e 734d 6b0c 6aeb 6acb 6aeb 6aeb 6aeb 6aeb 6aeb 6aeb 6aeb 6aeb 6aeb 6aeb 6aeb 6acb 6acb 62ca 62aa 62aa 62aa 62aa 62aa 628a 628a 628a 626a 
8c0c 942c ad0e c5cf c5af b52e a4ac 9c4c 942c 942c 940c 940b 8c0b 940b 942c 942c 8c0b 940b 940b 8c0b 8c0b 8c0b 942b 942b 940b 8bea 8bea 8beb 8beb 8bea 83ca 8389 83aa 8beb 8beb 8beb 7b8a 7309 6b09 62e9 62e9 62c9 62c9 62c9 5ac9 5aa9 5288 5268 4a68 4a48 4a48 4a68 5289 5289 5289 5289 5a88 5a88 730a 7b29 93cb e614 e613 e633 ee34 ee13 ee33 ee33 ee33 ee33 ee33 ee33 ee33 ee33 ee33 ee33 ee34 ee34 ee14 d571 a3eb e5d3 ee13 ee13 edf3 edf3 edf3 edf2 e5d2 e592 dd71 cd0f c4ae b44d 9bab 82e8 51a4 28c1 1840 1860 20c1 1061 0840 2901 6aa5 8b67 9385 9385 9384 9385 9385 9385 9385 9385 9385 9385 9384 93a4 93a5 9385 9385 9386 8346 7305 6285 5a25 5a87 5aa8 5a88 5289 5269 4a48 4a27 4206 4a46 5aa7 5a88 5aa8 5267 6b2a 7bab 840b 8c2c 7349 7369 738a 7349 6b29 6328 6328 6308 62e8 5ac7 5ac7 5aa6 62e8 62e8 62e8 5ae7 5ae7 5ae7 5ae7 5ae7 5ac7 5ac7 5ac7 5aa6 5286 5aa6 5ac6 5ac6 5ac7 5ac7 5ae7 5ae7 5ac7 5ac7 5ac7 5ac7 52a6 5286 52a7 52a7 52a7 5286 52a6 5aa7 5aa7 5aa7 5aa8 5aa7 4a66 52a8 5ac8 5aa8 52a8 5267 4a47 4a47 4a47 4a47 4a47 4207 41e6 4206 4205 5266 7348 942a 8c09 83a8 b54e c5d0 b550 7bab 840e 8c2f 83cd 944e b531 cdd3 b530 ad30 9c8e 83ec 83ad 83ad 83cd 83ee 83ed 83ed 83ed 83ed 8c0e 8c0e 8c0e 83cd 7b8d 736c 62ea 5a88 5aa8 62e8 7b69 8c2a a4cc acec 946a 83aa 9c8e ad11 ad11 ad11 ad12 b512 b532 b532 b512 b512 ad12 ad12 ad12 ad12 acf2 acf2 a4d2 a491 9c70 9450 9450 9450 9450 9c70 9c70 9c70 9c91 9c91 a491 9c91 9c71 9450 8c0f 942f 9450 9c70 9c70 9c91 9430 942f 8bef 8bce 8c0f 9450 9450 9430 940f 8bce 8bee 8bee 8bee 8bee 83ce 83ad 83ad 7b8d 838d 836c 7b4c 732b 732b 7b2c 7b2c 7b4c 7b4c 7b4c 7b4c 7b4c 7b2c 7b2c 7b2c 
8c0b 9c6c accc bd4d bd4d b54d b52e a48c 942b 8c0b 8beb 8bea 8bea 8bea 8c0b 940b 940b 942b 942b 942b 940b 9c2c 9c4c 9c4c 9c4c 9c4b 9c4b 9c4b 9c4b 9c4b 942a 8bea 8bea 93eb 940b 8beb 838a 732a 732a 732a 734a 736a 7b6b 7b6b 736b 6b2a 5ac9 5aa9 5288 4a68 4a68 5289 5289 5289 528a 5289 5269 5268 5227 5205 7b29 de14 e614 ee13 ee34 ee33 ee33 ee33 ee33 ee13 ee33 ee33 ee33 ee33 ee33 ee33 ee14 ee14 ee14 cd51 9bab ccf0 d510 cd10 ccef ccce c4ce c48d bc6d b42c abcc 936a 7ac8 5a06 3923 2081 1040 1860 28e1 5225 5246 20a1 1880 5a45 8346 9385 9385 9385 9385 9385 9385 9385 9385 9385 9385 9385 93a5 93a5 8b86 8346 7b06 72c5 6265 5a86 62c7 6b09 6b4a 6b0a 62c9 5a89 4a28 4a27 4207 4206 4a67 5aa8 5288 5288 5247 6b0a 7b8b 840c 8c2c 7369 7b8a 7baa 7369 6b49 6b29 6328 6328 62e8 5ac7 5ac7 5aa7 6308 6308 6308 6307 6307 5ae7 62e7 62e7 62e7 5ac7 5ac7 5aa6 5286 5ac6 5ac6 5ae6 5b07 5b07 5b07 5b07 5b07 6307 6307 6307 5ac6 5ac6 62e7 62e7 5ac7 5ac6 5ac7 62e7 62e7 62e8 62e8 6308 5aa7 62e8 6309 6308 62e8 5ac8 5aa8 5268 4a47 4a27 4a47 4206 41e6 41e6 4205 5266 7328 942a 944a 83e9 b54e c5b0 b550 83cc 944f 8c2f 83ed 9c8f bd71 cdf2 bd70 ce13 ce13 a4f0 9c6e 944e 946f 946f 944e 946e 9c6f 9c8f a4b0 9cb0 9c8f 944e 83ed 7bac 6b2b 5aa8 5aa8 62e8 7b89 942a a4cc ad0c 946a 83c9 9cae ad10 ad10 acf0 ad11 b532 b532 b512 b512 b512 ad12 acf2 acf2 ad12 acf2 acf2 acd1 a4d1 a490 9c70 9c70 9c70 9c70 9c70 9c90 9c90 a4b1 a4b1 a490 a491 a4b1 a4b1 a491 a491 a4b1 a4b1 a4b1 a4b1 9c91 9c90 9c70 9450 9c70 9c91 a491 a4b1 9c91 9450 942f 942f 942f 942f 942f 8c0f 8bee 8bee 940e 93ee 8bce 83ad 83ad 8bad 8bad 8bad 8bad 83ad 8bad 8bad 8bad 838d 836d 
83a9 8be9 9429 a489 a4aa 9c8a 9449 8c09 83c9 83a9 8388 8388 83a9 83a9 83a9 8388 83c9 8bea 8bea 8c0a 940b 942b 9c4b a48c 9c8b 9c6b 9c6b 9c6b 9c6b 9c6b 9c6a 9c4a 942b 942b 940b 940b 83ab 7b6a 7b6a 7b6b 7b8b 838b 7b8b 7b8b 7b8b 736a 6b09 5ac9 5aa9 5288 5288 5289 52a9 5289 5289 5289 5268 5248 4a27 5226 6ac8 ddd3 ee34 ee13 ee34 ee33 ee33 ee33 ee33 ee33 ee33 ee33 ee33 ee33 ee13 ee13 ee14 ee14 ee13 b46d 8ae8 9b6a 9b69 9b49 9b49 a369 a369 9b49 9b08 8ae8 6a26 3902 20c1 1881 1060 0840 1880 3942 6285 8347 7b06 4141 4162 7b27 8b86 9385 9385 9385 9385 9385 9385 9385 9385 8b85 8b85 8b65 8345 7b05 72c5 6264 6265 6286 62c8 6ae9 732a 736a 7b8b 7b8b 734b 6b2b 62ea 5288 4227 4206 5267 5ac8 52a8 5267 4a47 6309 7b8b 8c0c 8c2c 7349 7b8a 7baa 738a 7349 6b49 6b28 6328 6308 62e7 5ac7 5aa7 6308 6308 6307 6307 6307 6307 6307 6307 6307 5ae7 5ae7 5ac6 5ac6 5ae6 5ae6 5b06 6307 6327 6327 6327 6327 6327 6327 6327 5ae6 5ac6 6307 62e7 5ae6 5ae6 5ae7 62e7 5ae7 62e7 6308 6308 5aa7 6308 6b29 6b29 6328 6308 5ac8 5288 5288 5267 4a67 4206 41e6 41e5 4205 5266 7327 942a 9c4b 8c09 b52e c5d0 ad30 83ec 946f 8c2f 8c0d b531 c5d2 cdf1 bd6f ce12 ce12 ad0f 9c8e 9c8e 9c8e 9c8e a4ae ad0f b530 ad10 ad30 acef a4cf a4cf 946e 8c2e 7bac 5aa9 5aa8 62c8 7b89 942a a4cb ad0c 946b 83c9 a4ae b530 ad30 ad10 b551 b552 b532 ad11 ad12 ad12 acf2 acf2 acf1 acf2 acf1 acd1 acd1 a4d1 a4b1 a4b1 a4b1 a4b1 a4b1 a4b1 a4b1 a4b0 a4b0 a490 9c90 9c90 9c90 9c90 9c90 a490 a490 9c90 9c90 9c90 9c90 9c90 9c70 9c90 9c90 9c90 a4b1 9c91 9c91 9c50 942f 942f 942f 942f 942f 942f 942f 942f 9430 942f 940f 8bef 93ef 93ef 93ef 93ef 93ef 93ee 8bee 8bce 8bee 8bce 8bcd 
944b 9c6b a48b acaa acca a4aa a4aa a4ab a48b 9c6b 9c6b 9c6b 9c6c 9c8c 9c6b 8c0a 8bea 8bea 83c9 83a9 83a9 8bea 942a 942a 8c09 8be9 8be9 8be9 8c09 8c09 8c09 8c09 8c0a 8c0a 8c0a 8beb 83aa 7b69 7b6a 7b6a 7b69 7349 7349 7349 7329 6b08 5ac8 5a88 5287 5267 4a27 4a27 4a27 4a27 4a47 4a48 4a27 4a27 4a27 4a26 6287 d5d3 ee33 ee13 ee33 ee33 ee33 ee33 ee33 ee33 ee33 ee34 ee33 ee33 ee13 ee14 ee14 ee34 dd92 9349 9b69 a36a 9b49 9b49 a369 ab8a abaa abab b3ab abcc 7a67 2060 20e2 3143 1080 18a0 41c3 7306 8b86 8b85 8b66 72c4 72e5 8367 8b86 8b86 8b66 8b66 8b45 8345 8325 7b05 7ae5 72c4 6aa4 6aa4 6aa5 6285 62a6 6ac7 6ae8 6ae9 6b09 734a 736a 7b8b 83ab 7bab 736a 734b 6b2a 5aa8 4a26 4226 5267 5ac8 52a8 5267 5288 6b2a 7bab 83ec 8c0c 7369 83cb 83cb 7b8a 7369 7369 6b49 6b28 6308 62e7 5ac7 5aa7 6b28 6b27 6b27 6327 6327 6327 6327 6327 6327 6327 6307 5ae6 5ae6 6307 5b06 6306 6327 6327 6327 6b27 6b47 6b47 6b27 6b47 6306 5ae6 6307 6327 6307 6307 6307 62e6 5ae6 6307 6328 6b29 5ac7 6309 6b49 6b49 6b49 6b29 62e8 5aa8 5288 5267 5267 4a06 41e6 41c6 4206 5266 7327 942a 9c4b 8be9 ad0d c5d0 ad2f 7b8b 8c0e 944f 946f b571 c5d2 cdf1 bd4e cdf1 d632 c5b0 a4cd 9c8d 9c8d a4ad ad0e bd90 c5b0 bd6f b52e ad0e acee a4ce 9c6e 944e 7bac 5aa9 5aa8 62e8 7b89 8c09 a4cb acec 9c8b 83e9 ad2f ce12 c5f2 c5d2 d654 d654 cdf3 bd92 b552 ad31 acf0 acf1 acf1 acf1 acd1 acd1 a4d0 a4d0 a490 a490 a4b0 a4b0 a4b0 a4b0 a4b0 a4b0 a4b0 a490 9c8f 9c8f 9c8f 9c8f 9c8f a48f a48f 9cb0 9c90 9c90 9c90 9c90 9c90 9c90 9cb0 a4b0 a4b0 a4b0 a4b0 9c70 944f 9c6f 9c6f 944f 942f 942f 942f 944f 9c6f 9c70 9c70 9c90 a490 a4b0 a490 a490 9c70 9c70 9c6f 9c4f 9c4f 9c4f 9c4f 
a48b a4ac acab acab acab accb accb accb accb aceb acec accc a4ac a4ac a4ac a4ac a48c a48c 9c6b 944b 944b 9c4b 9c4b 942a 944b 944b 942b 83c9 83c9 83a9 8be9 8c0a 83c9 83a8 83a9 8389 7328 7308 7308 7308 7308 6b08 6b08 6b08 62e8 5a87 5267 5267 5247 4a27 4a27 4a27 4a27 4a47 4a27 4a27 4a47 4a48 4a27 49e6 5226 cd92 e633 ee33 ee34 ee34 ee34 ee33 ee34 ee33 ee14 ee34 ee34 ee14 ee13 ee14 ee13 e5d3 b44d 9b69 b40c bc0c bc0c bc2c bc0c bc0c bc0c bc0c bc0b b40c 7246 30e1 4a26 41c5 20c1 41e5 7307 8347 8346 7b25 7b05 7305 7305 7305 7b05 7b05 7b06 7b26 7b26 7b06 7b06 7ae6 72e6 7b27 7b28 7b49 7b69 7b69 7348 6b28 6b08 7309 7349 7b8a 7bab 7bab 83cb 83cb 7b6a 734a 6b0a 5a88 4a26 4a26 5287 5ac8 5288 5267 5aa8 734b 7bac 83eb 8bec 7b89 8beb 8beb 7b8a 7369 7369 7369 6b48 6b28 6308 6307 62e7 6b48 6b48 6b47 6b47 6b47 6b48 6b48 6b48 6b48 6b48 6327 6307 6307 6327 6327 6b27 6b47 6b27 6b27 7347 7368 7368 7368 7348 6307 6307 6b27 6b28 6b48 6b28 6307 5ac6 5ac6 6307 6b28 6b49 62e8 6308 6b49 6b48 6b48 6b49 62e8 5aa8 5a88 5288 5268 4a07 41c6 41e6 4a06 5266 7328 942a 9c4b 8bc9 ad0d c5d0 a4ee 6b2a 7b8c 944f 9cb0 bd92 c5d2 cdd1 bd4e cdd0 d5f0 c58f aced 9c8c a4cd ad0d b52d bd4e bd6e b54d b52e ad0e acce a4ae 9c6e 942e 7b8c 5aa8 62c8 6ae8 7b69 83c8 a4ab acec 9c8b 8c0a c5f2 e6b4 deb4 de94 de94 deb4 e6d4 deb5 de74 ce13 c591 bd71 b551 b531 b531 ad30 ad10 ad10 ad10 ad10 ad10 ad10 acef acf0 b530 b530 b531 b551 bd51 bd71 bd72 b551 b551 bd71 b551 b551 b531 b551 b551 b551 b531 b551 b551 b571 b571 b571 bd92 bd92 bd92 bd72 b531 ad10 a4cf a4cf a4ef ad30 b571 bd72 b571 bd92 bd92 bd72 b551 b551 bd51 bd51 b551 b551 b551 b551 b571 
a48c a48c a48b a48b a4ab a48b a48b a4ab a4cb a4cb a4cb a4cb a4ab a4ab a4ab a4ab a48b 9c8b a48b 9c8b 9c8b 9c6b 9c6c 9c6c 944b 9c4c 9c6c 944c 944c 942b 942b 944b 942b 942b 942b 8c0b 7b89 7b69 7b69 7b6a 7b69 7349 7349 7349 6b09 62c8 5a88 5a88 5268 5268 5267 5268 5268 5288 5268 5268 5267 5247 4a06 49e6 6287 d592 ee14 ee33 ee33 ee34 ee34 ee13 ee13 ee13 ee14 ee14 ee14 ee14 ee13 ee13 ee14 cd10 a369 b40b bc0c bc0c c40b bc2b bc0c c40b c40b c40b bc0b b3eb 6a45 41a4 4a06 4a06 5248 6b0a 7b8b 8389 8388 8b88 9c2b a46b 9c4b a46b a46b a46b 9c4b 9c4b 9c4b 9c2a 940a 93ea 8bc9 83a9 8389 8389 7b89 7b89 7369 7349 7349 7b6a 7b8a 83cb 83cb 83cb 83cc 83cb 7b8b 736b 6b0a 5a88 4a27 4a26 5267 5ac8 5287 5267 5aa9 736b 83ac 83eb 8beb 7b8a 8c0c 8c0b 7baa 7389 7389 7389 7369 6b48 6b48 6b48 6b08 7368 7368 7368 6b68 7368 7368 7368 6b68 6b68 6b48 6b47 6327 6306 6b47 6b47 6b67 7367 7367 7347 7367 7367 7367 7388 7368 6b26 6b26 6b47 7368 7368 6b47 6b27 62e6 62e7 6307 6b48 6b49 6308 6b28 6b49 7349 7369 6b49 6b08 5aa8 5a88 5a88 5268 4a26 41e5 41e5 4a25 5a86 7327 942a 9c4b 8be9 b50d c5d0 a4ce 734a 83ce 944f a4f0 bd92 c5b1 cdd1 b52d c56e c5af bd4d b52d acec ad0c b52c b52c b52c b50c aceb acec accc a48c 9c4c 8bec 7b6b 62e9 5287 62c8 62c7 7328 8be9 a4ac ad0d 9c8c 8c0b bd91 d653 d673 d652 cdf1 ce12 d652 ce33 ce12 c5d2 bd71 b550 b530 b52f b530 b52f ad2f ad0e aced aced aced aced a4cd a4ad a4ad a4ad a4cd a4cd a4ad a4ad 9c8c 9c8d 9c8c 9c8c 9c8c 9c6c 9c6c a4ad a4ad a4ad acee acee ad0f b50f acee acee a4ce a4ce acee a4ce a4ad 9cad 9c6d 9c6c 944c 9c6d a4ce acef a4ee acee a4ce 9c8d 9c6d 9c6c 9c6c 9c6d 9c8d 9c8d 9c8d 9c8c 9c8c 
83a9 83a9 83a9 83a9 83c9 83a9 83a9 83ca 83e9 8be9 8c0a 8c0a 8c0a 944b 944b 942b 8bea 83ca 83ca 83ca 83ca 83ca 83ca 83ca 83aa 83cb 83cb 83cb 83cb 83ab 83ca 83ca 83cb 83ca 83ca 83ca 7b69 7b6a 7b6a 7b6a 7b6a 736a 7b6a 734a 6b29 62c8 5aa8 5288 5288 5288 5268 5288 5288 5288 5268 4a68 4a47 4a27 49e6 6267 b4b0 e614 ee14 ee34 ee33 ee34 ee34 ee14 ee13 ee13 ee14 ee14 ee13 ee13 e613 e613 dd92 a3aa abaa bc0b bc0b c40b c40b c40b c40b c40b c40b c40b bc0b abeb 7286 49e5 5247 62a9 730a 838c 8bab 8369 7b28 8328 8baa 9c0b 9c4b a46c a48c acac a48b 9c6b 9c4b 9c4a 944a 942a 940a 8bea 8bea 83ea 83ea 83ca 83ca 83cb 83cb 83cc 8bec 83ec 8c0c 8bec 8bec 83ec 7bab 7b6b 6b0a 5aa8 4a47 4a26 5287 62c8 5a87 5aa8 62c9 736b 83cc 83eb 8bec 7b8a 942c 8c2b 83ca 7baa 7bca 7ba9 7389 7389 7368 6b48 6b27 7368 7388 7388 7388 7388 7388 7388 7388 7388 7367 7367 6b47 6b26 7367 7387 7388 7387 7387 7387 7b87 7b87 7387 7b88 7b88 6b26 6b47 7367 7367 7367 7347 6b47 6b06 6b06 6b27 6b48 6b48 6b28 6b49 7baa 7389 7b89 7349 6b09 5aa8 5aa8 5a88 5267 4a26 4a05 4205 4a25 5a86 7347 942a 9c6b 8be9 ad0d bd8f 9c8d 734b 7bad 942e ad10 bd91 c5b1 c5b0 b4ec bd2d bd6d bd6d bd6d c56d bd6d bd6d c56d c56d c56d bd4d c56d c56d bd4d ad0d 9c8d 944d 7bab 62e8 62e8 62c8 7328 8c0a a4cc ad0e 9cad 942c b570 cdf2 ce31 ce31 ce12 ce12 d633 ce32 ce33 ce33 ce12 ce12 cdf2 c5d1 c5b1 c5b0 bd90 bd8f bd6e bd4e b54e b54d b52d ad0d ad0c acec acec acec a4cc a4ab a4ab a48b 9c8b 9c8b 9c8b 9c8b 9c8b a4ac a48c a4ac a4cc accd aced b50e aced aced accd accd a4cd a4ad a4ad a4ad a4ad 9c8c 9c6c 9c8c 9c8c 9cac 9c8c 9c8c 9c8c 9c6b 9c6b 9c6b 9c6b 9c6b 9c6b 9c6b 9c6b 9c6b 9c8c 
7328 7328 7328 7328 7328 6b08 6b08 6b28 6b08 6b08 6b09 6b09 6b09 7329 6b29 6b29 62e8 62c8 62c8 62c8 5aa8 5ac8 62e8 6309 6b09 6b09 6b0a 6b0a 6b29 6309 6b09 6b29 6b29 6b09 6b28 6b28 62e8 62e8 6b08 6b29 6b29 6b08 6b09 6b09 62e9 5aa8 5288 5268 4a68 4a47 4a47 4a48 4a68 4a68 4a48 4a27 4a06 41e5 5a67 ac8f de14 ee14 ee33 ee33 ee33 ee33 ee14 ee34 ee14 ee14 ee14 ee13 ee14 e613 e613 ddd3 b42c a3aa bc0b bc0b c40b c40b c40b c40b c40b c40c c42b c42b c40b b40b 8b08 6a66 72c8 8309 8b4a 936b 9b8a 9baa 9b8a 9b89 9b89 8308 7285 7b07 8ba9 940a 8bc9 8388 83a8 8be9 8c09 8c09 8bea 8be9 83c9 83c9 83c9 7ba9 7b89 7b89 7b8a 83ab 83cb 83eb 8bec 8bec 83cb 83cb 7b8b 732a 62e9 5a88 4a27 4a26 5a87 62e8 5aa8 62c9 6aea 736b 83cc 8bec 8bec 7baa 944c 944b 8c0b 83ea 83ca 7ba9 7ba9 7ba9 7ba9 7368 6b27 7388 7ba9 7ba8 7ba8 7ba8 73a8 73a8 7ba8 73a8 7388 7388 7367 7367 73a8 7bc8 7bc8 7bc8 7ba8 7bc8 7bc8 7bc8 7bc8 7bc8 7bc8 7367 7387 7bc8 7ba8 7ba8 7b87 7367 7347 7347 7368 7368 7389 6b48 7389 7bca 7b89 7b69 7369 6b08 5aa7 5aa8 5aa8 5a87 5246 4a26 4a26 4a25 5a86 7348 942a 9c6b 8be9 b50d bd8f 9c8d 6b0a 734b 8c0d b510 c591 c570 bd2e accb bd4d cdae c5ad c58d c58d c58d c58d c58d c58d bd6c c56c c58c c58c c58d bd4d aced a4ad 944d 6b09 6308 6ae8 7328 942a a4cd acee 9cae 946c c5b2 ce12 ce32 d632 d632 d633 d633 d633 d633 d633 d633 ce32 ce12 cdf1 c5d0 c5b0 c5b0 c5af bd8e bd6e bd6e bd6e bd4d b54d b52d b54d b54d b52d b52d b50c acec acec acec acec a4cc a4ab a4ab a4cc a4cc a4cc a4cc accc a4ac a4ac a4ac a4ac a48c a48c 9c8b 9c8b 9c8b 9c8b a4ac 9cab a4ab a4ac a4cc a4cc a4cc a4cc a4cc a4cc a4cc a4cc a4ec a4ec a4cc a4cb a4ab a4ab a4ab 
7b89 7b89 7b89 7b69 7369 7349 6b29 6b09 6308 62e8 62e9 62e9 62e9 62e9 6309 6b0a 6b0a 6b0a 6b0a 6b2b 630a 5ac9 5ac9 62ea 630a 630a 6b0b 630a 62e9 62e9 62e9 6309 6b29 6b29 6b28 6b28 62e8 62e8 62e8 6b09 6b09 62e8 62c8 62c9 62c9 5aa8 5268 4a47 4a47 4a27 4a27 4207 4207 4207 4207 41e6 41e5 6ac8 bd11 de14 e634 ee33 ee33 ee33 ee33 ee33 ee33 ee33 ee33 e613 e613 e614 e5f4 e5f4 cd92 a42c a3aa bc2b bc0b c40b c40b c40b c40b c40b c42c c42b c42b bc2b bc0c bc0c b40c abeb abeb a38a abaa bc0c bc2c bc0b bc0b bc2b bc2c b40c 9349 82e7 9c2b a48c a48c 9c6b a46b a48b a48b a48b 9c6b 9c4b 9c4b 942a 8c0a 8bea 7b89 7b68 7328 7328 7b89 7baa 7baa 83aa 7b89 7349 6b09 62a8 5247 5268 4a47 4a26 5aa8 62c8 5aa8 62e9 6b0a 7b8b 83cc 83cb 8c0b 83ca 944b 946c 8c2b 8c0a 83ea 83c9 7ba9 83c9 7ba9 7b88 7347 7bc9 83e9 7bc8 7bc8 7bc8 7bc8 7ba8 7ba8 7ba8 7ba8 7ba8 7b67 7b68 83c9 83e9 83e9 83e9 8be9 83e8 83e8 83e8 8c08 8be9 83e9 7ba8 83e8 83e9 83e8 83c8 83c8 7bc8 7b88 7b88 7ba8 7ba9 83ca 7368 7baa 83ca 7ba9 7ba9 7b89 7369 6ae8 62c8 62c8 5aa7 5a67 5246 4a46 4a46 5aa6 7368 944b 9c8b 8be9 b50d c5af 9c8d 6b0a 732b 8c0d b530 c5b1 c58f b52d acab bd4d cdce cdee cdce c5ad cdcd cdce cdce cdee cdee cdce cdce cdce cdee cdef bd6e acee 9c8d 6b08 62e8 6ae8 7348 942a a4cd acef a4ef 9c8d c5b2 ce13 d633 d633 d633 d633 d633 d633 d633 d633 d633 ce12 ce12 ce11 cdf1 c5d0 c5b0 c5af c58f bd6e bd4e bd4d bd4d bd4d bd4d bd4d bd4d b52d b52d b52d b50c acec ad0c ad0c acec acec accb accb acec acec acec a4cb a4ab a4ab a4ab a4ab a48b 9c8b 9c8b 9c8b 9c8b 9c6b 9c6b 9c6b 9c8b 9c8b a4ab a4ab a4ab a4ab a4ac a4ac a4ac a4cc accc a4cc a4ab a4ab a4ab a4ab a4ab 
6b08 6b08 6b08 6b08 62e8 62c8 62c8 62c8 62c8 62e9 6b09 62ea 62ea 62e9 62e9 630a 6b2b 6b2b 6b2b 6b2b 630a 5ac9 5aa9 5ae9 630a 6b0a 632a 62e9 5ae9 5ac8 5ac8 62e8 6308 6b28 6b28 6b08 62c8 5aa8 5a88 5aa8 5ac8 5aa8 5aa8 5a88 5a88 5268 4a47 4a48 4228 4228 4207 41e7 39e6 39c6 41c6 49e6 6ae9 c572 e614 e634 ee33 ee33 ee13 ee13 ee33 ee13 ee34 e614 d5b3 c511 cd72 c553 b4d2 940f 8bed b4ef c4ce c44c c42b c42b c40b c40b c40b c40b c42b c42c bc0c b40b b3cb abab a369 9328 9308 9b48 b3ca c42c bc2b bc2b c42b bc2b bc2c bc2c b40c 8b28 9bea accd accd accc a4cc a4cc a4cc a4cc a4ac a4ac a4ac a4ac 9c8c 9c8c 9c8c 9c6c 944c 944c 946c 9c8c 9c8c 9c8c 9c6c 944c 8bec 83ab 6b09 62c8 5267 4a46 5ac8 62e8 5aa8 5aa8 6b0a 7b8b 83ec 83cb 8c0c 83ea 946b 9c8c 944b 8c2a 8c2a 83e9 83c9 83e9 83e9 7ba8 7b88 83e9 83e9 83e8 83e8 83e8 83e8 83c8 7bc8 7bc8 83c8 83c8 7b87 7ba8 8409 8c09 8c29 8c29 8c29 8c29 8c29 8c29 8c29 9429 8c09 83c8 83e8 8be9 8c09 8c09 8be9 8be9 83e8 7b88 83c9 83e9 8c2a 7b88 83ea 83ea 83ea 83ea 83ea 83ca 7349 6b09 62e8 62a7 5aa7 5266 4a66 4a46 5aa6 7b88 944b 9c8b 8be9 b50d c590 9c6d 6aea 732b 8c0d ad0f c5b1 c5d0 bd6e a4aa bd2c c5ad cdad c5ad c5ad cdcd cdcd cdce cdee d5ee d5ee d5ee d5ee d60e ce0f bd6e b50e 9c8d 6ae8 6ae8 7308 7b68 944b aced acef ad0f 9cae c5d3 d634 d633 d633 d633 d633 d633 d633 d633 d632 ce12 ce12 ce11 ce11 cdf1 cdd0 c5d0 c5b0 c58f bd6e bd6e bd4e bd2d bd4d b52d bd4d b52d b50d b50c acec acec acec acec accb a4ab a4ab a4ab a48a 9c6a 9c6a a46a 9c6a 9c4a 9c4a 9c4a 9c4a 9c4a 944a 944a 942a 942a 9429 942a 944a 944a 944a 944a 944a 944a 9c4a 9c6b a48b 9c6b 9c6b 9c8b a4ab a48b a48b a4ac a48b a48b 
62c7 62a7 62a7 62a7 5aa7 5a87 5a87 5a88 62a8 62a8 62c9 62c9 62e9 62e9 62e9 630a 6b0a 6b0a 62ea 62c9 62c9 5aa9 5a88 5aa9 62c9 62e9 630a 6b09 6b09 6b09 6b09 6b29 6b29 6b28 6b28 62e8 5aa7 5267 5247 5267 5247 5247 5247 5247 4a47 4227 4207 41e7 41e7 39c7 39c7 39a6 39a5 39a5 49e6 836b c572 e635 e634 ee34 ee33 ee13 ee14 ee14 ee34 ee34 e614 c552 732c 5249 528b 4a6b 41e9 39e8 738d cdd4 ddd2 d50e c46c bc2c bc2b bc2b bc2c bc0c bbeb b3cb a369 9b28 9b08 9b29 a38a abab b3eb bc0b bc0b c40c c40b c42b c42b bc2b c42c c44c c44c b44c 9389 a46c acad accc accc accc accc a4cc a4cc a4cc a4ab a48b a4ac a4ac a4ac a4ac a4ac a4ac a4ac a4cc a4cd a4cc a4ac 9c8c 942b 83cb 734a 62c9 5247 5267 62e8 6b08 5aa8 5aa8 6b0a 7b8b 83cc 83cb 942c 8bea 9c8c a4ac 9c6b 944a 944a 8c29 8409 8409 8c09 83c8 7ba8 8c09 8c29 8c09 8c09 8c09 8be8 83c8 83c8 83e8 83e8 8c09 7ba7 83c8 8c2a 8c29 942a 9449 9449 944a 944a 946a 946a 946a 944a 8be8 8c08 8c08 9429 9429 8c29 8c09 8c09 8be8 8be9 8c09 942a 7ba8 8bea 942b 8c0a 8c0a 8c0a 8c0b 7b69 7329 6b08 62e8 62c7 5266 5266 5246 62a6 7b68 944a 9c6b 93e9 b50d c58f 9c6d 62ea 6b2b 8bed acef c5b1 cdd0 c58e a4ab bd4c cdce cdcd cdad c5ad c5ad c5ad cdad cdcd cdce cdce cdee cdee cdce cdcf b52d accd 9c4d 6ac8 6ac8 7329 7b89 9c6b aced acef acef 9c8e c5b3 d634 d633 d633 d633 d633 d633 d633 d612 cdf1 cdf1 c5f1 c5d0 c5d0 c5d0 c5b0 c5b0 c5b0 bd8f bd6f bd6e b52d b50d b50d b50d b52d b50d accc a4ab a48b 9c6a 9c6a 9c4a 9429 9409 9409 9409 8be9 8be8 8be8 93e9 8be9 8be9 8be8 8bc8 83c8 83c8 83a8 7ba8 7b88 7b88 7b87 7b88 83c8 83c9 83c9 83c9 83c9 83c9 83c9 8c09 8c0a 8c09 8c09 942a 9c8b 9c8b 944a 9c4a 9c4a 9c4a 
7b6a 7b6a 7b8a 7b6a 736a 7329 7309 7309 7329 7329 6b29 6b29 6b2a 6b2a 6b2a 6b2a 6b2a 6b2a 6b09 62c9 62c8 62c8 62c8 62c8 62c8 62e8 6b09 7349 7b69 7b69 7349 7348 7348 7348 7348 6b08 5aa7 5247 4a27 4a27 4a27 4a27 4a47 4a48 4a28 4227 4207 39e7 39c7 39a7 3986 3986 39a5 49e6 8bcd cdb3 e614 e634 ee34 ee13 ee33 ee33 ee14 ee14 ee34 e634 bd52 62eb 29a9 21aa 21ab 198b 198a 21c9 426b b513 e614 edf2 dd50 c48d bc4c bc0b abaa 9b49 9b08 9b08 a369 abaa bbeb bc2c bc2c bc2c bc2b bc2b bc0b c42b c40b c40b c40b c42b c44c d4ce dd50 e5d2 ac2c 9c0a acad acac acac accb acab a4ab a4ab a4ab a4ab a48b a4ac accc accc accc accc accc accc accc accc accc accc a4ac 940b 83cb 734a 62c9 5247 5267 6b09 7349 62e8 5aa8 6b2a 7b8b 8bec 8beb 944c 8c0b 9c8c a4cc 9c8b 946a 9c8b 944a 8c09 8c09 9449 8be8 83a8 8c29 944a 9449 9429 9429 8c09 83e8 83e8 83e8 8c08 8c09 83c8 8c09 944a 944a 9c6a 9c8a 9c8a 9c8a 9c8a 9c8a 9c8a 9c8a 9c8a 8c08 8c08 8c29 9429 9449 9449 9c49 9c49 9429 9409 942a 942a 8bc9 942a 9c6b 944a 942a 9409 942a 83aa 7349 6b08 6ae8 6ae8 5a66 5246 5246 62c7 7b68 942a 9c6a 9409 b50c c58f 9c6d 62c9 6b0b 8bed a4cf c5b1 cdd0 c5af accb b54d c58d c58d c58d c5ad cdce cdce cdae cdae cdcf cdcf cdcf cdcf cdcf cdcf b52e a4ad 940c 62c7 62c8 7329 7b89 9c8c acee ad0f acf0 9c8e bdb3 d634 d633 d653 d633 d633 d633 d632 ce11 cdf1 c5d0 c5af bdaf bd6f ad2d aced aced a4cc a4ac a4ac 9c8b 9c6b 9c4a 944a 9429 944a 942a 9429 8c09 8be8 8be8 8be9 83c8 83c8 83c8 8bc9 8bc9 83a8 8388 7b67 7b67 7b67 7347 7347 7327 6b27 6b27 6b07 6ae7 62e6 62e6 62e6 62c6 62e6 6ae7 6b07 6b07 7328 7328 6b28 7348 7368 7368 7368 83c9 942b 942b 8bea 8bca 8bc9 8bc9 
942c 944d 944d 944d 942d 942c 942c 942d 942d 942c 8c0c 942d 942d 8c2c 8c2c 942c 942c 942d 942c 940c 940c 8c0c 8bec 8bec 8bec 8beb 8c0b 8c0b 8c0b 8bea 8bea 8bea 8bea 83ca 83c9 7b89 6b09 5a88 5268 5268 5288 5288 5289 5289 5289 5289 5269 4a69 4a28 4a28 4a07 41e6 5a68 acaf de14 e634 e614 ee13 ee34 ee13 ee13 ee13 ee14 ee14 e634 c5b2 632b 29a8 21aa 19cc 19cd 19cc 118b 19ab 29c9 736d ddf5 ee13 edf3 e5b2 ccef abaa 9b49 abaa b3eb bc0c bc2b c42c bc2c bc2c bc0c c40b c40c c40c c40c c40c c42c c42c c44d d4ce e571 edd2 edf3 ee13 c530 93c9 acac acac accb acab a4ab a4ab a4ab a4ab a4ab a4ab accb accc accc accc accc accc accc accc accc accc accd a4ac 940b 83cb 7329 6288 4a27 5247 6b09 7b8a 6b08 5aa8 6b2a 7b8b 8c0c 940c 9c6c 942b a4ac a4ec a4ab 9c8b 9cab 946a 8c29 8c29 946a 8c09 83a7 944a 9c6a 9449 9449 9449 8c29 8c08 8c08 8c08 8c09 9429 8c08 944a 9c6a 9c8a a48b a4ab a4ab a4ab a4ab a4ab a4cb a4cb a4ab 9429 9429 9449 9c6a 9c8a 9c8a 9c8a 9c49 9429 944a 9c4a 9c6b 9409 9c4b a4ac a48b 9c8a 9c4a 9c4a 8baa 7b49 7329 7308 6ae8 5266 5246 5266 62c7 7b88 940a 9c6a 9408 b4ec bd8e 9c8d 6b0a 6b0b 8bed a4af cdd2 d612 c5d0 accc b52c b52c b50b acca b52c cdad cdae bd4c acca acaa acab a48b 9c4a 9c2a 940a 83aa 7b49 7309 5a67 62c8 6b08 7b89 a4ac aced ad0f a4ef a4af c5d3 d634 d633 d653 d633 d613 cdf2 c5d1 c5d0 c5b0 bdaf bd6e b52d ad0d a4ec a4ac 9c6b 9c6a 944a 942a 8c09 8c09 944a 942a 8c29 942a 9429 9429 9429 8c09 8be9 83c8 7b88 7b67 7b67 7347 7327 7307 6b07 6b07 6b07 6b07 6ae7 6ae7 6ae7 62c7 62c7 5aa7 5aa7 5aa7 5aa7 5a87 5a87 5a86 5a86 5a87 5a87 62a7 62a7 62c7 62c7 62c7 62c7 62c7 62e7 6b08 6ae8 6b08 6b08 6b08 6b08 
9c6d 9c6d 9c6d 9c6d 9c4d 9c6d 9c6d 9c6d 9c4d 9c4d 9c4d 9c4d 9c4c 9c4c 9c4c 942c 9c4c 9c4c 9c4c 9c4c 9c4c 9c4c 9c2c 9c4c 9c2c 9c2c 9c2b 9c4b 9c4b 9c4b 9c4b 9c4b 9c4b 9c4b 944b 8c0a 7b8a 6b29 6b0a 630a 630a 630a 630a 62ea 62ea 62ea 5aca 5aaa 5a89 5a89 5248 730a b511 de14 e634 ee33 ee33 ee33 ee33 ee13 ee13 ee13 ee14 ee14 d5d3 736c 29a7 1989 19ab 19cd 19cd 19cd 118b 11ab 21aa 424a b533 e615 ee14 ee13 edf3 dd71 d4ef c4ad c46c c44c c44c c42c c42c c42c c40b c40b c42c c42c c42c cc4d cc8d d50f e571 edd2 f613 f613 ee13 ee13 ddd2 9bca 940a 9c6b 9c4a 944a 944a 944a 9c6a a4ab a4ab a4ab a4ab a4cc a4cc a4cc a4cc a4cc accc accc accc accc accd a48c 940b 83ab 732a 5a88 4a27 5267 7349 83ca 62e8 5aa8 6b2a 7b8b 942d 9c4d a48d 942b acec ad0c a4cb 9caa a4cb 946a 9429 9449 9c8a 8c28 83e7 9c8a 9c8a 9c6a 9c6a 9c8a 9429 9408 9408 9408 9449 9449 9429 9c6a a4aa a4ab a4ab a4cb a4cb a4cb a4cb accc acec acec accb 9449 9c6a 9449 9c8a a4ab a48a a48a 9c8a 9c6a 9c4a 9c6a 9c6b 9409 9c6b a4ac a4cb a4cb a48a a48b 93ea 7b69 7349 7328 6ae8 5266 5246 5266 62e7 7b88 8be9 9c4a 93e8 accc bd6e a4ce 6b2a 6b0b 8bed a4cf cdf3 de54 cdf1 b50d bd6d c58d c5ad cdad cdce cdce cdce cdce cdad c56d c54d bd2d b50c b4ec a4cc 9c4b 8bea 7329 5a67 62c8 6b08 83a9 a48c a4ac a4ce a4cf a4cf cdf3 ce33 d613 ce12 cdf2 cdd2 c5b1 bd90 bd90 bd6f b54e b52e aced a4cc a4ac 9c8b 9c6b 9c6b 9c8b 9c8b 9c8b a4ac a4ac a4cc a4cc a4cc a4ac a4ab 9c8b 944a 8c0a 83c9 7b68 7327 6b07 6b07 62c6 62c6 62c7 62e7 62e7 62e7 62c7 62c7 62c7 62a7 5aa8 5aa8 5aa8 62a8 5aa8 5aa8 62c8 5aa8 5aa8 5aa8 5aa7 5a87 5a87 5aa7 62a8 62c8 62c8 62c8 62c8 62c8 62c8 62c8 62c8 62c8 62c8 
a48e a4ae a4ae a4ad a4ae a48d 9c8d 9c8d 9c6d 9c6d 9c6d 9c6d 9c6c 9c6c 9c6c 9c4b 9c6c a46c a46c 9c6c 9c4c 9c4b 9c4b 9c4c 9c6c 9c6b 9c4b 9c4b a44b a46a a46b a46b a46b 9c6b 9c6b 944b 83ca 734a 732a 6b2a 6b2a 6b2a 6b2a 6b0a 630a 630a 62ea 62ca 5a89 5a68 836c bd52 de15 e634 ee33 ee33 ee33 ee33 ee13 ee33 ee33 ee14 ee14 ddd3 9c2f 39c8 2189 198b 11cd 19cd 19cd 19cd 118c 118b 19ab 29ca 736e d5d5 e615 ee14 ee13 ee13 ee13 e5d2 dd70 d52f d4ee ccad c48d c46d c46c c48d ccae d4ee dd30 e571 edb2 edf2 ee13 ee13 ee33 ee33 ee33 ee33 e613 ac6d 8368 8be9 83c9 83a8 83a8 83a8 83c8 9409 944a 942a 8be9 8be9 8be9 9409 940a 9429 9429 942a 940a 940a 8c09 83c9 7b89 7b6a 6b09 5a87 4a26 5a66 7ba9 8c0a 6b29 62c9 734b 7bac 942d a48e acee 944b ad0c b54d ad0b a4ca a4cb 9c8a 9449 9469 9caa 9469 8c28 9caa a4ca 9caa 9caa 9caa 9449 9428 9429 9428 9449 9449 9449 a4ab a4ab accb accb acec acec acec acec ad0c b50d b50d acec 944a 9c4a 9c4a 9c6a a4cb a4ab a4ab a4aa a48a 9c8a 9c8a a48a 9409 a48b a4cb a4cb a4ca a4aa a4aa 940a 7b69 7b49 7348 6ae7 5a66 5266 5266 62e7 7b88 8be9 9c4a 8be8 accc bd6e a4ce 6b0a 6b0b 840d a4f0 d614 de75 cdf2 b52e c58e c5ce cdcd cdcd cdce cdce cdce cdee cdee d5ce d5ce cdce cdce cdce c5ae b54d a4ac 83aa 5a86 62c8 6b08 83ca 942a 944b a4ad 9cae 9cae c5d2 c5d2 c5b1 c590 bd70 b52f b50f b52e b52e ad0e aced a4cc a4ac 9c8c 9c6b 9c6b 9c6b 9c6b 944b 944b 944b 9c6b 9c6b 9c6b 944b 942b 8c0a 8c0a 8c0a 8c0a 8bea 83c9 7b89 7369 7368 7348 6b08 6b08 7348 7b89 7b8a 7b8a 7b89 7b69 7348 6308 62e8 62c7 62c8 62e8 62e8 62e8 6b28 6b29 6b29 6b29 6b28 6b08 6308 62e8 6308 6b08 6b29 7369 6b49 6b29 6b09 62e9 62e9 62c9 62e9 
bd70 bd70 bd70 bd70 bd70 b52f acef a4ae 9c6d 940c 942d 9c4d a4ae aced b50e b52e b50e b52e bd2e b54e b52e b50d b50d b52d b52d b52d b50d bd2d bd2d bd2d bd2d bd2d bd2d b52d b52d aced 944b 83ab 7b8b 7b6b 7b6b 7b6b 734b 734b 732a 6b2a 6b0a 6ac9 6aa9 93ee d5d4 e635 e634 ee34 ee33 ee33 ee13 ee13 ee14 ee33 ee13 ee14 ddd3 a40d 49e8 2968 198a 19ac 19cd 19cd 19cd 19cd 19ac 118b 198b 21ab 39ea acb2 de15 e614 e634 e613 ee13 ee13 ee13 ee13 edf2 edf2 e5d2 e5b1 e5b1 e5d1 edf2 edf2 ee13 f613 ee13 ee13 ee33 ee33 e633 e633 ee33 e633 e613 c530 8348 93eb 8c0b 8c0b 8c0a 8c0a 8c09 8bc9 8bc8 83c8 83a8 8388 83a8 8bc9 8be9 8be9 8bc9 83a8 83a8 83a8 83a8 83a9 8bea 83cb 7329 62a7 5247 5a86 83ea 942b 7369 62e9 734b 8bed 9c4d acef b52f 9c6b b52d bd6d b54c aceb aceb a4aa 9449 9448 9caa 9ca9 9448 a4ca aceb a4ca a4ca a4ca 9c69 9449 9449 9428 9449 9469 9469 a4ab accb acec acec b50c ad0c b50c b50c b50d b52d b52d b50d 9c4a 9c6b 9c6a 9c8a a4cb accb accb a4ab a4ab a4ab a48a a48a 9409 a48b accb a4cb acea a4ca a4ab 942a 7b88 7b68 7b69 6b08 5a87 5266 5266 62e7 83a8 8c09 942a 8be8 acab bd8e a4ce 6b0a 6b0b 840d a4f0 d634 de75 cdf2 bd4e bd6e c5ce cdce cdcd cdcd cdcd cdcd cdcd cdcd d5cd d5ee d5ee cdce cdee cdee bd6d a4ac 7b69 5a86 62c8 6b08 83c9 940a 944a 9cad 9c8d 9c8d bd91 bd91 bd70 bd4f b52f acee acee b52f ad0e acee aced a4ad 9c8d 9c6c 9c6c 9c6c 9c4c 9c4c 944c 944c 944c 942b 8bea 8bca 83ca 83ca 83aa 8bcb 8bcb 8beb 8beb 83ca 83ca 7b8a 7369 7349 7349 7349 7369 83cb 83cb 83aa 83aa 83aa 83cb 7b8a 736a 736a 734a 734a 7b6a 7b8b 83cb 7bab 7b8a 7b6a 736a 736a 736a 7349 7349 6b29 6b29 7349 738a 7369 7329 6b09 6b09 6ae9 6b09 
942d 942d 942d 8c2d 8bed 83ac 7b8b 734a 6b09 62e8 6b09 7329 942b 9c4b 9c4b 9c6b a4ac b4ed b52d b52d b50d aced b50d b54e bd4e bd6e bd6f c58f c58e c5ae c5ae c5ae c58f c58f bd6e bd4e aced 942c 83cc 83ab 83ab 83ab 838b 7b8b 7b6b 7b6b 72e9 7b4a b4b0 ddf4 ee34 ee34 ee33 ee33 ee33 ee33 ee33 ee14 ee34 ee34 ee34 ddf3 9c2f 49e8 2968 198a 19ab 19cd 19cd 19cd 19cd 19cd 19cd 19ac 118b 19ab 21aa 424c 736f 9c51 bd33 d5b4 ddf4 e614 e614 ee13 ee13 ee13 ee13 ee13 ee13 ee13 ee13 edf3 e5d2 ee34 ee14 ee33 ee33 ee33 ee33 ee33 e633 ee33 e613 d5b2 7b28 6ae8 7349 7b6a 7b8a 7ba9 7b89 7b89 83a9 83a9 83a9 83a9 83c9 8be9 8c0a 8c0a 8c0a 8bea 8bc9 83c9 83c9 83c9 8c0b 944c 7b8a 62c7 5266 5aa6 8bea 944c 7b8a 6ae9 7b6b 9c6e bd30 c590 b54e 9c6a bd6d c5ad bd6c b50b b50b aceb a489 9c89 acea acea a4a9 ad2b ad0b acea a4c9 a4a9 9c69 9c48 9448 9428 9448 9c69 9c69 a4eb aceb b50b b50c b50c b50c b50c b52d b52d b52d bd4e b50d 9c4a a48b a48b a48b accc accc acec accb a4ab a48a 9c6a 9c8a 8c08 a48a b4ec aceb acea acea accb 9c4a 8388 7b69 7b69 6ae8 5aa7 5266 5266 6b07 83a9 8be9 9429 8bc8 a48b bd6e 9cad 62e9 630b 83ed acd0 de55 de95 cdf2 aced bd6d c5ce cdce cdcd cdcd cdcd cdce cdcd cdad cdcd cdad cdad cdad c5ad c5ce b52d 942b 7328 5a86 62c8 6b28 83a9 8c09 944a 9c8b 9c8c 946c b550 c5d1 c5d1 c5d1 cdd1 c5d1 cdd2 c5d2 c5b1 bd91 bd70 bd50 b530 b530 b530 b510 b510 b510 b510 b510 b530 ad10 accf accf accf a4cf accf acd0 accf accf a4cf a4af a4af 9caf 9c8f 9c6e 944e 942e 944e 944e 944e 942e 942d 942d 942e 944e 944e 944e 942e 940d 8bed 942e 9c4e 9c4e 944e 942e 8c0d 8c0d 8c0d 8c0d 8bed 8bec 83cc 83cb 83cc 8bec 8bcc 8bcc 8bcd 83cd 83cd 
62c9 5aa9 5a88 5a88 5a89 5aa9 5aa9 5aa9 5aa9 5a89 62c9 5aa8 838a 940a 942a 9c4a 9c4a 9c4a 9c4a 9c2a 8bc9 83a8 83a9 8bc9 8bea 8bea 940b 9c4b 9c6b a48b a4ab a4ab a4ac accc a4ac a48b 942b 83ca 7b6a 7b6a 7b6a 7b6a 7b6a 7b6a 7b4a 7b29 93cc cd71 e614 ee34 ee34 ee33 ee33 ee33 ee33 ee33 ee33 ee33 ee34 ee34 e5f3 bcf0 7b4c 39e9 2189 198b 19cc 19cd 11cd 11cd 11cd 19cd 19cd 19cc 19ab 118b 19ab 21cb 29cb 31eb 4a4b 62ed 83af a491 bd52 d5b3 ddf4 de13 e613 e613 e613 e613 ee13 d571 c4cf e5f3 c510 ddd2 ee13 e613 e633 e633 e633 e613 e614 ddf3 838a 5a87 62e9 734a 7b8a 7baa 7baa 83aa 83aa 83aa 83aa 83aa 83aa 83ca 83ca 83c9 7b89 7b68 7348 7328 7328 7328 6b28 734a 6b29 5aa7 5266 5aa6 8c0a 944b 7b6a 6ae9 736b a4af c5b1 c5b0 bd4e 9c8a bdad c5ce c58c bd6c c56c bd4b b4ea acea b52b b52b ace9 b56b bd6b b54b acea a4a9 9c68 9c48 9c48 9448 9468 9c89 9c89 ad0a b50b b52b bd2c bd2c bd4c bd2c b52d bd4d bd4e bd4e b50d 944a a4ac a4ab a4ab accb aceb aceb a4ab a48a a48a 9c6a 9c6a 8c08 a48a b4eb b4eb b4eb aceb aceb 9c4a 8388 8389 7b69 6ae7 5a87 5266 5266 6b07 83c9 8c09 9429 8bc8 942a a4cc 944c 5ae9 630b 7bad a4af de76 de96 cdd2 accd b52d bd6e c58e cdae c5ad cdad cdce cdce cdce cdce cdce cdae cdae cdad c5ae ad0d 940a 7328 5a87 62c8 6b28 7b89 8c09 944a 9c8b a4ac 9c6c b52f c5d1 cdf2 cdf2 ce12 cdf2 cdf2 cdf2 c5d2 c5b1 bd71 bd72 bd71 bd51 bd71 b551 b551 bd51 bd51 bd51 b551 b531 ad10 ad10 ad10 acf0 acf0 acf0 acf0 acf0 acf0 acf0 acd0 a4d0 a4d0 a4d0 a4b0 a4b0 a4b0 a4b0 a4b0 a4b0 a4d0 a4d0 a4d0 a4d0 a4d0 a4b0 a4af a48f 9c8f 9c8f 9c8f a48f a4af a4af a48f 9c8f 9c8f 9c8f 9c8e 9c6e 9c6e 9c6e 9c6e 9c6e 9c6e 944e 944e 944e 944e 
5a69 5268 5248 5268 5a89 5a89 5a89 5a89 5a89 5a89 62a9 5a67 7329 8bca 940a 9c4a 9c2a 9c2a 9c2a 9c29 8be9 83a8 7b88 8389 8389 8389 8ba9 a46c a4ac acab accb a4ab a48b a48b a48a a48a 9c2a 83aa 7b49 734a 734a 7329 7329 7309 7309 9c2d d5d3 e613 ee33 ee33 ee33 ee33 ee33 ee33 ee33 ee33 ee33 ee13 ee14 e5f4 cd31 a42e 62ec 29a9 218a 19ab 19cc 11cd 11cd 11cd 11cd 19cd 19cd 19cd 19cc 19ab 11ab 19ab 19ab 21cb 21cb 29aa 29aa 31ea 4a4b 62ec 736d 8c0e a4b0 b512 c573 c5b3 cdd4 c572 9c4e bd11 a44e d5d3 de14 ddf4 ddf3 ddf4 ddf4 ddd3 d5d4 cd93 8bcd 5247 5289 52a9 6309 6b29 7349 7b6a 7369 7349 736a 7b8a 7baa 7baa 7bab 7bcb 7bcb 7baa 7b8a 7369 7349 6b09 62e9 62e9 62a8 5aa8 5287 5aa6 8c0a 944b 7b6a 6aea 734b a4af c591 cdb0 bd6e a48a c5ae cded c5ac c58c c5ac c58c b52b b50a b54b b54b ace9 bd6b c5ac c58b bd4b b50a a488 9c68 9c89 a489 a488 a489 a489 b50a b52b bd4b bd4b bd4c bd6c bd4c bd4d c58e cdae c5ae bd4d a48b accc accc accc aceb aceb b50c accb a4aa a4ab a46a a46a 9c69 a4aa b50b b50b b50b b50b b4eb 9c4a 83a8 83a9 7b68 62e7 5a86 5266 5266 6b27 8be9 9429 944a 8be9 8be9 9c6b 83eb 5ac9 630b 7bac 9c8f de56 e696 cdf2 9c8c 8be9 9c4a a48a a4aa a4aa a4ca aceb b50c b50c b52d b50c b52d bd4d bd4d b54e a4ac 8bca 7329 62a7 62e8 7348 7b68 8c09 944a 9c8b a4ac 9c8c bd70 d633 d653 de73 d673 d632 ce32 ce12 ce13 d633 cdf2 c5b2 c592 bd91 bd91 bd71 bd71 bd71 bd71 bd71 b551 b531 b530 b510 b510 b510 b510 ad10 ad10 ad10 acf0 acf0 acf0 acf0 acf0 acd0 a4d0 a4d0 a4d0 a4b0 a4cf a4af a4af 9caf a4af a4af a48e a48e 9c8e 9c8e 9c8e 9c8e a48e a4ae a4ae a4ae a4ae a48e 9c8e a48e 9c8e 9c8d 9c8e 9c8d 9c8e 9c8d 9c8e 9c8e 9c8e 9c6e 9c6e 
5269 5268 5269 5a89 5aa9 5aa9 5aa9 5aa9 5aa9 5aa9 5aa9 5267 7309 83aa 8bea 942a 9c29 9c29 9c29 9c09 8bc8 83a8 8388 7b68 7b68 8389 93ea bd4e cdaf cdce cdcd cdcd cdad c58d c56c c56d b50d 9c4c 8bcb 83ab 83ab 838b 7309 836a bd10 e614 ee34 ee33 ee33 ee33 ee33 ee33 ee33 ee33 ee33 ee33 ee33 e613 ddd3 bccf b48f 9c2f 4209 218a 198b 19cc 19cc 11cd 11cd 11cd 11ed 19cd 19cd 19cd 19cd 19cc 19cc 19ab 118b 118b 118b 198b 198b 198b 21ab 21aa 21aa 29c9 31ea 3a0a 422a 528b 5aec 62ec 528a 5aab 62ec 7b8e 738e 736d 732c 6b2c 6b0c 62eb 62eb 5aab 39e9 2987 29a8 29a7 4a89 5ae9 62e9 6b09 6308 62e8 62e8 62e8 62e8 62e9 62e8 62e8 62e8 62e9 62e9 6309 6b2a 5ac9 5aa9 5ac9 5ac9 5a88 5287 62e7 8c0a 8c2b 7369 6aea 7b6b 9c8e c590 cdd0 bd6e a48a c5ad cdcd c5cc c5ac c5ac c58c b52b b52b bd6b b54b ace9 bd8b c5ab c58b c58b bd4a acc9 acc9 ace9 acea acc9 acc9 acc9 bd6b c56b c58b cd8c cdad cdcd cdcd cdce cdce d5ef d5ef c5ae ad0c b50c b50c b50c bd2c b4eb b4eb aceb acaa acab a48a a48a a48a accb b52b bd2b bd2b b52b b50b a46a 8ba8 8ba9 7b68 62e7 5a86 5a86 5286 6b48 8be9 9429 9c6a 83c9 83c9 9c8c 83ec 5ac9 630b 83ed a4b0 de56 e696 cdf3 9c6c 942b a4cc accc a48b 9c6a 9c8a a48b a4ab a4ac a4ac 9c6b 9c8b a4ac a4cd a4ac 944b 83ea 7328 5a86 62c7 7348 7b88 8be8 9429 9cab a4ac a4ac c5d0 e6d4 e6d4 e6f4 e6d4 e6d4 e6b4 de93 de94 e6d6 e6d5 e6b5 de95 de74 ce33 d654 ce34 ce13 cdf3 ce13 ce33 ce13 cdf3 cdf3 c5f2 c5d2 c5d2 bdb1 bd91 bd91 bd91 bd91 bd91 bd91 bd91 bd91 bd91 bd71 b570 b550 b52f ad2f ad2f ad2f ad2f ad0e ad0e ad0e ad2e ad2e b52f b52f b54f b54f b54f b54f b56f b54f b54f bd6f bd6f b54f b54f b54f b54f bd4f bd50 bd70 bd4f b54f b52f 
5289 5a89 5a89 5a89 5aa9 5aa9 5aa9 5aaa 5aa9 5aa9 5aa9 5a88 734a 8beb 8bea 942a 9c2a 9c29 9c29 93e8 8ba8 8388 8388 8368 7b47 7b68 83a8 b50d cdae cdad cdcd cdcd cdad cd8d cd8c c56c b50c 9c4b 8bcb 838b 836a 7b29 9bec cd72 e5f4 ee34 ee34 ee33 ee33 ee33 ee33 ee33 ee33 ee33 ee33 e633 e633 ddd2 ac8d a44e c552 5aab 31a9 218a 196b 19ac 19cc 11cd 11cd 11cd 11ed 11ed 19cd 19cd 19cd 11cd 19cd 19cc 19cc 19ac 19ac 11ac 11ac 11ac 118c 118b 196b 198b 196a 198b 21cc 21cc 21cc 21cc 21cc 21cc 21cb 21ec 21ec 21cc 21cb 21cb 21cb 21ab 218a 21aa 19ab 19aa 19aa 2189 3a29 632c 6b4c 6b4c 632b 632b 632b 630b 5aea 62ea 630a 630a 5ac9 5aa8 5aa8 5288 5268 4a27 4a27 4a68 5268 5268 5a87 6b08 8c0a 8c0b 7329 6ae9 7b8c 9c8e c590 cdd0 bd8e a4aa c5ad cdcd c5ac c5ac c5ac c58c bd2b bd2b bd6b bd6b ad09 c5ab c5ab c58a c58b bd6a ace9 ace9 b50a ace9 b50a b52a b50a c5ac cdcc cdcc d5cc d5ed d5ed d5ed d5ed d5ee d60f d60f cdce b50c bd2c bd2c bd4d c5ae c56d bd6c bd4c b4eb acaa a48a a48a a48a aceb bd2b bd4b bd4b bd4b b52b a48a 8ba8 8ba9 8389 6ae7 5a86 5a87 5aa6 7348 8be9 9429 944a 7b88 7327 7b89 7bac 630a 6b4c 83ed acf0 d655 de96 cdf3 9c8d 8bea 9c6c a4ac a4ac 9c8c 9c8b 9c8b 946b a4ac a4ad a4ad a4ad a4ad a4ad 9cad 9c8c 9c8c 944c 83aa 62e7 7348 7b88 8be8 9449 a4cc a4ac a4cc c5f0 e6f4 eef4 ef14 e6f4 e6f4 e6f4 ce32 bd70 c5d2 d633 d633 ce12 cdf1 b54f b550 b570 b570 b550 b530 b571 bd71 bd91 bd91 bd91 bd71 b551 b550 ad10 ad0f b530 b570 b570 b570 bd71 bd91 bd91 bd70 b570 b570 b570 b570 b570 b570 b570 b570 bd70 bd90 bd90 bd90 bdb0 bdb0 c5b0 c5d1 c5d1 c5f1 cdf1 cdf1 cdf1 cdf1 ce12 ce12 ce11 cdf1 cdf1 ce12 ce12 d632 d611 cdf1 c5d1 
5a89 5a89 5aa9 5aaa 5aa9 5aa9 5aaa 5aaa 5aaa 5289 5289 5aa8 736b 8beb 8bea 942a 9c2a 9c2a 9c2a 9409 8be9 8ba9 8388 7b68 7b48 7b68 8388 accc cd8e cdad cdad c5ac c58c c58c c56c c56c b50c 9c4b 8bcb 7b49 834a acaf ddd3 e634 ee34 ee34 ee34 ee33 ee33 ee33 ee33 ee33 ee33 ee34 e633 e613 ddf3 b4ae ac8e bd52 83ad 31a8 2169 196a 198b 19ac 19cc 11cd 11cd 11cd 11ed 11ed 11cd 19cd 19cd 11cd 19cd 19cd 19cd 19cd 19cd 19cd 19cd 19cd 19cd 19cd 19cd 19cc 19ac 19cd 19cd 19cd 19cd 19cd 19cd 19cd 19cd 19cd 11cd 19cd 19cc 19cd 11cc 11ac 118b 118b 11ac 19ab 198b 196a 3a4c 634f 6370 634f 634f 634f 634e 634e 632e 632d 634e 6b6e 632c 630a 6b2a 734a 6b0a 5288 5268 4a48 4227 5268 5aa8 6b29 8c0a 83ca 6b08 6ae9 7b8c 9c6e bd91 cdf1 bd8f a4ab c5cd cded c5ac c5ac c5ac c58c bd2b bd4b bd6b bd6b b52a c5ab c5cb c5ab c5ab bd4a ace8 b4e9 b509 b509 b509 b52a b50a c5ab cdec d5ec d5ec d60d d60d d60d d5ed d60e de2f de30 cdcf b50c bd2d bd4c bd6d cdae cdce cdce cdcd bd4c b4eb acca acca acaa b50b bd4b bd6b bd6b bd6b bd6b acaa 8bc8 8ba9 8389 6ae7 5a86 5a87 5aa6 7368 8c09 942a 944a 7b88 6ae7 6ae8 6b0a 630b 738d 83ed acf0 d635 de96 cdf3 9c6d 7b69 83aa 83aa 83aa 83ca 83ca 83ea 83ca 944c 9c8d 9c8c 9c8d 9c8d 9c6d 9c6d 946c 946b 944b 8bea 62e7 7348 83a8 8be8 9c6a a4ec 9cab a4cc c5d0 e6f4 ef14 ef14 ef14 ef14 eef4 d672 cdf1 cdf1 d612 ce12 cdf1 c5d0 c5b0 c5b0 bdb0 bd90 bd4f b52f b50f acef acce a4ae a4ae a48e a48e a48e 9c6d 9c4c 9c6c 9c6c 9c6c 9c8d a48d a4ad a48d 9c6c 9c6c 9c6c 9c6c 9c6c 944c 942b 8c2b 8c0b 8c2b 944b 9c6c 9c8c 9c8c 9c8c 9cac 9cac a4ac 9c8c a4ad a4cd a4cd a4ad a4cd acee acee acee a4ce a4ae acce acee acee accd a4cd 
5aa9 5aa9 5aa9 5aaa 5aaa 5aaa 5aaa 528a 4a49 4208 41e7 4207 5aa8 6b09 7329 7b8a 8bcb 8bcb 8beb 8bea 83ca 7b68 7b68 7b69 7b69 8389 83a9 accc c56d c56c c58c c56c c56c c56c c56c bd4c accb 9c0a 8369 8b8b bd10 e614 e634 ee33 ee34 ee14 ee33 ee33 ee33 ee33 ee34 ee34 ee34 e634 e633 d5b2 ac6d bccf c553 8bee 4209 2189 1149 116a 118b 19ac 19cc 11cd 11cd 11ed 11ed 11ed 11cd 11cd 11cd 11cd 11cd 11ce 11ce 11cd 11cd 11cd 11cd 11cd 19cd 19cd 19cd 19cd 19cd 19cd 19cd 11cd 11cd 11cd 11cd 11cd 11cd 11cd 11cd 11cd 11cd 11cd 11cd 19cd 19cd 19cd 19cc 19cc 21cc 218b 3a6d 63b3 6bd4 6bb3 6bb3 6bd4 6bf4 6bd4 73f3 73d3 73d2 7bf1 738e 842d 9cae 948e 7b8b 6b2a 5aca 4a69 4a48 5289 5aa8 7349 8c0a 83a9 6ae8 6aea 83ac 9c8e bd71 cdd2 bd6f a4cb cdce cded cdcc c5ac c5ac c58c bd4b c56c c56b c58b bd4a c5ab cdcb c5ab c5ab bd6a b509 b509 b509 b509 b509 bd2a b529 c5ab cdeb d5ec d5ec d5ed d60d de0d d5ed de0e de4f de30 cdcf acec bd2c bd4c bd4c c58d c5ad cdce cdcd bd4c b52b b50b bd2b b4ea bd2b c58c c58c c58c c58b bd6b acca 8bc8 8bc9 8389 6b07 5a86 5286 5aa7 7368 8c09 942a 944a 7b88 6ae7 62c7 5aa8 5aca 7bad 83ed ad10 d634 de96 ce14 9c6e 7b6a 736a 6b09 62e8 6b08 736a 7bab 7bcb 83eb 840b 83eb 8c0c 8c2c 8c2c 8c0c 83ea 7b89 7b69 6b28 5aa6 7348 83a8 8bc8 9c6a acec 9c8b a4cc c5cf e6f4 ef14 ef14 eef3 eef3 e6f3 e6d2 e6d2 e6b2 e6b2 e6b2 e6b2 de92 de92 de92 de92 de92 de72 de52 d652 d631 ce11 cdd0 cdd0 cdd0 c5b0 c5b0 c5b0 bd8f bd6f bd6f bd8f bd6f bd6f bd6f bd6e b54e b52d b54e b54e b52e ad0d aced a4cc a4ec ad0d ad0d b54d b54e b56e b56e b56e b56e bd6e b54e b54e b56e b56e b54e b52e b52d ad0e acee 942c 838a 8beb a48d a4ac a4ac a4cc 
5269 4a48 4a28 4a28 4a49 4a4a 4a2a 4a2a 41e8 39c7 39c7 41e7 4a06 4a26 5247 5a89 5a89 5aa9 5aa9 5a88 5a87 5a66 5a86 6ae8 7309 7b49 8bcb a4ac bd6d bd6c bd6c bd6c bd4c bd4c bd4c b50c 9c29 8b68 b48e d5d3 e614 ee34 ee33 ee33 ee33 ee33 ee33 ee33 ee33 ee33 ee33 ee34 e634 e634 d5b2 a42c ac6e bd11 7b2c 41e8 29a9 1148 1129 116a 118b 19cc 11cc 11cd 11ed 11ed 11ed 11cd 11cd 11cd 11cd 19cd 19cd 11cd 11cd 11cd 11cd 19cd 19cd 19cd 19cd 19cd 19cd 19cd 19cd 19cd 19cd 11cd 11cd 11cd 11cd 11cd 11ce 11ee 11ed 11cd 11ed 19cd 19cd 19cd 19ac 19ac 19ab 19ab 198a 196a 29ca 5b31 6bb3 6bb4 6bb4 6bd5 6bf5 6bf5 6bf5 73f4 73b2 738e 8c4e a4ee 946d 83cb 6b2a 62ea 528a 5aec 5acb 5aa9 5aa8 7349 8c0a 83a9 6b08 6ae9 83cc 9c8e bd71 cdd3 bd70 a4ab cdce d5ed cdcc c5ac cdac c58c bd4b c56c c58c c58c bd6b cdcc cdcb c5ab c5ab c58a b529 b529 b509 b509 b529 bd4a b529 cdab cdeb d5ec d5ec d60d d60d d60d d5ed de2e de4f de50 c5ae accb b52c bd2c bd4c c58c c5ad cdad cdad c56c bd4b b50b bd4b b50a bd6c cdcc c5ac c5ac c58b bd6b a4a9 8bc8 8bc9 8389 6b08 5a86 5286 5aa7 7b88 8c09 942a 944a 7b88 62e7 62c8 5ac9 62eb 738d 840d ad30 d634 de96 ce13 9c8e 7b8b 6b4a 62e9 62e9 630a 6b2a 6b0a 630a 630a 62e9 6309 6b2a 6b29 6b09 6b09 6b08 6b08 6b08 62c7 5aa6 7348 83a8 8bc8 9c6a acec a48b 9c8b bd8e e6d3 e6f4 eef3 eef3 e6f3 e6f2 e6d1 e6d1 e6d1 e6d1 e6d1 e6b1 deb1 deb1 deb1 deb1 de91 de91 de91 de91 de91 de51 d650 d630 ce0f cdef cdef cdef cdcf c5cf c5ce c5ce c5ce bdae bd8d bd8d bd8d bd8e c5ae c5ae c58e c58e c5ad c5ae c5ce c5ce c5ce cdef ce0f ce0f ce0f ce0f ce0f ce0f ce10 ce0f d610 d630 ce30 cdef c5ce c5cf bd8f a4ac 93ea a4cd bd4e bd6e bd6d bd4d 
4207 39e8 39e8 39e8 3a09 422a 4a4b 4a4b 4209 4a29 41e7 4207 5267 5a88 5aa9 5a8a 5a8b 5a8b 5a8b 526a 5228 4a07 4206 4a27 5227 5a67 7329 9c8c bd6d bd6c bd6c bd4c bd4c bd4c bd0c a44a 93c9 c52f e613 ee14 ee33 ee33 ee33 ee33 ee34 ee34 ee34 ee33 ee33 ee33 ee33 e613 e614 c551 9c0d a46f 8bee 5229 39c8 2989 1969 0928 0928 116a 19ac 19cc 11cc 11ed 11ed 11ed 11cd 11cd 19cd 11cd 11cd 11cd 11cd 11cd 11cd 11cd 19cd 19cd 19cd 19cd 19cd 11cd 11cd 11cd 11cd 19cd 11cd 11cd 11cd 11cd 11cd 11cd 11cd 11cd 11cd 11cd 11cd 19cd 19ac 198b 196a 1969 2188 29a8 29a8 2169 2169 320c 5b52 63b4 63b4 6bd5 6bd5 6bf4 6bf4 6bb1 73cf 8c4e 9cae 944d 7b8b 6b2a 62ca 5acb 630e 6b70 5aec 5aaa 5aa8 7369 8c0a 83a9 6b08 6b09 83cc 9c8e bd71 c5d2 b54f a4ab cdee d60d cdec cdcc cdac cdac bd6b c56b c58c c58c bd6b cdcc cdcb c5ab c5ab bd6a b529 bd2a b509 b509 b529 bd4a b529 c5ab cdcb d5ec d5ec d5ec d60d d60d d60d de2e de4f d62f bd8d a4aa b52c bd2c bd4c bd6c c58d cdad cdcd c58d bd4c b50a bd4b acea bd4b c5ac c5ab c5ab c58b bd6b a4a9 8ba8 8ba9 8389 7328 5a86 5286 5aa6 7368 8be9 942a 9c6a 7b88 7328 736a 6b4b 62eb 6b6c 840d ad30 d614 de76 ce14 944e 736d 6b6e 6b4f 632f 632e 630e 630e 5aed 5aed 52ec 52ec 5aeb 5aca 5ac8 6b29 7b8a 7b8a 6b08 5266 5a86 7349 83a9 83c8 9469 a4cb a48b 9c8b bd6e e6d3 e6f4 ef13 eef3 e6f2 e6d2 e6d1 e6d1 e6d1 e6d1 e6d2 e6d1 e6d1 e6b1 e6b1 e6b1 e6b1 deb1 deb1 deb1 de91 de71 de71 d650 d630 cdef cdcf c5cf c5cf c5cf c5cf c5ce c5ce c5ce c5ae c5ae c5ae c5ae c5ae c5ae c5ad c5ad c5ad c5ad cdce cdce cdae cdce d5ef d60f d630 de30 d60f d60f d60f d60f d60f d60f d60f d60f cdef c5ce c58e accc 9c4a b52d bd6d c58d bd8d bd6c 
4a68 4a89 4a89 4a69 5269 52aa 5aca 5acb 528a 5289 4a48 4a27 5aa8 6b09 6b09 6b0a 6b0b 6b0b 6b0c 6b0b 62ca 5248 4a07 5247 5a88 5a67 6b29 accd bd6d bd6c bd2c b4eb accb accb a48b 93c9 c52f e5f3 ee13 ee13 ee13 ee33 ee33 ee33 ee33 ee33 ee34 ee34 ee33 ee33 ee34 e5f3 bcf0 93cc 8bac 6aea 5229 3187 2968 1948 1128 0928 0928 118a 19cc 19cd 19ed 1a0d 220d 222e 222e 222e 220d 1a0d 19ed 19ed 11ed 11cd 11cd 11cd 19ed 19cd 19ed 19ed 1a0d 19ed 19cc 11ac 09ac 11cc 11cd 19cd 19cd 19cd 19cd 19cd 19cd 19cd 19cd 19cd 19cc 11ac 118a 1989 29a9 526b 7b8e 8c30 83ef 4a49 2988 29a9 4aaf 63b3 6bb5 6bb5 63b4 6bd4 6bb1 7bcf 948f 9c8d 83cb 736a 6b0a 5aca 5acb 632e 6b91 6b91 52cc 5289 5a87 7369 8c0a 83a9 6b08 6309 83cc a4af bd71 cdd2 b52e a4ab cdee d60d cded cdcc cdcc cdac bd6b c56b c58c c58c bd6b cdcc cdcb cdec c5ab bd6a b529 bd2a b50a b509 bd2a bd6a bd4a cdcb cdeb d5ec d5ec d5ec d60d d60d d60d de2e de4f d62f c5ae a4ca b50c bd2c bd4c c58d c5ad cdad cdcd c5ad bd4b b50a bd4c b4ea bd2b c5ac c58b c5ab c58b bd6b a4a9 8bc8 8ba9 8389 7328 5a86 5286 5aa6 7348 83c9 942a 9c6a 7b68 6ae7 734a 6b2b 5aca 6b4c 8c2e b551 d614 de76 cdf4 8c2e 6b6f 73d2 73f4 73d4 73d4 6bd4 6bd3 6bb3 6bb3 6bb3 6bb2 73b0 6b6e 738c 946e 9cae 83cb 62c7 5a86 62c7 7328 7b68 8bc8 9c6a a4eb 9c8b 9c8b b54e e6d3 e6f4 eef3 eef3 e6d2 e6d2 e6d2 e6d2 e6d2 eef3 eef3 eef3 e6d2 e6d2 e6d2 e6d3 e6d3 e6d3 e6d3 e6b2 e6b2 de92 de91 de71 d650 d630 ce0f cdef cdef cdcf c5ce cdef cdcf cdce cdce cdce cdce cdae cdae cdae cdae cdad c5ad c5ad cdad c5ae c58d c58d c5ad c5ae cdce cdce cdae c58d c5ad c5ae c5ae c5ad c58d c5ad c5ad c58d c56d accc 9c4a b52d bd6d bd6d bd6d bd6c 
8c2c 946c 9c6c 9c6c 9c6c 9c6c 9c6c 9c6e 7b6a 62a8 5248 5247 62e9 7349 7b89 a4ae acef a4ef ad0f ad30 944e 62c9 5268 5288 62c8 62c8 8beb c590 cdcf cdcd c56d b50c b4cb accb acac 93c9 d591 e613 ee13 ee13 ee13 ee13 ee13 ee33 ee33 ee34 ee34 ee33 ee33 ee13 ddf3 ac6e 72e8 730a 5248 4a28 4a29 39c9 2147 1107 1108 1129 116a 19ab 19cd 19cd 328f 5bb3 6c75 7cd7 7cf7 7cd6 7495 6434 53b2 3b10 1a0d 19ed 19ed 19ed 2a4e 32af 4331 53b2 5bd3 4b51 32af 1a0c 098a 098b 11cc 19cd 19cd 19cd 19cd 19cd 19cd 19cd 19cd 11ac 198b 19ab 21ca 3a0a 7bae bd53 ddf4 de14 ddf4 9c2e 5aa9 4228 4aad 6b93 6bb4 6bb4 6bb3 6b91 7bcf 9c90 9c8d 83ca 6b29 62ea 52aa 52cc 634f 6bb2 6bd3 6391 52cb 5289 5288 7369 8c0a 7ba9 6b08 6309 83cc a4af bd71 cdb1 b50e a4cb cdcd d5ed d60d cdcc cdcc cdac c56b c58c c58c c5ac bd6b cdec cdcb cdec c5ab bd6a b529 b52a b50a b509 bd2a bd4a bd4a cdcb cdec d5ec d5ec d5ec d5ed d60d d60d de4f de4f de2f c5ae aceb b50c bd2c bd4c c5ad cdee cdce cdad c58d bd2b b4ea bd6c b50b bd4b c5ac c58b c5ab c58b bd6b a4aa 8bc8 8ba9 8369 7328 5a86 5266 5a86 7348 8bc9 9c4a 9c4a 7347 62c7 6ae9 62ea 52aa 630b 8c4e b551 d614 de76 ce14 8c6f 6bb0 7414 7415 73f6 6bf5 6bf5 6bd5 6bd5 6bd5 6bd5 73d4 73b1 840f 9cd0 948d 83ca 6ae8 5aa7 62e7 6ae8 7308 7b68 8be9 9c8a aceb 9c6a 9c8b b56e e6d3 e6f3 eef3 eef3 e6f3 e6f2 e6f2 eef3 eef3 eef4 eef4 eef4 eed3 eed3 eed3 eef3 eef4 eef4 e6d4 e6b3 e6b3 e6b3 deb3 de92 de71 d671 d650 d630 d630 ce0f ce0f ce0f ce0f cdef cdef cdcf cdce c5ce c5ae c5ae c5ad c5ad c5ad c5ad c5ad c5ad c58d c58d c58d c58d c58d c58d c58d c58d c58d c58d c58d c58d c58d c58d c58d c56d bd4d a4ab 9c6a bd4e bd6d bd6d bd6d bd4c 
acec b54c bd4c bd2c bd2c bd4c bd4d bd2e 8bca 6ac7 5247 5247 6ae8 7b49 8bca ad0e b54e bd6e bd8f c5b0 acee 734a 5aa8 5a88 62a8 62a7 8beb cdd0 d60f d5ee cdce d5ce cdce cdaf c56e a44b ddb1 e613 ee34 ee33 ee33 ee33 ee13 ee13 ee33 ee33 ee33 ee33 e633 d5b2 93eb 51e4 5226 5a88 5289 5269 526a 4a6a 31c9 1927 1107 1129 19ab 19cc 19cd 220d 7476 b6be c6fe c73f c73e c73e c73e bf1e b6dd 9e1b 4331 19ed 2a2e 5bb3 8d59 a63b b6bd befd befd bebd 9db9 5392 19cb 094a 118b 19cc 19cc 19cd 19cd 19cd 19cc 19ac 118b 118b 19ab 29cb 4a6b 9c91 d5f4 e634 ee33 ee33 ee13 c530 7b4a 7bac 6b6d 6b91 6393 6392 6350 6b8e 8c4e 942d 8beb 7b8a 6b2a 5aab 5aed 6b91 6bd4 6bd4 6bd4 6371 52cb 5288 5288 7349 8bea 7b89 62e8 62e9 7bac a48e c571 cdb0 b50d acca cdcd d5ed cded cdcc cdcc cdac c56b c58c c5ac c5ac bd6b cdec cdcb cdcc c58a bd6a b529 b52a b50a b509 bd2a bd4a bd2a cdcb cdec d5ec d5ec d5ec d5ed d60d d60d de4f de4f de2f c58d aceb b50c bd2c bd4c c58c cdad cdee cdad bd6c b52b b4ea bd4c bd2b bd4b c58c c58b c58b bd6b bd4b acaa 8ba8 8ba9 7b68 7328 5a86 5266 5a86 7348 8be9 9c4a 9c4a 7348 5aa7 62c9 5ac9 528a 62eb 946e b551 d634 de96 ce15 9470 73b1 7415 6bf6 6bd6 63d5 63b5 63b5 6bd5 6bd5 6bd4 6bb1 7bef 9cd0 946e 7349 62e8 62a7 6b07 7b68 6b07 7328 7b68 8c09 a4aa a4cb 944a a4ab bd8f e6f4 e6f3 ef13 ef13 eef4 eef3 eef3 e6f3 de72 de72 de72 d652 d631 d611 de52 e6b3 e6b4 e693 de73 de73 de93 de73 d652 d632 ce11 ce11 ce10 ce10 ce10 ce10 ce10 cdf0 cdf0 cdf0 c5cf c5af c5af c5ae c5ae c5ae c5ae c5ae c5ad c58d c58d bd8d bd8d c58e c58e c58e bd8e c58e bd8d bd6d bd6d bd6d bd6d bd6d bd6d bd6d bd6d bd4d bd4d a48b 9c6b bd4e bd6d bd6d bd4d bd4d 
b50c bd4c bd6c bd4c bd4c bd4b bd4c b52d 8bca 62c8 5248 5227 6ae9 7b49 7b89 9c8d 942b 942b 9c6b a4ad 8c2b 6b08 5287 5a67 62c8 62a7 8bca cdaf cdce d5ce cdcd cdad cdad cdae bd4d a44b ddd2 e613 ee34 ee34 ee34 ee34 ee33 ee13 ee33 ee33 ee33 e633 c551 83aa 6287 5a88 5aa9 5aa9 5289 5269 526a 4a6a 4229 2147 1107 114a 19ac 19cd 19ec 32af 9dda cf3f c71e b69c ae5b ae5b ae5b ae7c b6bd ae7c 5bd3 2a4e 5bf4 ae7c c71e cf3e c73e c73e cf5e cf5e c71e 9db9 32ae 096a 094a 118b 19cc 19cc 19cc 11cc 11ac 118b 118b 19ab 29ea 5acc acf2 ddf4 e633 ee33 ee33 ee33 ee13 ddb2 8349 734a 738c 6b4d 6b6f 634f 6b6d 842d 83eb 7b8a 7b8a 6b4a 5aca 5aed 6b91 6bd4 6bd5 6bd5 6bd4 5b50 52cb 5288 5267 6b08 8bea 7b89 6b08 6b0a 83ac a4af c590 c5af b50c acca cdcd d5ec d5ed cded cdcd cdac bd6b c58c c5ac c58b b52a cdec cdcb cdcb c58b bd4a bd29 bd4a b52a b509 b52a bd4a b529 c5ab cdcb cdcb cdcc d5ed d60d d60d d60d de4f de4f de2f c58d aceb b50c bd2c bd4c c5ad cdcd cdee cdcd bd4c b50b b4ea bd4c b52b bd2b c58c c56b c58b bd6a bd6b a4aa 8ba8 83a9 7b68 6b07 5a86 5266 5286 7348 8be9 9c4a 9c4a 7348 5287 5aa8 5289 528a 62ea 946f b551 d634 e696 ce15 8c50 73d2 7415 6bf5 63d5 63b5 63b5 63d5 6bd4 6bb2 6b90 73ce 94af 946d 738a 6b29 6b08 6b08 7b89 7ba9 6b07 7348 8388 8c09 a4ab a4cb 944a a4ac c5d0 e6f4 eef4 ef13 ef13 ef14 ef14 eef4 e6d3 d651 de72 e693 de73 de52 d631 ce11 d632 d652 d632 cdf1 ce11 ce12 cdf1 c5d1 c5b0 bd8f bd8f bd8f bdaf c5af c5af bdaf bd8f bd8f bd6e b54e bd4e bd4e b54e b52d b50d accd 9c6b a4ac a4cc a4cc a4cc accc aced acec a4cc accc accc accc a4ac a4ac a4ab a4ab a4ab a4ab a4ab a48b a48b a46b 8be9 8bea a48b a4ab a4ac a48c a48b 
b52c bd6c c56c c56c c56d c58d c58d bd6e 8bea 62c7 5268 5247 6ae9 7b6a 7b89 8c0b 83aa 83cb 83ea 8c0b 7b8a 5ac8 5267 5267 62c8 62c7 83a9 c56f c58d cd8d c56d c56c c56c c56d b50c a44b ddf3 e614 ee34 ee34 ee34 ee34 ee34 ee33 ee33 e633 de13 bd0f 7b4a 6ac8 62e9 5ac9 5aaa 52a9 5289 5269 4a69 4a69 4249 2987 1927 198a 19ac 19cd 19ec 4b71 ae7c cf3e bebd 7475 4330 4310 4331 4b72 5bd3 5c14 4310 4310 9dd9 c73e c73e bebc 9598 8d57 b69c cf3e cf3e b6bc 5371 11ab 094a 094a 118b 19ab 11cc 118b 118b 19ac 19ab 1989 5aec b533 e634 ee13 ee33 ee33 ee33 ee33 ee13 e5f3 9c0c 6287 7329 734b 630b 738c 83ed 83cb 7b6a 734a 6309 5aea 5aed 6b91 6bd4 6bd5 6bd5 6bd5 6bd4 5b4f 52ca 52a9 5268 6b09 8bea 7ba9 6b29 6b2a 83ac a4ae c590 cdaf b52b acc9 cdcd cdec d5ed cded cded cdac bd4b c5ac c5ac c56b b509 cdec cdcb cdcb c58b bd4a bd29 bd4a b52a b509 bd2a bd4a b529 c5ab cdcb cdcc d5ec d60d d60d d60d d5ed de2f de4f de2f c58d aceb b50c bd2c bd4c c5ad d5ee d60e cdce bd6c b52b b50b bd6c bd2b b52b c56b bd6b c56b bd6a bd6b acaa 8ba8 8388 7b68 6ae7 5a86 5286 5a86 7348 8bc9 944a 944b 7baa 62e9 5288 5aaa 528a 630a 946f b551 d614 de76 ce14 8c50 73d1 7414 6bf5 63d5 63b5 63b5 63d4 6bd3 636f 6bae 948e 944d 738a 6b4a 6b6a 62e8 7348 83ea 7ba9 6b07 7348 8388 8c09 a4ab a4cb 9429 9c8b c5d0 e6f4 ef14 ef13 eef3 eef3 eef3 eef3 eef3 eef4 eef4 eef4 ef14 ef14 eef4 eef4 eef4 eef4 e6f4 e6d3 e6b3 e6b3 de93 de92 de92 de72 de72 de72 d671 d671 d651 d651 d651 d631 d630 ce10 d610 d610 ce10 cdf0 cdd0 bd6f a4ac b54e bd8e bd6e bd6e bd6e bd6e b54e b52d b52d b52d b50d b4ed accc a4ab a48a a48a a48a 9c6a 9c4a 9c6a a46b 9c6b 9c6b a4ab acab acac acab a4ab 
bd6d c58d c58d cd8d cd8e c5ae c5ae bd8e 83c9 62c7 5267 5247 7329 8bea 8bca acce a4ce 9cad 944b 8c0a 7369 5a86 4a26 5246 62c7 62c7 8389 bd4e c56d c56d c56c c56c c56c c54c b4cb a46b ddf2 e613 ee33 ee33 ee33 ee33 ee33 ee33 e633 ddf2 a46d 7308 7309 6b2a 62e9 5ac9 52c9 52a9 5289 5269 4a69 4a69 4a49 29a7 1947 19ab 19cc 19cd 1a0d 6c55 bedd cf3e b67c 4310 19cc 19cd 19cd 19ed 19ed 19ed 220d 63f3 b6bc c73e b6bc 6c75 32ae 2a6e 7495 bede cf3e befd 63f3 21cc 114a 0929 094a 118b 11ab 118b 19ab 19ab 198a 2188 7bcf d5f4 e613 ee13 ee33 ee33 ee33 ee33 ee13 ee13 c510 6246 62a7 736a 7b8a 840c 7baa 7369 6b09 5ac9 52aa 5acc 6370 73d4 6bf5 6bf5 6bd5 6bd5 6bd4 5b2f 52cb 52a9 5288 6b08 83ca 83a9 7349 6b2a 83cb a4ae c58f cd8e bd2b a4a9 cdcd d5ed d5ed cdcd cdcc c5ac c56b cdac c5ac c58b b50a cdec cdcb cdeb c5ab bd4a b529 bd2a b509 b509 bd2a bd4a b509 c58b cdcb cdcc d5ec d60d d60d d5ed d5ed de2f de2f d62f c56d aceb b50c bd2c bd2c c58d cdce d5ee cdcd bd6c b52b b50b bd6c bd2b b52b c56c c56b c56b bd6b bd6b acaa 8bc8 8388 7b68 6ae7 5a86 5a86 5a86 7348 83c8 942a 944b 83eb 7bcd 5b0b 5aca 52aa 630b 948f b571 d634 de76 ce14 9470 73b0 73f3 7415 6bd5 63b5 63b4 63b3 6370 6b8d 8c4e 8c2d 734a 6b2a 6b4c 738d 6b2a 7b69 8c0a 7ba8 6b07 7348 8388 8c08 a48a a4ab 8c09 9c6a c5d0 eef4 ef14 ef13 eef3 eef3 eef3 eef3 eef3 eef3 eef3 eef4 ef14 ef14 ef14 ef13 ef14 ef14 ef14 eef3 eef3 e6d3 e6d3 deb2 deb2 deb2 deb2 deb2 de92 de92 de92 de92 de92 de71 de71 d671 d651 d651 d651 d651 d651 d610 cdd0 d631 d631 d630 d630 d630 d630 d630 d630 d630 d630 d630 d630 d610 cdcf c5ce cdce cdef cdef cdcf cdcf cdcf cdef cdef cdef d5ef d5ef d5ef d5ef 
a48c a48b acab accb accc acec acec aced 7b89 62c8 5268 5267 7b69 8bea 940a b52e bd6f c58f c58f bd8f aced 7349 5267 5226 62c8 62c7 7b68 b50d b52c bd4c bd2c bd2c bd2c bd0c a48b 9c2a ddf2 e613 ee13 ee33 ee33 ee33 e634 e613 c551 8bcb 72e8 7309 7329 6b0a 62e9 5ac9 52a9 52a8 5268 5269 5269 4a69 4a49 29a8 1989 19cc 19cc 19cd 224e 8d58 c71e cf3e b67c 3acf 19cd 19cd 19cd 19cd 19cd 19cd 2a4e 8d38 c71e c71e 7d16 2a8e 19cd 19ed 3aef a61b c73e c71d 6c54 220d 116b 0929 0929 0949 118a 118b 118b 116a 19ab 21aa 52ac bd53 e613 ee33 ee33 ee32 ee33 ee33 ee13 ee13 ddd3 8349 6ae7 83ca 942c 83aa 7349 6308 5aa9 52aa 5aec 634f 6bb3 6bf5 6bd5 6bd5 6bd5 6bf5 6bd4 6371 52ec 52a9 5287 6b08 83ca 83ca 7349 6b0a 83ac a4ae bd90 c58e b52c a4a9 cdcd d5ed d5ed cded cdcc c5ac c56b cdcc cdac c5ac bd6b cdec cdcb cdcb c58b bd4a b529 b509 b509 b509 bd4a bd4a b509 c58b cdab cdcc cdcc d60d d5ed cdcd d5ed de2e de4f d60f bd4c accb b50c bd0c bd2b c56c c5ad cdce cdad c58c bd2b b50b c56c b50a b50b c58c c56b c56b c56b bd4b acaa 8ba8 8388 7b68 6ae7 5a86 5a86 5a86 7348 83a8 9409 944b 83cc 7bef 6b6e 5acb 528a 632b 948f b571 d634 de55 ce34 a4d0 7bce 73af 73f2 6bb4 6b93 6392 5b2f 632c 840d 840c 6b49 630b 6b4c 738f 8411 6b6c 7b8a 8c0a 7b88 6b07 7368 83a8 8be8 9c6a 9c6a 8c09 9c6b c5d0 eef4 ef14 ef13 ef13 eef3 eef3 eef3 eef3 eef3 eef3 eef3 ef13 ef13 ef14 eef4 eef4 ef14 ef14 ef14 eef4 e6f3 e6b3 deb2 deb2 deb2 deb2 deb2 de92 de91 de91 de91 de91 de91 de91 de91 de91 de91 de91 de92 de92 d651 d631 de71 de71 de91 de91 de92 de91 de91 de91 de91 e691 de91 de91 de71 de71 de50 d650 de50 d650 d62f de4f de4f de4f d62f d62f d62f d62f d62f d62f 
7b69 7b68 8389 8be9 8bca 83ea 83ea 83cb 7329 62a8 5268 5a87 7b8a 8c0a 942a 9c8b 9c8b a48b a4ab a4ab 9c8b 83aa 62c8 5267 62e8 62c7 7328 9c4b 9c6a a48b 9c8b 9c6a 9c2a 9409 8ba9 93ea d5d2 e633 e633 e633 e633 e613 d5d2 b4cf 7308 62a7 6ae8 6ae9 62c9 5ac8 5ac8 5288 4a68 4a48 4a47 4a27 4a28 4228 4209 2988 19aa 19cc 19cc 19cd 32af a61b c73d cf5d ae5b 3acf 19cd 19cd 19cd 19ad 19cd 19cd 3af0 a63b c75e befd 5bd2 1a0c 11cd 19cd 2a4d 8d58 c73e c71d 6c74 220d 11ab 094a 0929 0929 0949 118b 118b 116b 118b 198a 31c9 8c0f de14 ee33 ee33 ee33 ee33 ee33 ee33 ee33 e614 ac4d 8369 8beb 7b8a 6b09 62e9 62e9 52a9 630d 6b70 6bb3 6bd4 6bf5 6bd5 6bd5 6bd5 6bd5 6bd4 6bd3 5b0d 52a9 5287 6b28 8bea 83ca 734a 6b0a 7bab 9c8e bd90 c5af b52d a48a cdcd d5ed d5ed d5ed cdcd c5ac c56b cdcd cdac cdcc c58b d5ed cdcb cdec c58b bd6a bd4a b529 b509 b509 bd4a bd4a b509 c58b c5ab cdcc cdcc d5ec d5ec cdcc d5ed de2e de2f d60f b50b acaa bd2c bd2c bd4c c5ad cdcd cdcd cdad c58c bd4b b52b c56c b50a b50b c58c c58b c56b bd6b bd4b a4aa 8ba8 8388 7b48 6b07 5a86 5a86 62a6 7368 83a8 9409 942b 7bcc 7bd0 73b1 5b0e 52ab 632c 948f bd71 d634 de75 d634 ad0f 948e 94af 73ce 73d1 6b91 5b2e 5b0b 6b6b 73ab 6b4a 6b4b 632d 6b8f 7c12 7c32 6b8d 73aa 83e9 7368 6b07 7b69 83c9 9409 9c6a 944a 9409 944a bd90 e6f4 e6f4 e6f3 e6f3 eef3 eef3 eef3 eef3 eef3 ef13 ef13 ef13 eef3 eef4 eef4 eef4 eef4 eef4 e6f4 e6f4 e6d3 deb2 deb2 deb2 deb2 de92 de92 de92 de92 de92 de92 de92 de92 de92 de92 d672 d672 d651 de72 de92 d632 d631 de92 de91 de91 de92 e6b2 e6b2 e6b2 e6d3 e6b2 e6b2 e6b2 e6b2 e6b2 de92 de71 de51 de50 de50 de50 de2f de4f de4f de2f d62f de2f de2f de2e de2e 
62e8 62c7 6ae7 7328 7328 7329 7329 732a 6b09 62a9 5248 5a87 838a 8c0a 942a 9c8b a4ac a4ac a4ab a4ab 9c6b 83aa 62e8 5a87 6ae8 62e7 7328 9c6d a4ad a4cd 9c8c 9c8c 9c6c 9c4b 8c09 8ba8 cd70 e613 e634 e613 ddf3 c551 93ec 72e8 5a87 5a87 5267 5267 5267 4a46 4a26 4226 4206 39e6 39e6 39c6 39c7 39c7 29a7 2168 19cb 11cc 11cc 11ed 4351 ae9c cf5d cf3d ae7b 42f0 21ed 19cd 19cd 19cd 19cd 19ed 53b2 b6bd c75e bedd 4b91 19ec 11cd 11cd 222d 7cf7 bf1e bf1e 6454 1a0d 11cc 096a 0929 0929 0929 096a 11ab 19ac 11ac 19ab 29a9 6b2c cdb4 e633 ee33 ee34 ee34 ee34 ee33 ee33 ee13 c510 8349 7349 6ae9 62a8 62c9 62e9 630b 6b6f 73d3 73f4 6bf5 6bf5 6bf5 6bf5 63d5 63b5 63d4 6bd3 5b0e 528a 5288 7348 8c0a 8beb 734a 6b0a 7bac 9c8e bd71 c5b1 b52d a48a cdcd d5ed d60d d5ed cdcd c5ac c58c cdcd cdac cdcc c58b d60d d5ec cdec c5ab c58a bd4a b529 b509 b509 bd4a b509 acc8 c58a cdab cdcc cdcc cdcc d5ec cdcc cdcd d60e de2f d60f b50c acca bd2c bd2c bd4c c5ad cdee cdee cdad c58c bd4b bd2b c56c b52b bd2b c56c c58b c56b c56b bd6b a48a 8ba8 8388 7b47 6b07 5a86 5a86 62e7 7368 83a8 9409 8c2a 7bcc 73d0 7413 6371 52cd 630c 946f bd71 d634 de75 ce13 ad0f 9c6d a4ef 8c4d 6b6c 634c 634a 738b 736a 6b29 6b2a 6b2b 634e 73f2 7c34 7c13 636d 738a 83e9 7348 6ae8 7349 83c9 9429 9c8a 9c4a 942a 942a bd6f e6d4 e6d4 de72 de92 e6b3 e6d3 e6d3 e6d3 e6d3 e6d3 e6d3 e6d3 e6d3 e6b3 deb3 deb3 e6d4 e6d4 e6b3 deb3 de93 de92 de92 de92 de92 de92 de92 de92 de92 de92 de92 d672 c5f0 d653 c5d1 a4ce 9cce 8c2b b570 ce12 c5d1 b570 de93 deb2 deb2 e6b3 e6b3 e6d3 e6d3 e6d3 e6d3 e6d3 e6d3 e6d3 e6d3 e6b2 de92 de71 de50 de70 de50 de2f de4f de2f d62f d62f de2f de2f de2f de2f 
83eb 83ea 8bea 8c0a 8c0a 8c0a 8c0b 8c0c 7b6a 62c8 5247 5a87 838a 8c0a 944a 9c6b 9c6b a4ac a4ec a4cc 9c8c 83eb 62e8 5a87 62c8 62c8 7328 9c6d a4cd 9cad 946c 9c6c 9c8c 9c6c 944b 8388 93ea cd71 d5d2 bd10 93cb 72e8 6ac8 6b08 6ae8 62c8 5aa8 5aa8 5287 5267 4a46 4a46 4226 4206 4206 4206 41e7 39c7 2988 1989 19cb 11cc 11cd 19ed 53d3 befd cf5e cf5d b6bc 6413 4b51 4331 4311 3ad0 2a4e 222d 6c95 bf1d c75d b6bc 4350 19ec 11cd 19cd 222e 6455 9dfb 9dfb 53b3 1a0d 11cd 118b 0949 0928 0928 0949 116a 19ab 19ac 19cc 2a0c 632e a4d2 e614 ee33 ee34 ee34 ee34 ee33 ee33 ee34 d5b2 836a 6ac7 62a8 62c8 6b29 7bcb 6b4b 6b6e 73d3 6bf4 6bd5 6bd5 6bd5 6bd5 63d5 63d5 6bd5 6bd4 5b0f 528a 5287 7369 942a 8beb 734a 6b0a 83ac 9c6e b551 cdd1 bd4e acca cdcd d5ed d5ed cdcd cdad c5ac c58c cdcd cdac cdcc c58b d5ec cdec cdec c58b c56a bd6a bd4a b509 b509 bd4a b529 a4a7 bd6a cdab cdcb cdac cdcc cdcc cdac cdac d60e d62f d5ee bd4c accb b50c bd2c bd4b c56c c5ad cdcd c5ad c56c bd4b b50a bd6b b52b bd2b c56c c58b c58b c56b bd4b a4aa 8bc8 8388 7327 6b07 5a86 5a86 62e7 7368 83a8 9409 8c0a 7bec 73f1 7414 6b93 52ce 62ec 8c4f b571 d634 de75 ce13 ad0f 83aa 942b 944c 83eb 738a 7baa 734a 6b2a 6b2a 630a 632c 6bb0 7c14 7c35 7c14 634d 6b6a 83c9 7327 6ae8 7349 8bc9 9c4a a4ab 9c6a 942a 944b bd70 e6b5 de93 c5d0 bdb0 cdf1 cdf1 c5af bd8f c5af c5d0 cdf0 c5d0 c5d0 bd6f ad2e ad0e b54e b54e b54e b52e ad0d ad2d b54e b56e b56f bd6f bdaf c5d0 cdf0 ce11 ce11 bdb0 6b48 944d 8c4e 6b2a 7bad 840e 73ab 946d acef 8c0b ce12 deb3 e6d3 e6b3 e6b3 e6d3 e6d3 e6d4 e6d4 e6d3 e6d3 e6d3 e6d3 e6b3 e6b2 de92 de71 de70 de50 de50 de2f d62f d62f d60f d60e d60e d5ee d60e 
7bca 83c9 83c9 8be9 8bea 8c0b 8c0b 8c2c 738a 62c8 5267 5a87 83aa 942a 942b 8c0b 8c0b 8c2c 946c 8c4b 8c0b 83cb 6b09 5a87 62c8 6ae8 7349 946d 9cae 948d 944c 944b 944b 944b 944b 8c2b 7b68 7308 7328 6ac7 6ac7 6ae8 6b08 6b08 62e8 5ae8 5ac8 5aa8 5288 5267 4a47 4a47 4a27 4227 4207 4207 41e7 39c8 2168 19ab 11cc 11cd 11cd 1a0d 6455 bf1e cf5e cf5d c73d b6bc b6bc bebc b69c a63b 7cf6 42ef 8d57 c73d c75d b6bc 4350 220c 1a0d 220d 222d 2a8e 32af 32af 222e 19ed 19cd 11ac 116a 0929 0928 0909 0949 116a 19ab 19ac 324d 6b91 7baf d5b4 e633 ee33 ee34 ee34 ee33 ee33 ee33 e613 9c2d 62a7 62c8 5aa8 6b28 840b 83ec 736b 6b6f 6bb3 6bd5 6bd5 6bd5 63d5 63d5 63d5 6bd5 6bd4 5b2f 52ab 5a87 7ba9 944b 8beb 734a 6b0a 83ac 9c8e bd70 cdf1 bd8e aceb cdcd d5ed cded cdcc cdad c58c c56c cdac cdac cdcd c58b cdcc cdcb cdcb c58a c56a bd6a bd4a b509 b529 bd4a bd4a acc8 c56a cdab cdab cdab cdcc cdcc cdac cdcc d60e d62e d60f bd6d aceb b4eb bd2c bd4c c58c cdad cdcd c5ad c56c bd2b b50a bd6b bd4b bd2b c58c c58c c58b bd6b bd4b acaa 8bc8 8388 7327 6ae7 5a86 5a86 62e7 7367 7b88 940a 8c0a 7bed 73f1 73f4 6b92 52ce 5aec 8c2f bd71 d634 de75 ce13 a4ef 6b08 7328 83ea 83ea 7bca 6b28 6b08 6b2a 6309 5b0b 6b8f 7413 7415 7c36 7414 5b2c 6b49 7bc9 6b07 62c7 7b49 8be9 9c4a a4ab 9c6a 942a 9c6b c5b1 e6b5 e6d5 e6b5 de94 de73 d653 ce12 c5f1 cdf1 ce12 ce11 c5f1 c5d0 bdb0 bd8f b54e b54e b54e b54e ad2d a4ac 9c6b 942b 8bea 8c0a 8c0a 8c0a 8c0a 942a 946c 946d 83cb 62c9 9470 a4f3 a534 ad34 ad54 9491 6b2a 7b6a 6b08 8c2b aced b54e b54e bd4e bd8f c5b0 c5d0 cdd0 cdf1 cdf1 cdf1 d611 d611 d611 d611 ce10 ce0f cdef cdef cdcf c5ae c5ae c58d c56d bd6c bd4c bd4c 
736b 6b29 7ba9 7ba8 7369 736b 73ad 738e 632c 5aca 5288 5aa8 83ca 944b 942c 7b8c 736c 6b6d 738c 6b4a 738a 7bcb 6b09 5a87 62c8 6b09 7369 7bcb 840d 83cd 83cd 8c0d 8c2d 8c2d 8c0c 840c 736a 6b09 62e8 62e8 62e8 62e8 62e8 5ac9 5aa8 52a8 5288 5288 5268 4a68 4a48 4a27 4228 4228 4207 39e7 39e7 2987 2189 19ab 11cc 11cd 19cd 1a0d 6c76 bf1e c73e cf5d cf5e cf5e cf5e cf5e cf5e c73e b69c 7494 a61a c75d cf5d bedc 74b5 6434 6c75 6c75 6434 53d2 3b0f 224d 19ed 19cd 19cd 19cd 118b 094a 0929 0908 0928 0929 116a 19ab 3a6e 73f3 7370 acd2 e614 ee34 ee34 ee33 ee33 ee33 ee33 e614 bd10 62a8 62c9 5aa9 62e8 738a 8c4c 8c2c 738c 6b90 6bb3 6bd5 6bd6 6bd5 6bd5 6bf5 6bf5 6bd4 5b2f 52aa 5aa8 83ca 944b 8beb 734a 62ea 7bab a48e bd70 cdd0 bd6d b4eb d5ee d5ed d5ed cdac cdad c58c c56b c5ac cdac cdac c56b cdcc c5ab cdcb c58a c58a bd6a bd49 b529 b509 bd4a bd4a b4e8 bd6a c5ab cdcb cdac cdcc cdcc cdcc d5ed d60e d60e d5ee bd4c accb b50b bd2c bd4c c58c cdcd cdee cdad c56c bd2b b50a bd6c bd4b bd2b c58c c58c c58b bd6b bd4b a48a 8ba8 8388 7b47 6ae7 5a86 5a86 62e7 7368 7b87 8c09 8c0a 7bed 73d1 73f4 6b93 5aee 5aec 8c0e bd71 d634 de95 ce13 a4cf 6ae8 6b28 83ea 83ca 6b48 62e7 6b29 6309 5b0a 636d 6bd2 73f4 7415 7416 73f4 5b0c 6b29 7bc9 6b08 62c7 7b49 8be9 9c4a 9c8b 9c6a 942a 9c6c c5b2 e6b7 e6b7 e6b7 deb6 de75 d634 ce33 ce12 ce12 ce12 ce11 c5f1 c5d1 c5b0 c5b0 bd8f bdaf bd8f bd8f bd6e b54e b52e ad0e ad0e ad0e ad0e ad0d ad0d aced 9cad 7b8a 7b8b 9cb1 ad54 b576 b576 b576 b575 a513 734b 62c7 7ba9 83c9 83e9 8c09 8c09 8c29 9429 942a 9429 944a 9c6a 944a 942a 942a 944a 944a 9c6a 9c6a 9c69 9c4a 9c4a 9429 9409 9429 9c49 9c49 9c29 9c28 9408 
738e 6b4a 840a 840a 6b4a 632d 6b91 6b71 632e 5aeb 5289 5a88 83ca 9c4b 944c 840f 7bf1 7bf2 73d1 632c 6b4a 7bcb 6309 5a87 62c8 6b29 736b 6b6d 6b70 6b70 6b70 6b90 73d1 73d1 73b0 6b8f 634e 630c 5aca 5287 5ac8 62c8 5a88 4a68 4a69 4a49 4249 4229 4229 4209 3a08 39e8 39e9 39e9 39c9 31c8 31c8 2168 198a 19cb 11cc 11cd 19ed 1a0d 5bf4 95ba 9dfa 9dfa ae5b b6bd befd c71d c73e cf5e c73d 9df9 b6bb cf5d cf7e cf5e bf1d befd befd befe befd b6bc 95d9 5392 19ed 19cd 19cd 19cd 19ac 116b 0929 0929 0928 0928 0929 198a 428e 7c34 7bd3 83cf d5b4 e634 ee34 ee33 ee33 ee33 ee33 e613 cdb3 7b6b 5acb 5acb 5aca 5ac8 736a 8c0b 840c 73ad 6370 6bb4 6bd5 6bf6 6bf6 6c16 6bf6 6bf5 5b30 528a 5aa7 83ca 9c6c 8beb 6b29 62e9 7bab a4ae c5b0 cdf0 c56e b50b d60e d60e d5ed cdac cdac c58c c56c c5ac cdac cdac bd4b cdcc cdcb cdcb c58a c58a bd6a bd4a b529 b509 bd4a bd4a b509 bd6a c5ab cdcb cdcc cdcc cdcc cdcc d5ed d60e d60e d5ee bd2c aceb bd0c bd2c bd4c c5ad cdcd cdee cdad c56c bd2b b50a bd6c bd4b bd2b c58c c58b c56b bd6b bd4b a4aa 8ba8 8388 7b47 6b07 5a86 5aa6 6b07 7b68 7b87 8c09 8c0a 73cd 6bb1 73f4 6bb3 5aee 62ec 8c0e b530 cdf3 de96 ce34 a4ce 7349 83ca 83ca 7348 6b08 62e8 6b29 6309 6b4b 73af 73f3 6bd4 73f5 7416 73f4 5aec 6b29 7bc9 6b08 62c7 7349 8be9 9c4a 9c8b 944a 8c0a 9c6c bdb2 de97 deb8 deb8 d677 ce56 c615 c5d4 c5f3 c5f3 c5f3 c5f3 c5f2 bdd1 c5b0 bd8f bd8f bd8f bd8f bd8f b56f b54f b54e b54e b54e b54e b54e b54e b54e b54f a4ee 7349 8c2e b554 b575 b576 b576 b597 ad76 ad55 736c 6b29 946c 946b 946a 946a 946a 946a 946a 946a 9449 9449 944a 944a 9409 9429 9429 9429 8c29 9408 8c08 8be8 8c09 8c08 9409 9429 9429 9c2a 9c2a 9c29 9c29 
7bae 736b 8c0b 8c0a 736a 632e 6b72 6b72 632f 5aec 5289 5a88 83ab 942b 944d 8c31 7c34 7c14 73f2 632c 6b4b 7bcc 6b09 5a87 62c8 6b2a 6b6b 6b6e 6b92 63b4 63b4 6394 6bd4 73f4 73f4 6bd3 6372 632f 52ab 52a8 6329 6b29 5289 528a 52cd 4a8d 426d 424c 424c 422b 3a2b 3a2b 3a2b 3a0b 3a0b 3a0a 31ea 1969 19ab 19cc 11cc 11cd 11cd 19ed 2a4e 328f 2a8e 32af 3af0 4b72 5bd2 6c74 a61a c73e c75e ae9b befc cf7d cf5e c73e b69c 95d9 9598 a65b bf1e c75e c71e 8557 222d 19cd 19cd 19cd 19cd 11ac 094a 0929 0928 0928 0928 1128 42ce 7c34 8413 6b0c b4d1 e634 ee34 ee33 ee33 ee33 ee33 e633 d5f4 8bee 6b4f 5b0f 52ab 5aa9 5a87 6b28 7bcb 7bcb 634d 6371 6bd4 6bf5 6c16 6c16 7416 73f5 6350 528a 5a87 83a9 9c8c 83ca 6b29 6309 7b8b a4af cdd1 d5f1 c56e b4eb d5ee d60d d5ed cdac c5ac c58c c56c c5ac c5ac c58c bd2a cded cdcb cdcb cdab c58a c58a bd6a b529 b509 bd4a bd4a b529 bd6a c58b cdcb cdcb cdcb cdcc cdcc cdcc d60d d60e d5ee b52c acaa bd2c bd2c bd4c cdcd cdee cdee c5ad bd6b b52b b50a bd4b bd4b bd4b c58c c58b c56b bd6a bd2b acaa 8ba8 8388 7b48 6ae7 5aa6 5aa6 6b07 7b68 7b87 8c09 8c0a 73ac 6bb1 73f4 6b92 5aee 62ec 83cd a4cf c5b2 de75 d634 9c8d 8bcb 8bcb 6b28 62e7 62c8 62c8 7bab 7bab 6b2a 6b8e 73f2 6bd4 6bd5 6bf5 6bd3 52ec 6b4a 7ba9 6b08 62c8 7349 8be9 9c6a 9c6a 942a 8bea 8c2c ad52 c616 bdd7 ad75 9d14 a534 a514 94d3 94b2 9cd1 a533 ad53 ad31 ad10 ad2e ad0e ad0d ad0d ad0e ad0f ad0f ad2f ad2f ad4f ad4f ad4f b54f b54f b54f b54f ad30 83eb 83ed ad53 b575 b596 b576 b576 b576 ad75 9471 6b4a 8c2b 946a 946a 946a 944a 944a 944a 944a 9449 8c29 942a 9429 8c09 8c09 8c09 8c29 8c29 8c29 8be8 8be8 8be9 8c09 9429 9429 944a 9c4a 9c4a 9c6a 9c6a 
7bcd 7bab 8c0a 8c2a 83eb 738d 6b90 6bb1 634e 5aeb 5288 5267 7b8a 942b 942c 842f 7c11 73f1 73f0 634c 6b4a 7bab 6309 5a87 62e9 6b2a 738c 6b8f 6bb3 63b4 63b4 6394 63b4 6bf5 6bf5 6bd4 6393 6350 52ab 52a9 6329 6b09 5289 52ab 52ce 4aae 428e 424d 3a2c 3a2c 3a4d 3a4d 3a2c 3a2c 3a0c 320c 29ca 198a 19ac 19cc 19cd 11cd 19cd 19ed 19ed 19cd 19ed 19ed 19ed 19ed 19ed 222e 74b6 befd c73d b69b c73d cf5e c73e 9dfa 53b2 32ae 2a6e 4331 8558 befe c73e 9dda 2a6e 19cd 19cd 11cd 11cd 11cc 118b 0949 0929 0928 0928 1148 4ace 73f1 738f 62ea 9c2d de14 ee34 ee33 ee33 ee33 ee33 e633 ddf4 8c0f 6b71 6372 5b2f 52cc 528a 5267 62e8 7baa 73ab 634d 6bb2 73f5 7415 7436 7436 7435 6350 52aa 5aa8 7ba9 9c8c 83eb 734a 630a 7b8b a4af c5b1 d632 c58e b4eb d5ed d5ed cded cdcc cdcc c58b c58c cdad cdcd c5ac bd4b cdec cdcb cdec cdcb c58a bd6a bd4a b509 b508 bd4a bd6a b509 bd4a c58b c5ab cdcb cdcc cdcc cdcc cdcc d60d d62e cdee aceb acaa bd2c bd2b bd2b c5ad cdcd cded c5ac bd4b b52a b50a bd4b bd4b bd4b c58c c58c c58b bd6b bd2b acaa 8ba8 8388 7b47 6ae7 5aa7 5aa6 6b07 7b68 7b88 9409 8c0b 6b8c 6bb1 73f4 6372 52ce 5acb 83ad a48e c591 de75 d613 9c6d 83aa 7b49 62a7 5a87 62c8 6b08 7369 83eb 738a 632a 634e 6b91 6bb4 6bd5 6bd3 5b0c 738a 7ba9 6b08 6ae8 7348 8c09 a4ab 9c6a 942a 8be9 8c2c 9cd2 a576 a557 94f6 94d6 9d17 94f7 8cb5 8474 7c33 7c53 7c33 7bf0 6b6c 83eb 946c 942b 8beb 738b 738d 738e 73ae 6bae 6bae 6bae 6bad 73ad 73ad 7bcd 7bce 7bee 6b4b 4a27 8c30 ad75 b596 b575 b576 b576 b576 ad34 738c 62e8 7389 73a9 73a9 7389 7389 7389 7389 7389 7389 7b8a 7389 7389 7389 7389 7ba9 7bc9 83c8 83a9 83a9 83a9 83a9 8c0a 8c2b 8c2b 8c2b 8c2b 944b 8c4b 
83ec 8beb 942a 944b 946d 946f 8c70 8c71 73ad 5aea 5268 5267 7b6a 940b 8c0b 840d 7bed 7bce 83ee 7bcc 7bab 738a 5ac8 5266 62e8 6b29 738c 738f 6bb3 63b5 63b5 6394 63b4 6bd5 6bd5 6bd5 6393 6351 52ac 52a9 6309 6309 5289 4aac 52ce 42ae 428e 3a4d 3a2d 3a2d 3a4d 424d 3a2d 3a2d 3a2d 322c 21aa 198b 19ac 19cd 19cd 19cd 19cd 19cd 19cd 19cd 19cd 19cd 19cd 19cd 19cd 1a0d 6c75 befe c73d b69b c73d cf5e b67c 5bd3 220d 19ed 19ed 19ed 4310 9dda c71e 9dda 2a6e 19cd 19cd 19cd 19cd 11cd 11ac 096a 0929 0928 0928 1148 4aac 6b6d 6b4b 736a 940c ddf3 ee33 ee33 ee33 ee33 ee33 e633 ddf4 9410 6b51 6373 6372 5b2f 52ab 5269 5267 6b29 738b 73ac 73af 73f3 7415 7456 7c56 7c35 634f 52aa 5aa8 7ba9 9c6b 83ca 6b2a 630a 7bab a4ae c5b1 de53 c58e b4eb d5ee d5ed d5ed cdec cdcc c56b c58c cdcd d5ed cdcd c58c d5ed cdcc cdec cdcb c58a bd4a bd29 b529 b4e8 bd4a bd6a b509 bd4a c58b cdab cdcb cdcc cdcc cdcc cdcc d60d d62e cdce b4eb acca b50b b52b bd2b c58c cdad cdcd c58c bd4b b50a bd2b c56c bd4b bd4b c58c c58c c58b c56b b52b acaa 8ba8 8388 7347 6ae7 5a86 5aa6 6b07 7b68 83a8 942a 8c0b 6b6c 73d2 73f4 6b92 5aee 5acc 83ce a48e c591 de75 ce13 944c 7b6a 6b09 5aa8 5ac9 6b2a 6b09 6b08 7369 83eb 7beb 6b4b 630d 6370 6bb3 6bb2 5b2c 73aa 7b89 6ae8 62c7 7348 940a a4ab 9c6a 9449 8be9 840b 8c91 a537 9d58 9d39 9518 94f8 8cd7 8cb7 8497 7c77 7c56 7c35 73f2 636d 7bcb 9c8c 9c6b 8c2c 6b8d 6bb1 63b2 6392 5b71 5330 5310 52ef 52ef 530f 530f 530f 530e 52cd 4229 73ae a534 9cd3 a4f4 a535 a4f4 b556 8c51 4a29 4228 4a89 4aa9 4aa9 4a89 4a88 4a88 4a88 4aa9 52a9 52a9 52a9 52a9 52a9 52a9 52c8 6308 7b88 7b88 7b68 7347 62e8 632a 6b6c 6b6c 6b6d 6b6c 6b6c 634c 
734a 7b89 8bea 940a 944c 944e 944e 8c2e 738c 5ac9 5268 5248 7b6a 8c0b 83a9 734a 736c 7bad 83ed 8c0d 8c2c 7b8a 5ac8 5246 62c8 6b29 736b 738f 6bb3 63b4 63b5 5bb5 5bb5 63b5 6bd5 6bd5 6394 5b52 52ad 5289 62e9 62e9 5289 4aac 52ce 4aae 428e 426e 424d 424d 424d 424e 3a4d 3a2d 3a2d 320c 198a 19ab 19ad 19ad 11cd 19cd 19cd 19cd 19cd 19cd 19cd 19cd 19cd 19cd 19cd 1a0d 6c75 bf1e c73e b6bb c75e c73e 9598 328e 19ed 19cd 19cd 19cd 222d 6c75 b6dd 9599 2a4e 19ed 19cd 19cd 19cd 19cd 19cd 11ac 092a 0929 0929 1147 4a8a 738c 840b 83cb 93eb e5f3 ee13 ee13 ee33 ee33 ee33 ee33 ddf4 9c30 6b72 6374 6394 6372 5b0e 4a8a 4a48 5288 6b49 7389 73cc 73cf 7412 7c35 7c56 7c35 5b2e 52aa 5ac8 7b89 944a 7b8a 62e9 62ea 83ac a4af c591 de73 c58e b50b d5ee d5ed d5ed cded cdcc c56b c58c cdac cded cdcd c58c d5ed cdec d60c cdcb c58a bd49 b529 b529 ace8 b529 bd6a b509 bd4a c58b cdcb cdcb cdcb cdcc cdcc cdcb d60d d60d cdcd b50b aceb b50b b50b bd2b c58c cdad cdcd c58c bd4b b52b bd2b c58c bd4b bd4b c58c c58c c58b c56b bd2b acaa 8ba8 8388 7347 6ae7 5aa7 62a7 6b07 7b68 83a8 942a 8c0b 6b6c 73d2 73f4 6bb2 6b90 630d 8c0e 9c6e c591 de54 ce14 9c8e 83cb 6b2a 62eb 6b4d 632c 5aca 62e8 6b08 7389 840b 840b 6b4a 5b0b 634f 6bb1 5b0b 738a 7b89 62c7 62c7 7b69 944b a4ab 9c6a 9c49 8be9 83eb 8c71 9d16 9517 9518 8cd8 8497 8477 8497 8497 7c77 7436 7416 73f3 6b6e 7bcb 946c 9c6b 840b 636d 63b2 5bb3 5b93 5352 5332 4b11 4b11 4b12 4b12 4b12 5332 5332 52f0 3a2b 6b4e 9cf4 8430 8431 94d3 8c72 ad35 632d 39c9 4a8c 4ace 4acd 4aac 4aac 4aac 428c 4a8c 4aad 4aad 4aad 4acd 4acd 4acd 4aed 4aab 5aea 840b 8be9 83c9 7baa 632b 634e 6370 6370 6b92 6391 6351 5b30 
5268 62e8 7b8a 83ca 7b8b 736d 738e 738f 6b4d 5aaa 5248 5247 736a 8beb 7b8a 6b4d 6b70 6b70 6b6e 630b 6b2a 62e8 4a46 4a06 62a8 6b09 736b 6b6f 6b93 6394 63b4 63b4 63b5 63b5 6bf5 6bd5 6393 5b31 4aac 5289 62e9 62e9 5289 4aac 4ace 4aae 428e 426e 426e 426d 424d 424d 3a4d 3a2d 3a2d 29ec 196a 19ac 19ad 19cd 11cd 11cd 19ed 1a0d 222e 2a6f 220e 19cd 19cd 19cd 19cd 222d 74b6 bf1e c73e b6bb c75e c71d 8516 2a2d 19cd 19cd 19cd 19cd 19ed 4b92 ae9c 8d58 222d 19cd 19cd 11cd 19cd 19cd 19cd 19cd 116b 0929 0929 1947 52ca 840c 8c0a 7b69 838a d5d3 ee13 ee13 ee13 ee33 ee33 ee33 ddf4 9c30 6b72 6394 6394 6393 6372 52ee 4a6a 4a68 5aa8 6308 6b4a 73ad 73af 7413 7c35 7c34 5b0d 52a9 5ac8 7b89 942a 7b69 62c9 62ea 83ac a48e bd71 de53 bd6e b4eb d5ee d5ed cded cded cdcd c58c c58c c5ac cded cdcd c58c d5ed d5ec d5ec c5ab c58a bd6a bd29 bd29 ace8 b529 bd4a b509 bd4a c58b cdcb cdcb cdcb cdcc cdcb cdcb d60d d60d cdad b4eb b4eb b50b b50b bd2b c58c cdcd cded c5ac bd4b b50a b50a c56c bd2b bd2b c58c c58b c56b bd6b bd4b acca 8bc8 83a8 7b68 6b07 5a87 62c7 6b28 7b68 83a8 942a 8c0b 6b6c 73d2 73f4 6bb2 73d1 6b4d 8bee 9c6e bd91 de54 d613 9c8e 736a 5aeb 6b4f 73f2 6b91 5aed 62ea 6309 6b48 7389 8c2a 8c2b 736a 5b0a 636d 5b0a 738a 7b89 62c7 62c7 83a9 9c6b a48b 9c6a 9c4a 8c09 840c 8c71 9d16 9517 9518 8cd8 84b7 8477 8497 8497 7c77 7436 7416 73f3 6b8e 83ec 9c6c 9c4b 83aa 634d 63b2 5bb3 5b93 5353 5352 4b32 4b12 4b33 4b33 5333 5333 5333 5311 424c 4a4a 8410 9cd3 9492 9cf3 a514 a534 5aec 52ce 5311 5331 4b31 4b11 4af0 4ad0 4ad0 4af0 4af0 4af1 4af1 4af1 52f1 5311 5331 52ce 5aeb 8c0c 942a 8c2a 7bcb 6b6e 6b92 6394 6394 6374 6394 5b74 5b53 
5aeb 738b 9c8d 9ccd 7bed 6b90 6bd3 6bb3 6b4f 5aab 5269 5248 7b6a 8c0b 83ec 73b0 73b3 73d4 73f3 636e 7bed 83ec 62c8 5226 62a8 6b09 736b 6b6f 6372 5b74 5b95 6395 63b5 63d5 6bf5 6bd5 6373 5b31 52ad 52aa 632a 6309 5288 4aab 52ce 4aaf 4a8e 426e 426e 424d 424e 424e 3a2d 3a2d 3a2d 29cb 198b 19ac 19cc 11cd 11cd 19cd 2a6e 6455 8559 8539 3ad0 19cd 19cd 19cd 19cc 2a4e 8d58 c73e c73d b6bb c75e c73d 8536 2a2d 19cd 19cd 19cd 19cd 19ed 53b2 ae9c 7cf7 222d 19cd 19cd 11cd 19cd 19cd 19cd 19cd 11ac 094a 0929 1947 5aea 7baa 7369 62c7 7309 d5b3 e614 ee13 ee13 ee33 ee33 ee34 ddf4 9410 6b72 6394 6394 6394 63b3 6392 52ed 4269 5288 5aa8 62c8 6b4a 73ac 73d0 7c13 7c13 5b0c 52a9 62c8 7b89 940b 7b6a 62c9 62ea 83cc 9c6e b550 de53 bd4d acca cdcd d5ec cdcc cdcc cdcd c58c c5ac cdcc d5ed cdcd cdac d60d d5ec d5eb cdaa c58a bd49 bd29 bd29 ace8 bd49 bd6a b4e9 bd4a c58b cdcb cdcb cdcc cdcc cdcc cdcc d60d d60d cdad acea acea b50b b50b b52b c58c cdcd cdcd c58c bd4b b50a b50a bd4b b50a b50a c56b c58b c56b bd6b bd4b acca 8bc8 8388 7347 6ae7 5a86 5aa7 6ae7 7348 83a8 942a 83eb 6b6c 73d1 73d2 634f 73cf 6b4d 8bee 9c6e c570 d633 ce13 9c8f 632b 632e 73d2 73f3 73d3 6b91 5b0e 630b 6309 6b29 7b89 8c2b 944c 7baa 62e8 5ac8 7369 7b69 62c7 62e7 83a9 9c6b a48a 9c4a 9449 8c09 8c0c 9492 94f6 9d38 9518 94f8 8cb8 8497 8497 7c77 7c57 7436 7436 7414 6b8f 83ec 944b 944b 7baa 634d 63b2 5b93 5b73 5353 5353 5333 4b33 5353 5334 5334 5333 5332 5310 52ee 73b0 9cd4 b576 ad55 9cf4 9492 8431 5acc 5b31 5b32 5333 5333 4b13 4b13 4af3 4af3 4af3 4af3 4af3 4af3 4b13 4b13 5313 5333 52cf 5aeb 840b 942a 8c0a 738a 634e 6bb3 63b5 63b5 6395 5b74 5b54 5354 
5aeb 738c 9cae 9ccd 7bed 6b90 6bd4 6bb4 6350 5acb 5269 5268 734a 8beb 83ec 73b0 73d4 73d5 73f4 636e 840e 8c6d 736a 5a87 62a8 6b09 736b 6b6e 6372 5b74 5b95 6395 63b5 63d5 63d5 6bd4 6373 5b31 52ad 52aa 6b2a 6b4a 5ac9 52ab 52ee 4acf 4aae 426e 426e 426e 424e 3a4e 3a4d 3a2d 320c 218b 19ab 19ac 19cc 11cd 11cd 19ed 3b10 9e1b bf1f 9e1b 3af0 19cd 19cd 19cd 19ec 3af0 a63b c75e c73d ae9a c75d c73d 9dd9 3aaf 19cd 19cd 19cd 19cd 222e 6c96 b6bd 74b5 1a0d 11cd 19cd 11cd 11cd 19cd 19cd 19cd 19cc 118b 0949 1147 4aa9 7369 6b08 6287 6ac9 c572 e614 ee13 ee13 ee33 ee33 ee34 ddf4 93ef 6351 6374 6394 6394 6bb4 6bd4 6b91 52ad 4a6a 5aa9 5aa8 62e8 736a 7bac 7bcf 8411 5b0b 5aa9 5ac7 7b89 8c0b 7349 62a9 62ea 83cc 944d b530 de74 bd6e acca cdcd cdec cdcc cdcc cdcc c58b cdac cdcd cded cdcd c5ac d5ec d5ec d5eb cdaa c58a bd49 bd49 bd29 b4e8 bd4a c56b ace9 bd4a c58a cdab cdcb cdec cdec cdec cdcc d60d d60d cdad acca acca b50b b50b b50b c56c cdad cdcd c5ac bd4b b50a b50a c56c b52b b50a bd6b c56b c56b bd6b bd4b acca 8bc8 83a9 7348 6ae7 5a66 5266 62c7 7348 83c9 942a 83ca 6b6c 73d1 6b8f 73ae 7bce 6b2c 83ed 9c4d bd70 d613 ce13 946e 6b6d 6bd1 6bf3 6bf4 6bd4 6bb3 6391 6b6f 5aeb 6309 6b29 7baa 8c2b 944b 7b89 62e7 7369 7349 62c7 62e7 7b88 942a 9c6a 9429 9429 8c09 83ec 9492 94f6 9d37 9d18 94f8 8cb8 8497 7c77 7c77 7c57 7436 7436 7414 6b8f 840d 942b 942b 7baa 634d 63d2 5b94 5373 5353 5353 5353 5353 5353 5354 5333 5b32 5310 7c13 bdf9 d6dc e71d e73d e73d e71c d6bb b596 73d0 5b31 5312 5313 4b33 4b13 4b14 4b14 4b14 4af3 4af3 4af3 4af3 4b13 4af4 4b14 4af3 4acf 52cb 83eb 8c2a 8c0a 736a 634f 6bd4 6bd5 63b6 6395 5b75 5b74 5b54 
5aeb 73ac 9cae 9ccd 7bcd 6391 63b4 63b3 6370 5aec 5269 5248 7349 83ca 83cc 73b0 6bb4 6bd5 6bf4 636f 73ad 8c2d 736a 5a87 5a88 6b29 736b 6b6e 6372 5b74 5b94 6395 6394 63b5 63d5 6bb4 6373 5b31 52ad 52aa 632a 6b4a 5aea 4aab 52ef 52ef 4a8e 426e 426e 426e 3a4e 3a4e 3a2d 3a2d 320c 198a 19ac 19cc 19cc 11cd 11cd 19ed 3b10 9e3b c73f 9e1b 3af0 19ed 19cd 19ed 222d 6434 befd c75d c71c ae7a c73d cf5e b6bc 6c34 222e 19ed 19ed 19ed 4331 9dfb b6dd 6433 19ed 11cd 19cd 11cd 11cd 11cd 11cd 11cd 19cd 19ac 116a 1147 4a89 6b4a 6b09 5a87 6288 bd11 e614 ee13 ee13 ee33 ee33 ee33 ddd3 8bce 6350 5b52 6373 63b4 6bb4 6bd4 73f3 6bb1 52cc 5289 62e9 62e8 6b29 7b8b 738b 73ad 5aea 5ac8 62c7 7b69 8bea 7329 62a9 630a 83cc 944d b530 de73 bd6e acea cded cdec cdcc cdcc cdac c56b cdcc cdcd cdcd cdac c58b d5ec d5ec d5ec cdcb c58a bd49 bd29 bd29 ace8 bd4a bd6a ace9 bd4a c58b c5ab cdcb cdec cdec cdec cdcc d5ec d5ed c5ac a4a9 a4aa b50b b50b b50b bd6c c58c cdad c58c bd4b b50a b50a c56c b4ea b50a c56b bd6b c56b bd6b bd4b acca 8bc8 83a9 7b68 6ae7 5246 5245 62a6 7347 83c8 942a 83ca 736c 738e 73ce 83ee 7bad 630b 7bac 942c bd70 ce12 ce13 8c4f 6b8f 73f3 6bf4 6bf5 63d5 63b4 6b94 6b92 5b0d 5aca 62e9 6b49 7b89 942b 944b 7b88 7348 7328 62c7 62e7 7b68 8bc9 8bc8 8be8 9429 8c09 83ec 8c92 9d16 9d38 9d38 94f8 8cb7 8498 8497 7c77 7c57 7436 7436 7434 6baf 840d 942b 942b 7bab 634d 63b2 5b94 5353 5353 5333 5333 5332 5333 5333 5b32 52cf 7c33 ce9b e71d e71d e73d e73d e73d e73d e73d e71c d69b 94b6 52f0 4b11 4b33 4b34 4b14 4b14 4b13 4af3 4af3 4af3 4af3 4af3 4af3 4af3 4af2 4acf 5aeb 83eb 8c2a 8c0a 736a 6b90 6bf5 6bd5 63d5 63d5 63b5 5b74 5354 
5b0b 7bed 9cad 9cac 73ad 6bb1 63b3 6393 6370 5aec 5269 5247 734a 83ca 83cb 73b0 6bb3 6bb5 6bd4 5b4f 632b 83ec 736a 5a87 5a88 6b09 736b 6b8e 6372 5b74 5b94 6394 63b4 63b4 63b5 63b4 5b52 5b10 4aac 528a 630a 6329 5aea 4aab 52ef 4acf 4a8e 426e 426e 426e 3a4e 3a4d 3a2d 3a2d 29ec 218b 19ac 19cc 19cd 11cd 11cd 19ed 3af0 9e1b c73f ae7c 6413 3acf 3af0 5392 7495 ae5b c75e c75d b6bb 9df8 c73d c75d c73d b69c 7495 4b51 4310 5bd2 9dd9 bf1e b6bc 53b2 19ec 11cd 19cd 11cd 11cd 11cd 11cd 11cd 19cd 19cd 19ac 1168 3a28 6308 62e8 62e8 6ac8 b4cf e634 ee33 ee13 ee33 ee33 ee33 ddd4 8bcd 632d 5b0e 5b2f 634f 636f 6b90 73b0 73d0 738e 5aca 6309 6b09 6b28 7b8a 7bab 6b4a 62e9 62c8 62c7 7b68 8bca 6b09 62a9 62ea 83cc 944d b52f de53 bd6e acea cded cdec cdcc cdcc c58b c56b cdcc cdcc cdcd cdac c58b cdec d5ec d5ec cdcb c58a bd49 bd49 bd4a b508 bd6a c56b ace9 bd4a c58a c5ab cdab cdcb cdcc cdcc cdcc d60d cded c58c a4a9 a4aa b50b b50b b50b c58c cdcd cdcd c58c bd2b b50a b52b c56c acea b50a c56b bd6b c56b bd6b bd4b aceb 8bc8 8388 7b48 6ae7 5a66 5245 62a7 7348 83c8 942a 83ca 734a 738c 6b6b 630a 6b4c 62eb 7bad 942c bd70 cdf2 cdf3 8c4f 6baf 73f3 73f4 6bf5 6bf5 6bd4 6bb5 73d4 6b71 52cc 5aaa 62e9 7308 7b69 8c0a 8c2a 7ba9 62e7 62a7 62e7 7b68 83a8 83a7 8bc7 9429 8c09 83ec 9492 9d37 9d58 9d38 94f8 8cb7 8497 7c97 7c77 7456 7436 7436 7434 6baf 840d 942b 942b 738b 634e 6392 6373 5b52 5332 5311 52f1 4ad0 42af 426e 3a4d 424c 8c94 a535 9cf4 8c72 9472 9cd3 a4f4 a515 ad35 ad56 ad76 ad77 73d1 426d 4af1 4b34 4b14 4b14 4b13 4b13 4b13 4b13 4b13 4af3 42f2 42d2 42d2 4acf 52eb 83ca 8be9 83c9 734a 73b1 6bd5 6bd5 6bd5 6bd5 63b5 5b95 5354 
5b0c 7bcd 946c 8c4b 6b8c 6391 63b3 6393 6370 5aec 5289 5268 734a 8beb 83cc 7390 6b93 6394 6bb4 634f 630b 83ec 738a 5aa8 5a88 6b09 736b 73af 6392 6394 63b4 63d5 63b5 63b5 63d5 6394 5b52 5310 4a8c 528a 62e9 6309 52c9 52ab 4ace 4acf 4a8e 426e 426e 426e 426e 3a4d 3a2d 320d 29ab 218b 19cc 19cd 19cd 19cd 11cd 19ed 2a6e 7d17 bf1e c71e b69c a61a ae5b b6bc befd c73e c75e bf1d 8d98 74d5 bedd cf5e cf5e cf5e befd ae7b ae5b b6bc c71d befd 8d78 32af 19ec 11cd 19cd 11cd 11cd 11cd 11cd 11cd 19cd 19cd 19cc 19aa 4249 738a 83ea 942c 83aa acae e633 e633 ee33 ee33 ee33 ee33 ddd3 93cb 736a 736b 736b 738b 736b 736b 738b 738b 7b8b 736a 7349 7389 7368 7348 7368 6b48 6b28 62e8 62a7 7b68 83a9 6ae8 62a9 630a 83cc 944d b50f d633 bd6e acea cded cdec cdcc cdcc c58b bd4a cdac c5ab cded cdac c58b cdec d5ec cdeb cdaa c56a bd49 bd4a bd4a b509 bd6a c58b b4e9 bd4a c56a c5ab cdab cdec cdcc cdcb cdcc d5ed cded c58c acca acca b50b b50b b50b c56c cdcd cdcd c58c bd2b b50a b52b bd6c acc9 b50a bd6b bd6b c56b bd6b bd4b aceb 8bc8 8388 7b68 6b07 5a66 5246 62a7 7348 83c9 942a 8bea 7369 6b6a 5ac8 5ac9 630b 5aca 7bad 942c bd70 cdf2 cdf3 8c6f 73b0 73f2 6bf3 6bf4 6bf4 6bf4 73d4 73d3 73d2 6350 5aec 5ac9 6b0a 6b28 7368 8c0a 8c0b 6b08 5aa6 62e7 7347 7b87 8387 8bc8 9429 8c09 83ec 8c91 9d57 a578 a579 9538 8cb7 8497 7c77 7c57 7436 7436 7436 7434 6baf 840d 942b 8c2b 738b 634e 6371 52f0 426d 3a2c 31cb 29a9 2988 2168 2168 2147 2147 3187 31a7 31a7 3166 3186 3186 3186 39a7 39a7 39c8 39c8 39e8 31c7 2967 320c 42b0 4b12 4b13 4b33 4b33 4b33 4b13 4b34 4b13 42d3 42b2 42d2 4aae 5b0b 7bca 83c8 7ba8 6b4a 73b1 73f5 6bd5 6bd5 63d6 63b5 5b95 5374 
62eb 7bac 8c2c 8c0b 738c 6b90 6392 63b2 6370 5aec 5289 5268 734a 8bca 83cb 736f 6b72 6394 6bb4 6350 630b 83cc 7b8a 5aa8 5a87 6b09 736a 73ae 6bb2 63b4 63d5 6bd5 63b5 63d5 63d5 6394 5b52 5b10 4a8c 5289 5ae9 62e9 52a9 52cc 4ace 4aaf 428f 426e 426e 426e 3a4e 3a2d 3a0d 320c 218b 19ab 19cc 19cd 19cd 19cd 11cd 11cd 19ed 4311 8538 ae5c befd c71e c73e c73e c73d bf1d b6bc 8558 4350 3aef 8517 ae7b b6dc befd befd bf1d befd befd b69c 8d58 4350 1a0d 19cd 19cd 11cd 11cd 11cd 11cd 11cd 11cd 19cd 19cd 19ed 21cb 428a 8c2c 9cac a4ac 940b a46d e634 e633 ee33 ee33 ee13 ee33 d5d2 940b 944c 946c 944c 944b 942b 942b 942b 944b 944b 944b 944b 944b 8c0a 7b88 7368 7348 6b08 6ae8 6ae7 7b68 83a9 6ae8 5aa9 6b2b 8bed 944d ad0f d632 bd6d aceb cdcd cdcc cdcc cdcc c58b bd6b cdac c58b cded c5ac c56b cdec cdeb cdcb c5aa c56a bd4a bd4a bd4a b509 bd6a c56a b529 bd6a c58a c58a c5aa cdcb cdcb cdcb cdcc cdec cded c5ac b4ea b4ca bd0b b4eb b4eb c56c cd8d cdad c58c bd4b b50a b52b bd4b acc9 b4ea c56b c56b bd6a bd6b bd4b acca 8bc8 8388 7b68 6b07 5a86 5246 5aa7 7328 83c9 944a 942b 7b89 6b48 5aa7 62e9 630b 5aaa 7b8c 944d bd70 cdd1 cdd2 9c8f 7bce 73af 6b8f 73d0 6bb0 6bb0 6b70 6b70 6b90 6b90 632d 5aca 62e9 6b49 6b07 7368 8c0b 6ae7 62a7 6b07 7347 7b67 83a7 8be9 942a 8c0a 83ec 9492 a537 a578 a59a 9d59 8cd8 7c77 7c56 7436 7436 7436 7436 7434 6b8f 83ed 942b 8c0b 6b6b 632e 5aef 31ca 2147 2147 2146 2146 2126 2126 2126 2126 2146 2126 2946 2945 2945 2945 2945 2945 2945 2945 2945 2945 2925 2945 2146 2147 2169 31ec 424e 4ad0 5311 5312 4b13 4b13 4b13 42f2 42d2 4af1 4aad 630a 83a9 83a8 7b88 6b4b 6bb1 6bd5 63d6 63b5 63b6 5b75 5355 5354 
736c 83ac 942c 8c0b 7bcc 73cf 73b0 73b1 6b6e 5aeb 5289 5247 7b49 8bea 83cb 738f 6371 6393 63b3 5b4f 632b 83cc 7b8a 62a8 5a87 6ae9 734a 73ae 6bd2 6bd4 63d5 6bd5 6bd5 63d5 63b4 6393 5b52 5b30 4aac 5289 5ac9 5ae8 52a9 52cc 52ee 4aaf 428f 428e 426e 3a4e 3a2d 322d 320d 31ec 196a 198b 19ac 19cd 19cd 11cd 11cd 11cd 19cd 1a0d 2a6e 4b51 6c55 8517 8d58 8d79 8d58 74d6 53b2 328e 19ec 1a0d 2a8e 4351 53b2 5c13 6454 6c75 6c75 6434 5392 32af 220c 19ec 11cd 11cd 11cd 11cd 11cd 11cd 11cd 11cd 19cd 19cd 19ec 19cb 3a49 7bab 8c0b 942b 83ca 93ec de13 e634 ee13 ee13 ee33 ee33 d5b2 93ca 942b 944b 942b 942b 942a 8c0a 8c0a 942a 942a 942a 944b 9c6c 9c6c 8c0a 7b89 6b07 62c7 62e8 6ae7 7b68 83a9 6ae8 5aa9 6b4b 8bed 944d ad0e cdf1 bd4d b50b cded cdcc cdcc cdcc c58b bd6b c58b c58b cdcc c58c bd6b cdcc cdcb cdcb c5aa c58a c56a bd4a bd29 b509 bd6a c58a bd49 bd6a c58a c58a c56a cdcb c5ab c5ab cdcb cdec cdec c5ac b4ea b4eb bd0b b50b b50b c54c cd8c cdad c56c bd4b b50a b50a bd4b acea b4ea c58b c58b bd6a bd4b bd4a acca 8bc8 8388 7b68 6b07 5a86 5246 5a86 6b07 83a8 9c4a 944b 83a9 7348 6b28 736a 6b4b 5aa9 736b 9c6d bd50 cdb1 c5b1 a4cf 946e 946e 8c4e 8c6e 8c4e 7bcc 736b 736b 6b4b 630a 5ac9 52a8 52a7 5aa7 6b08 6b28 7369 62e7 6ae7 7b69 7b68 7b67 83c8 9409 944a 8c2a 8c2d 9cd3 a557 a578 a59a 9d59 8cb8 7c77 7456 7436 7436 6c36 6c36 6c14 6b8f 83ec 942b 83ea 6b6b 634f 4a6d 2928 2126 2125 2925 2925 2925 2925 2125 2125 2145 2125 2125 2925 2925 2925 2925 2925 2925 2925 2925 2925 2925 2925 2925 2926 2126 2127 2947 29a9 320b 428e 4af1 4b13 42f2 42d2 42d2 4af1 4aad 632a 83a9 83a8 7b89 6b4b 6bb1 63b4 63b5 6395 5b95 5355 5335 5334 
8bed 942d 9c6d a4ad 9cae 9ccf 94af 948f 7bac 62ea 5288 5247 7349 8bea 83ca 738c 738f 7390 73b1 6b6d 6b4a 83cb 7b6a 62a8 5a67 62e9 734a 73ae 6bb2 63b4 63d4 63d5 63d5 63b5 5b94 5b53 5b32 5b10 4aac 4a89 5ac8 5ac8 52a9 52cb 52ee 4aaf 428e 428e 426e 426e 3a6d 3a2d 320d 31ec 216b 19ac 19ac 11cd 19ad 11ad 11cd 11cd 11cd 11cd 19cd 19ed 220d 222d 2a4e 2a4e 222e 222d 19ed 19ed 11ed 11cd 19ed 11ed 19ed 19ed 1a0d 19ed 19ed 19ed 19ed 19cd 19cd 19cd 11cd 11cd 11ce 11cd 11cd 11cd 11cd 11cd 19cd 19cd 19ec 19cb 31e9 5ae9 6b08 6b08 6ae8 7b4a d5b3 e634 ee33 ee33 ee33 ee33 d5b2 8b89 7b69 7b69 7b68 7b69 7b89 7b69 7b68 7b68 7348 7348 7349 7349 7329 7309 6ac8 5a66 5a86 62e8 6ae8 7b68 83a9 62e8 5aa9 6b4b 8bec 942c ad0e c5b0 bd4d b52b cded cdec cdcc cdcd c56b c56b c58b c58b cdac bd6b b52a cdcc cdcb cdcb c5aa c58a bd49 bd4a bd29 b509 c58a c58a bd49 c58a c58a c58a c56a c58b c58b c5ab c5ab cdcc cdec c5ac b4ea b50b bd2c bd0b b50b c56c cdad cdad c56c bd2b b50a b50a bd4b b4ea b50a c58b c56b bd6a bd4a bd4a acca 8bc8 83a8 7b68 6b07 5a86 5246 5a66 6ae6 83a8 9c4a 9c4a 8c09 944b 944b 8c2c 736a 62c9 7b8c 9c6d bd70 c590 c570 a4ae 9c8d a4cd a4ed a4ed aced a4cd a4cd 9cac 9c8c 944b 83ea 83ca 83ca 7b89 7b89 7369 7b89 6b08 7348 8c0b 8be9 7b87 8be8 9429 944a 8c2a 8c4d 9cf3 a557 a578 a579 9d39 8497 7c77 7456 7436 6c16 6bf6 63f5 6bf3 636f 83ec 942b 83ea 6b6c 632f 420c 2927 2125 2925 2925 2945 2925 2925 2925 2925 2125 2125 2125 2925 2925 2925 2925 2925 2925 2925 2925 2925 2925 2925 2925 2925 2925 2925 2925 2146 2146 2168 3a2d 42d2 42d2 42d2 42f2 4af1 52ed 73ac 8c0a 83c8 7b89 6b4b 6b91 6394 5b95 5b75 5354 5334 4b14 4af3 
5aa8 6b09 83ab 944d 946d 946d 8c4d 8c4d 7bab 62e9 5288 5247 7349 8bea 83c9 7389 7bab 83ad 8bee 8c2e 8c2c 8beb 7329 5a67 5226 62c8 734a 73ae 6bd2 63b4 63d4 63b5 6bb5 63b4 6394 5b52 5b32 5b11 4aac 4a69 5ac8 5aa8 5288 4aab 52ee 4aae 4a8e 428e 426e 426e 426e 3a4d 3a0c 31ec 218b 21ac 19ac 19cd 19cd 11cd 11cd 11cd 11cd 11cd 11cd 11cd 19cd 19ed 19ed 19ed 19ed 19ed 19ed 19ed 11cd 11cd 19cd 19cd 19cd 19ce 19cd 19cd 19cd 19cd 19cd 19cd 11cd 11cd 11cd 11cd 11cd 11cd 11cd 11cd 11cd 11cd 19cd 19cd 11cd 19cc 29c9 52ca 62c9 62c8 6ac8 7309 cd92 e614 ee13 ee33 ee33 ee33 d592 7b28 7308 7349 7349 7b69 7b69 7369 7349 7349 7329 6ae8 6ae8 62e9 62c9 5a88 5a88 5a67 5a87 62e8 6b08 8389 8bca 6ae8 5aa9 6b4b 8bec 942d ad0e c58f bd4c b52b cded cdec cdcc cdcc bd6b c58b c58b c58b cdac bd4a b509 cdcc cdcb cdcb c58a c569 bd49 bd49 b509 b509 c58b c58a bd29 c58a c58a c58a c58a c58a c58b cdab cdab cdec d60d cdac b4ea bd0b bd2c bd2b bd2b c56c cdad cdad c56c bd2b b50a b52b bd2b b4ea b50a c58b c56b bd4a bd4a bd2a acca 8bc8 8388 7b68 6b07 5a66 5246 5266 62c6 7b88 9c4b 944a 8be9 944b 8c4b 83ca 6b4a 62ea 83ac 9c4d bd4f c590 bd4f a4ad 942b 8c0b 8c0b 8c0b 8c0b 940b 942b 8c2b 940b 8c0a 8bea 8bea 940a 942b 942b 8c0b 83ea 62e7 7328 8c0a 8c0a 83a8 8be8 9409 944a 8c0a 8c2d 9cf3 a557 a578 9d59 94f8 8477 7c57 7436 6c16 6c16 63f6 63f5 6bf3 634e 83ec 944c 8c0b 6b6c 632f 3a0b 2126 2125 2125 2925 2945 2925 2925 2925 2925 2925 2925 2125 2925 2925 2925 2925 2925 2925 2925 2925 2925 2925 2925 2925 2925 2925 2925 2925 2926 2926 2127 29aa 42b1 42d2 42f2 4b12 4af1 52ed 7bec 944b 83e9 7ba9 738d 6b92 5b94 5374 5354 5334 4b14 4af3 42f3 
4a26 5267 62e8 738a 738b 738c 738c 738c 6b4c 5aea 5289 5247 7349 83ca 6b27 5aa7 62c8 730a 83cc 946d 9c8e 944d 734a 5a88 5227 62a8 734a 73ce 73f2 6bf4 63d4 6bb4 6bb4 6bb4 6393 5b52 5b31 5b30 52ac 4a69 52a8 5aa7 4a88 4aaa 52ee 4aae 4aae 428e 426d 424d 424d 3a2c 31eb 218a 196a 198b 198b 118b 118b 118c 11ac 11cd 19cd 19cd 19cd 19cd 19cd 19cd 19cd 19cd 19cc 19cc 19cc 11ac 11ac 19cd 19cd 19cd 19cd 19cd 11cd 11cd 11cd 11cd 19cd 11cd 11cd 11cd 11cd 11cd 11cd 11cd 11cd 11cd 11cd 11cd 11cd 11cd 11ed 19cc 29ca 52cb 62ea 62c9 62c9 72c8 c552 e614 ee13 ee13 ee33 ee33 cd71 72c7 62a7 62c8 62e8 62e8 6ae8 6b08 6b08 6b08 6b08 62e8 62c8 62c8 5aa8 5a88 5a88 5a88 62c8 62e8 6b28 83ca 8bea 62e8 5aa9 734b 8c0d 944d ad0e bd6f b52c b52b cdcd cded cdcc cdcc bd4a c56b c56b c58b cdac c58b bd4a cdcc cdcb cdcb c58a c569 bd49 bd49 b509 b509 c58a c56a bd29 c58a c58a c58a c58a c58b c58b cdab cdab d5cc d5ec cdac b50a bd2b bd2c bd2b bd2b c54c c58c cdcd c56c bd2b b52b b50a b52b acea b4ea c58b c56b bd6a bd4a b52a acaa 8ba8 8388 7b68 6b07 5a86 5246 5266 62c6 7b67 9c4b 942a 7b68 83a9 7368 6b08 62e9 6b0a 8bcd 9c4c c54f cd8f c54f a48d 8c0b 7b89 7349 7328 7329 7349 7b69 7b69 7b89 7b89 7b89 83a9 83ca 8bea 8beb 83eb 7b8a 62a6 6ae7 83ca 8c09 83c8 8c09 9429 942a 8c0a 840c 9cf3 a577 9d58 94f8 8cb7 7c57 7437 7417 6c17 6bf6 63f6 63f5 6bd3 634e 83ec 946c 8c2c 6b4c 528c 31a8 2126 2125 2125 2125 2925 2925 2925 2925 2925 2925 2925 2925 2925 2925 2925 2925 2925 2925 2925 2925 2925 2925 2925 2925 2925 2925 2925 2925 2925 2125 2146 2189 42b0 4af2 4b33 4b33 4b11 5b0d 842d 9c6b 942a 83ea 73ad 6bb2 5b74 5354 5334 4b34 4b14 4b13 4af3 
6b08 7369 7389 7389 6b49 6b4b 6b4b 6b6c 6b2b 62ca 5268 5247 7b4a 83ca 62e7 5246 5227 5268 62c9 736a 7baa 7b8a 6ae8 5a47 5227 62c9 734a 73cd 73f0 73f2 6bf2 73d2 6bb2 6bb2 6391 6350 5b2f 5b0e 4a8b 4a69 52a8 5287 4a67 528a 52cd 4aad 4a8d 426c 424c 424b 3a2b 2989 1928 1108 0929 0929 0929 014a 094b 118c 11ac 19cc 19cd 19cd 19cd 19cc 19cc 19cc 19ac 118b 118b 118b 11ab 118b 11ac 19cd 19cd 19cd 19cd 19cd 11cd 11cd 11cd 11cd 11cd 11cd 11cd 11cd 11cd 11cd 11cd 11cd 11cd 11cd 11cd 11cd 11cd 11cd 11cd 19cd 21cb 52cc 7bae 83ac 83ac 7b4a c551 e634 ee33 ee13 ee33 ee33 cd51 8349 83ab 83cb 83cb 83cb 83cb 83ab 83ab 83ab 83ab 7b6a 732a 6b09 6ae9 6ae9 62c9 62c9 62e9 6309 6b08 83c9 8bea 62c8 5aa9 734b 8bec 944d ad0e bd6e aceb b50b cdcd cdcc cdcc cdcc bd4a c56b bd6a c58b cdac c58c bd4b cdcc cdcb cdcb c58a c569 bd49 bd49 b508 b529 c58a c56a bd29 c58a c589 c58a c58a c58b c58a c58a c58a cdcb cdec cdcc b50a bd2b bd2c bd2b bd2b bd4b cdad cdcd c56c bd2b b50a b50a b52a acc9 acea c58c c58b bd6b bd4b bd4a acca 8bc8 8388 7b68 6b07 5286 5245 5266 62c6 7b67 9c4b 942b 6ae6 6b27 6b08 6308 62c9 736b 942d 9c6c c56f cd8f bd2e acad 940c 736a 6b08 62e8 62e8 7329 7b6a 7b8a 7b8a 7b69 7349 7349 7348 6b28 6b09 7329 6b09 5a86 62a6 7b89 83a8 83c8 8c09 9429 9c4a 8c0a 840c a514 ad78 9d38 8496 8497 7c56 7437 7436 6c17 63f6 63d6 63d5 6bd4 634e 83ec 944c 8c0b 62ea 39c8 2926 2125 2925 2925 2925 2925 2925 2925 2925 2925 2925 2925 2925 2925 2925 2925 2925 2925 2925 2925 2925 2925 2925 2925 2925 2925 2925 2925 2925 2925 2925 2145 2988 42b0 4b12 5354 5353 5331 634d 946e a4ac 9cac 8c4c 73ad 6392 5b74 5354 5354 5355 5354 5334 4b14 
946c 944b 83ea 840a 8c0a 840a 840a 8c4c 7bcb 62e9 5a68 5227 7b4a 93ea 83a9 6b08 62e8 62e8 62e8 6328 6b49 6b29 6ae9 5a67 5247 62c9 7349 7b8b 738d 6b8d 73ce 7bcf 73cf 73af 6b6d 5aeb 52ca 52ca 52a9 5288 5267 5267 4a47 4a48 4a69 4a69 4249 4229 4209 3a09 31c8 2146 1907 1128 0929 094a 118b 11ab 11ac 19cc 19ac 19ac 19ac 19ac 118b 118b 118b 118b 118b 198b 19ac 19ac 19cc 19cc 19cd 19cd 19cd 19cd 19cd 19cd 11cd 11cd 11cd 11cd 11cd 11cd 11cd 11cd 11cd 11cd 11cd 11cd 11cd 11cd 11cd 11cd 11cd 11cd 11cd 19cd 19cb 320b 6b6e 8c2e 942c 8b8a c510 ee34 ee33 ee33 ee33 ee33 c530 8369 942c 942c 944d 9c4d 944c 9c2c 9c2c 9c4d 9c4d 9c4d 944d 942d 8c0d 8bed 8bed 83ed 734a 62e8 62e8 83ca 8c0b 6b08 5aa8 6b2b 83ec 942c acee c56e acca acea cdcd cdac cdab cdac bd4a c58b bd6a c58b cdab c58b c54b cdcc cdcb cdcb c5aa c56a bd49 bd49 b508 b508 c58a c56a b529 c56a c569 c58a c569 c58a c58a c58a c58a cdcb cdec cdac b50a bd2b bd2b bd0b bd0b bd2b c58c cdcd c56b bd2b b52a b50a b52a acea b4ea c58b c58b bd6a bd4a bd2a acaa 8bc8 83a8 7b68 6b07 5286 5245 5265 62c6 7368 944b 942b 6ae7 7348 6b28 6b28 62e8 736b 942d 9c6c c56f cd8f bd2e acce 9c6d 7b6a 6ae8 62a8 62a8 6ae9 7b8b 7b8b 7b8b 7329 6ae9 6ae9 6ae9 62a8 5a88 5a88 5a68 5247 5a86 7348 83a9 83c8 8c09 9c6b 9c6b 8c0a 840c a534 ad78 94f7 8497 7c97 7457 7436 6c36 6c16 63d6 63b5 63d5 6bd3 634e 840c 944c 83cb 5248 2946 2925 2124 2925 2925 2925 2925 2925 2925 2925 2925 2925 2925 2925 2925 2925 2925 2925 2925 2925 2925 2925 2925 2925 2925 2925 2925 2925 2925 2925 2925 2925 2925 2967 424d 5312 5353 5b74 5b52 634e 946e 9cab 9c8b 8c2c 6b6d 6371 5b74 5354 5b74 5b75 5b75 5354 5334 
a4cc a4cc a4ac a4cc a4cc 9cab 9cab a4cd 942b 6ae8 5a68 5227 7b4a 93ea 8bc9 8bc9 8bea 83ea 83ea 7beb 7beb 83ec 83ab 6b09 5267 62c9 6b29 7baa 7bcc 7bec 842d 8c4d 8c2d 8c2d 7bcc 736a 6b4a 6b4a 6b4a 5ae8 5aa7 5aa8 5aa8 5aa8 5aa8 52a8 5268 4a47 4a27 4228 4208 31c7 2167 1148 118b 19ab 19cc 19cc 19ab 19ab 118b 118b 118b 118b 11ab 19ab 19cc 19cc 19cc 19cc 19cd 19cd 19cd 19cd 19cd 19cd 19cd 19cd 19cd 11cd 11cd 11cd 11cd 11cd 11cd 11cd 11cd 11cd 11cd 11cd 11cd 11cd 11cd 11cd 11cd 11cd 11cd 11cd 11cd 11cd 19cc 21cb 3a4a 8c4e acce 93ea bcef ee33 ee33 ee33 ee33 e633 bd0f 8389 9c4c 9c6c 9c6c 9c4c 9c4c 9c2b 942b 9c2b 9c6c 9c6d 9c6d 9c4d 944d 942d 944e 944e 6b2a 5aa8 62c7 8bea 942b 7349 5ac9 734b 83ec 942c acee c58f b50b b50a cdcd cdcc cdcc cdcc c56b c5ac c56b c58b cdab c58b c56b cdcc cdcb cdcb cdaa c58a bd49 bd4a b509 bd28 c58a c569 bd29 c56a bd69 c58a c58a c58a c58a c58a c58a cdcb cdec c5ac b52b bd4c bd2b bd0b bd2b bd4b c58c cdad c56c bd4b b52b b50a b52a b50a b50a c56b c56b bd4a bd2a b52a acca 8bc8 8ba9 7b68 6b07 5a86 5266 5266 62c6 7b68 942b 944b 7b89 83ca 7369 736a 6308 736b 8c2c a48c c56f cd8f bd2d a48d 9c6d 83cc 7b6b 7b6a 7b6a 7bab 8c0d 942d 8c2d 8bec 8bec 8bed 83ed 7bac 734b 732b 62ca 62a8 6ae8 7b69 83c9 8c09 9429 a4ab a46b 940a 8c0c a534 a557 8cb6 7c76 7c76 7456 7415 6c16 6bf5 63b4 63b4 6bd4 6bd2 5b2e 840d 8c4c 734a 3985 2925 2925 2924 2925 2925 2925 2925 2925 2925 2925 2925 2925 2925 2925 2925 2925 2925 2925 2925 2925 2925 2925 2925 2925 2925 2925 2925 2925 2925 2925 2925 2925 2925 2125 31ca 5331 5353 5353 5331 5b2d 840c 944a 8c2a 83eb 634c 5b71 5b73 5374 5374 5b74 5374 5374 5354 
a4ac a4cc a4cc a4cc 9c8b 9429 946a a4ac 8c2b 6ae8 5a68 5227 7b49 8bca 8be9 8be9 8c0a 8bea 8c0b 840b 840c 8c0c 8bec 6b29 5267 5ac8 6b49 7bab 83ec 8c2c 8c4d 8c4d 8c4d 8c2c 83eb 7baa 738a 736a 6b4a 6329 6309 6309 62e9 62e8 62e8 5ac8 5aa8 5a88 5268 5268 4a48 4228 29a8 1989 19cc 19cc 19cc 118b 118b 118b 118b 19ab 19cc 19cc 19cc 19cc 19cc 11cc 19cc 19cd 19cd 19cd 19cd 19cd 19cd 19cd 19cd 19cd 19cd 11cd 11cd 19cd 19cd 11cd 11cd 11cd 11cd 11cd 11cd 11cd 11cd 11cd 11cd 11cd 11cd 11cd 19cd 11cd 11cd 19cd 19cd 19cc 29ca 738c b550 a46c bcee e633 ee33 ee33 ee33 e633 b4ee 9c2b aced ad0d aced aced accc a4ac a4ac accc accc aced aced acee a4ae 944d 944d 944d 6b29 5aa7 62c7 8bea 942b 736a 62e9 736b 83ec 940c a4cd c58f b52c b52b cdcd cdcc cdcc cdac c56b c5ac c56b c58b cdab c56b bd4a cdab cdcb cdcb cdaa c58a bd69 bd69 b509 bd29 c58a c569 bd49 c58a bd69 c58a c5aa c58a c58a c58a c58a cdcb cdec c58b acea bd2b bd0b bd0b bd2b bd4b c58c cdad bd6b bd4b b52a b50a b52a b50b b50a c56b bd4a b52a b50a b50a acca 8bc8 83a8 7b88 6b07 5a86 5265 5266 62c7 7368 942a 944b 7b88 8beb 8beb 83eb 6b09 736a 8c2c a4ad c56e cd8f bd0d 93ea 8beb 944d 944e 944e 9c6e 9c8f a4d0 a4f0 a4f0 a4f0 a4f0 acf0 a4d0 9c8f 8bcd 7b8d 6b0b 62c9 6b29 7b89 8be9 9429 9429 a4ab a46b 940a 8c2d ad54 ad77 8c74 7c34 7c35 7c34 7c34 7414 6bd3 6bb2 6392 6bb2 6390 5b0d 7bcd 6b49 41e5 2924 2925 2925 2925 2925 2925 2925 2925 2925 2925 2925 2925 2925 2925 2925 2925 2925 2925 2925 2925 2925 2925 2925 2925 2925 2925 2925 2925 2925 2925 2925 2925 2125 2125 2125 31a9 5311 5353 5312 5310 5b0c 83ec 8c09 8c09 83eb 6b8d 6372 5b74 5374 5b74 5b74 5b74 5374 5354 
7b89 7b89 7b89 7b89 7b49 7308 7328 7369 7349 62c8 5a88 5247 7329 8bca 8bc9 7327 7307 6b08 6b28 6b29 7369 83cb 8bec 732a 5a87 5aa8 734a 7b8a 736a 7bab 83ec 83ec 7bac 7b8a 7349 6b29 62e8 62e8 62e8 62c8 62e9 5ae9 5ac8 5ac8 5ac8 5ac8 5aa8 5288 5268 4a48 4a47 39e8 2188 19ab 19cc 19cc 19ac 19ac 19ac 19ac 19ac 19ac 19ac 19ac 19ac 19ab 19ab 19ab 11ab 11ab 11ab 118b 118b 118b 118b 118b 118b 118b 118b 118b 118c 11ac 11ad 11cd 11cd 11cd 11cd 11cd 11cd 11cd 11cd 11cd 11cd 11cd 11cd 11cd 11ad 11ac 11ac 11ac 19ac 19ab 21a9 5ac9 b52f ac8c bcee e633 ee33 ee33 ee13 e613 ac8d a46b b50d b50d b50d b52c acec accb b4ec b50c b50c b52d bd4e bd6f b50e 9c4c 944d 8c2d 734a 5ac7 62c7 8c2a 944b 7b6a 62ea 738c 83ec 940c a4ad c58f bd4c b52b cdcd cdcc cdac c58c c58b c58b c56b c58b c58b c56a bd2a c58b cdaa c5aa c58a c589 bd69 bd49 b528 bd49 c5aa bd69 bd49 c58a c589 c5aa c5aa c5aa c58a c58a c58a cdcb d5ec c58b a4a9 bd2b b50b b50b b50b bd4b c58c c58c bd4b bd2b bd2b b50a b50a b50a bd2b bd4b bd4a b529 b509 b509 acca 8bc8 83a8 7b88 6b28 5a86 5265 5a86 62e7 7327 83a9 8bea 7b47 8c0a 944c 8c2c 6b29 736a 940c acee c58f cd8f bd0d 8bea 8bea 9c6d 9c8e a48e a4cf acef ad0f accf a4cf acef ad0f ad10 acf0 9c6e 8bcd 838c 6aea 62a8 6b29 7b89 8c09 9429 9c49 a4ab 9c6a 8be9 946d c5f5 c638 ad55 a514 a514 9cf4 9cf4 94d3 8c92 8c51 8450 7c30 73ef 6b8d 52a9 3184 2924 2925 2925 2925 2925 2925 2925 2925 2925 2925 2925 2925 2925 2925 2925 2925 2925 2925 2925 2925 2925 2925 2925 2925 2925 2925 2925 2925 2925 2925 2925 2925 2925 2125 2925 2925 2967 52cf 5b52 5b52 530f 632c 83ec 8c09 8c09 83eb 738e 6371 6373 5b74 5b53 5b53 5b53 5353 5333 
7b6a 7b6a 7b6a 7b6a 7b6a 7b6a 7b6a 7b8b 734a 62c9 5a88 5247 7329 8bca 8bc9 8389 83aa 83ab 83aa 7b8a 7baa 83eb 8bec 732a 5a88 5aa8 734a 7b8a 7349 734a 83ab 7bac 732a 6ae9 62a8 5a88 5a67 5a88 5a88 5267 5247 5247 4a27 4a47 5247 4a27 4206 4207 41e7 41e7 31a6 2966 2189 19ab 11ab 11ab 118b 118b 116a 096a 116a 116a 1149 1149 1129 1128 0928 0928 0928 0928 0928 0928 0928 0928 0928 0928 0908 0929 0929 0949 116b 118b 11ac 19cd 11cd 19cd 11cd 11ed 11ed 19cd 19cd 11cd 11cd 19cd 19cd 11ac 096b 094a 094a 094a 094a 1149 2167 7bac bd4f accd b4cd e613 ee13 ee13 ee13 e5f2 a42b 9c4b a4ab acab accc acec accb accb b4eb b4eb b50c b52c bd4d bd6e aced 9c4c 944c 942d 7349 5ac7 62e7 942b 942b 7b6a 62ea 738b 83ec 940c a4ad c58e bd4d bd4c cdcd cdcd cdcd c5ac c58c c58c c56b cdac cdac c56b bd4a c58b cdaa c5aa c569 bd69 c569 bd69 bd29 c56a c58a bd49 bd29 c58a c58a c58a c58a c5aa c58a c58a c58a cdcb d5ec c58b a4a9 b50b b4eb b4eb b50a bd2b cdad cdcd c56c bd2b bd2b b52a b50a b50a bd2b c56b bd4a b509 b509 b50a acaa 8bc8 8388 7b68 6b28 5a86 5266 5aa7 62c7 6b07 83a8 83a9 7b47 9c8c b52e ad0f 7b8a 7b8a 942c b4ee c58f cd8f bd0d a44b a4ac bd6f bd8f bd6f bd6f bd8f bd6f b52e ad0d b52e b52e b54f bd90 a4ce 940c 8bed 6aea 62a8 6b29 7ba9 8be9 9409 9429 a48b 9c6a 8be9 9c8d ce56 de98 d697 d697 d676 d676 ce76 d677 ce56 c635 bdf4 b593 a532 73ad 3185 2924 2925 2925 2925 2925 2925 2125 2925 2925 2925 2925 2925 2925 2925 2925 2925 2925 2925 2925 2925 2925 2925 2925 2925 2925 2925 2925 2925 2925 2925 2925 2925 2925 2125 2125 2925 2925 2945 4a6a 632e 634e 5aec 632a 7baa 7b88 83a8 7369 632b 634e 5b4f 5b2f 530e 52ee 52ee 52ee 52ee 
940d 942c 940c 942b 944b 9c4c 9c6d 9c6d 83ab 62c8 5a88 5247 7329 8bca 8bc9 942b a4ad a4ad a4ac 9c8c 9c6c 9c6d 940c 7b4a 5a87 62a8 7b6a 83aa 8c0c 944c 9c4d 942d 942d 8c0c 83ac 7b6b 734b 732b 6b0a 62e9 62ca 62c9 5ac9 5ac9 5ac9 5288 5268 5268 4a68 4a48 39c7 2146 1948 1149 0949 0949 096a 116a 118a 11aa 19ca 19aa 19a9 1189 1188 1168 1168 1168 1148 1148 0947 0927 0927 0927 0927 0927 0908 0908 0928 1169 118b 118b 19ac 19ac 19ac 19cc 11cd 11cd 19cd 19cd 19cd 19cd 19cd 19cd 19cd 11ac 096b 094a 0129 0929 0928 1127 4289 a4ef bd4f accd b48d e613 ee13 ee13 ee13 ddd2 9c0a a48c acac acab accb accb accb accb accb b4ec b50c b50c b52d b54d aced 944b 942c 8c0c 6b09 5aa7 6b08 944b 942b 7b6a 6b0a 7bac 8bec 940c a4ad c58f b52c bd4c c5ad c58d bd6c bd4b bd4b bd4c bd4b c58c cdac c58b bd4a cdab cdaa c58a bd49 bd49 bd69 bd49 bd29 bd6a c58a bd49 bd29 c56a c569 c58a c58a c5aa c58a c58a c58a cdcb cdcc c58c acc9 b50a b4ea b4ea b50a b52b c58c cdcd c56c bd2b bd2b b52a b50a b50a b52a bd6b bd2a b509 b4e9 b4e9 acaa 8ba8 7b67 7b68 7328 5a86 5286 5aa7 62a6 6b07 8be9 942a 83a8 aced c5af bd90 83aa 83ab 944d b50e cd8f cd8f bd0d a48b b4ec cdcf c5cf c5ef cdef cdef c5ef c5ce c5ce c5ce bd8d bdae ce10 bd8f accf 9c6e 6b0a 5aa8 6b29 7ba9 83a8 8be8 9429 a48b 9c6a 8be9 9c8d ce55 de97 de97 deb6 deb6 deb6 deb6 deb6 d695 ce55 c614 b593 840d 41e6 2944 2925 2925 2925 2925 2925 2925 2925 2925 2925 2925 2925 2925 2925 2925 2925 2925 2925 2925 2925 2925 2925 2125 2925 2925 2925 2925 2925 2925 2925 2925 2925 2925 2925 2925 2925 2925 2925 2944 4a47 738a 7baa 738a 7349 7348 7327 7326 7347 7349 6b6a 6b4a 6b4b 6b6b 6b6b 736b 736b 738b 
7309 7329 83aa 8bca 942b 944b 9c4c 9c4d 7b6a 62a7 5a88 5227 7329 8bc9 8bc9 940a a48c a48c a48c a48c a4ad a4ad 944c 7b4a 5a87 62a7 7b6a 83aa 940b 9c6d a46c 9c6c 9c6d 9c6d 940c 83cb 838b 7b6b 7b6b 734b 734b 734b 6b2a 6b2a 6b2a 630a 62ea 62ea 62ea 5aca 5269 2987 1947 0948 19eb 228d 330f 3b70 43b1 43d2 43f2 43f1 43f1 43d1 43b0 3b90 3b90 3b6f 332e 2b0e 32ed 2a6c 19a9 220a 19ea 11ca 1189 1149 0948 1149 0949 0949 0949 094a 116a 118b 11ab 11ab 11ab 11ac 19cc 19cc 19cd 19cd 19cd 19cd 19ad 118c 096a 0929 0929 1148 52cb 8c4d 9c6c 9c2b ac6c e613 ee13 ee13 ee13 d5b1 93ca 9c4c a46b a46b a46b a48b acab accb accc b4ec b4ec b4ec b50c b50d a4cd 8c2b 8c0c 83cc 62e8 5aa7 62e7 8c0a 8c0a 7349 6b0a 7bac 8bec 940c a48d c5af b50c accb a4aa a4aa 9c68 9c69 9c68 9c48 9c68 b4ea c5ac c58b b529 cdab cdaa c58a bd49 b508 bd29 bd29 bd29 bd49 c58a bd29 b529 bd69 bd69 bd69 c589 c5aa c58a c58a c58a cdab cdcc c5ac b50a b52b b50a b4ea b50a bd2b c58c cdac c58c bd4b bd2b b50a b50a b50a bd2b bd4b b52a b509 ace9 ace9 acaa 8bc8 7b67 7b68 7328 5a86 5a86 5a86 5a86 6b06 8bc9 942a 8387 acec c5cf bd90 838a 83ab 9c4d b50e cd8f cdaf bd2d a46a accb c5ae cdce cdef ce0f cdef cdef cdee c5ce c5ce c5ce c5ce ce10 c5b0 b52f 9caf 6b29 5aa8 6b09 7b89 83a8 8be8 9429 a48b 9c6a 8be9 9c8d ce56 de97 de97 de96 de96 de96 de96 d695 d675 ce34 bdb3 8c2e 41e5 2944 2945 2925 2125 2925 2925 2925 2925 2925 2925 2925 2925 2925 2925 2925 2925 2925 2925 2925 2925 2925 2925 2925 2105 2925 2925 2925 2925 2925 2925 2925 2925 2925 2925 2925 2925 2124 2125 2925 2924 41c4 7369 83c9 83e9 7bc9 7b87 7367 7b67 83a8 8be9 8c0a 8c2a 8c2a 8c4a 944b 944b 944a 8c4a 
6ac8 6286 6ac7 7307 7b48 7b68 7b68 7b89 7308 62a7 5a88 5227 7308 83aa 83a9 8368 8bc9 93e9 9409 9c4b a48c a4cd 944c 7349 5a87 62a7 7b69 83a9 942b accd accd accc accc accc 9c6b 940b 8beb 83ab 83ab 7b8b 7b8b 7b6b 734a 734a 6b4a 6b2a 6b0a 6b0a 630a 62ea 5ac9 4a69 2a09 32cd 5413 5474 4c74 4c94 4c94 4cb4 4cb4 4cb4 4cb4 4cb4 4c94 4cb4 4c94 4c94 4c73 4c73 4c53 3b6f 3b6f 5433 4c33 4c12 43d1 2aad 32ee 3b2f 330f 2ace 226c 1a2b 11eb 11aa 098a 0969 0969 0969 0969 096a 098b 11ac 11ac 11ac 19ac 19ac 19ac 118b 116b 1149 2168 5ac9 942d 93ea a42b e613 ee13 ee13 ee13 cd71 8348 83a9 8ba8 8ba8 8bc8 8bc9 9409 9409 9429 9c29 9c2a 9c2a 9c4a 9c6b 8bea 7b69 7349 732a 62c8 5287 5aa6 83c9 8bea 7329 6b0a 7bac 8bec 940c a48d c5af acec 8be8 9c49 accc a4ab a48a 9c6a 9c4a 9c4a 9c69 acaa b50a ace9 c5ab cdaa c58a c569 b508 bd28 b528 b508 bd49 c58a bd29 b508 c569 bd69 bd49 bd69 c58a c589 c58a c58a c58a cdab c58b b4ea b52b b50b b50b b50a bd4b c58c c58c c56c bd4b bd2b b50a b50a acc9 b50a bd2a b529 b509 ace9 ace9 acaa 8bc8 7b67 7b68 7328 5a86 5a86 5a86 5a85 6ae6 8bc9 9c4a 7b87 a4cc c5d0 bd90 838a 83ab 9c4d bd2f cd8f cdaf bd2d a46a acab c5ae cdef d60f d60f d60f d60f ce0f cdee cdef d60f d62f de31 cdd0 b52f a4cf 6b2a 5aa8 6b08 7368 83a8 8be8 9429 a4ab 9c6a 8c09 8c4c b552 ad52 9cb0 a4d0 a4b0 a4d0 ad31 ad30 ad10 9ccf 83ec 41e5 2943 2944 2945 2145 2125 2925 2925 2925 2125 2125 2925 2925 2925 2925 2925 2925 2925 2925 2925 2925 2925 2925 2925 2925 2105 2925 2925 2925 2925 2925 2925 2925 2925 2925 2925 2925 2905 2104 2125 2125 2924 3164 62e7 83c9 8409 83e9 83c9 83c9 83e9 8409 8c2a 942a 942a 942a 942a 944a 944a 944a 946a 
bd6f bd4e bd4e bd4e bd4d bd4d bd4e bd4e 9c6c 6ae8 5a88 5227 7309 8baa 8388 7b67 8bc8 8be9 8be9 8be9 942a 9c8c 8beb 7309 5a87 62a7 7b69 8ba9 a46b c56e c58e c58d c58d bd6d b52c acac 9c6c 942c 8c0c 8beb 83cb 83cc 7bab 7bab 7bab 7b8b 734b 6b4a 6b4a 6b4b 5aea 3a8a 434e 4c53 5494 4c94 4c94 4c94 4c94 4cb4 4c94 4cb4 4cb4 4c94 4c94 4c73 4453 4453 4432 4412 3bb0 230e 4433 4c94 4c94 4c94 4c74 336f 43f1 5473 5494 5474 4c73 4c33 4c12 43f2 3b91 3b50 330f 2aad 226c 1a0b 11ca 098a 098a 096a 096a 118a 11ab 11ab 19ac 19ab 218a 4228 9c8e b4ee a44c e5f2 ee13 ee13 ee13 c530 8ba9 9c6b 9c6a a46a a46a a46a a48b a48b acab accb accc b4ec b50c b50d 9c6b 8c0b 8bec 8bec 6b09 5a87 5aa6 83ea 8bea 6ae8 5aa9 738c 8bec 942c a4ad c58f acab 8ba7 7b47 7b68 7306 6b06 6b07 7307 7327 7b67 8bc7 acea bd2a cdab cdaa c58a bd49 b508 bd28 b529 b509 bd49 c58a b508 b508 bd29 b528 bd28 bd49 c58a bd49 c58a c58a c58a cdab c56b acea b50b b4ea bd0b bd2b bd4b c5ac c58c c56b bd4b bd2a b50a b50a aca9 b4ea bd2a b529 b509 acc9 acc9 a48a 8ba8 7b67 7b48 7328 5a86 5a86 5a86 5aa6 6ae6 8bc9 9c4a 7b87 a4cc cdf0 bd90 838a 83ab 942c bd2e cd8f cdaf c54e ac8a accb cdcf d630 de50 de50 de70 de50 d62f d62f d60f d60f d62f de30 c5af b52f a4cf 6b2a 5a88 62e8 7348 83c8 8be8 9c49 a4ab 9c8a 8c2a 83aa 83ec 83ed 83cd 83cd 83cd 83cd 8c0d 8c2d 83ed 6b0a 39a5 2944 2944 2944 2125 2924 2924 2944 39c6 39a6 2925 2925 2925 2925 2925 2925 2925 2925 2925 2925 2925 2925 2925 2925 2925 2925 2105 2925 2925 2925 2925 2925 2925 2925 2925 2925 2925 2925 2104 2104 2125 2125 2144 2944 4a06 6b29 6b29 734a 7349 7369 7369 7369 7b89 7b8a 7b89 7b89 7b89 83a9 83ca 8bea 8c0a 
d630 d630 d630 d62f d60f d60e d5ee cdef accc 6b08 5a88 5247 7309 8ba9 7b67 7326 7b47 7b68 8388 8bc9 942b 9c4d 8bcc 7309 5a67 5a87 7b6a 8baa a46b c58e cdae cdae cdad c58d bd4d acec a48c 9c4c 942c 8c0c 8bec 8bec 83cb 83cb 83cb 7b8b 736a 734a 6b4a 6b4b 4aaa 4b6e 5473 4cb4 4cb4 4cb5 4cb5 4cb4 4c94 4c94 3c33 3c12 33f2 3bf1 3bd1 33b0 33b1 3bd1 3bd1 43f2 3390 2b0e 4c74 4c94 4c95 4cb5 4c94 3bb1 4411 4c93 4c94 4c94 4c74 4c73 4c73 4c73 4c73 4c73 4c74 4c74 4c53 4c12 43d1 3b70 332f 2ace 224c 1a0b 11ea 11aa 11ab 19ca 29c9 6b2a ad0e b50e a44b e5f2 e613 ee13 ee13 c50f 93c9 a4ac a4ab a4aa a4aa a4aa a4aa acca accb b4eb b50c bd2c bd4d bd4d a4cc 942b 942c 942d 6b29 5aa7 5a86 8bea 8bca 62a7 5268 6b0a 8bec 942d a4ae c5af accc 9c4a 83a8 8388 83c9 8bc9 8be9 9409 9409 9408 a489 b52a bd4a c5ab c58a c569 bd49 b508 bd49 b508 b508 bd49 c58a b528 bd29 bd49 bd28 bd48 bd69 c58a bd49 bd69 c569 c58a cdab c58b b50a b50a b50a bd0b bd2b bd4b cdad cdad c58c bd4b b52a b50a b50a aca9 b4ea bd2a b529 b509 acc9 acc9 a48a 8ba8 7b67 7b68 7328 5aa6 5266 5a86 5aa6 6b06 8bc9 9c6a 83a8 a4cb cdf0 c590 838a 838b 940b bd2e cd8f cdaf c56e accb accb cdce d60f de50 d630 d630 d60f cdee cdce c5ad c58d c58d c58d bd4e ad0e 9caf 6b0a 5a87 62c7 7369 83c9 8bc8 9c6a accb a48b 944b 8c2c a4cf ad10 ad10 ad10 ad10 ad10 ad30 b531 8c4e 4206 2944 2925 2125 2925 2925 2924 3165 5288 7b8c 5248 2924 2925 2925 2925 2925 2925 2925 2925 2925 2925 2925 2925 2925 2925 2925 2925 2125 2925 2925 2925 2925 2925 2925 2925 2925 2925 2945 2945 39a6 2944 2924 2125 2144 2124 3164 5268 62aa 62aa 5aa9 62ca 62c9 62c9 62c9 62c9 62c9 62c9 62c8 62c9 62c9 62c8 62e9 
cdcf cdef cdef cdef cdee cdce cdee cdcf a4ac 6b08 5a88 5246 7308 83a9 7b67 7305 7327 7327 7327 7307 7328 7349 6ae8 5a67 4a06 5267 7b6a 83aa 9c4b c56e c58e c58d c56d bd6d b50d a4ac 9c4b 942c 8c0c 8beb 8beb 83ec 83cb 83cb 7bab 7b8a 736a 7349 6b4a 6b2a 4aca 53af 5494 4cb5 4cb5 4cb5 4cb5 4cb4 4cb4 4cb4 4c74 4453 4453 4453 4c73 4c73 4c73 4c74 4c94 5474 43f1 334f 5474 4c94 4cb5 4cb4 4c94 3390 2b4e 3bf1 3bd1 3bd1 3390 3390 3390 3390 33d1 3c32 4c94 4cb4 4cb4 4cb4 4cb4 4c94 4c94 4c94 4c54 4c33 43f2 3370 32ee 2a6b 4aca ad0f bd8e bd4e a44b ddf2 e633 ee33 ee14 c50f 9c0a b4ec b4eb b4eb b4eb aceb aceb aceb b50b bd4c bd4c bd6d c58e c58e aced 942b 944c 942d 6b29 5a87 5a87 83ca 8bea 62a8 5248 62c9 83cc 940d acce c5af b50d b50c b52c b50b b50b b50a b52b bd2b bd4a bd4a c56b bd6a bd4a c58a c56a c569 bd49 b508 bd29 b508 b4e8 b508 c56a b508 bd28 bd49 bd69 c569 bd69 c56a bd49 bd49 bd69 c58a cdab c5ac b50a b50a b50a bd0b bd2b bd4b c58c c58c c58c bd4b b50a b50a b50a acc9 b4ea bd2a b529 b509 b4e9 acc9 acaa 8bc8 7b68 7b68 6b28 5a86 5265 5a86 5aa6 6b06 8bc8 9c6a 8bc8 accb cdf0 bd90 838a 7b8a 940c bd4f cd8f d5af cdaf bd0c b4eb cdae d60f d60f d60f d60f ce0f cdee c5ad c58c bd6c bd6c bd4c acec a4cd 9c8e 6b09 5a88 62c8 7369 83a8 83c8 9c4a accb a48b 944a 944b b550 bd91 bdb0 bd90 bd90 bdb0 c5d1 b550 6b09 2944 2924 2925 2925 2925 2945 3185 6b0a 9caf a4d0 62a9 2924 2925 2925 2925 2925 2925 2925 2925 2925 2925 2925 2925 2925 2925 2925 2925 2125 2925 2925 2925 2925 2925 2925 2925 2925 2945 2944 41e6 7bad 5268 2944 2125 2145 2124 2964 5ac9 83ee 83ed 83ed 83cd 83cd 83ed 8bed 8bcd 83cd 83cd 83ac 83ac 7b8c 7b6c 7b6c 
a4ab accc accc accc aceb b50c b50c b50d 942b 6ae8 5a88 5226 6b08 83a9 83a8 9429 acec acac a4ac 9c6b 944b 940b 7349 5246 41e5 5246 7349 838a 93ea a48b acaa acaa acab acab a46b 942a 83ca 838a 7b69 7349 7b6a 7b8a 7b8a 736a 7349 6b29 6b08 6ae8 62e8 62e9 4aa9 3aec 5473 4cb4 4cb5 4cb5 4cb4 4cb4 4cb4 4cb4 54b4 4cb4 4c94 4c94 4c94 4453 4453 4432 4412 3bd1 334f 2b0f 5474 4cb4 4cb4 4cb4 4c94 3390 2b0e 43d0 4412 4c32 4c52 4c52 4c73 4c93 4c93 4cb4 4cb4 4cb4 4cb5 4cb5 4cb5 4cb5 4cb5 4cb5 4cb5 4cb5 4cb4 4c94 5473 4bf0 63ed bd90 c5ae bd4e 9c2b ddf2 e633 ee33 e613 bcef 9bea b4ec b50b b50b b4eb b4eb b4eb b50b b52b b52b b52b b52c b52c b52c a4ab 8bea 8beb 8beb 6b29 5aa7 5aa7 83aa 8beb 62c8 5248 5aa9 7b8b 93ec acee c5af bd2d bd4c cdcd cdcc cdac c56b c56b c56b c56a cdab c58a bd49 bd49 c58a c58a c589 bd29 b528 bd29 b4e8 b4e8 b508 bd69 b508 bd28 bd49 c56a c569 bd69 c58a c56a c58a c56a c5aa cdcb c5ac b52a b50a b50a bd0a bd2a bd4b c58c cdac c58c bd2a b50a b50a b50a b4ea bd4b bd2a bd2a b509 ace9 acc9 acca 8bc8 8388 7b68 7328 5aa6 5266 5aa6 5aa6 7326 8be9 9c6a 8be8 accb cdf0 bd90 838a 7b6a 942c bd4f cdaf d5af cdcf c56d aceb cdce d630 c5ae c5ae cdcf cdce c5ce c58d bd6c bd6d bd4c b52c a4ac 9c6d 944e 6ae9 5a88 62c8 7348 7b88 83c8 9449 accb 9c6a 944a a4ac d652 de93 de93 de92 de92 de93 deb3 b56f 4a25 2924 2925 2925 2925 2925 3145 6b4a ad30 bd6f b52f 62c8 2924 2924 2925 2925 2925 2925 2925 2925 2925 2925 2925 2925 2925 2925 2925 2125 2125 2925 2925 2925 2925 2925 2925 2925 2925 2924 39a4 7bab ad30 8c2c 39c5 2124 2124 2945 2924 5248 a4b0 acef ad0f acef acef acef acef acef acef acef acef acef accf accf accf 
d610 d610 d60f d5ef d5ee d5ee d5ee d5ef accd 6ae8 5a88 5226 6b08 83a9 8bc8 a4aa c58d c5ad cdad cdcd cdce c5ae ad0d 7b69 5aa8 5a87 7369 838a 940a bd4d c56d c56d c58d c58e b52d a4cc 9c8c 944c 8c0b 83ca 83aa 83cb 83ab 7b8a 7b6a 7349 6b29 6b08 6b09 5ae9 4289 3b2d 4c73 4cb4 4cb4 4cb4 4cb4 4cb4 4cb4 4c94 4c73 4432 3bf2 3bd1 33b1 33b1 3bb1 3bf2 4412 4412 3bb1 332f 4c74 4cb4 4cb4 4cb4 4c94 334f 334f 3bd1 3bf1 4411 4432 4c52 4c52 4c73 4c93 4cb4 4c94 4cb4 4cb5 4cb5 4cb5 4cb5 4cb5 4cb5 4cb5 4cb5 4cb5 4cb4 4c94 5472 53ad ad4f bd8e b52d 9c2a ddf2 e633 ee33 ee14 bd0f 93ea b4ec b50b b50b b50b b50b b50b bd2b bd4b bd2b bd4c bd6c bd6c bd6d accb 942a 8c2b 8c0b 6b29 5aa7 5aa7 83ca 8beb 62c8 5268 5aa9 7b8b 940c b50f cdaf bd4d bd6d cdcd cdac cd8c c54a c56b c56b c56a cdab c5aa c569 bd49 c58a c58a c569 bd28 b508 b529 b4e8 acc8 bd29 c56a b508 bd29 bd49 c56a c589 c569 c58a c58a c58a c56a c58a cdcb c5ac b50a b52b b50a b50a b50a b52a bd4b c58c c58c bd4b bd2a b50a b4ea b4ea bd4b bd2a b52a b509 b4e9 acc9 a48a 8bc8 8388 8388 7348 5aa6 5286 5aa6 62a6 7347 8c09 9c8b 93e8 accb cdf0 bd8f 7b69 7329 8c0b bd4f cd8f d5af cdcf c58e b50c cdcf d630 bd4d bd6e c5af c5ae c58e bd6d bd4c bd4d bd4d b50d 9c4b 83aa 6b0a 5a48 5a68 62c8 6b07 7b68 83a7 9429 accc 9c6a 944a acec deb2 eef4 eef3 eef4 eef4 ef14 e6f4 ce11 5ac7 2943 2925 2925 2925 2904 3185 9c8f d653 d652 cdf2 62c8 2944 2925 2925 2925 2925 2925 2925 2925 2925 2925 2925 2925 2925 2925 2925 2925 2125 2925 2925 2925 2925 2925 2925 2925 2925 3144 62c8 bdb1 d632 c5d1 6309 2944 2124 2944 2944 39a5 ad10 d652 de51 de51 d631 d631 d631 d630 d610 d610 d5f0 cdf0 cdd0 cdd0 cdaf 
de70 de50 de4f de2f d62f de2f d62e d62f aced 6b07 5a88 5247 7308 83a9 8be8 acaa cdad cdcd d5ec d5ed d60e d5ee bd6e 8bca 6b08 5ac7 736a 838a 940a c56e cdad cdad cdad c5ad bd4d acec a4ac 9c6c 944c 942b 8c0b 8c0b 8c0b 83cb 7baa 7b8a 7369 7349 6b4a 52c9 430b 5431 4cb4 4cb4 4cb4 4cb4 4cb4 4c94 3c32 33d1 33b1 33b1 3bf1 4412 4c53 4c74 4c94 4c94 4cb4 5494 4c53 3370 4c74 4cb4 4cb4 4cb4 4c73 2b4f 4412 4c33 4432 3c12 3bd1 3bd1 33b1 33b1 33d1 3bf2 4453 4c94 4cb5 4cb5 4cb5 4cb5 4cb5 4cb5 4cb5 4cb5 4cb5 44b5 4cb5 5493 4bad 94ce bd8f bd2d 9c0a ddd2 e633 ee33 ee14 bd0f 9c0a b50d bd2c bd4c bd4c bd4c bd4c bd4c bd4d bd4c bd6d c58d c58d bd8d b50d 9c6b 944c 8c0c 7329 5aa7 5aa7 8bea 8beb 62c8 5248 62ca 83ac 9c4d bd2f cdb0 bd4d c56d cdcd cdac cd8b bd4a bd6a c56b bd6a c5ab cdab c569 bd49 c58a c56a bd49 b508 b508 bd29 b4e8 acc8 bd49 c56a b508 bd29 bd49 c56a c58a c589 c58a c58a c58a c56a c58a c5ab c5ab ace9 b50a b50a b4ea b50a b50a bd4b c56c c58c c56b bd2a b50a b4e9 b4ea bd2b bd2a b52a b509 ace9 acc9 a489 8bc8 8388 8388 7348 5aa6 5286 5a86 62c6 7347 8be9 a48b 9409 acec cdef bd6f 7348 6b08 8beb bd4f cd8f d5af d5d0 cdaf b52c cdcf de51 de51 de52 de71 de51 de50 d60f d5ef d5ef cdef cdaf accd 942c 734a 5a88 5a68 62c8 62e7 7347 83a7 9429 a4cc 9c4a 9c4a b52d e6b3 eef3 ef13 ef14 ef14 ef14 e6f3 deb3 946d 3984 2924 2925 2925 2904 3164 8c0d d654 de72 cdf2 5aa7 2944 2925 2925 2925 2925 2925 2925 2925 2925 2925 2925 2925 2925 2925 2925 2925 2125 2925 2925 2925 2925 2925 2925 2925 2924 41c5 9cae d631 d651 d631 83cb 2944 2924 2925 2925 3144 944d de72 e691 e691 e691 e691 e691 e6b1 e6b1 e6b1 e6b1 e691 e691 e691 e691 
de70 de6f de4f de4f de2e d62e d62e d60e acec 6b07 5a87 5267 7329 8bca 8be8 acaa cdad cdcd cdcc d5cd d5ed d5ed c58d 8bea 6b08 5aa7 734a 7b69 940a bd6d cdad cdad c58d c58d bd4d b50c a4ac 9c6c 944c 942b 8c2b 8c0b 83eb 83ca 7baa 7b89 7369 7349 6b4a 4aa9 53ce 5493 4cb4 4cb4 4cb4 4cb4 4c74 33d1 33b1 4432 4c74 4c94 4c94 4c94 4c94 4cb4 4cb4 4cb4 4cb4 4cb4 4c73 2b70 4473 4c94 4cb4 4cb4 4433 3370 5474 4c94 4cb4 4cb4 4c94 4c94 4c94 4c73 4433 3c12 3c32 4c94 4cb5 4cb5 4cb5 4cb5 4cb5 4cb5 4cb5 4cb5 4cb5 4cb5 4cb5 54b4 4c30 740d b570 bd4f 9c0b d5b1 e613 ee33 ee13 c50f 8b89 aced bd6e bd6e bd8e bd8e c58e c56e c56e c58e c58e cdae cdae c5af bd4e 9c8d 944d 942d 734a 5aa7 62c7 8c0b 8beb 6ac8 5a69 6b0b 8c0d 9c4d bd4f cdd0 bd4e c56d cdce cdcd cdac bd4a c56a c56b c58a cdab cdab c56a bd49 c58a c58a bd49 b508 b508 bd49 b4e8 b4e8 bd49 c58a b529 b508 bd49 c56a bd69 c569 c56a c56a c58a c56a c56a c58a c58b acc9 acea b50a b4ea b50a b50a bd4b c58c c56b bd4b b50a b4e9 ace9 acc9 b50a b50a b52a b50a acc9 aca9 a48a 8be8 83a8 8388 7348 62a6 5a86 5aa7 62c6 7347 8be9 a48b 9409 b4ec cdef bd6f 7348 6b08 8bcb bd2f cd8f d5d0 cdd0 c58f b50c c5af d631 de51 de51 d630 d630 d60f cdee cdcd cdae cdad bd6d a4ac 9c6d 942d 6b0a 5aa8 62c7 6b07 7b67 83a7 9c6a acab 9c4a 9c6a b52d e6d3 ef13 ef14 e6f4 deb3 deb3 deb3 deb3 bdd1 5aa7 2943 2924 2925 2924 2944 6b09 c5d2 d612 bd90 5266 2944 2924 2925 2925 2925 2925 2925 2925 2925 2925 2925 2925 2925 2925 2925 2125 2125 2925 2925 2925 2925 2925 2925 2925 2944 62c8 bdb0 ce30 ce30 c5f0 7b6a 2944 2925 2925 2925 3144 7329 d611 de71 de71 de70 e670 e671 e691 e691 e691 e691 e690 e690 de70 de70 
de30 d62f d62f d62f d60e d5ee d5ee cdee acec 6b07 5a87 5a67 7329 8bea 8be8 acaa cdad cdcd cdcc cdcc cdcc cdcd c58e 8bea 6b28 5aa7 732a 7b69 93ea bd6d cdcd cdad cdad c58d bd4c ad0c a4ac 9c8c 944c 942c 942c 8c2b 8c0b 83ca 7baa 7b89 7369 7349 6b4a 4ac9 438d 5493 4cb4 4cb4 4cb5 4cb4 4cb5 4c94 4c94 4cb4 4c94 4cb4 4c94 4c94 4c94 44b4 4cb4 4cb4 4cb4 4cb4 4c94 3390 4432 4c94 4cb4 4c94 4412 3390 5494 4cb4 4cb4 4cb4 4cb4 4cb4 4cb4 4cb4 4cb4 4cb4 4cb5 4cb5 4cb5 4cb5 4cb5 4cb5 4cb5 4cb5 4cb5 4cb5 4cb5 4cb5 4cb5 4cb4 5473 4b4b 844c 9c8c 8389 d5b1 ee13 ee33 ee13 c530 8b69 7b27 940a 9c4a 9c4a 9c4a 9c4a 9c6a a46b a48b a48b a46b 9c6b 9c4b 940b 7b6a 734a 734a 62e9 5287 62c7 8c0b 8c0b 6ae8 5a89 734c 942e 9c6d bd70 cdd0 bd2d bd4d cdce cdcc cd8c bd2a c56b c56b c58a cdab cdab c569 bd49 c58a c58a bd69 b508 b529 bd29 b508 b4e8 bd49 c56a bd29 b529 bd49 bd49 bd4a b4e9 8364 b4e9 c58b c56a bd69 c56a c58b acc9 ace9 b52a b4ea b50a b50a bd4b cdac c58c bd2a b50a acc9 acc9 a488 ace9 b50a b50a b4e9 acc9 a489 acaa 93e8 8ba8 8389 7348 5aa6 5266 5aa6 6ae7 7b68 9409 a48b 9409 acec cdd0 bd6f 7349 62e8 7b8a b50e cdb0 d5f1 c58f bd2d b52d c5af d630 de50 d62f d60f cdef cdce cdcd c5ad c58d c58c bd4c a4ab 9c8c 944d 7329 62a8 6b08 7368 7b67 83c7 9c8a accc a48a 9c6a b54e e6d3 ef13 ef14 deb2 c610 ce10 c5cf bdae b56e 8c4c 39c4 2944 2925 2925 2944 39a5 8c0c ad2f 946c 4a05 2944 2925 2925 2925 2925 2925 2925 2925 2925 2925 2925 2925 2925 2925 2925 2125 2125 2925 2925 2925 2925 2925 2925 2924 3164 7369 a4cc aced a4cc 8bea 41e5 2944 2945 2925 2945 2924 5246 a48d accc b4ec b4ed b4ed b50d b52e b52d b50d b52d b54d bd4d bd4d bd6e 
acec acec acec b50c b50d b50d b50d b4ec 8bea 62e7 5a88 5a67 7329 8bca 8be8 a489 c56c c58c c58c c58c c56c c58d bd4e 8bea 6b09 5a87 6b29 7b49 8bea b52d cdae c58d c58d bd6c b52c accc a4ac 9c6c 944c 942c 942c 8c2c 840b 83ca 7baa 7b8a 7369 7349 6b2a 4aca 3b4d 4c73 4cb4 4cb4 4cb4 4cb4 4cb5 4cb5 4cb4 4cb4 4cb4 4cb4 4c94 4c94 4cb4 4cb4 4cb4 4cb4 4cb4 4cb4 4c94 33b0 3c12 4c94 4cb4 4c94 3bf1 3bd1 4c94 4cb4 4cb4 4cb4 4cb4 4cb4 4cb4 4cb4 4cb4 4cb4 4cb5 4cb5 4cb5 4cb5 4cb5 4cb5 4cb5 4cb5 4cb5 4cb5 4cb5 4cb5 4cb5 4cb4 4c94 4b8d 8c8e bd70 93ea cd91 e633 ee33 ee13 cd51 ac6d 93eb a48d bd2e bd2d bd2d bd4d bd4d bd4d bd4d b54d b52d b52d b50d 9c8d 83ab 83ac 83ac 6b2a 5287 62c7 8c0b 8c0b 6ae9 5aa9 7b6c 942d a48e c570 cdd0 bd2d bd2c cdad cdac c58c bd4a c58b c56a c58a cdaa cdab c569 bd49 c58a c58a bd69 b508 b529 bd29 b508 b508 bd49 bd49 b508 b509 bd29 b509 aca9 9408 5a42 acaa c58b c56a bd69 bd6a c58b b509 ace9 b50a b50a b50a b4ea bd4a cdac c58b bd4a b50a acc9 b4ea a468 acc9 b50a b50a b4e9 aca9 a488 ac8a 93e8 8ba8 8388 7348 5aa6 5266 5aa6 6b07 7b88 940a a48b 9409 accb cdf0 bd8f 7349 62c8 7b8a b50e cdb0 d5f1 c56f bd4e c58f cdf0 d630 d62f d62f d60f cdef cdce cdad c58c c58d c58c bd4c a4ab 9c6b 942c 7309 62c7 6b07 7b88 7b87 83c8 a4ab acec a48b 9c8b b54e e6d3 ef14 ef14 ef14 ef13 ef13 e6f3 e6f2 e6f2 deb3 8c2b 39a4 2944 2925 2925 2944 5ac9 bdb2 ad30 4a26 2944 2924 2925 2925 2925 2925 2925 2925 2925 2925 2925 2925 2925 2945 2925 2125 2125 2925 2925 2925 2925 2925 2925 2924 5246 9c8c aced acee 946d 5247 3124 2945 2925 2945 2945 3144 6ac8 b52f bd4d bd2d bd4d b52d b4ed accd a4ac a48b a48b a48b 9c6a 9c6a 9c4a 
7b47 7b48 8389 940b 9c6c a48d a4ad a48d 7b69 62a8 5a68 5268 7309 8bc9 8bc8 8be7 a489 a489 a48a 9c6a a46a a46b a46c 8389 6ae8 5a87 6b09 7b49 83c9 a48b b50c b4ec b4eb accb a4ab 9c6b 9c4b 944b 940b 8beb 83eb 83eb 83ca 7baa 7b89 7349 7349 6b29 630a 42ca 4c11 5494 4cb4 4cb4 4cb5 4cb5 4cb5 4cb5 4cb5 4cb4 44b4 4c94 4c94 4c94 4cb4 4cb4 4cb4 4cb4 4cb4 4cb4 4c94 33b0 3c12 4cb4 4cb4 4c94 33b1 43f2 4c94 4cb4 4cd4 4cb4 4cb4 4cb4 4cb4 4cb4 4cb5 4cb5 4cb5 4cb5 4cb5 4cb5 4cb5 4cb5 4cb5 4cb5 4cb5 4cb5 4cb5 4cb5 4cb5 4cb4 4cb4 4bef 7c4e bd91 9c2b d5d2 e633 ee33 ee13 ddd2 cd50 b4ae a48c cdb0 cdcf cdcf cdcf cdcf cdcf cdce cdce cdef cdef cdef bd8f a4ae 9c8e 944e 734a 5287 5ac7 83ca 8c0b 6ae8 5aa9 7b6c 942d a48e c590 cdd0 b50d bd2c cdad cdac cdac c56a c58b c58b c58b cdaa cdab bd69 bd49 c58a c58a c569 b529 bd29 bd29 b508 b508 bd49 bd49 b508 b509 bd29 a448 7263 69e3 59c2 acaa c58b c56a bd49 bd4a c58b b509 ace9 b4e9 b4e9 b509 b509 bd2a c5ac c58b bd4a b50a b4e9 b4ea a489 acca b4ea b50a b4ea acc9 a488 a48a 8be8 8ba8 8388 7b68 62a6 5266 5aa6 6b07 8388 9409 a48b 9409 a4ab cdf0 bd90 7349 62c8 83ab b50e cdb0 d612 c590 cdd0 c5af cdf0 d630 de30 de2f d62f d60f cdee cdee cdcd cdad c5ad bd6c a4ab 9c4b 940b 7308 6ae8 6b27 7b88 83a8 83c8 a4ab b50c a4ab 9c8b b54e e6d4 ef14 ef13 ef13 ef13 ef13 ef13 ef33 ef33 ef14 ce32 62e7 2964 2925 2925 2924 39a5 946e ad50 4205 2944 2925 2925 2925 2925 2125 2925 2925 2925 2925 2925 2925 2925 2945 2925 2125 2125 2925 2925 2925 2925 2924 2924 3164 83cb c5af bdae b52e 62e8 3164 2925 2925 2925 2925 2944 39a4 9c6d cdd0 d5ef d60f d60f d60f d60f d60f cdef cdef cdef cdee cdce cdce cdce 
62a6 5a86 6ac7 7b69 838a 838a 83aa 83cb 7308 62a8 5a68 5247 7309 83a9 83a8 7b67 8be9 93e9 9409 940a 9c6b 9c6c 940b 7328 62a7 5266 6b09 7b49 83a9 9409 acab acca acaa a48a a48a 9c4b 942b 940b 8beb 83ca 83ca 7baa 7b8a 7369 7349 7328 6b08 62e8 4aa9 4b2c 5493 4cb4 4cb4 4cb4 4cb5 4cb5 4cb5 4cb5 4cb5 4cb5 4453 2b70 3370 3bd1 3c12 4432 4c73 4c74 5494 5494 5494 3bb1 3bd1 4c94 4c94 4c94 3390 4433 5494 4cb4 4cb4 4cb4 4cb4 4cb4 4cb4 4cb4 4cb5 4cb5 4cb5 4cb5 4cb5 4cb5 4cb5 4cb5 4cb5 4cb5 4cb5 4cb5 4cb5 4cb5 4cb5 4cb4 4cb4 5431 5bcd a510 9c2c ddf2 e633 ee33 ee33 ee13 e613 cd50 9c2b cd8f cdce cdce cdce c5ce cdce cdce cdce cdce cdee cdee c5ae accd a48e 944d 6b0a 5267 5aa7 7b89 8bea 6ae8 5a89 734c 940d a48e c590 c5af b4ec bd2c cdcd cdcc cdac c56b c58b cdab cdcb cdcb cdcb bd69 bd49 c58a c58a c569 bd29 bd29 bd29 b508 b508 bd49 bd49 b508 b509 bd4a 93a6 6982 7184 71e4 b4aa c58b c56a bd49 bd49 bd6a b509 acc8 acc9 acc9 b4e9 b509 bd4a c58b c56b bd2a b50a acc9 b4ea aca9 acca acea b4ea b4e9 aca9 a488 a469 8bc8 8ba8 8ba9 7b89 62c7 5266 5aa7 7328 8388 9409 a4ab 9449 a4cb cdf0 bd90 7369 5aa8 7b8a b50f cdd1 de33 cdb1 cdd1 c58f cdcf d650 de50 de50 de50 de50 d630 d62f d60e d60f d60e cdce acec 9c6c 940c 6b08 6ac8 6b08 7b88 83a8 8be8 a4ab b4ec a4ab 9c8b b54e e6f4 ef14 ef13 ef13 ef13 ef13 ef13 ef13 ef13 ef13 e6f4 b590 4a46 2944 2944 2924 2944 5266 946e 39c5 2944 2945 2925 2925 2925 2925 2925 2925 2925 2925 2925 2925 2925 2925 2925 2905 2925 2925 2925 2925 2925 2924 2924 4a05 ad0e c5af b56e 7ba9 3163 2924 2925 2925 2945 2924 3184 7b89 bd8f cdce cdce cdee d5ee d60e d60e d60e d5ee d60e d60e d60e d60e d60e d60e 
c5b0 bd8f bd4e bd6f bd6f b52e aced a4ac 83ca 62c8 5268 5247 6ae8 83a9 8388 7326 8368 83a9 8bea 9c4b a4ad accd a48d 7b8a 6ae8 5286 6b08 7b69 83c9 accc c56d c58c c56c bd4d b52d accc a48c 9c4c 940b 8c0b 8c0b 8c0b 83ca 83ca 7baa 7b89 7369 6b29 4aca 53f0 5493 4cb4 4cb4 4cb4 4cb5 4cb5 4cb5 4cb5 4cb5 4cb5 4c94 4453 3bf2 3370 230e 22ed 2aee 2b0e 332f 3b90 43b0 3b6f 332e 4c53 5493 5453 334f 4c53 5494 4cb4 4cb4 4cb4 4cb4 4cb4 4cb5 4cb5 4cb5 4cb5 4cb5 4cb5 4cb5 4cb5 4cb5 4cb5 4cb5 4cb5 4cb5 4cb5 4cb5 4cb5 4cb5 4cb5 4cb4 5473 538d 7bcc 9c4d de13 e633 e633 ee33 ee13 ee13 d5b2 9c0a c58e cdae cdad c5ad c58d c5ad cdad cdcd cdcd cdcd cdee c5ae accd a48d 944d 6b09 5247 5aa7 7b69 83ca 6ae8 5a89 736c 942d a4ae c5b0 c5af accb bd4c cdcd cdcc cdac c56b cdab cdcc cdcc cdcb cdeb c58a c569 c5aa c58a bd69 bd29 bd29 bd29 b508 b508 bd69 bd49 b4e8 b509 bd4b 9c08 71a3 8185 8205 bceb c58b c56a bd49 bd49 bd4a b509 acc9 acc9 acc9 ace9 b509 bd4a c5ab c58b bd4a b50a acc9 b50a acc9 b4ea acea acea acc9 aca9 a488 a469 8bc8 8ba8 8ba9 8389 62c7 5246 5266 7328 8388 9409 a48b 9429 a4ab cdf0 bdb0 7369 5a87 736a a4ad cdb1 de33 cdd1 cdd0 bd4e c58e d630 d630 d630 d630 de30 d630 d60f d5ef cdef cdee cdcf aced 9c8d 940c 6ae8 62c8 6b08 7368 83a8 8be8 a4ab accc a48b 9c8b bd6f e6f4 ef14 ef14 ef13 ef13 ef13 ef34 ef33 ef34 ef14 ef14 e6f4 9cae 39a4 2944 2925 2945 3164 5247 3165 2944 2925 2925 2925 2925 2925 2925 2925 2925 2925 2925 2925 2925 2925 2125 2925 2925 2925 2925 2925 2925 2924 3144 6b08 bdaf bdae 8bea 3984 2924 2924 2925 2925 2945 31a4 6b49 b54e c5ce cdce cdcd cdcd cded d5ee d5ee d5ee d5ee d5ee d5ee d5ee d5ee d60e d60e 
e6b2 e6b2 e6b1 e691 de91 de91 de50 d630 a4ed 6ae8 5268 5227 6ae8 83a9 7b67 6ae5 7b27 7b47 7b68 8bc9 944a 9c6b 944b 7b69 62e8 5a66 6b09 7b69 83a9 accc c58d c58c c58c c56d b52c acec a48c 9c6c 944b 8c2b 8c2b 8c0b 83ea 83ca 83aa 7b8a 736a 5b09 430b 5c72 4cb4 4cb4 4cb5 4cb5 4cb5 4cb5 4cb5 4cb5 4cb5 4cb5 4cb5 4c95 4c95 4474 4432 33b0 334f 2aee 2acd 22ad 22ac 228c 1a4b 32ed 3b6f 4390 2aee 4c32 4c73 4c94 4cb4 4cb4 4cb4 4cb4 4cb4 4cb5 4cb5 4cb5 4cb5 4cb5 4cb5 4cb5 4cb5 4cb5 4cb5 4cb5 4cb5 4cb5 4cb5 4cb5 4cb5 4cb5 4cb4 5493 538e 5ac9 b4f0 e613 e633 ee33 ee33 ee33 ee33 d5b2 93ea bd4d bd4c bd4c bd4c bd4c bd4c bd6c c56c c58d c58c c5ad bd6e a4ac a48d 944d 62e9 5267 5aa7 7b69 8389 6ac8 5aa9 736c 942e a4ce c5b0 c5ae accb bd4c d5ce cdcc c58c bd6a cdab cdcc cdab cdcb cdcb c58a c58a cdab c56a bd49 bd29 bd29 bd29 b509 b508 bd49 bd49 acc8 b509 c54b a429 69e3 71a4 7a45 bd0c c58b c56a bd49 bd49 bd4a b529 ace9 acc9 acc9 ace9 b509 bd4a c58c c56b bd4a b52a b4ea b50a acc9 b4ea acc9 ace9 acc9 aca9 a488 a48a 93e8 8ba8 8ba9 8389 62c7 5246 5246 7328 83a9 9409 a48a 9429 a4ab ce10 c5b0 7349 5287 734a 9c4d c591 de53 c5d0 c5af b50c bd6e c58e b52d b52d c56e c58e bd6d bd6d bd4d bd4d b52d accc 940b 8bcb 838b 6ac8 62c8 6ae8 7348 83a8 8be8 a4ab accb a48b a48b bd8f e6f4 ef14 ef34 ef13 de71 d671 e6d2 e6d2 deb3 de92 deb2 e6d3 ce33 734a 2944 2944 2945 4a07 628a 49c6 49e6 3145 2925 2925 2925 2925 2925 2925 2925 2925 2925 2925 2925 2925 2125 2925 2925 2925 2925 2925 2925 2924 39a5 942d bdaf 944a 4a05 3144 2924 2924 2925 2945 39a5 738a ad4f bdaf c5cd cdcd cdcd cdcd cdcd cded d5ee d5ee d60e d60e d60e d5ee d60e d60e d60e 
e692 e6b1 e6b1 e6b1 e6b1 e691 e670 de50 ad0d 6b08 5268 5227 6ac8 83a9 83c9 942a bd6f bd8e bd4d b52c b50c accc 9c6b 7328 5a66 5246 6ae8 7b69 83a8 a4ab c58d c58c c58c c56c b52c acec a4ac a48c 9c6c 942b 8c0b 8c0a 83ea 83ca 83ca 7b8a 6b6a 52e9 4b8e 5493 4cb4 4cb5 4cb5 4cb5 4cb5 4cb5 4cb5 4cb5 4cb5 4cb5 4cb5 4cb5 4cb5 4cb5 4c94 4432 3bd1 334f 2acd 22cd 22cc 22ac 228c 2a8c 32ed 3b6f 332f 3390 33b0 3bd1 4412 4453 4c74 4c94 4c94 4c94 4cb5 4cb5 4cb5 4cb5 4cb5 4cb5 4cb5 4cb5 4cb5 4cb5 4cb5 4cb4 4cb4 4cb5 4cb5 4cb5 4c94 5493 53ae 7bac d5d4 e634 ee33 ee33 ee33 ee33 ee33 d5b2 93a9 b4ec bd2c b50b b52b b50b b52b bd2c bd4c bd4c bd6c bd6d b52d 9c6b 944b 942c 62e8 5267 5ac7 7348 7b69 62c8 5aa9 736c 942d a4ce c5b0 c58e acca bd2b cdcd cdcc c56b bd4a cdab cdab c5ab cdaa cdcb c58a c56a cdaa c56a bd69 bd49 bd49 bd29 b509 b508 b528 bd29 acc8 ace9 b50b a46a 7286 61e4 6a65 b4ab c56b c54a bd49 bd4a bd4a b509 ace9 b4e9 ace9 b4e9 b509 bd4a c58b bd6a bd4a bd2a b50a bd4b b4ea b4ea acc9 b4e9 ace9 aca9 a488 a4aa 93e8 8ba8 8ba9 8389 62a7 5246 4a26 7328 93ea 9c4a a48a 9429 9c8a cdf0 c5d0 736a 5247 6b2a 9c4d c570 de33 bd6f c58f b50c c56e cdaf c56e cdcf cdaf c5af c56e c56e bd4d bd4d b52d acad 8baa 7b2a 6ac9 5a67 62a8 62e7 7368 83a8 8c08 a4cb accb a48b 9c8b c5af eef4 ef34 ef34 eef3 d650 ce0f ce10 c5cf c5ef c5ef c5cf bdaf b56f 946d 4a05 3985 5a89 9430 93ef 93ee 9c0e 5a28 3124 2925 2925 2925 2925 2925 2925 2925 2925 2925 2925 2925 2925 2925 2925 2925 2925 2925 2925 2924 41e6 944e 9c8d 5245 3143 3124 2945 2924 3144 39c5 736a a4ee b56e b56d b56d bd6d bd6d bd6d bd6e c58e c5ae cdce cdcf cdcf cdee cdee cdee cdee cdee 
de71 e691 e691 e691 de91 e691 e691 de71 ad0d 6b08 5268 5248 6ac8 8389 8bc9 a4ab d610 de30 de2f d62f d60e cdce c58f 940c 7329 5a87 6ae8 8389 83a8 a48a c58c c58c c58c bd4c bd2b b50b a4cb a48b 9c4b 942b 8c0b 8bea 83ca 83ca 7bca 7b8a 634a 4aeb 5431 54b4 4cb4 4cb5 4cb5 4cb5 4cb5 4cb5 4cb5 4cb5 4cb5 4cd5 4cb5 4cb5 44b5 4494 33d1 2b90 33b1 3bd1 3bd0 232e 22ed 22cc 228c 1a6b 226b 334e 5452 4c73 4453 4412 3bd1 3370 2b70 3bb1 4412 4c74 54b5 4cb5 4cb4 4cb5 4cb5 4cb5 4cb5 4cb5 4cb5 4cb5 4cb5 4cb4 4cb4 4cb5 4cb5 4cb5 4c94 5452 5bce b552 e614 ee33 ee33 ee33 ee33 ee13 ee33 ddd2 93a9 b4cc b50c b50c b50b b50b bd2c bd4d bd4d bd4d bd4c bd4c b50d a48c 9c4c 942c 62e8 5267 5aa7 6b28 7b69 62e8 5aa9 734b 942d acce c5b0 c56e acaa b52b cdad cdcd cd8c c56a cdab cdab c58b c5aa cdab c58a bd49 c58a c56a bd49 bd29 bd49 b529 b508 b508 b548 bd49 a4a7 a4a9 9c48 8347 9beb ac4d 9bcb 8b67 b4eb c54a bd49 bd29 bd4a ace8 acc8 acc9 acc9 ace9 b509 bd4a c58b bd6a bd4a bd2a bd2a bd6b b50a b52a b50a b50a b4ea aca9 a488 a4aa 9408 8bc8 8bc8 8389 62a7 5247 4a46 7348 942a a46a 9c8a 9429 9c6a cdf0 c5d1 7b8a 5247 6b0a 942d bd50 d633 bd6f c56f bd2d c58e de31 de31 de51 de71 e671 de71 de51 de50 de50 de51 d611 b4ee 9c4e 83cd 6ac9 62c8 62e7 7b68 83a8 9449 aceb acec a48a 9c8b c5d0 eef4 ef33 ef33 ef33 ef33 ef13 ef13 eef2 eef3 eef3 eef3 e6b3 de72 ce32 9cae 734b 9c70 8bad a44f bcb1 bcb1 832c 3944 2924 2925 2925 2925 2925 2925 2925 2925 2925 2925 2925 2925 2925 2925 2925 2925 2945 2925 2924 41c6 6ae9 4a06 3123 2924 2925 2944 3163 5246 7bab 946c 946b 9c6b 9c8b 9c8b 9c6b 9c6b 9c4b 9c4b 9c4b 9c6b a48b a4ac a4ac a4ac a4ac a4cc a4cc a4cc 
d630 de50 de50 d650 d64f d62f de4f d650 a4cd 62e8 5268 5248 6ae8 8389 8bc9 a48b d610 de50 de50 d62f d60f d5ef cdd0 a48c 7b8a 62c7 6ae8 83a9 83a9 a46a c56d c56c c54c bd4c b52c aceb a4ab 9c6b 944b 942b 942b 8beb 83ca 83ca 7baa 736a 530a 4b6d 5493 4cb4 4cb4 4cb5 4cb5 4cb5 4cb5 4cb5 4cb5 4cb5 4cb5 4cb5 4cb5 4cb5 4cb5 4cb5 4c94 4c94 4c94 4cb4 4c93 3c32 2b8f 232e 230d 2b0d 22cc 1a8b 2b4e 4c73 4c94 4cb4 4c94 4c74 4433 3bf2 33b1 33d1 4c94 4cb4 4cb4 4cb5 4cb5 4cb5 4cb5 4cb5 4cb5 4cb5 4cb5 4cb5 4cb4 4cb5 4cb5 4cb5 5494 53cf 8c90 de15 e634 ee33 ee33 ee33 ee33 ee13 ee13 ddd2 8b69 9c0a 9c4a 9c4a a46a ac8b acab acab accc acec aceb acec accc 9c6c 9c6d 8c0c 5aa7 4a47 5aa7 6b28 7b69 6308 5aa9 6b0a 8c0d a4ce c590 bd4d acaa b50b c5ac cdcc cdac c56b cdab cdab cdab c58a cdcb c58a bd49 c5aa c58a bd49 b508 bd29 b529 b508 b508 bd49 bd6a acc8 acca 8367 8baa a42d b4af b48e 8b89 9c09 bd4b bd4a bd4a bd6a b508 acc8 b4e9 acc9 ace9 b509 bd2a c58b bd6a bd4a bd2a bd4a c56b b50a bd2b bd2b bd2a b4ea aca9 a489 a48a 93e8 8ba8 8ba9 8389 62a7 5246 5246 7348 942a a48a 9c8a 9409 9c4a c5cf c5d1 7b8a 5247 62c9 8bec b530 ce12 b50e accc accb bd2d cdcf d60f de30 de50 de70 de70 de50 de50 de50 de50 de31 b50e a48e 942e 6b09 62c8 62e7 7368 83a8 9449 acec ad0c a48a 9c6a bd6e e6f3 ef33 ef53 f753 f733 f733 f733 f733 f733 f733 ef13 eef3 eef3 e6d3 de93 bd70 7b6a 8bcc b4b0 bcd0 bcb0 9c2f 49e7 2924 2925 2925 2925 2925 2925 2925 2925 2925 2925 2925 2925 2925 2925 2925 2925 2925 2925 3145 5a69 8bee 6aea 3145 3124 2924 39a4 7369 ad2f bdb0 c5b0 c5af c5cf c5cf c5cf c5cf c5cf cdef c5d0 c5cf cdcf c5af c5ae c5ae bd6e bd6e b54e b52d ad0d 
cdcf c5ae c5ae c58e c56e c56d c56d bd4e 944b 62c8 5269 5248 6ac8 8389 8bc9 942a bd4e bd8e bd8e bd8e bd8e bd8e bd6e 9c8c 7b8a 62c7 6ae7 83a9 83a9 9c2a bd0c bd2c bd2c b50c acec a4cc 9c8b 944b 942c 942b 8c0b 8beb 83aa 83aa 7b8a 6b6a 4aea 5410 5494 4cb4 4cb5 4cb5 4cb5 4cb5 4cb5 4cb5 4cb5 4cb5 4cb5 4cb5 4cb5 4cb5 4cb5 4cb5 4cb5 4cb5 4cb4 4cb4 4cb4 4cb4 4452 33d0 234e 230d 230d 22ed 1aac 33b0 4c94 4cb4 4cd5 4cb5 4cb5 4c94 4c94 4c94 4cb4 4cb4 4cb5 4cb5 4cb5 4cb5 4cb5 4cb5 4cb5 4cb5 4cb5 4cb5 4cb5 4cb5 4cb5 4cb5 5452 63ae bd93 e614 e634 ee33 ee33 ee33 ee33 ee13 ee33 ddd2 8348 93ca 9c0a 940a 93e9 9409 9409 9c0a 9c2a 9c2a 9429 9409 8be9 8369 7b4a 7329 5267 4a26 5a87 6b28 7ba9 734a 5ac9 62ca 8bec a4ce c590 bd4d a489 b50a c5ac cdcc c58c c56b cdab cdab cdab c58a cdab c58a bd49 cdab c58a bd49 b528 bd29 b529 b509 b508 bd49 bd6a ace9 9c49 6aa6 72a8 72a8 a42e 93ac 7287 7b27 b50c bd4a bd6a c58b b529 ace9 b4e9 acc9 ace9 b4e9 b52a c56b bd4a bd4a bd2a bd4a c58c b50a bd2a bd4b b50a b4eb ac8a 9c28 9c29 8b87 8368 8389 7b69 5a87 5247 5246 7328 942a a46a 9c6a 9409 9c4a c5d0 c5b1 7b8b 5247 62a9 83ac acef cdf2 b50e b50c accb bd2c cdcf d5ef d630 de50 de50 de50 de50 de50 de4f de50 d631 b50e a48e 944e 6b29 62c8 62e7 7347 83a8 9c6a acec acec a48a 9c4a b54e e6f3 ef34 ef53 f753 f733 f733 f733 ef33 ef33 ef13 e6f2 e6f2 e6d2 e6d2 e6d2 de92 a48c 9c0c b4d0 bcd0 b4b0 9c2e 49e6 2924 2925 2925 2925 2925 2925 2925 2925 2925 2925 2925 2925 2925 2925 2925 2925 2925 2925 3124 6aca acb0 93ed 41a5 3964 5226 944d c5f1 d651 d630 d631 de50 d650 d650 d650 d650 d670 de70 de90 de91 de91 de91 de70 de70 de71 de91 de70 de50 de50 
b52d b50c acec accc acab acab acab a48b 83ca 62c9 5249 5248 6ac8 8389 8bc9 93e9 944a 944a 944a 9c6a 9c8b a48a a48b 944b 83aa 62c7 62e7 8389 8389 8ba9 a44b a44a 9c49 9409 9409 8be9 83c9 83a9 83aa 838a 7b69 7369 7349 7349 6328 52c9 4b4c 5472 4c94 4cb5 4cb5 4cb4 4cb4 4cb5 4cb5 4cb5 4cb4 4cb4 4cb5 4cb5 4cb5 4cb5 4cb5 4cb5 4cd5 4cd5 4cd5 4cb5 4cd4 4cb4 4cb4 4493 33d0 232e 230d 230d 22cd 1aac 4411 54b4 4cb5 4cb5 4cb5 4cb4 4cb4 4cb5 4cb5 4cb5 4cb5 4cb5 4cb5 4cb5 4cb5 4cb5 4cb5 4cb5 4cb5 4cb4 4cb5 4cb5 4cb4 4c94 4bf0 8c90 de15 e614 e633 ee34 ee33 ee33 ee33 ee13 ee13 ddd2 8b89 acad b4ed b4ec b50c b50c b50c b50c b50c b50c b50c acec accc 940b 83ab 7b8a 5aa8 4a26 5a87 6b27 83ca 7b6a 62ca 5aa9 83cc acce c590 bd4d a489 b50a cdcd cdcd c58c c56b cdab cdab cdab c58a cdab c58a bd49 cdab c5aa bd69 bd29 bd29 bd29 b509 b508 bd49 bd6a a489 72e6 6aa7 72a8 5a05 8bac 59e6 5184 6a86 9c49 bd6b c58a c5ab bd6a ace8 b4e9 acc9 ace9 b509 bd2a bd6b bd2a bd4a bd2a bd4a c58c b4e9 b50a bd4b b50b a469 93a7 82e5 82e5 9347 7285 7285 6aa6 5a66 5246 5266 6b28 8c0a 9c6a 9c6a 8be9 9c4a c5d0 c5b1 7b8b 5247 62a9 732a a4ae cdd1 bd2e bd2d accb bd6d cdef cdce cdce d5ef d60f d60f d60f d60f d62f d630 d610 b50e a4ae 944e 7329 62c8 62e7 7327 83a8 9449 aceb acec a48b 9c6a b54e e6f3 ef33 ef53 f733 f733 f733 f733 ef33 ef33 ef12 e6f2 e6d1 e6d1 e6d1 e6d1 e6b1 b52d 8bca 9c2d 9c0e 8bac 5a68 3144 2925 2925 2925 2925 2925 2925 2925 2925 2925 2925 2925 2925 2925 2925 2925 2925 2925 2925 3124 5a48 ac8f a46e 6287 7b6a b530 de53 de92 de91 de72 e672 e671 de71 de70 de70 de90 de90 de90 deb0 e6b1 e6d1 e6b1 e6b1 e691 e6b1 e6b1 e691 e690 e691 
de50 d630 d630 d610 d60f d5ef cdef c5ae 9c6c 62e8 5268 5248 62c8 7b89 8bc9 9c2a b50d b54d bd4c bd4c bd4d bd4c bd4d a4ac 83aa 6ae8 62c7 7b8a 83a9 93ea accc b4cb accb acab a48a 942a 8be9 83a9 83a9 7b89 7b69 7349 7349 6b29 5ae8 3a89 5410 5494 4cb5 4cb5 4cb5 4cb5 4cb5 4cb5 4cb5 4cb5 4cb5 4cb4 4cb5 4cd5 4cb5 4cb5 4cb5 4cb5 4cd5 4cd5 4cd5 4cd5 4cd5 4cd5 4cd4 4cd4 4473 2bb0 232e 232e 2aed 22cc 2b4e 5473 4cb4 4cb4 4cb5 4cb4 4cb4 4cb5 4cb4 4cb5 4cd5 4cd5 4cd5 4cb5 4cb5 4cb5 4cb5 4cb5 4cb5 4cb4 4cb5 4cb5 4cb4 5473 538e b594 de35 e634 e633 ee33 ee33 ee33 ee33 ee33 ee13 ddd2 8348 93c9 9c09 b50c bd4c bd4c bd4c bd6c c56c bd6c bd6c bd6d bd4d a4ac 9c6c 944d 6b09 4a26 5a86 6b47 83ea 734a 5aa9 5a89 83cc acce c590 bd4d a489 b50b cdcd cdcd cd8c c56b cdab c5ab c58a c58a cdab c58a bd49 cdab c58a bd69 bd49 bd29 bd29 b529 b509 bd4a b50a 8b87 6264 834a 9bcd 834b 834b 5a06 834b 8b8a 9409 c58b c58a c5ab bd4a ace9 b4e9 ace9 b4e9 b509 bd4a c56b bd4a bd4a bd2a bd2a c58c b4ea b4ca c54c a469 8304 7aa4 aba9 a328 ab89 9307 8ae7 82e7 5204 5246 5a87 6b07 8c09 9c4a 9c49 8bc8 9c6a c5d0 c5b0 7b8a 5247 5a89 6ac9 9c6d bd70 b52d b50c accb bd4d cdce c5ae c58d c58e c5ae c5ae c5ae cdce cdee d5ef cdd0 aced a48e 9c6e 732a 62c8 62e7 7348 7b88 9449 accb accb a48b a48a c5af eef3 ef34 ef33 f733 f733 ef13 ef13 ef33 ef13 eef2 e6d2 e6d2 e6d2 e6d2 e6d2 e6b2 d672 acee 5225 49a4 3964 2944 2925 2925 2925 2925 2925 2925 2925 2925 2925 2925 2925 2925 2925 2925 2925 2925 2925 2925 2925 2924 49c6 93ed 940c acee d632 de72 de72 de91 de91 de92 e692 e671 de71 de70 de70 de90 de91 de90 de90 e6b1 e6b1 e691 e691 e691 e691 e691 e691 e691 e691 
e691 e691 e691 de70 de6f de6f de4f d630 a48c 62e8 5268 5247 62c8 7b8a 8bc9 9c4a bd2d c56c c56c c58c c58c c56c bd4d a4ac 83ca 6ae8 62a7 7b8a 83a9 8c0a b50d b50c b50b b4eb accb a4aa 9c6a 942a 8c0a 8bea 83ca 7baa 7b89 738a 530a 434d 5473 4c94 4cb5 4cd5 4cd5 4cb5 4cb5 4cb5 4cb5 4cb5 4cb5 4cb5 4cb5 4cd5 4cb5 4cd5 4cd5 4cd5 4cd5 4cd5 4cd5 4cd5 4cd5 4cb5 4cd5 4cb5 4cb4 4474 33d1 234f 230e 230d 22cc 3b90 4c94 4cb4 4cb5 4cb4 4cb5 4cb5 4cb4 4cb4 4cb5 4cb5 4cb5 4cb5 4cb5 4cb5 4cb5 4cb5 4cb5 4cb5 4cb5 4cb5 4cb4 4c10 5b6d acd0 e5f4 e5f3 ddf2 ee33 ee33 ee33 ee34 ee33 ee13 e613 b4ce b4ce 93c8 accb bd4c bd4c bd6c bd6b bd4b bd2b bd2b bd6c bd4d accc 9c8c 944c 62e8 4a26 5266 7b88 8c0a 7329 5aa9 5aa9 7b8b a48e bd6f bd2d a4a9 bd2b c5ad cdcd cdac c58b cdab cdab c58a c58a cdab c58b bd29 c58b c58a bd49 bd49 bd49 bd49 b509 b509 bd2a 9c07 8ba8 8b8a 8b6b ac4f 7b2a 49c5 4184 72ea 6ae8 7b68 bd6c c58a c58a bd49 b4e9 b4e9 ace9 b4e9 b509 bd2a bd6b bd4a bd4a b52a bd2a c58c bd2b b4eb c54c 9ba7 9b67 a3a8 82a5 9308 82c7 9b8a 9b49 9b8a 7aa7 5a25 6286 6b07 8be9 9c4a 9449 8bc8 9c6b c5d0 bdb0 738a 5247 5aa9 6ac9 9c6d bd4f b50d b4ec acca c56d d5ef cdcf c58e c58e c58e c58e c58e c58e c5ae c5ce c58e a4ac 9c6c 944d 6b09 62a8 62e7 7328 7b88 9429 accb accb a48b 9c6a c5cf ef14 f734 f733 f733 f733 e6b2 e6d2 f733 ef13 deb1 d650 de71 d650 d650 d630 ce30 cdf1 ad0f 41c4 3123 2924 2945 2925 2125 2925 2925 2925 2925 2925 2925 2925 2925 2925 2925 2925 2925 2925 2925 2925 2925 2925 2925 3144 5a87 9c8d ce12 d652 de72 de72 de72 de72 de72 e671 e671 de70 de71 de71 de91 de91 de90 de70 de71 de91 de71 de91 e691 e691 e691 de91 de91 de91 
de51 de51 de50 de50 de4f de4f de4f d630 a48c 6ae8 5268 5247 62c8 7b8a 8bc9 9409 b50c bd4c bd4c c56c c56c c56c bd4d a4ac 83ca 6ae8 62a7 7b8a 83a9 8be9 b50c bd2c bd2c b50b acea a4ca 9c8b 944b 8c0a 8bea 83ca 83a9 7b89 6b6a 4b0a 5431 4cb3 4cb5 4cb5 4cd5 4cd5 4cd5 4cb5 4cb5 4cb5 4cb5 4cb5 4cb5 4cb5 4cd5 4cd5 4cd5 4cd5 4cd5 4cd5 4cd5 4cd5 4cd5 4cd5 4cd5 4cb5 4cb5 4cb5 4cb5 4c94 3bf1 2b4e 2aed 226b 2aac 5473 4c94 4cb5 4cb5 4cb5 4cb5 4cb4 4cb4 4cb5 4cb5 4cb4 4cb5 4cb5 4cb5 4cb5 4cb5 4cb5 4cb5 4cb5 4cb5 4c73 4baf 94d2 a44e d5b3 ddb2 bcce e5f3 ee13 ee34 e5d2 ddd2 e613 e633 e613 d5d2 93e9 accb bd4c bd6c bd6c bd4b bd4b bd2b bd2b bd6c bd2c a48b 9c4b 942c 62c8 4a26 5266 7ba9 8c2b 7349 5aa9 5a89 7b6b a48d bd4f b52c a4a9 bd2b c5ac cdcd cdac c58b cdac cdab cdab c58a c58b c56a b4e8 c58a c5aa bd49 bd49 bd49 bd49 b509 b509 a469 8b87 9c0b 6aa7 7ae9 6aa9 4184 49c5 41a5 3964 41a5 49c4 a4ab c56b c58b bd49 b4e9 b4e9 ace9 b4e9 b509 b52a bd4b bd4b bd2a b50a bd2b c56c acaa ac8a bccb 9b86 9b27 9b07 a3aa c4cf c4f0 dd92 dd71 a3ca 8b07 6a24 6285 6b07 8bc9 9c4a 9c4a 8bc8 a48b c5d0 c5b0 7baa 5247 62a9 6ac9 9c6d bd4f b50d b4ec acaa c56d d5cf cdcf c58e bd4e bd4d bd6e c56d c56d c56d c58e bd6e a48c 942c 8c0d 6ae9 62c8 6ae8 6b28 7b68 942a a4cb accb a48b 9c6a c5cf ef14 ef34 ef33 f733 f733 ef13 ef33 f733 ef33 ef13 e6d2 e6b2 deb1 de91 d650 ce30 c5f0 9c6d 3964 2924 2925 2925 2925 2925 2925 2925 2925 2925 2925 2925 2925 2925 2925 2925 2925 2925 2925 2925 2925 2925 2925 2925 2924 4a05 a4ad b52e b54e bd8f bd6e bd8f cdf0 d631 de30 de2f d62f d650 d62f d60f cdce c5ae c58d bd6d bd4d bd6e c5ae c5af c5af c5cf cdcf c5ae cdcf 
b50d accc a4ab accb aceb b50c b50c acec 8bea 6ae8 5268 5248 62c8 7b8a 83a9 8387 9409 a44a a48a acab b4eb b50b b50d a4ac 83cb 6b08 5aa6 7b8a 83a9 8c09 b52c bd4c bd2c b50b b4eb a4ca a48b 9c4b 940a 8bea 83ca 7ba9 7b89 5b09 4b6d 5493 4cb4 4cb5 4cb5 44d5 4cd5 4cd5 4cb5 4cb5 4cb5 4cb5 4cd5 4cb5 4cd5 4cd5 4cd5 4cd5 4cd5 4cd5 4cd5 4cd5 4cd5 4cd5 4cd5 4cd5 4cd5 4cb5 4cb5 4cb5 4cb4 4c93 43d0 2acd 2a6c 328c 4bf1 4c94 4cb5 4cb5 4cb4 4cb5 4cb4 4cb4 4cb5 4cb5 4cb4 4cb5 4cb5 4cb5 4cb5 4cb5 4cb5 4cb5 4cb5 4cb5 4c73 4baf a553 acd0 bcd0 ddd3 b4ae cd30 e613 e613 d591 b48d ddb2 e613 e633 cd90 93e9 b52c c56c c58c c58c c56c bd6c c56c c56c c58d bd4d a4ab 9c6c 944c 62e8 5247 5aa7 83ea 944b 736a 5aa9 5a89 7b6b a48d bd2e b52c a489 bd4b cdcd cdcd cd8c c58b cdac cdab c58b c58a c58b bd4a aca8 c58a cdaa bd49 bd29 bd49 bd4a b50a a468 8b87 ac6c 9bec 51c4 49a5 3943 4184 6268 5a48 3944 28c2 3943 7b48 bd0c c58c bd6b b529 b509 ace9 b4e9 b50a b52a bd4a bd2b b50a b4ea b4ea bd2c 9386 9b66 9b45 bc08 bbea 8ac6 bcaf b48f d5b3 cd92 c511 bc4d a38a 82c6 6244 72e6 8bc9 9c4a 9429 83a8 9c6b c5cf c5d0 83eb 5267 62c9 6aa9 9c6d b52e b50c b4ec acca bd6d cdef cdef c58e bd4d bd2d bd4d bd6e c56e bd6e bd6e b52e 9c6c 940c 8bed 6ae9 62a8 6ae8 6b08 7b68 942a a4cb accb 9c6a 9c6a c5cf ef14 ef34 ef53 f733 f733 f733 f733 f733 ef33 ef33 ef13 ef33 ef33 ef13 e6f2 e6d2 deb3 9c8d 3163 2924 2925 2925 2925 2925 2925 2925 2925 2925 2925 2925 2925 2925 2925 2925 2925 2925 2925 2925 2925 2925 2925 2925 2924 5267 c591 d611 d630 d650 d630 d630 d631 de51 de71 de50 de70 de70 de70 de50 d60f cdce c5ae b52c b50c b52c b52d b52d b52d b52d b52d b52c bd4d 
942a 942a 9429 9429 9c4a 9c6a a48b a48c 8389 6ae9 5268 5248 6ae9 7b8a 83a9 8368 8bc9 940a 9c2b 9c4b 9c6b 9c6b a46b 940b 7b69 62c7 5a86 7b89 83a9 8c0a b52d bd6c bd6c bd4c b50b aceb a4ab 9c6b 940a 8c0a 83ea 7b89 6b49 4aea 53f0 4c93 4cb4 4cb5 44b5 44d5 4cd5 4cd5 4cb5 4cb5 4cb5 4cb5 4cb5 4cb5 4cd5 4cd5 4cb5 4cb5 4cb5 4cb5 4cb5 4cb5 4cb5 4cd5 4cd5 4cd5 4cd5 4cd5 4cb5 4cb5 4cb4 4c94 4c12 32ad 4b2f 42ad 3b2f 5474 4cb5 44b5 4cb5 4cb5 4cb4 4cb4 4cb5 4cb5 4cb5 4cb5 4cb5 4cb5 4cb5 4cb5 4cb5 4cb5 4cb5 4cb4 4c94 5431 640f 9cf1 9c4f c552 d592 ac6e d5b2 e613 e613 d571 b48e cd71 ddf2 ac8c accc cdcf cded cded cdcd cdad cdad cdcd cdad cdad c58e b4ed a4ad 9c8d 6b09 5267 62c7 8c0a 944c 736a 5aa9 5a89 734b a48d bd4f bd2d a469 bd4c cdcd cdcd c58c c56b cdab cdab c58a c56a c58a bd4a aca8 c58a c5aa bd69 bd49 bd29 bd2a ac89 8346 ac4b bcae b48e 93ab 5a05 6287 93ed 8b8c 834b 8b6b 59c5 7288 93ca 8bc8 bd2c b50a b509 b4e9 b4e9 b4e9 b50a b52a bd2a bd2a b4c9 9386 8b45 9b86 b3c7 d46a d429 d44a 8aa5 7266 93cc 6247 9c2e 93cc 6a47 934a ab69 c42b 8264 7264 7ae6 93e9 9429 8387 9c6b cdd0 c5d1 8c0c 5aa8 6b0a 62a8 9c6d b50e b4ec b50c accb c56d c56e c58e bd2d a48b 9c4a 9c4a 9c4a a46b a46b 9c6b 9c4c 83aa 7b6a 734b 6288 5a88 62c8 6ae7 7347 9429 a4cb a4aa 9429 9c4a c5af e6f3 ef13 ef13 ef13 ef13 ef12 ef12 ef13 ef13 ef13 ef13 ef13 ef13 ef13 ef12 eef2 e6b3 8c0b 3143 2924 2925 2925 2925 2925 2925 2925 2925 2925 2925 2925 2925 2925 2925 2925 2925 2925 2925 2925 2925 2925 2925 2925 2924 4a05 bdb1 de51 de70 de70 de70 de91 de71 de70 e670 de70 de70 de50 d62f d60f d60e cdee cdee cdcd cdce cdce cdce cdce cdce cdce cdad c5ad cdee 
8389 83a9 8bc9 8bc9 8bea 940a 942b 9c2c 7b69 6ae9 5268 5248 62c9 7b8a 83c9 7b47 72e7 6ac7 6ae7 7328 8bca 942b 942b 8bcb 7b49 62c8 5a86 7b69 83a9 8be9 b52d bd4d bd4d bd4c b50b aceb a4ab 9c6b 942a 8c0a 83ea 7baa 6b4a 4aea 5431 4c94 4cb4 4cb5 4cb5 4cd5 4cd5 4cd5 4cb5 4cb5 4cb5 4cb5 4cb5 4cb5 4cb5 4cd5 4cd5 4cd5 4cd5 4cd5 4cd5 4cd5 4cd5 4cd5 4cd5 4cd5 4cd5 4cb5 4cb5 4cb5 4c94 5473 3b2f 42ee 5b50 4aae 328c 4c32 4c94 4cb4 4cb4 4cb4 4cb4 4cb4 4cb5 4cb5 4cb5 4cb5 4cb5 4cb5 4cb5 4cb5 4cb5 4cb5 4cb5 4cb5 4cb4 5494 5452 5bef 63ae 73ac b552 b511 ac8e d5b3 e613 ddf3 b4cf 8b89 a44b 9c4a c56d cdce cdcd cdcd cdcd cdad cdad cdcd cdcd cdce c5ae aced a4ad 9c6d 6309 5267 62e7 8c2a 944c 736a 5aa9 5a89 734a a48e bd6f bd4d a489 bd4c cdcd cdcd c58c c56b cdab c58b c56a bd49 c56a bd4a acc8 c58a c58a c58a bd49 bd4a acca 7b26 93ca bccf c4ce c4af bcaf ac2d 8b6a 8b6a 9bcc a3ed 9bac 936b b46f b4ae 93c9 9c2a b4eb acc9 b4e9 acc9 b4e9 b509 bd2a bd2b b4ea 93a6 a386 cc49 c3e8 c3e8 bb87 b347 ab49 7a66 7ac9 b4b1 ac90 93ad 72c9 7b0a 938c a369 dc6b d409 c3c8 b387 8ae5 93c8 8387 9c6b cdd0 c5d1 8c0c 5aa8 6b0a 6ac9 9c6e b50e b4ed bd0c accb c56d d5ef d60f cdcf bd6e b50d acec acec b50d b50d b52e ad0e 944c 8beb 83ac 6ae9 62a8 62c8 6b08 7b68 9409 a4aa 9c8a 9408 9c4a c5af e6b2 eed2 eef2 ef12 eef2 eed2 eef2 eef2 ef12 ef12 ef13 ef13 ef13 ef13 eef2 eef2 de93 7b89 3143 2924 2925 2925 2925 2925 2925 2925 2925 2925 2925 2925 2925 2925 2925 2925 2925 2925 2925 2925 2925 2925 2925 2925 2924 39c4 b54f de71 de70 e670 de70 de70 de70 de50 de50 de2f d62f d60e cdee cdce cdcd cdcd cdcd cdcd cdcd c5ad cdcd cdcd cdcd cdcd cdcd cdcd cded 
7328 7b49 7b49 7b69 7b69 7b6a 7b6a 8bab 7b6a 6ae9 5a89 5247 62c8 7b8a 8bc9 8bc9 8bca 7b6a 7329 7328 7b49 7b69 7b49 7328 6ac7 5a87 5266 7b6a 83ca 8bc9 a46c a48c a4ac a48b 9c6b 944a 942a 8bea 83a9 7b89 7b69 7349 5ac9 42cb 5432 4c94 4cb4 4cb4 44d4 4cd4 4cd5 4cb5 4cb5 4cb5 4cb5 4cb5 4cb5 4cb5 4cb5 4cb5 4cb5 4cb5 4cb5 4cb5 4cb5 4cb5 4cb5 4cb5 4cb5 4cb5 4cb5 4cb5 4cb5 4cb5 5494 43f1 326d 4aae 4aae 424c 2a2a 4bd0 5494 4cb4 4cb4 4cb5 4cb4 4cb4 4cb4 4cb5 4cb5 4cb5 4cb5 4cb5 4cb5 4cb5 4cb5 4cd5 4cd5 4cd5 4cb5 4cb5 4cb4 5493 4c31 4b8e 5bae 8470 6b8c 840e acd0 b4f0 940b 9c2b a46b bd2d c5ae cdce c5ad c5ae c5ae c5ad cdae cdce cdce cdce c5af aced a4ae 944d 62e8 5287 6b08 944a 946b 7349 5aa9 5a89 6b09 a48e c590 bd6e a48a bd4c cdcd cdcd c58c c56b cdab c58b c56a bd49 bd6a bd4a b4e8 c58a c58a c58b bd6b b4ea 72c5 6266 8b8b b48f c4af c4af c4af c4af b48e 8b4a 7287 7ac9 936b bc6e c4af c4cf ac4d 7b08 93e9 acaa ace9 acc9 ace9 b4ea bd2b bd2b 93a6 9b45 cc28 ec89 ec8a d428 ab66 8264 a3cb ac2d 8309 bd32 bcf1 a46f 9c2f a46f b4af 9348 cc2a ec8a f489 e469 ab65 9305 9366 9c08 cd8f c5b0 8c0c 5aa8 6aea 62a9 9c4d acee b4ed b50c acaa c56d d60f de30 de30 d610 cdcf c5ae c5ae c5ae c5ae c5cf bdaf a4cd 944c 8c0c 7309 62a8 62c8 6ae7 7b68 8c09 a48a 9c69 8be8 9c49 c5af e692 e6b2 e6b1 eed1 eed1 e6b1 e6b1 eed1 eef2 eef2 eef2 eef2 eef2 eef2 eef2 e6d2 de72 6b08 3123 2925 2925 2925 2925 2925 2925 2925 2925 2925 2925 2925 2925 2925 2925 2925 2925 2925 2925 2925 2925 2944 2925 2924 2924 3983 a4ad de71 de70 e670 de70 de70 de4f de2f d60f d5ee cdcd cdcd cdcd cdcd cdcd cdad cdad cdcc cdac cdac cdac cdad cdcd cdad cdcd cdcd cdcd 
b50e b50e b50e acee accd a4cd a4ae a4ae 8bcb 6b09 5a89 5247 62c8 7b8a 8bca 940a accd aced a4ac 9c8c 9c6c 9c6b 942b 940b 838a 6b09 5a67 7b6a 8bca 83c9 8bca 8bca 8bea 8bea 83a9 83a9 8389 7b69 7329 7309 6ae9 5aa8 738d 530d 5c32 5494 4cb4 4cb4 4cb4 4cb4 4cb5 4cb5 4cb5 4cb5 4cb5 4cb5 4cb5 4cb5 4cb5 4cb5 4cb5 4cb5 4cb5 4cb5 4cb5 4cb5 4cb5 4cb5 4cb5 4cb5 4cb5 4cb5 44b5 4cb4 4c53 32ee 324d 424d 422d 39eb 29e9 434e 5474 4cb4 4cb5 4cb5 4cb4 4cb4 4cb4 4cb5 4cb5 4cb5 4cb5 4cb5 4cb5 4cb5 4cb5 4cd5 4cd5 4cd5 4cb5 4cd5 4cb5 4cb4 4cb4 4c94 5473 5431 5431 53cf 4aca 738b 8c0b 9c6c a48b acab accb accb acaa acab accb accb acab accb accb accb a4ab 940b 8bab 7b8b 5aa8 5aa7 7368 944a 946b 7349 5aa9 5a89 6b09 a48e c590 c56e acaa bd4c cdcd cdcd c58c c56b cdcc c58b bd4a bd49 bd49 bd29 acc8 c58a c58b c58b acea 7305 4162 49c5 7b0a a3ed c4af c4af c4af c4af c4af a3cc 59a4 61e5 b42e c4af c4af c4af a40d 834b 6265 9c4a acca acc9 acca acca b50b bceb 9324 d469 ec89 f489 f489 e489 bc09 abeb d572 cd72 9c0e a44f 6a89 5a48 51e7 5a28 8b4b 7aa7 ab68 e48a f489 f488 e468 d427 cc28 a386 bcec c590 8c0b 62c8 6b0a 6288 942d acee b4ed b4ec a48a c58d de30 de50 de70 de50 d630 d60f cdef cdef cdee cdcf c5af a4cd 9c6c 942c 6b09 62a8 62c8 6ae7 7b48 8be9 a48b 9c6a 8be8 9c49 c5af e671 e691 e691 e6b1 e6b1 e690 de70 e690 e6b1 e6b1 e6d1 eed1 e6d1 e6b1 e6b1 e6b2 d611 62a7 2923 2904 2925 2925 2125 2925 2925 2925 2925 2925 2925 2925 2925 2125 2925 2925 2925 2125 2125 2125 2124 2925 2925 2944 3164 49e4 a4ac de50 de70 de70 de70 de70 de70 de4f de2f d60e d5ee d5ee d5ee cdcd cdcd cdcd cdcc cdcc cdcc cdcc cdac cdac cdac cdac cdac cdcc cdcd 
e691 e691 e691 de70 de70 de70 de50 d610 9c6b 6b09 5a89 5248 62e8 7b8a 8bea 9c2a c58e cdcf cdce c5ae c58e c58d bd8e b52e 942c 7b6a 5a88 7b8a 8c0b 8c0a a4ac b50d acec acec a4ac 9c8b 9c4a 940a 83cb 7b6a 6b2a a513 ceba 9d76 6431 5432 4c73 4c73 4c94 4cb5 4cb5 4cb5 4cb5 4cb5 4cb5 4cb5 4cb5 4cb5 4cb5 4cb5 4cb5 4cb5 4cb5 4cb5 4cb5 4cb5 4cb5 4cb5 4cb5 4cb5 4cb5 4cb5 4cb5 4c94 43b1 3ace 5b31 5b31 5b31 52ad 3a2a 430d 5473 4cb4 4cb5 4cb5 4cb4 4cb4 4cb5 4cb5 4cb5 4cb5 4cb5 4cb5 4cb5 4cb5 4cb5 4cd5 4cd5 4cd5 4cb5 4cb5 4cb5 4cb5 4cb5 4cb4 4c95 4c94 5494 5473 4b2d 7c0e a4ef bd4f bd4d c56d c56d c56d bd6c bd4c bd4d bd2c bd2c bd2c bd2c b50c a4ac 940b 83ab 734a 5a87 62c8 83c9 946a 9c6b 7349 5aa9 5a89 730a accf c590 c56e acca bd6c cdcd cdcd cd8c c58b cdcc cdac c56a bd49 bd49 bd29 aca7 c58b c5ac aceb 72c5 4141 3923 3924 5a27 832b b44e c4af c4af c4af c4af b42e 7a46 7a47 bc6f c4af c4af a40e 8b6c 6aca 3963 5a66 942a a4ab acaa 93a7 9386 a3a5 b3a6 e489 f489 e449 e46a c3a8 b3a9 dd71 e5d3 ddb4 ac6f 7b2b 5207 5a8a 62ab 49e7 6a89 9bee abeb bbe9 e489 ec89 f489 f488 e489 ab45 9ba8 c56f 8beb 62c8 6b0a 5a88 8c0d acce b4ed b4ec a48a c58d de30 de50 de71 e691 e671 de50 de30 d630 d630 d610 cdf0 ad0d 9cad 944d 6ae9 62a8 62c8 62e7 7347 8be9 a48b 9c6a 9409 9c4a cdcf de71 e671 e691 e690 e670 de4f d60f de4f de70 de70 e670 e690 de70 de70 de50 d630 bd6f 5a66 2903 2904 2105 2105 2105 2105 2125 2125 2925 2905 2905 2905 2105 2105 2105 2105 2104 2104 2104 2124 2124 2124 2904 62c9 a48f bd4f cdf1 de30 de50 de50 de50 de50 de50 d62f d62f d60f d60f d60f d60f d60e d60e d60e d62e d60e d60e d60e cded cded cded cded cdcd cded cded 
e690 e68f e68f e66f e66f de6f de4f d610 9c6b 6b08 5a88 5248 6ae9 7b8a 8bea 9c4a c56e cdce cdce cdcd cdcd cdad c5ae bd4e 942c 7b8a 62a7 7b8a 940b 940a accc b54d b52c b50c acec a4ab 9c6a 942b 83cb 736b a512 d6da df1c cefc ae18 8514 6472 4bb0 5433 4cb4 4cb5 4cb5 4cb5 4cb5 4cb5 4cb5 44b5 4cb5 4cb5 4cb5 4cb4 4cb5 4cb5 4cb5 4cb4 4cb5 4cb5 4cb5 4cb5 4cb5 4cb5 4cb4 4cb4 4c54 3b0f 4b0f 5b51 6352 6352 52ce 424a 3aac 5452 4cb4 44b4 4cb5 4cb5 4cb5 4cb5 4cb5 4cb5 4cb5 4cb5 4cb5 4cb5 4cb5 4cb5 4cd5 4cb5 4cb5 4cd5 4cd5 4cb5 4cd5 4cd4 4cb4 4cb4 4c94 5473 5452 4b4e 8470 9cd0 ad0e cdae cdce cdee cdee cdcd cdcd cdcd cdce cdcd d5ce d5ee d5ef c58f acad a46e 8bec 62a7 62c7 83c9 9c6a 9c6b 736a 5ac9 5a89 732a acef c590 c56e acaa bd4c cdcd d5cd cdac cd8c cdcc cdcc c56a bd49 c549 bd4a aca8 bd4a b50b 72e6 4162 3922 3103 3123 3944 6aa9 93ac bc8f c4af c4af c4af c4af ac0c abec c4af c4af b44f 834b 72ea 4185 3123 3143 5224 9409 a469 8304 bc08 d468 ec89 f489 ec69 ab26 9b27 a389 cd30 e5d3 e5f3 ddd3 ac8f 72ca 6aeb 83ef 83f0 5a6a 6aaa b4b0 d531 a389 ab87 bba7 e48a f488 e489 c3e8 9347 c54f 8beb 62c8 62e9 5a88 8bec a4ae b4ed b4ec a48a cdae de30 de50 de50 de70 de71 de50 de50 de30 d630 d630 d610 b50e 9c8d 942c 6ae8 62a7 62c8 62e7 7347 83c8 a48b 9c4a 9409 9c6a cdf0 de71 e671 de50 de2f d60e cdcd c5ac d62e de70 de4f cdee d60e d60e d5ef cdef c5ae b50e 5a86 2923 2925 2925 2125 2125 2125 2125 2125 2125 2105 2905 2905 2125 2105 2105 2105 2104 2124 2925 2125 2124 2924 2944 7bab b52f bd4e bd4e bd4e bd4e bd4e bd6e bd6e b52d bd4d bd6d c58d bd6d bd4c bd4c bd4c b50b b52c bd6c c58d c58d c58d c58c c58d cdad cdad c5ad c5ad cdce 
de6f de4f de4e de4e de4e de4f de2f d60f 944b 6b08 5a89 5248 6ae9 7b8a 8bea 9c4a c56e cdce cdce cdcd cdcd cdad c58d b54e 942c 7b8a 62a7 7b8a 942b 942b a4cc b54c b52c b50c acec a4ab 9c8b 942b 738a a512 d6d9 df1b df3c df3d d71c d6fc c6bb 8cf5 53d1 5494 4c94 4cb5 4c94 4cb4 4cb4 4cb4 4cb5 4cb4 4cb4 4cb5 4cb5 4cb5 4cb5 4cb5 4cb5 4cb5 4cb5 4cb5 4cb5 4cb5 4cb5 4cb5 4cb4 43b1 3ace 5b51 6372 6373 6352 52ce 422a 326a 4c11 4cb4 4cb4 4cb4 4cb4 4cb5 4cb4 4cb4 4cb4 4cb5 4cb5 4cb5 4cb5 4cb5 4cb5 4cb5 4cb5 4cb5 4cb5 4cb5 4cb5 4cb5 4cb4 4c94 4c53 4bf1 5c11 7493 8d35 be58 c636 946d bd8e cdce cded cded cded d5ed d5ee d5ee d5ed d5ee d5ee d5ef cdcf accd a46d 8bec 62c7 62e7 83e9 9c6a 9c6b 7baa 62e9 5a89 732a b510 c590 c56e a4aa bd4b cdcd d5cd cdac cdac cdcc cdcc c58b c56a c569 bd4a acc8 acea 7306 4162 3922 3102 3123 3123 3123 41a5 834b 9bed bcaf c4af c4af c4af c4af c4af bcaf b44e 832a 6aa9 4185 3124 3123 3123 3942 7b68 ac8b 9346 c428 e4a9 f489 ec89 cc09 9307 8329 bcef e5d3 e5f4 e5f3 ddd3 b48f 72c9 732c 8bef 83af 62aa 7b0b bcd1 ddd4 bcaf 82a7 a369 d46b e4aa dc49 ab46 8b06 c54f 8c0b 62e8 62e9 5a88 8bcc a48d accd b4ec acaa cdae de2f de50 de50 de50 de70 de50 de70 de50 de50 d630 d610 b50d 9c8c 940c 6ae8 5aa7 62e8 62e7 7348 83c8 9c6a 9c29 8be8 9c4a d631 e692 e671 de70 de4f de4f de4f de4f de70 e690 e690 de70 e670 e690 de70 de50 d630 c5d0 6ae7 2943 2925 2925 2125 2125 2125 2125 2125 2925 2925 2925 2925 2925 2125 2925 2125 2125 2125 2925 2925 2925 2944 3164 8bec b52e bd2d bd4d bd4e bd4e bd4e bd6e bd8e c5af cdcf cdcf cdce cdce cdae c5ae c5ae bd6d bd6d c5ad c5ce cdce cdae c58d c56d c56d c56d c58d c58d c56d 
de2e de2e de2e de2e de2e d60e d60e ce0f 944b 6b08 5a89 5248 6ae9 7b8a 8bea 9c4b c54e d5ef cdce cdcd cdcd cdcd c5ae bd6e 942b 838a 62a8 7b8a 942c 9c4b accc bd6d bd4c b52c aceb acab a48b 8c0b 8c6e d6b9 df3b df3c df3c df3c df3c df3c df3c be7a 6c52 5c32 5432 5432 4c11 5432 4c32 5493 4cb4 4cb4 4cb4 4cb5 4cb5 4cb5 4cb5 4cb5 4cb5 4cb5 4cb5 4cb5 4cb5 4cb5 4cb5 4c94 5453 32cd 3aad 5b71 63b3 6393 6352 52cd 424a 324a 4bd0 4c94 4cb4 4cb5 4cb5 4cb5 4cb5 4cb5 4cb5 4cb4 4cb5 4cb5 4cb5 4cb5 4cb4 4c93 4c52 4c53 5494 54b4 54b4 54b4 4c53 43d0 6452 9576 b639 cedc d73c d73b d6fa 9cf1 a4ed c5ae cdcd cdcd cded cded d5ed d5ee d5ed d5ee d5ce d5ee cdaf accd a46d 8bec 62c7 6b07 8be9 9c6a 9c8b 7baa 62e9 5aa9 734a b50f c590 c56e acaa bd4b cdcd d5cd cdac cdac cdcc cdcc cdab c58a c56a bd8a ace9 9409 4162 3922 3123 3123 3123 3123 3123 3123 5a68 836c 9bcc b46e bcae bcaf bc8e b46d a3cb 7ac7 6a88 4164 3124 3124 3123 3103 3922 7b28 a46b 8ae4 ab65 e489 ec89 d429 abcb a46f b594 acd0 d5b4 e5f4 e5f4 e5f3 bc8f 8b8b 6a89 6268 6a89 7b0b 93ad c4f1 e5f4 cd52 ac70 bcd0 b3ea cc2a b346 92a4 8284 b4cd 940c 6b29 6b0a 62a9 8bcc 9c6d a46c accc acaa cdae de2f de50 de50 de50 de70 de71 de71 de70 de50 d630 d610 b50d 9c8c 942c 6ae8 5aa7 62e8 62e7 7328 83a8 944a 9429 8be9 9c4a de51 e6b2 e6b1 e691 e690 de70 de70 de70 de70 e690 e690 e690 e690 e690 e690 e691 e691 d631 7b68 3142 2924 2925 2925 2125 2125 2125 2125 2145 2945 2924 2924 2924 2944 2925 2925 2925 2925 2925 2945 2925 2944 39a5 acef d611 de2f de2f de30 de50 de50 de4f de50 de50 de50 de4f de4f de4f de4f de4f de4f de4f de4f de4f de4f de4f de4f de4f de4f d62e d62e d62e d62e d60e 
d60e d5ee d5ee d60d d5ed cdcd cdcd c5ae 8c0a 62c8 5269 5248 6ae9 83aa 8c0a 9c4a bd2d cdae cdcd cdad cdcd cdcd c5ae bd4e 9c4c 83aa 62c8 7b8a 9c4c 9c6b a4ab bd4d bd6d bd4d b50c acec a4ac 83eb b5b4 df1b df3c df3c df3c df3c df3c df3c df3c df3c c67a 9d76 9576 9576 a5f8 b65a 6c72 53f1 5493 4cb3 4cb4 4cb5 4cb5 4cb5 4cb5 4cb5 4cb5 4cb5 4cb5 4cb5 4cb5 4cb5 4cb5 5494 43b0 2a2a 42ad 6392 6393 6373 6352 5aee 4a6a 3a4a 438f 5494 4cb4 4cb5 4cb5 4cb5 4cb5 4cb5 4cb5 4cb4 4cb4 4cb4 4cb4 4cb4 5473 4c11 6c93 7493 5bf1 53f1 5431 5411 53cf 7cd3 c6ba d73c df3c df3c df3c df3c df3b c637 948d c5af cdcd cdcd cdcd cded cded cded cded d5cd d5ce cdce cdae accd 9c6c 8beb 62c7 6b28 8c09 9c6a 9c8b 7ba9 6b09 5aa9 734a b50f c590 c58e b4eb bd6c cded cded cdac c58c d5ed cdac c58b c58a c58a c5ab acea 7b46 3921 3123 3103 3123 3123 3123 3123 3123 3944 6aa9 72c9 8b6a 8307 8306 9388 8305 8307 72c7 6267 3103 3123 3123 2923 3102 3922 72c7 8b26 ab87 ab04 cbe8 cc4b b40b cdd5 bdb5 df1a b574 b4f2 ddf5 e5f4 e5d3 bcaf ac4e c532 c552 cd73 d593 a40d cd32 ddd4 acd0 cdf6 cdd5 72a8 92e7 a306 ab05 b3c8 8b27 8baa 7329 6b0a 6aea 83ac 9c6d a46c accc acab cdae d60f de30 de30 de50 de71 de71 de71 de70 de50 d630 cdf0 aced 9c8d 944d 6ae8 5aa8 62e8 62e8 7328 83a8 944a 940a 8be9 9c8b de72 e6f3 e6d2 e6b1 e6b1 e691 e690 e690 e690 e690 e690 e670 e670 e690 e690 e690 e691 d630 8be9 3162 2924 2925 2125 2925 2125 2925 2125 2944 2944 4206 62e9 41e5 3163 2945 2125 2925 2925 2925 2925 2925 2944 41c5 b52f d630 de2f de4f de2f de4f de4f de4f de4f de4f de4f de4f de2e de4f de4f de4f de4e de4e de2e de4e de4e de2e de2e de2e de2e de2e de2e de2e de2e d60d 
bd6c bd6c bd6c bd6c bd6c bd6c bd6d b52d 83aa 5a88 5248 5248 6b09 83aa 8c0a 9c4a b50d c56d c58d c58c c58c c58c c58d bd4e 9c6c 83ca 62e7 7b8a 9c6c 9c4b a48b b54d bd4d b52c ad0b a4eb 9cac 83eb ce57 df1b df3c df3c df3c df3c df3c df5c df5c df3c df3c df1c df1c df1c df1c d71c b639 7472 5c10 5431 5473 54b4 4cb4 4cb4 4cb4 4cb5 4cb5 4cb5 4cb5 4cb5 4cb5 4cb5 4cb4 4c73 32ac 3209 4aad 6371 6393 6373 6372 5acd 528a 3a29 434d 5493 4cb4 4cb5 4cb5 4cb5 4cb5 4cb5 4cb5 4cb4 4cb4 5494 5474 5473 53f0 8d55 c6db cefc b639 8d35 84f3 9575 b639 d6fb df1b df3c df3c df3c df3c df3c df3c d6ba 948e bd6f cdce cdcd cdcd cdcd cdcd cdcd cdcd cdcd d5ce cdce cdae accd a46c 8beb 62c6 7328 8be9 9c6a 9c8b 83a9 6ae9 5aa8 732a b4ef c590 c58f b50c c58c cdcd cdcd cdac c58c cdcc cdcc cdab c58a c5ab c58b acca 62a5 3922 3123 3103 3103 3103 3103 3123 3123 3123 51e6 72c8 9bca 8304 93a6 c52b 9bc6 8346 7307 6ac8 3143 3123 3123 3123 2902 3122 6245 9b47 dc6a cbc7 a326 9328 cdb4 deb9 bdd6 e71b e6da bd54 c512 ddf4 e5f4 dd92 b48f a42d b4af bcf0 bcd0 a40d d593 c552 acb1 e6da d679 83ce 82e9 a348 d429 dc6a 92e6 72c7 7329 6b0a 6b0a 8bcc a46e accd acac acab c58e c5ad d60f cdae c58e c5ae c58e c58e c58e c58e c58e bd4e 9c6c 8c0b 83cb 62c8 5aa7 62e8 62e8 7327 83a8 942a 9409 8be9 9c8b de92 eef3 eef3 eef2 eed2 e6b2 e6b1 e6b1 e691 e690 e690 e670 e670 e690 e690 e690 e690 de50 9c6b 3163 2924 2125 2125 2925 2125 2125 2124 2924 39a5 944d bd91 9cad 5265 2944 2944 2125 2945 2945 2925 2925 2944 49e5 b52f d60f d60e d60e d60e d60e d60e d60e d60e d60e d60e d60e d60e d60e d60e d60e d60e d60e d60d d5ed d5ed d5ed d5ed d5ed d5ed d5ed d60d d60d d60d d5ed 
a48a a48a acaa acaa acca accb accc acac 7b69 5a88 5248 5248 6b09 83aa 940b 9c4a acec bd4d c56d c56d c56c c56c c58d bd4e 9c4b 83ca 6ae7 7b8a 9c6c 9c4b 9c8b b52d bd4d b50c a4cb a4ab 946b 8c2d d6b9 df1c df3c df3c df3c df3c df3c df3c df3c df3c df3c df3c df3c df3c df3c df3c d71c c69a a5d7 84d4 53f1 5453 5494 4c94 4c94 4c94 4cb5 4cb4 4cb4 4cb5 4cb5 4cb5 4cb4 43d1 222a 3229 4a8d 6371 6393 6373 6351 5acd 4a4a 3208 3aec 5473 4cb4 4cb4 4cb4 4cb4 4c74 4c73 4c94 4c94 5473 4c12 6453 6431 7cb3 c6ba df3c df3c df3c df3c d73c df3c df3c df3c df3c df3c df3c df3c df3c df3c df3c d6fb 9cd0 ad0e c58e cdad cdac c5ac cdac cdac c5ac cdad cdcd cdce cdae accd a48d 8beb 62c6 7328 83c9 9c6a 9c6b 83a9 6b09 5aa8 732a accf b52f c58f b50c c58d cdcd cdcd cdac c58b cdcc d5ed cdcc c5ab c5ab c58b a48a 5223 3122 3103 3103 3123 3103 3103 3123 3123 3143 41a5 72e8 bcec 93a5 bc87 d58a a426 9be8 8369 7b4a 6aea 41a4 3123 3103 2902 3123 59e4 aba8 e48a e48a bbe9 ac4e eefa dedb ad55 c617 ce18 d658 bd53 c552 ddf4 e5f4 ddf3 d592 cd51 c531 bccf cd51 cd93 acb0 ce17 dedb c5f7 9cb1 b4f1 abeb dc8a dc28 ab67 7aa6 6ae9 6ae9 734b 8bed a48e b4ee ac8c acab cdce d5ef d60f cdcf cdcf cdcf cdaf c5ae c58e c56e bd4d b52d 9c4b 83ca 7b6a 62c8 5ac8 5ac8 62e7 6b27 8388 8c09 8be9 8be9 9c8b de92 eef3 eef3 eef3 eef3 eed2 e6d2 e6b1 e6b1 e6b1 e690 e670 e670 e690 e690 e690 e690 de51 aced 39a3 2924 2925 2925 2925 2125 2125 2125 2924 4a46 b54f cdf0 c5af 83ea 3163 2924 2925 2945 2925 2945 2925 2924 4a05 b52e cdee d5ed d5ed d5ee d5ee cded d5ed d5ed cded cded d5ed cded d5ed d5ee d5ed d5ed d60d d60d d60d d60e d60d d60d d5ed d5ed d60d d60d d60d d60d d60d 
9c4a 9c4a a46a a48b a4cb accc accc a48c 7349 5a88 5248 5248 732a 83cb 940b 942a 9c4b a46b a46b a48b a4ab acca accb a48b 83c9 7348 62c7 7b89 9c6c 9c4b 9c4a acec accc a4cc a48b 9c8c 8c2b 948f defa df1c df3c df3c df3c df3c df3c df3c df3c df3c df3c df3c df3c df3c df3c df3c df3c df3c df1c cefc 9576 53b0 53d1 43d0 4c12 5474 5494 4c94 4cb4 4cb5 4cb5 4cb5 4c94 334f 2a09 3a29 4aac 6391 6393 6373 5b31 52ac 4a29 3a08 3aab 5452 5494 4cb4 5494 5453 4bd0 5411 5c31 5411 53b0 84f4 be9b c6bb cefc d73c df3c df3c df3c df3c df3c df3c df3c df3c e73c e73c df3c df3c df3c df3c df3c df1b ad52 a4ad c58d c58d cdad cdad cdad cdad cdad cdad cdad d5ee cdaf aced a48c 8beb 62c7 6b27 83c9 9c49 9c6b 7b89 6b29 5a88 734a accf b50e c58f b50c c56d cdcd cdcc cdac c58b cdcc d5ed d5ec cdcb cdab c58c 9429 41a2 3122 3123 3123 3123 3103 3103 3123 5227 83ac 5a46 62a7 a46c 8b65 cd09 ddaa ac26 8b88 7b29 7b4b b4f2 6ae9 3123 3123 2902 3123 51e4 9b68 d469 dc8a b3eb de57 ef5c e71b a4d2 5a69 6aeb acf3 e6b9 bd33 c552 ddf4 e614 e614 e5f4 cd72 a42d cd93 b4d1 bd74 d659 8c31 83ef c617 e6b9 ac6e bc0a dc6a d46a 8ae6 6aa8 5a88 732b 8c0d a48e acee ac8b accb cdcf d60f de30 de50 de50 de51 de51 de30 de30 d610 cdef c5af accc 9c6c 942d 6b09 5ac8 5ac8 62c7 6b08 7b88 8be9 8c09 8be9 9c8b de92 eef3 ef13 ef13 ef13 eef3 eef2 e6d2 e6d1 e6d1 e6b1 e690 e670 e690 e690 e690 e670 de70 bd8f 4205 2944 2945 2925 2925 2925 2125 2125 2924 62c7 bdaf ce0f cdef b52e 4a05 2924 2945 2945 2925 2925 2924 2944 5266 bd4f cdce cdcd cded d5ee d60e d60e d60e d60e d60e d60e d5ee d5ee d5ed d5ee d5ee d60d d5ed d5ed d60e d60e d60d d60d d5ed d5ec d5ec d5ed d5ed d5ec d5cc 
8baa 8bca 93ea 942b 9c4c 9c6d a46d 942c 732a 5a88 5268 5248 732a 8bcb 940b 8bea 8bea 940a 9c0a 9c2a 9c2a 9c4a 9c4a 942a 7ba8 7348 62c7 7b89 9c6b 9c4b 93e9 9409 9409 93e9 8bc9 83c9 7b89 9cb0 df1a df1c df3c df3c df3c df3c df3c df3c df3c df3c df3c df3c df3c df3c df3c df3c df3c df3c df3c df3c cedb a576 a597 ae19 6c52 6412 5c12 53d1 4bd1 5474 5494 54b4 5473 3b2e 2a09 3a09 4a8c 5b51 5b52 5b32 52cf 422b 3a08 52ec 7c51 53af 4bb0 5c31 5c32 5bf0 a5d8 c6bb c6ba b638 b618 cedb df1c df3c df3c df3c df3c df3c df3c df3c df3c df3c df3c df3d df3d df3d df3c df3c df3c df3c df3c df1b ad53 942b b50c b52c bd4c bd4c bd6c bd6c c56d c56d c58d cdce cdaf accd a48d 8bec 62c7 6b27 83c9 9429 9c6b 7b89 7349 5aa8 734a acaf b4ee c58f b50c bd4c cdcd cdcc cdac c58b cdcc d5ec cdec cdcc cdcc c58c 83a8 3962 3123 3123 3123 3123 3103 3103 3124 83ac bdb3 6ae9 7b8c b510 9c08 d56a ddaa ac47 9c0c 7b6b 6aca acd1 7309 3123 3123 2903 3123 5205 7284 abc8 b3ea c531 ef1b ef5c ef5c c596 5a28 6269 bd95 ef3c e6fa b533 b4f1 d5d4 e615 d593 ac6e bd11 a490 b533 c5f7 9492 5a8b 5249 bd96 ef1b b533 936a cc6b d46a 7a64 5a26 5268 6aea 8bed a48d acee acac b4ec cdcf d62f de50 de50 de50 de50 de30 d62f d60e cdee cdcd c58d a4ab 9c8c 944d 6b08 5aa7 5ac8 62c7 6b07 8388 8be9 940a 8bc9 9c8b de92 eef4 ef13 ef13 ef13 ef13 ef13 ef12 eef2 eed1 e6b1 e690 de70 de70 e671 de70 de50 d630 c5d0 5a86 2944 2945 2925 2925 2925 2125 2925 3144 7349 c5af cdce c5ae bd4e 62a7 2943 2924 2945 2925 2925 2924 2944 5a87 b50e c58d c58c c58d c58d c58d c5ad cdcd cdcd cdcd cdcd cdad cdcd cdcd cdcd cdcd cdcd cdcd cdcc cded cded cded cdcc cdcc d5ec d5ec cdcc cdcc cdac cdac 
62a7 6aa7 6ae8 7328 7348 7b6a 7b6a 734a 62c9 5a89 5248 5247 732a 8beb 940b 8bc9 7b68 7b28 7328 7b68 83a9 8bea 8bea 8c0a 7b89 7329 62a7 7b69 9c6c 9c4b 942a acab accc accb a48b 9c6b 8c2b 9cd0 defa df1c df3c df3c df3c df3c df3c df3c df3c df3c df3c df3c df3c df3c df3c df3c df3c df3c df3c df3d df3d df1d df1c d71c c69a be59 c69a be7a 84d4 5c11 5c11 5411 53f1 3acc 31e9 3a09 4aad 5b31 5b31 5311 4aaf 4a6b 4229 8451 c67a 94f4 636e 8cd3 7410 94f4 d6db d71c df3c df3c df3c df3c df3c df3c df3c df3c df3c df3c df3c df3c df3c df3c df3c df3c df3c df1c df3c df3c d6fb df3c df3c defa 9cd0 83aa 940a 9c29 9c49 9c6a 9c6a 9c6a a46a a48a acab b50c b50d 9c4c 940c 7b8b 6ac7 7348 83a8 9409 9c4a 7b88 7349 5aa8 7b4a a4ae acce bd6f b4ec b52b cdcd cdcc c5ac c58b cdcd d5cd cdcd cdcc cdcd c58d 7b67 3942 3923 3923 3123 3123 3103 3103 3123 5247 732b 5a89 9c91 bd93 ac8a ddaa e5ca ac48 a46e 7b6d 49e7 49c5 3963 3123 3103 3103 3123 5a66 93c9 8b46 9bec e698 ef5c ef5d ef3c b534 51c7 6aaa c5d7 e6fc e73c deda ad13 a490 cd94 ac90 a46f a490 a4b1 d699 bdb6 9451 628a 6aab d658 d679 9cb1 b4f2 a3eb c42b 7a85 5a25 5248 62ca 8bcc a48d b4cd ac8b accb cdae d60f d630 d62f de2f de2f d62f d60f cdee cdce c5ad c58d a4ab 9c6c 942c 6b08 5a87 62c8 62c7 6ae7 7b88 8be9 9429 8be9 9c6b de93 eef4 ef13 ef13 f713 f713 ef12 eef2 e6d1 e6d1 e6b1 e690 de4f d62f d5ef d5ef cdcf cdcf bd6f 6ae8 3144 2925 2925 2945 2925 2925 2925 3144 7b49 acec aceb aceb accc 7348 3143 2924 2925 2925 2925 2925 2944 5246 a48c b4ec b50b b50b b50b b50c b52c bd6c bd6d bd8d bd8d bd8d c58d c58d c58d c58d c58d c58d c58c c58d c5ad c5ad c58d cdad cdac cd8c c58c c58c c58c c56c 
940b 940b 942b 944b 944b 942c 942c 83cb 6ae9 5a89 5269 5247 7329 940b 942b 83a9 6ae7 6ac7 6ac7 6ae6 7327 7b68 7b68 7b68 6ae7 6286 5a66 7b49 9c4c 9c6b 9c2a b4ec b50c b50b accb a4ab 946b 8c2d d698 defa df1b df1b df1c df3c df3c df3c df3c df1c df1c df3c df3c df3c df3c df3c df3c df3c df3c df3c df3c df3c df3c df3c df3c df3c d71c ceda c6ba b618 add8 9d77 84d4 532e 31e8 3a09 5ace 6b92 6bb3 6b93 6352 52cd 4a8a a514 defb c639 9cf3 d6ba ce79 d6db df1c df3c df3c df3c df3c df3c df3c df3c df3c df3c df3c df3c df3c df3c df3c df3c df3c df3c df3c df3c df3c df1b add6 d6da df1b c616 83ec 944b 9c4a 9c4a 9c69 9c49 9c29 9428 9408 9c09 9408 9409 9409 8389 7b49 6b08 62c7 7348 83a8 9409 942a 7b68 7329 62c9 7b6a a48e acce bd4e a4ab b50b cdcd cdcd cdac c5ac d5cd d5ed cdcd cdcd cdcd c58d 7306 3942 3923 3923 3123 3103 3103 3103 3143 3963 3984 5aaa a4f3 b552 ac8a e5aa e5ca ac68 a46e 7b6d 49c6 3984 3943 3123 3103 3103 3143 5a86 accc 83a9 bd73 ef5c ef5c ef5d e73c a4b2 59e7 834d ad14 b576 ce39 d6ba d679 ad13 83ce 83ad 942f 9450 c617 bdf7 ad55 83cf 5a28 6aab cdf7 9cd2 b575 e699 9c0e 8b08 7245 5a26 5248 62ca 83cc a48e acce a48c a48b c58e cdcf cdce cdce cdce cdce cdce cdad c5ac c58c c58c bd6c a48b 942b 8bcb 6ae8 5a86 62e8 62c7 6ae7 7b88 8bc9 9409 8be9 9c6b e692 eed3 eef3 eef2 eef2 eef2 eef2 e6d1 e6d1 e6b1 e690 e670 de50 d60f cdce cdae c58e c56d b54e 7369 3144 2925 2925 2945 2925 2925 2925 3964 7b69 9c8b a489 a469 9c8a 8bca 3983 2924 2925 2925 2925 2925 2944 5246 942a 9c4a 9c49 9c49 9c2a 9c2a 942a 9429 9c4a 9c6a a48a a48a a48a a48a a4ab a4ab a4ab a4aa a4aa a4ab accb b4ec b50c b50c b50c b50c b50c b50c b50c b50c 
cd8d cd8d cdad cdad cdad c58d c58e bd2e 7b49 5a88 5a69 5227 732a 940b 942b 9c4a a46b b4ec b4ec b4ec b4eb b50c b50c acec 940a 7b49 6ac8 7b49 9c6c 9c6b 9c2a b4ec b50c b50b aceb a4cb 9c8b 83eb 946e ad32 b594 b5b5 c617 d6da df3c df3c df3c d6ba be18 defc df3c df3c df3c df3d df3d df3c df3c df3c df3c df3c df3c df1c ceba d71c be18 b5d7 df1c df1c df3c df1c d6fc a555 3a08 39e9 52ad 6b72 6b93 6bb4 6372 52cd 4a8a 9d14 df1c d6db 9513 ce9a df1c df1c df3c df3c df3c df3c df3c df3c df3c df3c df3c df3c df3c df3c df3c df3c df3c df3c df3c df3c df3c df3c df3c df1c ad96 b5f7 c637 948e aced bd4e bd4c bd4c bd4c bd4c bd4b bd2b bd2c bd2c bd2b bd2c b50d 9c6b 942c 8beb 7308 7328 83a8 9429 942a 7b68 7329 62c9 7b8b a48e accd b52d 9c6a b50b cdce cded cdcc cdac d5ec d5ed cded cdcd d5cd bd4c 6284 3922 3123 3123 3103 3103 3103 3143 6288 8bcd 6b0a 6b2c ad54 ad32 acaa ddaa ddaa ac48 9c6e 838e 62aa 9c6f 62a8 3123 3123 3123 3143 5a86 a4ed 944c deb8 ef5c ef5c ef5c ef3c c596 51c7 8baf de9a d6ba c618 b5b7 b596 b595 7bce 5aaa 736d 9cd2 ad96 bdf7 d69a de79 72ec 6249 b554 9471 d658 ef1c cdd6 93ac 8309 5a06 5249 62ca 83cd 9c4e 9c6d 940b 8bca 9c6b accc b54d c58d c56c c56c c56c c56c c58c c58c c56c bd4c a46b 940a 8beb 6b08 62a7 62e8 62c7 6ae7 7b88 8bc9 8c09 8bc8 9c4a de72 e6b3 e6b2 e6d2 e6d1 e6d1 e6d1 e6b1 de90 e690 e670 e670 e670 de50 de30 de2f d60f cdee c5cf 942c 3984 2925 2925 2945 2925 2925 2924 41a5 942c b52c b52b b50b b50b a4ac 4a04 2924 2925 2925 2925 2925 2944 62a7 aced b50c b50c b50b b4ec b4ec accb a48a a48a a48a a4ab acab acab acab accb accb acab a48b 9c6a 9409 9409 9c2a 9c4a 9c6a a48b a48b a48b a4ab a4ab a4ab 
cdac cd8c cdac cdac cdac cd8c cd8c bd4c 7b68 5aa8 5a89 5227 7329 8c0b 9c4b a48b b4eb c56c cd8d c56c c56c c56c c56d c56d accd 940b 7b4a 7329 9c4c 9c6b 9c4a b4ec bd2c b52b b50b accb a4ac 9c8c 8c2b 8c0b 83cb 83ac 62e9 9490 ce99 defb d6da c617 8c50 ce58 df1c df3c df3d df3d df3d df3c df3c df3c df3c df3c df3c be39 a576 ce9a a535 ceba df3c df3c df3c df1c d6fc 9cf4 39e8 39e9 528d 6b72 6bb3 6bb4 6372 52ed 4249 8471 d6fb df1c ad96 add6 df1c df3c df3c df3c df3c df3c df3c df3c df3c df3c df3c df3c df3c df3c df3c df3c df3c df3c df3c df3c df3c df3c df3c df1c bdf7 840e 8c2d a4cd bd6d c58d c58c cdac cdad cdad cdad c58d c58d cd8d cdad c58d c56e a48b 9c6c 942c 7328 7307 83a8 9429 942a 7b68 7329 6b09 83ac a46e acad bd2e accb bd2c cdce d5ed cdcc cdac d5ed d5ed d5cd cdcd d5ce b50c 5203 3922 3123 3123 3103 3103 3103 3944 734a 9c6f 734b 738d bd95 acf1 ac8a d56a dd69 ac48 9c6e 83ce 734c ad11 734a 3143 3103 3103 3123 5a46 8c2c b593 e73b ef5c ef5d ef5c ef5c c5d7 6249 6aab ce18 ef5c ef7d e73c e71c ce59 94b2 b596 d69a e71c e75c ef5d ef5c de9a 72cb 6a8a cdf7 ad54 c617 ef3c e6fb 944f 6a88 5a27 5249 5aab 734c 83ac 9cd0 b553 bd93 b573 ad10 946c a4cc bd6d c58d c58d c58d c5ad c5ad c5ad bd6c 9c4a 8be9 8beb 6b08 62a7 6b08 62c7 6ae7 7b88 83c8 8c09 942a 9c6a de51 e692 e691 e691 e6b1 e690 de90 de90 de70 de70 e64f de4f de4f de4f de2f d62f d60e cded c5ae 9cad 41c5 2924 2925 2945 2925 2925 2924 4a05 a48c b52c b52b bd2b bd2c b50d 5aa6 2944 2945 2945 2145 2925 2944 62c7 b50d bd2c bd2c bd2b bd2c bd2c bd4c bd2c bd2c bd2c bd2c bd4c bd4c bd4c bd4c bd4c bd4c bd4d bd6c bd4c bd4c bd6d bd6d bd6c c58d c58d c58d c58d c58d bd8d 
c58c cd8c cd8c cdac cdac cdac cd8c bd2c 7b69 62a8 5a89 5247 7309 8c0b 9c4b a48b b50b c58c cd8c c56c c56b c56c c56d c56d acec 942b 7b6a 7329 9c4b 9c6b 9c4a b50c bd4c b52b b50b accc a4ac 9c8b 944b 942b 8bea 83eb 6b09 83cd a4b1 ad12 ad12 a4d1 9c90 b533 deda df1c df3d df3d df3c df3c df3c df3c df3c df3c d6fb 9d14 be38 b5d7 ad96 df1c df3c df3c df3c df1c d6fb 8471 31c7 39e8 528d 6b72 6bd4 6bb4 6372 52ee 4249 6bae ceba df3c ce9a 9d14 ce9a df1c df3c df3c df3c df3c df3c df3c df3c df3c df3c df3c df3c df3c df3c df3c df3c df3c df3c df1c ce99 c638 d69a d699 9cb1 6b29 a4cd bd6d c58c cd8c cd8c cdac cdad cdad cdad cd8d c58d cdad cdad c5ad bd6d a48b 9c6c 942c 7328 7327 83a8 9429 942a 7b48 7329 732a 83cc 9c6d a48d bd4e b4ec b52c cdce d5ed cdcc cdac d5cd d5ed d5ed cdcd d5ce ac8b 49a3 3923 3123 3123 3103 3103 3103 3123 3963 3983 4a06 7bae c5d6 acf1 a46a b487 c4e8 a428 9c6e 83ce 6b2b 5a67 41a4 3123 3103 3103 3123 4a06 83cc d6b9 ef5c ef5d ef5d ef5d ef5d deda 7b6d 51e8 acd3 ef1c ef7d ef5d dedb a534 ad75 9cf3 ad55 e71c ef5d ef5d ef5c d638 6a8a 72ec de59 bdd7 b596 e73c ef5d bdd6 62ca 5268 5249 528a 6b4d bdb5 e71a ef5b ef5c ef3b e73b d657 948d b50e cdef d5ef cdee cdce cdce cdce c58e a4ab 940a 8beb 6ae7 62a7 6b08 6ae7 6b07 7b88 83c8 8c09 9c4a a48b de51 de92 e691 e690 de90 de90 de6f de6f de4f de4f de2f de2e de2e de2e de0e d60e cdee cdcd c5ae aced 4a25 2944 2945 2945 2925 2925 2924 5246 a4ac b52c b52b bd2b bd2c b52d 7328 3164 2944 2945 2145 2925 2944 6ae8 b50d bd2c bd2c bd2b bd2c bd2c bd4c bd4c bd4c bd4c bd4b bd4b bd4b bd4c bd4c bd6c c56c c56c c56c c56c c58d cdcd cdcd cdad cdad cdcd cdcd cdcd cdcd cdcd 
bd8b c58c cd8c cd8c c58c cd8c c58c bd2c 7b89 62a8 5a69 5a48 7329 8beb 944b a48b b50c c58d c58c c56b c54c bd4c c56d c56d acec 942b 7b8a 7329 942b 9c6b 9c4a b4ec bd4d b50c b50b accc a4ac 9c8b 944b 8c0a 83ea 83ea 7b69 acb0 cd93 c551 cdb3 ddf4 ddd4 acb0 b553 ce57 df1b df3c df3c df3c df3c df5c df3c d71c b5f7 a595 ceba 9d34 ce99 df3c df3c df3c df3c df1c ceba 73ae 31c7 39c8 528d 6b72 6bb3 6bb3 6b92 5aee 4249 5b0c c639 df1c df1c ad96 a575 d71b df3c df3c df3c df3c df3c df3c df3c df3c df3c df3c df3c df3c df3c df3c df3c df3c df1c ce78 9cb1 a4b1 b512 b512 83ab 8c0a bd8e c5ad c5ac cdad cdac d5cd d5cd d5ce cdee cdcd cdcd d5ce cdcd cdad bd6d a48b 9c6c 942c 6b07 7327 7ba8 8c29 8c09 7347 7329 734a 8bcc 9c6d a48d bd4e accb b50b cdce d5cd cdac cd8c cdcd d5ed cdcd cdcd d5cd 9c29 4162 3923 3123 3123 3103 3103 3123 3943 41a5 5a67 62c9 83ee c617 ad12 9c4a a427 c4e9 a429 9c6e 83ce 62ca 3144 3143 3123 3103 3103 3124 39a5 9491 e73b e75c ef5d ef5d ef5c ef5d e73c acf4 51e8 7b2d de9a ef5d ef5d defb 9cf3 8410 5acb 8c50 e6fb ef5d ef5d e73c bd75 5a29 9410 e6ba c617 ad75 e73c ef3d e6fb 7bce 4a48 4a49 630c bdb6 e6fb ef3b ef5c ef5c ef5b ef3b ce37 a511 9c8d c5af cdce cdae c5ae c58e c58d c56e a48c 940b 8bcb 62e7 5aa7 6b08 6ae7 6b07 7b88 83c8 8be8 9c4a a48b d651 de92 e691 e691 e690 de70 de70 de4f de4f de2f d62e d60e d60e d60e d60e d5ee cded cdcd c5ce b54e 5aa6 2944 2945 2125 2925 2925 2944 62c7 ad0d bd4c bd4b bd4c bd4c bd4d 83a9 3184 2945 2125 2145 2925 2944 6b28 b52e bd4c bd4c bd4c bd4c bd4c bd6c bd6c bd6c bd6c bd4b bd6b c56c c56c c58c c58d c58d c58d c58d c5ad cdce cdce cdce cdce cdee d5ee d5ee d5ee cdee cdee 
a56b b56c c56c c56c c56c c56b bd4b b4ec 7b69 62a8 5a69 5a68 7329 8bca 942b a46b acab b50c b50b b4ea b4eb b4cb b4cc accc a4ac 942c 838a 7308 942b 9c6c 9c4a a48b accb a48b 9c8a 944a 942a 8c0a 8bea 83ca 7ba9 7b8a 7349 9c2d ddf4 e613 e613 ee13 ee34 e614 c572 acd0 b533 ce37 d699 d6da defb df3c df1c ce9a 9513 ce9a be38 a575 defc df3c df3c df3c df3c df1c b5f7 52ca 39e8 39e8 4a6c 6371 6bb3 6394 6b73 5aee 424a 4a6a a575 df1c df1c d6db a575 bdf8 defc df1c df3c df3c df3c df3c df3c df3c df3c d6fb c659 df1c df1c df3c df3c df3b d699 ad32 c573 ddf4 de14 ddf3 ac8c accc c5ae cdce cdcd cdcd cdcd cded d5ee d5ee d5ee cded d5ee d5ee d5ee d5ee cdae acec 9c8c 8c0b 6b07 7327 83a8 9409 93e9 7327 7329 734a 8beb 9c4c a48d bd2e accb b4eb cdce cdcd cdac c58c cdcd cded cdcd cdcc cdcd 8ba8 4142 3923 3123 3103 3103 3103 3123 62a8 ad11 bd72 7b6b 9450 ce38 b554 8beb 8388 a48b 8bca 9c90 83ef 734c 83ad 6b0a 3143 3103 3103 3124 5249 ce58 e75c e75c ef5d ef5d e73c c618 d6ba de9a 72cb 6209 a472 ef1c ef5d ef5c d699 9492 c617 e71b ef5d ef5d ef3c d679 732c 6269 c596 ef1c bdd6 bdd6 ef5d ef5d ef3c ad54 4a69 4228 8c50 ce58 bdd6 d699 deb9 d699 d678 d678 c5f6 83ee 8beb b50d b52c b52c b52c b50c b50b b4ec 942a 8389 7328 5a86 5a87 62e8 6ae8 6b07 7b88 83a8 83a8 944a a48b d651 de72 e691 e691 e691 de70 de50 de50 d62f d60f cdee cdce cdee d5ee cdce cdcd cdcd cdad c5ad bd6e 6b28 2943 2925 2125 2925 2945 2944 6b28 b54e bd6c c56c c56d bd6d bd6e 944b 39a4 2925 2925 2145 2945 2944 7349 bd6f bd6d c56d bd6c bd6c bd6c c58d c58d c58c c56c bd6c bd6c c58d c58d c58d c58d c58d c58d c5ad cdad cdcd cdcd cdcd cdcd cdcd cdcd cdcd cdcd cdcd cdcd 
9d6b 9d2a ad4b bd6c bd6c bd4b bd2b accb 7b68 62a8 5a69 5a68 7329 83ca 940a a46b 9c2a 9c4a 9c29 9409 9c29 9c2a 9c0a 940a 942b 942c 83ab 6b08 8beb 9c6b 9c4a 9429 9c4a 9c4a 9429 9409 8be9 83c9 83ca 83aa 7b69 7349 7329 838a d5b2 e613 ee13 ee13 ee33 ee34 e614 ddd3 cd52 ac90 9c4f 8c2f 9cd2 c617 ad96 9cf3 b5d6 d6da a534 c638 df1c df1c df3c df3c df3c ceba 7c30 3a28 3a08 39c8 424b 6351 6372 6353 5b31 52ad 424a 4229 8431 d6fb df1c df1c cebb a555 b5b7 d6db df1c df1c d6fb d6fb df1c df1c df1b be18 ad75 defb defc dedb d6b9 c616 acf1 bd52 e614 e614 ee14 ddf2 a44b bd4e cdae cdce cdcd cded d60d d60e d60e d5ee d5ee d5ed d5ee d5ee d5ee d5ee cdce acec a48d 8c0b 6ae7 7327 83a8 9429 940a 7b48 7349 736a 8bcb 9c4c a48c bd2e b4ec b50b cdcd cdcd c5ac c58c c5ad cdcd cdcd cdcc c58c 8367 3942 3923 3123 3103 3103 3123 3123 6ae9 b531 b552 732a 9cb2 ce59 c618 b553 b532 b553 ad32 b594 7bce 6b0b a4d1 6b09 3143 3103 3103 3965 8c10 e6fb e75c e73c ef5d ef5c ce79 ad55 defb e71c 93f0 6209 6a6a c5b6 ef3c ef5d e75c defb e73c ef7d ef7d ef5c bdb6 838e 5a29 8b8e d638 e6db 9471 ad75 e73c ef5d ef5d ce39 5acb 41e7 5aca 9cb1 a4f2 9c91 9c91 a470 9c70 9c70 9c91 7b6c 942c cdaf cdee d5ef d5ef d5ef cdef cdaf b4ed 9c6c 8bec 62c7 5a66 62e8 6ae8 6b28 7b88 83a8 83a7 9429 a48b de51 de92 e691 e691 e691 e690 de50 d62f ce0e c5ad b52c aceb c58e cdce c5ae bd4c bd4c c58d c58d bd4e 7348 3163 2925 2145 2925 2925 3144 7b8a b52e b52c b4eb b4ec b50c aced 8c2b 39c4 2924 2925 2125 2125 2944 6b29 ad0e b50d b50c b50c ad0b b52c b54c bd4c bd4c bd4c bd4c bd2c bd6d bd6d c56d bd6d c56d c58d c58d c5ad c58d c58d c58d c58d c58d c58d c58d c58d c58d c58d 
95ab 8529 84a8 9d0a b56c bd8c c58d bd4d 7b68 62a8 5a89 5a68 732a 83ca 940a 9c4b acac bd2d b50c b50c b50d bd0d bd0d b50d accd 944b 83cb 6ae8 83aa 9c4b 9c4a a48b bd0d b50d accb a48b 9c6b 944b 942b 8c0b 83ca 7baa 7b8a 8349 cd71 e633 ee13 ee13 ee34 ee33 ee33 ee34 ee14 e5f3 d5b3 acd0 5a88 5aca 52aa 6b6d b5b6 9d14 9d13 d6ba df1c df1c df3c df3c df1c a555 52aa 4228 39e7 39c8 4a6c 6371 6bb3 6b93 6b72 5b0f 4a6b 4229 5b0c c639 d6db c67a ce9a ce7a a536 a535 ad97 9d14 8430 8c71 a534 b5b5 ad74 8c50 8c2f b595 b554 ad12 acf1 acd0 c551 e614 ee13 ee13 ee13 d5b2 a42b c58f cdae cdad cdad cdcd cded cded cded cdcd cdcd cdcd d5ee d5ee d5ee d5ee cdae acec a48d 8beb 62c7 7307 83a8 9449 942a 7b48 7b6a 7b8b 8c0c 942c a48d bd4f b50d b52c cdcd cdcd c56c 9c6a 942a b50c c5ad c5ac c58c 8367 3942 3123 3103 3103 3103 3123 3123 3964 49e5 5a67 62ca a4f3 d659 ce59 ce58 ce37 ce37 ce16 bdb5 738d 5248 4a06 3964 3123 3103 3103 5249 c5f7 ef5c ef5c e75c ef5c e73c ad55 c638 e75c e75c c5b7 7b0c 59e8 83ae dedb ef5d ef5d ef5c ef5c ef5d ef5d d69a 838e 5a29 838e de59 e6ba b555 5aca 7bef deda ef5d ef3d d69a 632d 4228 41e7 7b6d 734c 9450 acd2 c574 b513 940f 940f 730a 83ca b52e cdee d60e d5ef d5ef d60f cdcf b50d a4ad 9c4d 6ae8 5a66 6ae8 6ae8 6b28 7b68 8388 83a8 9429 a48b de52 e692 e691 e691 e691 de71 d62f cdce c58d bd4c b50c accb acec b50c b50c accb acaa b4eb aceb a4cb 7348 3163 2925 2145 2945 2925 3164 83aa b50d acec acab a48b 9c6a 9c4a 83ca 41e5 2944 2925 2125 2125 2944 5aa7 8bea 8bea 8be9 8be9 8c09 9449 9c6a 9c6a 9c6a 9c6a 942a 8bc9 9c6b accb accb accb accb aceb accb accb accb accb accb accb aceb aceb aceb aceb b50c b50c 
95aa 8d8a 8d4a 954a 9d6b a56b ad6c ad2c 7368 5aa8 5aa9 5268 6b29 83ca 8c0a 9c4b a48b acac a48a acaa accb b4cc b4cc accc a48b 8bea 7b89 62c7 7b69 942b 9c4a acab bd2d b50d accb a4ab 9c8b 9c6b 942b 8c0a 83ea 83aa 7b8a 7b29 b4ef e634 ee13 ee13 ee33 ee33 ee33 ee33 ee13 e613 e634 c551 5a87 4a48 4a48 4a69 5289 4a89 8430 bdd6 d69a d6db d6fb d6fc c67a 6b8e 4a69 4228 39e7 39c8 4a6c 6b92 6bb3 6bb4 6b93 6350 4a8b 422a 4229 7bf0 ad77 73b0 7bf1 94d5 a517 9495 5aed 4249 4229 4a48 5aa9 6b4a 83cc 6b08 8bed cdd4 cdb4 d5d3 ddf3 e614 ee14 ee13 ee13 ee13 ee13 cd50 93ca bd2d bd2c bd4c bd4c bd6c bd6b bd4b bd4b bd4b c56c c56c c58d cd8d cdad cdad c58d a4ac 9c6c 83cb 62c7 6b07 83a8 9449 942a 7327 7349 7bab 944d 9c4c a48d bd4f b50d b50b cdce cdee b52c 83a9 944c 8bca bd6d c5ac c58d 8ba8 3962 3123 3103 3103 3103 3123 3123 3123 3944 3984 62a9 9c71 c5d7 c5b6 a4d1 9c4f 8bcd 838b 7329 62a8 6aea 3143 3123 3103 3103 3123 7b6d deda ef5d ef5c ef5c e73c ce58 8c71 d6da e75c ef5d ef3c c5b6 5a49 730c de9a ef3c ef5c ef5c ef3c ef5c ef3c 9c71 5228 730c d638 e6fb bdb6 8c51 6b6d 632c c617 ef5d ef3d dedb 6b4d 4208 5269 730b 730b 8bce 836c 9bee 836c 7b4c 7b6c 93ee 6ae8 8388 cdcf d60f d60f d60f d60f d5ef b52e a4ad 9c4d 6ae8 5a86 62c7 6ae8 6b08 7b68 7b88 83a8 942a a4ab de52 e692 e691 e691 e691 e671 de50 d60f cdcf c56d bd2d b50c b50c b52c bd2d bd2d bd2c bd2c b54c b52d 8bea 39a4 2945 2925 2925 2924 3184 942c bd6f bd6d c56e bd6e bd6d b52e aced 6b28 3164 2945 2145 2945 2944 6b09 9c8d 9c6c a48b a4ab accc acec b4ec b50c b50d b4ed a48c 83a8 942a a4ab a4cb a4cb a48a 9c6a 9c6a 9c6a 9c4a 9c49 9429 9429 9c49 9c49 9c49 9429 8be8 8be8 
9deb 95cb 95ab 95cb 95cb 9dac 954b 846a 6b88 5b08 52a8 5247 6b09 83aa 8c0a 9c2a 93c9 9409 9c29 9c29 9c49 9c29 9c2a 9c4a 942a 83a9 7b49 62a6 7b48 940b 9c4b acab bd2d b50c accb a4ab 9c8b 944b 8c0a 8c0a 83ea 7baa 7bab 7329 9c4d e614 ee33 ee33 ee33 ee33 ee33 ee13 ee13 ee13 e614 cd92 62a8 4a47 4a48 4a48 4227 3a07 4207 4247 52a9 634c 73ef 7c31 6b8f 5aed 4a8b 4229 39e8 39c8 4a6c 6b91 6b93 6b73 6b73 6330 4a4b 4209 4209 4a6c 6330 6b72 6b93 6b72 6b72 6b72 5b0f 424a 4229 4a48 5a88 6b29 8c0b 83a9 acae e614 e634 e634 e633 ee33 ee13 ee13 ee13 ee13 e613 b48d 8327 93e8 9408 9c28 9c28 9c27 9c48 a469 a489 a4a9 acaa acaa acca b4eb b4eb b50b accb 9409 83ca 7369 5a66 6ae7 83a8 8c29 8be9 7307 7349 7b8a 9c6d a4ad acad c56f accc accb cdce cdce a48b 62a6 838b 7309 b50d c58d c58d 9409 4182 3122 3123 3103 3103 3123 3123 3943 5226 7b4a 5206 5206 72e9 6a87 72c7 7ae7 6a44 82c6 8306 6aa6 7b2a 5a26 3943 3103 3103 3124 9450 e71c ef7d ef5d ef5c defb 9cf3 8c51 ad75 df1b ef5d ef5d ce59 6aeb 51e8 acb3 deba d69a bdd6 de9a e6db bd55 6249 5a29 a4b2 d679 b596 b5b6 dedb be17 6b8d b5b6 ef5d ef3d e6db 6b2c 4a07 4a07 9c70 bd54 acb1 bcf2 ac70 b4b1 bd33 cd94 d5d5 9c2d 8bc9 cdaf cdce cdee d60f d60f d5ef b52e a4ce 9c6e 6ae8 5a87 62c7 6ae8 7328 7b88 83a8 83a8 9429 accb de71 de71 e670 de70 e670 de70 de50 d62f d5ee cdce cdce cdce cdce cdad cdae c58d c5ad c5ad c58d bd8e 9c8c 41c4 2924 2925 2925 2924 39a4 9c8d bd8e c58d c58d c5ad c58d c56d bd6e 8c2b 39a4 2924 2125 2945 3144 7b6a bd6f bd4e bd4d bd6d bd6d c56d c56d c56d c56d bd6d b50c 9449 acec b50c b52c b52c b50c b50b b50b aceb b50b aceb acca acea b50b b50b b50b b50c b4eb aceb 
a60c a60c 9deb 8dca 95cb 95ec 9e0d 9dad 8d0c 7c6b 5b68 52c7 6b28 7bc9 8c0a 940a 8ba8 93e9 9c09 9c29 9c2a 9c2a 9c2a 9c4a 942b 83a9 7b69 62a7 7308 8beb 944b a4ab bd4e b50d accc a4ac 9c8c 944b 8c0b 83eb 83cb 7bab 7b8b 734a 83ab ddf3 ee33 ee13 ee13 ee33 ee33 ee13 ee13 ee13 e614 cdb2 6ae9 4a27 4a28 4a28 3a07 3a06 4226 39e5 31a5 29a6 426a 5b2e 634f 634f 4a8c 4229 39e8 31c8 426c 6351 6372 6373 6352 62ef 4a4b 4209 422a 5ace 7393 73b4 6b94 6b75 6b94 73b4 5b30 424a 4228 4a48 5a88 6b28 8c0a 83a9 b4ce e614 ee34 ee33 ee33 ee33 ee13 ee33 ee33 ee13 ddd2 9c0b 9c2a a48a acaa acaa acaa a489 a489 a48a acaa acca acca acca accb acca acca acca a48a 8be9 7b89 6b28 5245 62c7 83a8 8c29 8be9 6b07 7349 7b6a 9c6d acce accd c56f accc acaa cdce b52c 62c5 5204 49c4 5206 93eb c56e c58e 9c6b 41c3 3122 3122 3103 3923 3943 4142 3922 51e5 6a86 6244 7ac5 82e6 6a23 82e5 8ae5 7242 8b05 8b04 6a63 59e4 72a6 4983 3102 3103 3144 9cb2 ef3c ef5d ef5d ef5d bdf8 b596 d69a a514 ad75 debb e71c e6fb c5b7 6aab 5a29 7b2c 9430 b534 9430 acb2 72cb 5a08 838e a4f3 b5b6 d69a e71c ef5d e71c 8c71 ad75 ef3c ef3d deba 62eb 41e6 6288 b512 d5f6 ddf6 ddb5 d574 cd74 d5b5 de16 ddf5 acaf a46b c56e c58d c58d c58d c58d c58d b50d a4ad 9c6e 6ae9 5a87 5ac7 6ae8 7348 83a8 83c8 83c8 9409 accb de51 de50 de4f de4f de4f de4f de2f d60f cdee cdcd cdcd cdcd cdad cdad cdad cdad cdad cdad c5ad c5ae a4cc 41e4 2944 2125 2925 2944 41e5 a4cd bd8e c58c c58c c58c c58c bd6c bd6d a4ac 4a04 2924 2125 2945 3144 7b69 bd4e bd4c bd2b bd4b bd4b bd4b bd4c bd2c bd2c bd2c accb 9429 a4cb aceb b4eb b4eb b4eb b50b b4ea b4ea b50a b50a b4ea acea b50a b50a b50a b50b b50b b50b 
9dcc 9deb 95aa 8daa 95cb 95ec 960c 9e0d a62e 9dce 8d4c 7c8b 742a 7c09 8409 8be9 7b67 7b67 8367 8ba8 8bc8 8ba8 8ba8 8ba8 8368 7307 6ac8 5a66 7308 8beb 942b 9c8b b52e ad0d a4cc 9c8c 9c6c 942c 8c0b 83eb 7bcb 7bab 738b 736a 7b4a cd92 ee33 ee33 ee33 ee33 ee33 ee13 ee13 ee33 ee34 d5d3 732a 4a27 4a27 4228 39e6 39c5 4226 39e5 3185 2965 424a 634f 6371 6370 52cd 4229 39e8 31c8 424b 6350 6372 6373 6352 62ef 4a6b 420a 420a 52ae 7393 73b5 6bb5 6b96 6b95 7394 5b10 424a 4228 4a48 5a88 6b08 8bea 8bc9 b4ce e614 ee13 ee33 ee33 ee33 ee13 ee33 ee33 ee13 d570 9bea b50c bd4c bd4c bd4c bd4c bd4c bd4c bd4c c56c c58c c58d c58d c58d c58d c58d c58d b52c 9c6b 8c0b 7ba9 5a86 62c7 83a9 8c29 8be9 6b07 7349 7b6a 9c4d acce accd c56f b4ec acab c5ae 8c09 5a64 8beb 6286 49c5 6aa8 accd bd4e a48c 49e4 3122 3123 3102 49a4 6aa6 6a84 6a43 6a84 7ac5 82e5 8ae4 8ae5 7222 8ac4 8ae4 7242 82c4 82c3 7aa4 59e2 7ae5 49a3 3102 3103 3164 9cd2 ef5c ef5d ef5d e73c ad76 d6bb e73d dedb bdd7 ad55 b596 c5f8 ce18 8bcf 51e7 49a6 6a69 8b8e 6a69 6a28 7269 838d a513 ce58 df1c e75d ef5d ef5d ef5d bdf7 ad75 ef3c ef3c d678 62ea 49e6 5a67 8bcd bcf2 c4f2 9bad a3ce 9b8d 936d c533 b4f0 93cb aced c56e c56d c58d c56d c58c bd6d aced 9c8d 944e 62e9 5287 5aa7 6ae8 7348 83a8 83a8 83c8 9409 accb de51 de50 de2f de2f de2f de2f d62f d60e cdee cdcd cdad cdad cdad cd8d cd8d cd8d cdad cdad cdcd cdce b50d 4a45 2944 2125 2925 2944 41e5 a4ed bd6d bd6c bd6c c58c c56b bd4c bd6c acec 5265 2924 2925 2945 3144 7349 b52d bd2c bd2b b52b b52b b52b b50b b4ea b4eb b4eb a4ab 9409 a4ab accb b4eb acea acea b4ea acca acca acea acea acea acea acea acea b4ea b4ea b4ea acea 
8d4a 956a 8d69 8589 95cb 95eb 95eb 9e2c 9e2c 9e2d a62d ae4f a5ee 956c 94eb 844a 8c4a ad0d acec acec b4ec acec accc accc 9c4b 7b28 62c7 5a66 7308 8bcb 8bea 944b ad0e acee a4ad 9c6c 944c 8c2c 8c0c 83eb 7bab 738b 738b 736b 6b09 b4d0 e614 ee33 ee33 ee33 ee33 ee13 ee13 ee33 ee33 ddd3 836b 4a27 4a28 4a28 4207 31a5 39e5 39c5 3185 2965 422a 5b2f 6371 6370 52cd 422a 3a08 31c8 424c 6370 6372 6373 6352 6310 4a6c 422a 420a 52ae 7393 73b5 73b6 73b6 73b6 73b5 6310 424b 4228 4a48 5a88 6b28 8bea 8bc9 bcee e613 ee13 ee13 ee33 ee33 ee13 ee13 ee13 e613 bcce 9c0a bd2c bd4b bd4b bd4b c56c bd4c bd4c bd6c c58c c58c c5ad c5ad c5ad c5ad c5ad c5ad bd6d a4ab 944b 83ca 5a86 62c7 83a8 8c09 83c9 6b07 736a 7b8a 9c4d acce aced b50d b4ec acab bd4e 7b68 7328 acce 944c 5206 51c5 6a87 83aa 83aa 4204 3123 3123 3102 51e4 8326 7aa3 7262 7262 7242 7242 7222 7202 69c1 8ac4 8ac4 6a22 6a22 7263 82e5 6a01 7263 4961 3902 3103 3144 a4d2 ef5c ef5c ef5d e71c b5b6 e71c ef5d ef5d e73c defb d69a ce79 c618 ad55 b534 836d 6a69 7aeb 72aa 72aa bd54 e6da e75c e75c ef5d ef5d ef5d ef5d ef5d d6ba ad35 e71c ef3c c5d6 5aa9 5247 5225 72e9 72c9 6a89 7268 82cb 830c 6207 6aa8 83aa 9c6c bd2e c54d c56d c58e c58d c56d bd4d aced 9c6c 8c0c 62c8 5267 5aa7 6b08 7348 83a8 83a7 83a8 8be9 a4ab d630 d62f d62f d60f d60e d60e d60e d60e cdee cdcd cdad cdad cd8d c58c cd8c cd8c cdad cdad cdad cdce b52d 5265 2944 2925 2925 2924 41e4 9cac b52c bd4b bd4b b52b b52b b52a b52b a4cb 5a86 2923 2925 2925 3144 6b08 acec b50b b4ea b50a acea acea acea acaa acca accb a48a 83a8 9c8b aceb b4eb acca acca acca acca acca acca acca acca acca acca acca acca acea acea acca 
7cc8 8d49 958a 95cb 9deb 8daa 8daa 9e0c a64c a62c a64d ae8e a62d a62e beb0 b630 adce b5cf bdae b56d b56d b54e b54e b54e ad0e 9c4c 8bca 7328 7328 83aa 83a9 8bea 9c6c 9c6c 8c2b 8c0b 83cb 7bab 7bab 7bab 736b 6b4a 6b4b 6b2a 62c8 8bcc de13 ee13 ee33 ee33 ee33 ee33 ee13 ee13 e613 ddd3 838b 4a06 4207 4207 39e7 3185 39c5 31c5 2985 2965 3a09 52cd 5b2f 6350 52cd 424a 4209 39e8 4a6c 6b91 6bb2 6bb3 6b72 6330 4a6c 422a 420a 52ae 7393 73d5 73d6 73d6 7bf6 7bf6 6b72 4a6b 4a49 4a48 5a88 6b28 8bca 8ba9 bd0f ee33 ee13 ee33 ee33 ee33 ee13 ee14 ee14 e5d3 ac2c acac bd4d bd6c bd6b c56c c58c c56c bd6c bd6c c58c c58c c5ad c5ad c5ad c5ad c5ad c5ad bd8d a4ac 944b 83ca 5a86 62a7 83a8 8c09 83c9 6ae7 736a 7b8a 9c4d acce accd accc accc acaa bd4d 7b88 83a9 aced bd4f 6287 49c5 51e7 8bee a4d1 736c 3144 3123 3102 51c3 8305 8b04 8ae4 8ae4 82e4 8b04 8b04 8ae4 7a42 8ae4 82c4 6a42 61e2 6a22 82e5 7243 82e5 51a3 3902 3123 3144 9c91 e73b ef5c ef7d defb bdf7 e73d ef5d ef5d ef5d ef5d ef5d ef5d ef5d ef5d ef3c e6da d618 e6bb de79 d659 ef1c ef5d ef5d ef5d ef5d ef5d ef5d ef5d ef5d dedb ad55 e71c ef3c 9cd2 4a06 4a06 4a05 5205 5a66 5a26 5a47 51c6 49c6 41a5 62a7 a4cd accc accc acec aceb b4ec b4eb aceb acab 9c4b 83aa 7b6a 5a88 5267 62c7 6b28 7368 83c8 83a8 83a7 9409 9c49 cdef d60f d5ee d5ee d5ee d5ee d5ee cdee cdcd cdad cdad cd8d cd8d c58c cd8c cd8d cd8d cdad c58d c5ad b52d 5a85 2944 2925 2925 2924 39a4 944b acec b50b b50b b50b b50a b50a b50b accc 6ae7 2943 2925 2125 2944 6ae8 accc b4eb b4eb b4ea b50a b4ea b4eb acca acca accb a46b 7b47 9c6b acec aceb accb accb accb accb accb acca acca acaa acaa acaa acaa acca acca acca acca 
7487 8509 9dcb a62c a62c 95aa 95aa 9e0b a64c ae6c ae8d b68e a64d a64d beaf c6d1 beb0 be90 be4f adcd 9d4c 94eb 94cb 9cec a4cc 9c8c 8c0b 7329 7328 838a 7b89 7b89 8c0b 8bea 83ca 7baa 7b8a 7349 734a 6b4a 6309 62e9 62e9 62e9 62c8 7309 d5b2 e613 ee13 ee33 ee33 ee33 ee13 ee13 e613 ddf4 8b8b 41c5 39c6 39a6 31a6 3185 39c5 39c5 3185 2965 31e8 4aac 52ce 52ce 4a8c 4229 3a08 39c8 422b 5b0f 5b51 6351 6331 5aef 4a4c 420a 420a 4a4c 6332 6b73 6b95 73b5 73d6 73b5 6b52 4a6c 4229 4a48 5288 7329 83ca 8ba9 c50f ee33 ee33 ee33 ee33 ee33 ee34 ee34 ee33 d591 a42b bd2e c58d c58c c58c c58c c58c c56c c58c c58c c58c c5ad cdcd cdcd cdce cdee cdee cdee c5ce acec 9c8c 8beb 5aa7 62e7 83a8 8c09 83a9 6ae7 734a 7baa 9c4d acce a4cd b52e b4ed a48a c58f 8bca 83ca 9c6d 9c8d 83ac 6aca 49e8 732c ad34 94b1 41e6 3123 3922 51a3 82e5 8b25 8b04 82a2 8282 8ae2 9323 9324 7a41 8ae4 82c3 7243 61e2 6a02 8ae5 7243 82e5 51a3 3922 3123 3123 83ee e6fb ef5c ef7d e71c b596 defc ef5d ef5d ef5d ef5d ef5d ef7d ef5d ef5d ef5d ef5d ef5d ef5d ef5d ef5d ef5d ef5d ef5d ef5d ef5d ef5d ef5d ef5d ef5d c639 b596 ef3c e6fb 738d 4a07 41c5 4a05 83ab 838b 7b6b a4b0 946e 9c8f 944f 6b08 aced c56f c56e c58e bd6d bd4d bd4d bd4d bd2d a4cc 944b 8c2c 62c8 5267 62c7 6b28 7367 83a8 83c8 83a7 8c09 9429 cdce cdee cdee cdce c58d c58d c5ad c5ad c58d c58d c56d c56d c54c c56c c56d c56d c56d c56d c56d c56d b52d 5aa6 2923 2945 2925 2924 3164 8beb acec aceb b4eb b4eb b4eb b4eb b4eb acac 7308 2944 2945 2125 2943 6ae8 a4ac accb b4eb b4eb aceb aceb b4eb aceb accb accb 9c4a 7306 942a acec aceb accb acab acab accb acca acaa acaa acaa acaa acca acaa acaa acaa acaa acca 
7488 8d09 9dcb a5eb 9deb 9dcb 95eb a62c a62c a62c ae4d ae6d ae4c ae4d b68e bed0 b6af becf bef0 beb0 b66f ae0e a58d a54d a52d 9cac 840b 7349 6b08 7b8a 7b89 7b89 9c6c 946c 8c2b 8c0b 8beb 83cb 83ab 7b8b 736a 734a 6b4a 6b4a 734a 6ae8 bcf0 e614 ee14 ee33 ee33 ee13 ee13 ee33 ee13 ddf3 93cc 4a06 41e6 39e7 39e6 31a5 39c5 39e5 3185 2965 3a09 52ee 5b0f 52ee 52cc 424a 3a08 31c8 422a 5b0f 5b50 5b51 5b10 5aef 528c 422a 420a 422c 5b11 6353 6353 6b74 6b74 6b74 6311 4a4c 4229 4a48 5288 7349 83ca 8ba9 c50f ee33 ee33 ee33 ee33 ee33 ee34 ee34 e633 c50f a44b c56e c56d c56c c56c c56c c56c bd6c c56c c58c c5ad cdad cdcd cdce cdce cdee cdee cdee cdce ad0d 9c8c 8c0b 62c7 62e7 83a9 8c09 7b89 6ae8 7b8b 83cb 9c4d a4ae a48c bd4e b50d a48a cdaf a48c 83aa 7b8a 736a 9cb1 a4d2 83ef 9471 ad54 a4f3 5a89 3123 3943 51c3 72a5 7ae5 82e5 8b05 8b04 8b04 9324 9304 7221 8ae4 82a3 7262 6a02 7a63 8ae5 7242 7aa5 51a3 4142 4183 3963 6b09 c616 ef5c ef5d e73c b5b6 ce59 e73d ef5d ef5d ef5d ef5d ef5d ef5d ef5c ef5c ef5d ef5d ef5d ef5d ef5d ef5d ef5d ef5d ef5d ef5d ef5d ef5d ef5d dedc a535 ce59 e73c ce58 5aca 4a07 41c6 7b8b 8bec 6b08 7b8b ce15 deb6 de76 942e 7b6a 942a acec bd6e c5ae c58d c56d bd4c c56d bd6d b50d a4cc 946d 6ae8 5266 62c7 7347 7367 83a7 83c7 83a7 9409 9428 c5ae cdee cdce bd2c a469 acaa b4eb bd2c bd4c bd2b b50b acca acaa acaa acaa acab acab acab accb acec a4ab 5a86 2943 2945 2925 2924 3144 7b49 9c6b a48a a48a a48a a48a a48a a48a 9c6a 7328 3144 2925 2925 2924 5a87 942b 9c4a 9c4a 9c4a 9c6a 9c6a 9c4a 9c6a 9c6a 9c4a 93e9 6ac6 8388 9c4a 9c4a 9c29 9c29 9429 9c29 9429 9c29 9409 9408 9408 9429 9429 9c29 9429 9429 9429 
7cc9 8d2a 9d8b 956a 8d29 8d49 8d8a 95cb 95ab 9dcb a60c a62d 9deb 9deb ae4d b68e b6ae b68e b68e b68e b68e b6af b68f a60d 954c 8ccb 844a 6b68 6307 738a 7b69 8389 9c6c 946b 8c4b 8c0b 8bec 83eb 83cb 7bab 7b8a 736a 736a 736a 736a 6b08 9c2c e5f3 ee14 ee13 ee13 ee13 ee33 ee33 ee33 e5f4 9c0d 5226 4a27 4207 3a07 31a5 39c5 39e5 31a5 2985 3a09 5b0e 6350 6370 634e 4a8a 3a08 31a7 4a6b 73d2 7413 7c14 73f3 73d2 5aee 4a4b 422a 4a6d 73b3 7bf5 7c16 7c16 7bf6 7bf6 6b93 4a6d 4a49 4a48 5287 7349 83ca 8ba9 c52f e633 ee33 ee33 ee33 ee33 ee33 ee33 e633 ac6c ac8c c54d bd4c bd4c bd4c bd4c bd4c bd4c bd4c c56c c58d c58d c5ad c5ad c5ad c5ad cdad cdcd c5ae acec 9c8c 8c0c 62c7 62c7 7ba9 83e9 8389 6b08 7bac 83ec 9c4d a4ae a4ad b54e acec a48a c5ae c58e 9c2a 7308 4a05 9470 b574 b595 b575 8c71 630c 39c7 3985 62a8 6ac8 49e4 41a3 49c3 5204 5a44 6284 72c5 7ac5 6a02 8b04 82c3 7a63 7243 82a4 9304 7263 6224 5a05 72c8 7b09 72c7 942c 9c8e ded9 ef5c d6da 9cf3 8430 d69a e73c ef5d ef5d ef5d ef5d ef5d ef5d ef5d ef5d ef5d ef5d ef5d ef5d ef5d ef5d ef5d ef5d ef5d ef5d e73c ce59 8410 9492 ce38 defb ad34 5289 4207 41c6 736a 62e8 7349 7b8a 940c cdd3 b4f0 72ea b531 c5d2 9c6b c58e c5ce c5ad cdae c5ad c5ad c58e bd4d acec 9c6c 6ae8 5266 6b07 7368 7b87 7ba6 8be7 83c8 8c08 9428 c58d cdce cdce c58d bd2c bd2b bd2b bd4b bd4c c58c c58d c56c bd6c bd4c b50c b50c bd2c bd2d bd2d bd4d b50d 6b27 2923 2944 2925 2945 3164 838a aced ad0c b50c b50c b50c b50b b50b b4ed 83aa 3164 2925 2925 2944 62c7 a48c acab acab a4ab a4ab a4ab a4ab a4ab a4ab a4ab a48b 9409 9c2a a48b 9c6a a48a a48a a48a a48a a48a a48a a46a 9c49 9c49 9c6a a46a a46a a46a 9c6a 9c6a 
7468 7ca9 8d0a 7ca8 7cc8 8509 8509 852a 8529 8549 958b 95ab 8d4a 8d4a 958a a60d a62d 9deb 9dec a64d ae4d ae6d b68e ae6e a62d 9dcd 956d 7c4a 6388 6b89 7389 7ba9 9c8c 9c6c 8c2b 8c0b 83eb 83cb 7bab 7b8a 7b8a 736a 736a 736a 734a 6b09 7b49 d5b2 ee14 ee13 ee13 ee13 ee13 ee33 ee33 e613 9c2d 5226 4a47 4227 4207 39c6 39e5 39e6 31c5 2985 3a09 5b0e 6370 634f 5b0d 4269 3a08 31a7 4a6c 7bf2 7c54 7c55 7c55 7c13 5aee 4a4a 422a 4a6c 73d3 7c16 7c36 8457 8436 8437 73d4 4a8d 4a6a 4a68 52a7 7349 83ca 83a9 c52f ee13 ee33 ee33 ee33 ee33 ee34 ee33 d5b1 93a9 ac6b acab acaa a4a9 a489 a489 a489 acaa acaa b4ea b50b b50b bd2c bd4c bd4c bd4c bd4c bd6d bd4d a48b 944b 83eb 5aa7 62a7 7b89 83e9 83a9 7308 83ab 8bec 9c6d acce a48d b52e acec 9c6a cdce cdce c54e acac 6b07 5247 9471 b595 a514 4a69 31a6 2945 41a6 6288 5a46 3984 31a5 31a5 29a5 31a5 31a4 39c4 41a4 51c2 8b04 8ac3 7a82 7a63 82a3 9325 7283 4141 5a06 72e9 72c7 6a85 9c2b 9c8c 9caf bdd5 a554 bdd7 9cf2 738d b596 defb ef5d ef5d ef5d ef5c ef5c ef7d ef5d ef7d ef7d ef7d ef7d ef7d ef7d ef5d ef5c ef5c d69a a4f3 5aeb 632c bdb7 b575 a4f3 6b2c 5aaa 4a28 4207 4a46 ad10 946e 7349 834a 6aa7 6ac8 8b6c bd32 e6b6 a4ad accc c5ae c5ad c58d c58d bd6c bd4d b52d a4ac 944c 6ac7 5266 6b07 7b88 7ba7 83c7 8c08 8be8 9409 9429 c58e cdce cdee cdce c5ad c58c c56c bd6b c56c c58c c5ad c5ad c5ad c5ad cdad cdad c5ad c58d c56d c58d bd6e 7b89 2922 2944 2945 2945 3164 8bcb bd6f bd8d bd6c bd6c bd6c bd6c bd6c bd4d 942b 3984 2925 2925 2944 6ae8 b50d bd4c bd4c b52c b52c b52c b52c b52b b52c b52c b52c b52c b54c b52c ad0b b52b b54b b52b b54c b54c bd6c bd4c bd4c bd4c bd4c bd4c bd4c bd4c bd4c bd4c 
6c08 6c28 7469 6c28 7cc9 850a 850a 850a 7ce9 7ce9 7d09 8d4a 852a 8529 8529 8d6a 9dcc 9dcb 9dcb a60c a60c a62c a62d a64d 9dec 95cc 9dcd 958d 84ec 7c4a 73e9 73c8 8c6b 946b 8c2a 8c0b 83eb 83ca 7baa 7b8a 7b8a 738a 736a 736a 736a 734a 6ae8 bd11 e634 ee13 ee13 ee33 ee13 ee13 ee33 e613 a46e 5247 4a48 4228 4207 39e6 39e6 39e6 39c6 2985 39e8 5b0d 636f 6370 5b0d 4269 3a28 39c8 52ac 7c13 8455 7c55 8455 8434 5aed 4a4a 4229 4a6c 73d3 8436 8457 8437 8436 8437 73d4 4a8d 4a6a 5288 52a7 7369 83a9 83a9 c550 ee13 ee33 ee33 ee33 ee13 ee33 ee13 bcce 8b88 a46a a48a a489 9c68 9c48 9c48 9c49 9c69 a469 a489 a4a9 a4aa a4aa acca acca b4eb b4eb aceb a4ab 8c09 83a9 736a 5a87 5aa7 7b89 8bea 8389 7309 838c 8bcc 9c6e acce a48d b52e accc 9c6a cdce cdee c58d bd6d bd2d 7b89 8c2d a533 a513 5289 31a6 3186 3985 836c 9bed 7309 41e6 31c6 29c6 21a6 21c6 29a6 29a5 49c4 8b05 92e3 8ae3 8283 8283 9325 7aa4 4161 4164 6267 8349 7307 accb bd6d 8c2b 83ed ce57 ce37 9c91 62c9 5a89 83ee bdd6 deda e73c e75c e75c e75c ef7d e75d ef5d ef7d ef7c ef5d ef5d e71b ce57 a512 6b4b 4a47 41e6 738d c5f6 ce58 b594 630a 62ea 4a48 4207 5268 c5f4 c5d3 6aa7 7288 6226 6a87 6a68 b4f1 e6b6 a4ce a48c bd8e c5ad c58d c58d bd4c bd2c acec 9c8c 942b 6ae8 5a67 6b07 7b67 83a7 8be8 9429 8be8 9429 9429 cdae cdef cdee cdcd cdad c58c c56b c56b c58c cdad cdad cdad cdcd cdcd cdcd cdcd cdcd c5ad c58d c5ad c58e 83e9 3142 2944 2925 2944 3144 83cb c58f c5ce c5cd c5cd c5cd cdcd c5ad c5ae a4ac 41a4 2924 2925 2944 6b28 b54d bd6c bd6c bd6c bd6c bd6c bd4c bd4c bd6c bd6c bd6c bd6c bd6c bd6c bd4b bd6c bd6c bd8c bd8c c58c c58c c58c c58c c58c c58c c58c c58c c58c c56c bd6c 
63e7 6be8 6c08 6c08 7469 7c89 7cea 84ea 7cc9 74c9 7cc9 850a 84ea 7ce9 84ea 7cc9 8d6a 95ac 95ab 95ab 95ab 9dcc 9dcc 95ac 958c 8d4b 8d6b 95ad 95ad 956d 8d0c 7c8a 7c6a 846b 8c4b 8c2b 840b 83ea 7bcb 7baa 7b8b 7b8b 7b6a 736a 736b 734a 6ac8 a46e e634 ee34 ee33 ee33 ee13 ee13 ee33 e613 a46e 5247 4a68 4a69 4228 39e6 3a06 3a06 39e5 2965 39e8 634e 73d1 6bb0 5b0e 426a 4228 3a08 52cd 7c13 8475 8475 8475 8454 632f 4a6a 4249 4a6b 7bd3 8456 8457 8437 7c16 8416 73b3 52ad 4a69 5288 52a7 7369 83a9 8ba9 cd70 ee33 ee33 ee33 ee33 ee33 ee33 e613 a42b a48b b52c bd4c bd4b bd2b b52b b52b bd2b bd4c bd4c bd4c bd6c bd6c bd6c c56c c58d c5ae c5ae c5ae bd6e a48b 8bea 838b 5a87 62a7 7ba9 8c0a 83aa 7309 83ac 8bcc 9c6d acce a4ad b52f accc 9c6a cdcf cdce c58c bd6c c5ae b54e 948c 842d 7bee 4228 2986 31a6 31a5 730b ac8f ac8f 8b8c 5227 31a6 2185 2185 29a6 2985 49c3 8b05 9303 9304 82a3 8282 8b24 7ae5 4982 49a4 8b8c 9c2d 8ba9 bd6d c5ad b52d 8c0b a4f1 8c0e bd53 a490 5a67 4a06 5288 7bad a4f2 bdd6 ce58 d6b9 deda e6fb defa deda d699 c5f7 a534 83ee 62ea 5247 4a06 41c5 41c5 4a26 8bee 946f 7bab 7bab 6b0a 4a48 4a28 62ca c5d5 ce15 7aea 7a89 7268 7aa9 6206 acb0 e6b6 acce 9c8c c5ae c5ce cdce c5ae c58d c56d b4ed 942b 83ca 62a7 5a66 62e7 7b67 83a7 8c08 9449 8be9 9429 9429 cdcf d5ef d5ee cdcd cdcc c58c bd6b c58b c5ac cdac cdad cdad cdad cdcd cdcd cdcd cdcd cdcd cdad cdce cdce 8c0a 3163 2944 2925 2924 3144 83cb c5af c5ad cdcd c5cd cdce cdcd cdae cdae accd 41e4 2924 2924 2944 6b08 b54d bd8c bd8b bd8c bd6c bd6c bd6c bd6c bd6c b56c bd6c bd8c bd8c bd8c bd8c bd8c bdac bdac bdac c5ac c5ad c58c c5ad c5ac c58c c58c c5ac c5ad c58c c58c 
6be8 6be8 6be8 63c7 63e7 6c28 7469 74a9 7489 74a9 7ca9 7ca9 84aa 7c69 7448 7468 8d2b 958c 956c 852a 852b 958c 958c 852a 854b 852b 7cea 852b 8d4c 8d6c 956d 8d6d 850c 7cab 7429 7c2a 7c2b 840b 7beb 7bcb 7b8b 7b8b 7b8b 738b 736b 736a 6ae9 7b6a d5d3 ee34 ee33 ee13 ee13 ee13 ee33 e613 ac8e 5247 5289 5289 4248 3a06 4206 3a05 39e5 3185 4228 6b6e 73d0 73b0 5b0d 4a6a 4228 4229 52cc 73f2 8475 8476 8475 8454 634f 528a 4a49 4a4a 73d2 8435 8456 8436 8436 8416 73d3 52cd 4a49 5288 5aa7 7368 83a9 8ba9 cd90 ee33 ee33 ee13 ee33 ee33 e613 d5b1 9be9 bd2c c58c c58c c58c c56b c56b c56c c56c c56c c58c c58c cd8c cd8c cdad cdad cdcd cdce cdce cdce c5ae accc 9c4b 8beb 62a7 62c7 7ba9 8c2b 83ea 6b29 83ac 8bec 9c6c a48d a48c b52f accd a46b c58f d5ef c58d c56c cdce c5ae b56e 9cce 4a67 2144 2165 2165 2985 39c6 732a ac8f b490 834c 39a6 2185 2185 2185 2985 41c3 8305 9304 9324 8ac3 7a82 8b24 8305 59e3 832a ac6f 93cc 7307 b54d c5ad bd6d 942b 5246 732a cd94 d5d4 ac6f 72e9 49e5 41a4 5a87 5a88 5268 62ea 6b2b 734b 732b 6b2a 62c9 5268 41e6 41c5 41c4 49c4 49e4 41a4 49c4 6287 c573 acd0 7b69 a48d 734a 5247 4a48 630b bd94 d616 832b 9bae 82ab 61c6 6a88 ac8f e6b7 9c8e 942b bd8f bdaf c5cf cdcf c5af c56e acac 83a9 7349 5a66 5246 62e7 7b67 8387 8be8 944a 8c09 9429 9c4a cdcf d60f d60e cded cdcd c5ac c58c c5ac c5cc c5cd cdad cdcd cdcd cdcd cdcd cded cdee cdcd cdce cdce cdae 9c6b 3982 2924 2925 2924 3143 83aa bd8f c5ad c5ad c5ad c5ad c5ad c5ad c58d aced 4a05 2924 2925 2944 5ac7 a50c ad4b ad6b ad6b ad4b ad4b ad4b a54b a52b a52b ad2b ad4b ad4b ad4b b56b b56c bd8c bdac bdac bdac bdad c5ac c5ac c5ac c5ac c5ac c58c c5ac c58c c58c 
6c08 6c08 6be8 63c7 63e8 6c28 6c49 6c28 6407 6c48 7c89 7c89 7c69 7c69 7428 7448 7ca9 84eb 7469 6c48 7489 6c69 7d0a 850b 7cea 7cca 74a9 74a9 74c9 7d0a 7cca 850b 7ceb 748a 746a 6c2a 742a 7c0a 840b 840c 7bcb 7bab 738b 738b 738c 736b 6b4a 62e9 bd11 e614 ee33 ee33 ee13 ee13 ee33 e613 acaf 5a67 5aa9 5aca 52a9 4a47 4226 3a05 39e5 3184 4a69 73af 7c11 7c32 73af 52aa 4a48 4208 52ac 7bf2 8454 8c95 8c95 8c74 6b6f 52aa 4a69 4a6a 7bd2 8455 8435 8416 8435 8415 7bf4 632e 4a69 5288 5287 7368 83a9 83a9 d5b1 ee33 ee33 ee33 ee33 ee33 e613 bcee a46b c5ae c5ad cdad cdac c58b c56c c56c c56c c56c c56c c58c cdac cdcd d5cd d5ce d5ce d5ee cdee cdce c5ae accc 9c6c 942c 6ae8 6ae8 83ca 944b 8c0b 7349 83cc 8c0c 9c6c 9c6c acce b50e accd a48b cdaf d610 cdce cdee cdef bdaf 9ccc 5ae7 31c5 29a6 2986 2186 2985 29a5 39c5 7b4b 93ad 7b2b 41a6 2986 21a5 2185 2164 39c4 7b05 8b05 8b05 8ae5 7aa3 8b25 7ac5 8b49 ac2e a40d 834a 49e3 83e9 b54e ad0c 83c9 4a04 5226 ac8f ddb4 d593 acb0 730a 49a4 5a25 5205 41a4 41c4 49e5 5205 51e4 51e4 49c4 41a4 41a4 5a46 5a25 51e4 6267 836b 93ed 8b8b b4af 9c0c a44b acec 7369 5247 5248 6b4b a511 d636 834b 726a 69e9 7209 6207 a48f e6b6 9c8e 7b6a 83cb 9c6c acec ad0c b50c acec 9c4a 7b69 62e8 5246 5246 62e7 7b68 8387 8bc8 942a 8c09 9c4a 9c8b cdf0 ce10 cdef cdcf cdce c5ae c5ad c58d c5ad c5ad c5ad c5ad c5ad c5ad cdce cdce cdee cdee cdcf c5ae c5af 9c8d 3983 2944 2925 2924 3143 7b6a b54f bd8e bd6d bd6d b54d b54c b54c b52d a4ad 5246 2944 2924 2944 52a7 9d0d 9d4c 9d4b 9d2b 9d0a 94ea 8cca 94ea 8cea 8caa 8caa 94ca 94ca 94ea 9cea 94ca 9cea 9d0a a50b ad4b b58c b58c b58c b56c b56c b56c b56c b56c ad4b ad2b 
6be8 6bc7 63a7 63a7 6be8 6c08 6c28 63e7 63e7 6c28 7c89 84a9 8489 8489 7c69 7c49 7469 748a 7449 6c48 6c49 6408 6c69 74aa 7489 6c68 6c68 6c68 6c68 7cc9 7488 7488 6c89 5c08 6449 6c6a 6c2a 742a 8cad 94ae 8c6e 8c4e 840d 8c2e 8c4f 8c4e 842e 7b8c 9c4e e614 ee13 ee33 ee13 ee13 ee33 e613 b4cf 6ae9 736c 738d 73cd 634b 5ac9 52c8 4a67 39e6 630b 7c10 7c10 7c11 738e 52aa 52aa 52aa 6b4e 8c52 8c94 9494 8c94 8c73 6b6e 52aa 4a89 52ab 8432 94b5 8c96 8c97 8c97 8c96 8434 634f 4a89 5288 5aa7 7b89 83c9 83a9 d5b1 ee33 ee33 ee33 ee33 ee33 ddd3 a44c bd2e cdef cdee d5ee d5ee cdcd cdad cd8d cd8d cd8d cd8d cd8d d5ad d5ae cdae cdae cdce cdce cdce cdae c58e aced a4ad 9c6d 7308 7308 8bea 9c8c 8c0b 7329 83ac 942d 9c8d 9c8c acce acee accd 9c4b c58f d631 d610 ce0f ce10 ad4e 6328 31e5 29c6 29a6 29a6 2186 21a5 29a6 29a5 4a27 72ea 6aca 49e7 29a6 21c6 21a5 2984 3184 4a04 5204 5204 5a24 5a44 5a64 5a04 93cc 832b 6a88 5a27 39a4 4205 62e7 5aa5 4a04 39a3 39a3 6ae8 bd11 b4af a42e 93cd 5a26 5a66 6266 5205 4183 49c3 6a86 7286 7286 6246 4983 5183 7286 7aa6 61c3 936b c532 ddd4 cd72 9c0c 72c7 a44b acec 7348 5247 4a48 6b4c 9c90 ce36 7b2b 4926 5106 8a6c 7a6a a46f deb7 a4d0 b573 a4d0 944d ad2f c5af c5cf c5cf a4cd 83ca 62e8 5247 5266 62e7 7b68 7b87 83c8 944a 8c09 944b 9c4b d612 d653 d633 d612 d612 c590 c56f bd6f bd8f bd8f bd6f bd6f bd6f bd6f bd6f bd6f c5b0 c5b0 c5b0 c590 bd90 9cae 39a4 2944 2925 2924 3144 7b6a b52f b54f b54e b56e b54e ad4e ad2e ad0e 9cae 5a87 2944 2924 2944 52a8 9d4f a58f adcf adaf a56e 8cec 84cc 9d6e 9d6e 9d4e 9d2e 94ec 9d2d a56e a58e 9d4d 9d4d 9d6d 9d6d a5ad a5ad a5ad a58d 9d6c 952b 9d4c 9d6c 9d8c 9d6c 956c 
6bc8 63a7 63a7 63a7 6be8 6c08 6c08 6be7 63c7 7449 7c89 84a9 84aa 84aa 7c69 7449 7449 7449 7449 7448 7449 6c08 63e8 63e7 63e7 6c28 6c48 6c69 6c68 74a9 74a9 6c89 6c89 6428 5c07 6caa 74cb 7c8b 84ad a571 adb2 b5b3 b593 b5b4 b5b4 b5b4 b594 ad12 942e ddf4 e613 ee33 ee13 ee13 ee33 e613 b4f0 8bed 9cd2 a4f3 a513 94d1 842e 7bed 738c 73ad 9491 9cf2 94d2 94b2 9491 9470 9490 9491 9471 9471 9492 9492 9492 8c51 738d 5aca 5aeb 5b0b 8431 94b4 94b4 94d6 9cd6 94b5 8c53 634d 52a9 5288 5aa7 7b89 8bea 8ba9 d5b1 ee33 ee33 ee33 ee33 ee14 cd51 9beb bd2e c56e c58e c58e c56d bd4d c54d bd4d bd2c bd2d c54d bd4d bd2d bd0d b4ed accc b4ed accd accd b50e b50f acee acce accf 83aa 7b69 8c0a a4cd 942c 7b4a 83ac 942d 9c8d a48d acee acee a4ad 83c9 a4ad ad0e a4cd aced ad2f 6b29 31c4 29c5 29c6 29c6 29c6 21c6 21c6 21c6 29c5 31a5 5268 5a89 39c6 29a5 21c6 21c6 2986 2165 2985 2944 2964 2984 2984 3184 39c4 83ac 7b2a 5a47 39a5 31a5 31a5 3183 41e4 4204 41e4 39a3 49e4 9c2e a44e 93ed 7b2b 49a4 3983 41c4 41c4 41a4 49a3 6224 7266 6245 59e5 4983 4162 6a65 7ac7 6225 8b6b ac8f d5b4 b4b0 ac6e 5a04 6ac6 9c6b 7328 5227 4a48 6b4c 8c0e cdf5 8b8d 7a8b 8a6c b34f a32d ac70 de97 8c2e ad53 de98 bd94 9caf b550 cdf1 cdf1 a4cd 83ca 62e8 5247 5267 62e7 7388 7b87 83c8 942a 8be9 942a 944c d634 e696 e696 de96 de96 de75 de75 de55 d655 d655 d655 d655 d654 d654 d654 d654 d654 d654 d654 d654 d654 b551 41e5 2944 2925 2925 3144 83ac c5b2 c5d1 bdd1 bdd1 bdf1 c5f2 c5f2 bdd2 b592 6b0a 2924 2944 2944 52a8 ad71 b5d1 b5f1 add1 a590 950f 8cad 9d0f 9d50 950f 8c8d 844c 8cad 9d4f add0 adb0 adb0 a5b0 9d6e 9d8e 9d8d 8d4c 850b 8d2c 7cca 7ceb 9dae 9dad 9dcd 9dce 
63a8 6ba8 6ba8 6bc8 7408 6be8 6be8 7428 7408 7c49 7c8a 84a9 84aa 848a 7c6a 7c4a 7429 6c08 6c28 7469 7469 6c49 6c08 63e8 6408 6c49 6c49 74aa 7cca 7ceb 7ceb 74ca 6ca9 6428 6469 74ea 7d2b 850c 7ccc 84cd a591 b5d3 b5f4 be15 bdf5 bdf5 bdf5 b5b4 9c6f c572 e614 ee13 ee13 ee13 ee33 e613 b4f0 944f a533 ad54 a554 ad53 ad53 ad53 ad53 ad53 ad74 ad74 ad73 ad74 ad74 b553 b573 b573 b553 ad33 a512 a4f2 a4f2 a4f2 9cb0 9470 9490 94b1 a513 a534 9cf3 9cf4 a514 9cd3 8c71 738d 632a 5ac8 5ac8 7baa 944c 93ea d5d2 ee33 ee33 ee33 ee33 ee34 b48e ac6e c570 c590 c5b0 bd70 bd6f c56f c56f c56f bd4f bd4f bd6f c56f c570 bd50 bd2f acae acae accf accf a4ae 9c2d a48e c592 cdd2 bd71 ad0f ad0e b550 9c6d 7b6b 838c 8bec 9c6d a4ad b50f b52e acee 946c d654 ce34 c5d3 bd72 83cd 39c6 31a6 29a6 29c6 29c6 29c6 21c6 21c6 21c6 21c6 29c6 31a6 39c6 31a5 29c5 21c6 21c6 2186 2166 29a6 2165 2165 29a6 29a6 29a5 29a5 62ea 6aca 5248 3186 29a6 2985 31a4 39e5 41e5 41e4 4205 4a05 5226 93ee 7b6c 49c5 49c5 3963 3984 41c5 49e5 49c4 5204 6ae7 4a04 41a3 41a4 41c4 51e4 5a46 49a4 5206 8bcc 9c6f 6288 62a7 41c4 41a3 62a7 6ae8 4a27 4a28 6b0b 6aea 9c4f 8b6c a38f 9acd a30e a30d ac50 d656 7bac 73ad c617 deda ce78 a4f1 9c8f ad10 9c8e 83ec 734a 62c8 5aa7 6b28 7368 7b87 7ba8 8c0a 8be9 944b b530 de75 e696 e697 de96 de96 de96 de95 de95 de95 de96 de96 de96 de95 de95 de75 de75 de75 de55 d654 d655 d635 b572 4206 3144 2925 2925 3144 83cc c5d3 c5d2 c5d1 c5d1 c5f2 c613 ce13 c5d3 bd92 734b 2924 2924 2944 4a67 9cf0 ad71 b590 ad4f 9ccd 8c6c 842c 840b 840b 7beb 83eb 840b 8c2c 8c6c 8c6c 8c6c 948d 9d0e 9d2e a56f a58f 9d6e 8cec 950d 8cec 8d0c a5cf adf0 a5af 9d8e 
63a8 63a8 63a8 63a7 63a7 6387 63a7 6c08 7449 7c8a 84aa 7c8a 84aa 846a 846a 846a 7409 63c7 6c08 7c89 7c8a 7449 7429 6c08 6c49 7469 7469 748a 74aa 7cca 6ca9 6c89 6ca9 6c69 6caa 7d2b 8d6c 8d8d 8d8e 7cec 84ed a5b1 b5d2 bdf3 bdf4 bdf5 bdf5 bdf5 a4f1 acaf e614 ee13 ee33 ee13 ee33 e613 bd31 9c8f ad74 b574 ad74 ad74 ad74 ad73 ad73 ad53 ad53 ad53 a532 a512 a532 ad32 ad32 ad52 b553 b552 b553 b573 b593 bd93 bd93 bd94 bdb4 bdd5 c5f5 c5f6 c5f6 c616 ce17 ce37 c616 bdd4 9cf0 83ec 7bab 8c0c 9c6d 940b ddf2 ee33 ee33 ee33 ee33 ddd2 a44d cd93 de54 d634 d613 cdd2 c591 c570 c550 c550 c570 c570 c570 c591 cdb2 cdd3 cdb3 c572 c5b3 c5b4 bd73 a490 838c 940d b510 b510 b50f b52f b52f b50f a4ae 8bcc 838b 838b 940c 9c8d acef bd50 acce a4ae e6d7 ef19 eef9 e6b8 83ee 39c6 31a6 29c6 29c6 29c6 29c6 29c6 21c6 21c6 21c6 29a6 29a6 29a6 29a6 29a6 29c6 29a6 2185 2185 29a6 2165 2185 21a6 21c6 21c6 29a5 31a6 31a5 2985 2986 2985 31a5 4a67 5287 4205 39a3 4a05 41c4 4a05 5226 4a26 5226 41c4 41a4 3963 3163 39a4 39a3 5287 6b49 4a25 3983 39c4 41e5 5246 41c4 39a3 41c4 4a05 4a05 5246 4205 39c4 41e4 49e5 5a67 5228 51c7 6a49 7269 830b 9b8e 930c 6167 71c9 92cc 832b a490 734b 9c70 a513 c637 defa deba bd95 9470 a4f1 bdd4 bdb4 ad32 8c0c 7b8a 83aa 8c0b 9c8d a4ad acee c591 de34 de55 de75 e676 de55 de55 d655 d634 d614 ce13 ce14 d614 d634 d654 d634 d634 d634 d614 d614 cdf3 cdd3 cdd3 b552 4a27 3144 2924 2925 3164 83ac b551 bd70 bd90 bd90 c590 c591 c5b1 bd50 acf0 7b6b 3144 2924 2924 39c6 736b 942d 944d 9c8d 9c6d 8c0c 8bec 8beb 8beb 8beb 8beb 8bec 944d 9c8e 9c8e 9c8e 9c8d ad2f b591 bdd1 bdd2 bdd1 b5b1 b5b1 bdd1 bdf1 bdf1 bdf1 b5d0 adaf 
5b87 5b87 63a7 5b87 5b87 5ba7 63c8 5bc7 6408 748a 7cab 7469 7c6a 7c6a 7c6a 7c6a 7429 7449 7449 746a 7c8a 6c49 746a 7449 7449 746a 6c49 7449 7469 74a9 6c69 6c69 6c89 6469 74ea 856c 8dad 8dad 95ce 8dae 8d4d 9daf adf1 b5f2 b5f3 b5f3 b5f4 b5f4 ad72 8bec d5b2 ee13 ee33 ee14 ee33 e613 c551 a4d0 b594 b594 ad74 ad53 a532 a532 a532 a512 a532 ad52 ad52 ad53 b573 b594 bd94 bd94 bdb4 bd94 bd94 bdb4 bdb4 bdb4 c5d4 c5d4 c5d4 c5d4 c5f5 c615 ce15 ce35 d656 d677 d697 d676 d656 ce15 cdf4 cdd3 bd72 a46e de13 ee33 ee33 ee13 ee33 cd71 acaf e676 e6b7 e6b6 e6b6 e696 e696 e675 de54 d614 d614 d5f3 d5d3 d614 de55 de56 de56 d635 c5b3 acf0 a48f a48f a4b0 b511 bd31 bd30 b530 bd30 b50f acce a48e 9c6e 8c0c 83cb 940c 944d a4ae acef 9c4d b511 e6d7 eef8 eef9 e6b8 83ed 31c6 29a6 29c6 29c6 29c6 29c6 29c6 21c6 21c6 21c6 21c6 21a6 21a6 21a6 21a6 29a6 29a6 21a6 2186 21a6 2185 21a5 21c6 21c6 21c6 21c6 21c6 2185 21a5 21a5 2964 4226 62e9 62e8 4a45 4a25 39c4 39c4 41e4 41e4 4205 5287 41e4 41e4 41e5 5aa8 49e5 2922 4226 5267 3984 3163 39a4 39c4 5267 5ac8 4205 39c4 39c4 39a4 41e5 5286 39c4 41e4 41c4 49e6 5a08 6a4a 9b2e a36e 9b4e c472 930d 7a2a 822b 8aac ac30 938d 72aa 9bee b4f2 ad13 c617 deda deda ce38 ad13 a4f2 c5f5 d676 ce35 bdb2 bdb2 cdf3 d614 d613 d633 de54 de55 de35 de55 de35 de34 d634 d614 d613 cdf3 cdf3 cdd2 c5d2 cdd2 cdf3 cdd2 cdd2 cdd3 cdd3 cdd3 c5b2 c5b2 c5b2 b551 5267 2944 2924 2945 3164 7b8b acef b50f b52e b50e bd0e bd0e b50e b4ef acaf 836b 3144 2924 2925 2945 4a27 83cb 9c4c 9c4c 942c 940c 8c0c 83eb 8bec 940c 940c 942d a4af b530 b531 bd51 bd72 bd92 bdb2 c5d2 c5f3 c5f3 c5d3 c5d2 c5d2 c5f2 c5d2 c5d2 c5f2 bdf1 
53a7 5387 5ba7 5be8 63e8 63e8 6408 5bc7 63e8 6c6a 746a 6c09 6c09 746a 746a 748a 6c29 63e8 6c49 6c49 6c69 6c49 74aa 748a 748a 6c49 6429 6408 63e8 6c69 5be8 5c08 5c08 6449 7d2c 8d8d 95ee 8d8d 856c 8dce 95ce 8d8d 9daf add0 add1 add1 adb1 adb2 a510 942c d591 ee13 ee13 ee13 ee33 e614 cd72 ad11 b593 b593 ad73 a552 a532 a532 ad52 ad72 ad73 b573 b593 b593 b594 bdb4 bdb4 bd93 bd93 b573 bd93 bdb4 c5d4 c5f5 c5f5 c5d5 c5f5 c5d5 cdf5 ce15 ce15 ce35 d656 de76 de96 de76 de76 de76 de76 e696 cdb3 b4cf e614 ee33 ee33 ee33 ee33 c510 bd10 eed7 eed8 eed7 eed7 eef7 f6f7 eed7 ee96 e676 e676 e675 e675 e675 de75 de76 d614 c592 bd72 bd51 cdf3 de76 de96 de55 de34 d614 cdf3 cdb2 c571 b4ef acef acef acef accf a4cf acef b510 b4f0 bd51 d614 e697 e6b7 e6d7 e6b7 a4d0 39e6 29c5 29c6 21c6 21c6 21c6 21c6 21c6 21c6 21c6 21c6 21c6 21a6 21a6 21a6 21a6 2186 2165 2165 2185 2185 21a5 29a6 21c6 21c6 21e6 21c6 29c6 29c6 29a6 2164 39c4 4205 39c4 41e4 39c3 5246 5aa7 39e4 39c4 52a7 4205 4a66 4205 4a26 7bac 41c5 2922 41e6 5248 3143 3184 39a4 4205 41e4 5287 4205 31a3 4205 4205 39c4 4204 5266 5267 5226 4185 728a ab90 b390 bb90 a30e ab4e 9b0d b390 b370 a2ed a32e a34e abb0 ab6e 934d acb2 a4d2 bdd6 de99 deba d679 ad13 9470 b572 d655 d675 de75 e696 de75 de74 de74 de74 de55 de35 de35 de35 d614 d614 d5f3 cdf3 cdf3 cdd3 cdb2 c5b1 cdd2 d5f3 cdf2 cdd2 cdf2 cdf3 cdd2 cdd2 cdd2 c5b2 bd72 5a88 2944 2924 2924 3144 83cc bd51 bd50 c54f bd2f bd2f bd0e b4cd acae a46e 6ae9 3144 2925 2925 2925 3165 83ac b4ef b4ef acae 9c4d 9c6e 944d 944d 9c6e a4ae acf0 b531 bd71 c572 c592 c5b3 cdd3 cdf3 cdf3 c5f3 cdf3 cdf4 cdf4 ce14 ce14 cdf3 c5d3 c5d2 c5d2 
53c8 53c7 53c7 5c29 6469 6429 6408 5be7 6428 6c6a 6c49 6408 6428 6c69 74ab 74cb 74eb 74aa 6449 5c28 6449 6449 6449 6469 6c8a 6469 6469 6428 5be8 5c08 5c09 53c7 5c28 5c48 6cca 856c 8dad 854c 750b 7d2b 858c 856c 856c 958d 9daf a5af a56f 94ad 9c6d d5d2 e633 ee13 ee13 ee33 ee33 e613 cd92 ad31 b592 b593 ad92 ad93 b593 b5b3 b5b3 b5b4 bdd4 bdd4 bdb4 b594 b573 b573 ad52 ad32 ad32 b552 b573 bd93 c5f5 c5f5 c5b4 c5b4 c5d4 c5d4 ce15 d635 d656 d656 d656 de76 de76 de75 de55 de55 de35 de55 bd31 b4f0 e634 ee33 ee33 ee33 ee34 c4ef ac8f de56 e676 eeb7 eed7 e696 e675 e675 e675 e675 e676 e676 e696 eeb6 eed7 eed7 e6b7 de55 de76 e6b6 e6b6 eed7 eed7 e6d7 e6b6 e696 de75 d634 cdd3 bd71 bd71 bd72 bd92 b530 b530 bd30 c551 bd51 bd51 c571 c571 c571 c5b2 cdf3 c5b3 5288 29c5 21c6 21c6 21c6 21c6 21c6 21c6 21c6 21c6 21c6 21c6 21a6 2185 2165 2144 2124 2124 2124 2123 2144 2965 2985 29a6 21c6 21c6 21c6 29a6 29a6 2185 31a4 3a05 4205 4204 62e8 39c3 41e4 5aa7 5267 41e5 5ac8 39e4 4205 4a25 62e9 83cd 3163 2922 3143 3164 39a4 5268 5267 41e4 39a4 2963 4205 39e4 31a3 39e4 41e4 41c4 4a46 5246 5a67 51c6 932d 9b2e 71a9 926c bb90 b34f b32f a2ee b34f c3b1 bb90 a2ee 9aad b32f a34e 9bae bd32 944e 9c4f 9c70 a4d1 a4f2 942e 7b8b b551 c5d3 cdf4 d614 d634 d634 d654 de54 de75 e675 e655 e655 de55 de54 de34 de34 de34 d613 d613 d612 d613 d633 d613 d613 d5f3 d5f3 cdd2 cdd2 d5f3 cdf3 c5b3 62a9 2944 2924 2904 2944 8c0d cdd3 cdd2 d5d1 cdb1 cd90 c54f bd0f b4ef ac8e 6ae9 3965 2924 2904 2105 3145 83ac b510 b4ce b4cf b4f0 bd51 b572 b531 a4cf acf0 bd51 c592 c592 c5b2 cdd3 cdf4 d634 d634 ce14 ce14 ce14 d634 d635 d635 ce35 cdf4 c5d3 c5b2 bd71 
53e8 5408 5c08 5428 5c49 6449 5c28 5c08 6428 6c49 6c69 6c69 6428 5c48 6caa 6cca 6cca 74cb 6cca 6469 6caa 6caa 6469 6449 6469 6469 646a 6469 6449 6469 6cab 6469 6449 6caa 6cca 6cca 750b 7d2b 74ea 6cea 7d4b 7d8c 856d 852d 84cd 84ac 844c a4ef d5d2 e613 ee13 ee13 ee33 ee33 ee33 e633 cd91 9cae b592 b5b2 b5b2 b5d3 b5d3 b5d3 bdd3 bdd4 bdd4 bdf4 c5f5 c5f5 c615 c5f5 c5f5 c5f5 c5f5 c5f5 c615 ce15 ce35 ce15 c5f5 cdf5 ce15 ce15 d636 d656 d656 d656 d635 d655 de55 de54 de14 d614 d614 de14 b4cf c530 e634 ee13 ee33 ee33 ee34 d592 a44d c593 e676 ee97 eeb7 e6b6 e696 e676 e676 e676 e675 e675 e696 eeb6 eed7 e6d7 e6d7 e6b6 e6b6 e6d7 e6b6 e6d7 e6d7 e6d7 e6d7 e6d7 e6b7 e6b6 e696 de55 de55 de55 d655 d634 d634 d613 d613 d613 d5f3 d5f3 cdd2 c591 c570 cdb1 cdd3 8c0e 39e6 29c5 21c6 21c6 21c6 21c6 21c6 21c6 21c5 21a5 2185 2144 2944 2944 2924 2904 2924 2924 2903 2923 2923 2924 2965 2986 29a6 29a6 29a6 29a6 2185 31c5 3a05 39e4 5286 5aa7 41e4 4204 41c4 41e5 4205 41e5 39c4 39c4 4226 7bcc 62e9 2923 2923 2902 2923 62ea 840d 62c8 41e5 41e5 39c4 39c4 5ae8 4225 4205 4205 4a05 41e4 5266 3963 3923 82ab 92cd 5106 71a8 b350 c391 aaee 6947 81ea c390 b34f 6988 58e6 8a4b 9b2d 934c bcf1 b510 b4ef a48e a4af a4d0 acf1 b511 bd72 bd92 bd93 c593 c5b3 cdf3 cdf2 d5f3 d614 de14 de14 de14 de34 de34 de34 de33 de13 d613 d612 d5f2 cdf2 d5f2 cdf2 cdd2 cdd2 cdb2 cdb1 cdb2 d5f3 cdf3 c593 62a9 2924 2925 2924 2924 8bed cdd3 d5f3 d5f2 d5d2 cdb1 c570 c54f bd30 b4ef a46f 49e7 2904 20e4 20e4 3144 7b8c acd0 b4ef bd0f bd51 b530 a4cf acf0 a4cf a4cf bd31 c5b2 cdd3 cdf4 d614 d635 d655 d655 d655 d655 d655 de76 de76 d676 d655 d655 d634 cdf4 cdf3 
5c28 6469 6489 5c49 5c28 5c28 5c08 6449 6c69 6c69 6c8a 6c89 5c48 5408 5c69 6caa 6caa 6caa 74ca 74ca 74ca 74ca 6caa 6469 6489 6489 6469 6c89 6caa 6caa 74eb 7d2b 74ea 750a 7d2b 7d2b 750a 7d2b 7d2b 750a 7d4c 7d4c 748b 5348 4286 4246 734a ad11 d5d4 e614 ee13 ee13 ee33 ee13 ee33 ee33 d5d2 942c ad51 b5b3 b5d3 b5f3 bdf3 bdf3 bdf4 bdf4 c5f4 c5f4 c5f5 ce15 ce36 ce36 ce15 ce15 ce15 ce15 ce35 ce35 d635 ce35 d635 d615 d615 d635 d635 d656 d655 d635 d635 d635 d635 d634 d5f4 d5d3 d5d3 d5d3 ac8e cd71 e613 ee13 ee33 ee33 e634 e613 bd10 9c0d c573 e676 e6b7 eef8 eef7 f6f7 f6f7 f6f7 eed7 eef7 eed7 eef7 eef7 eed7 eed7 eed7 eef7 eed7 eed7 eed7 eed7 eed7 eed6 e6b6 e6b6 e6b6 e6b6 e6b6 e696 e696 e696 e696 e696 e696 e695 e695 e675 e675 e674 de54 de34 de33 de34 c593 6b4b 31a5 29a5 29c6 29c6 29c6 29a5 29a5 2185 2184 2964 2944 3124 3124 3123 3123 3944 3924 3123 3123 3123 3124 2924 2965 2985 29a5 29a6 29a6 29a5 31a5 39e5 39e4 62e8 4a25 41e4 4a04 41c4 3183 4a26 3183 39e5 39c4 5267 83cd 41e6 2923 2903 28e2 2923 734b 8c2e 62c9 39a4 41e5 39a4 39c4 5287 5aa7 41e4 4a05 4a05 41c4 4a05 39a4 3903 69e9 ab4f 928c a30e bb91 c391 ab0e 7a0a 928c c391 bb70 8a4b 71c9 9aed 8aec 8b4c ac8f b4cf accf a4ae 944d 7bac 840e 8c4f 9491 9cd2 94b1 9470 8c2e ad10 c571 c571 c591 cd91 cdb1 cdb2 cdb2 cdb2 cdb2 cdb1 cd91 cdb1 cdb1 cdb1 cdb1 cdd2 cdd2 d5d2 d5d2 d5d2 d5d3 cdb2 c592 bd72 946e 41a6 20e3 20e4 2104 2124 7b6c b531 c591 c591 cd91 cdb1 cd91 cdb1 cdb1 c591 acd0 41a5 20e3 18c3 18a3 20e3 5a69 a4b0 bd30 c550 cd92 c592 bd51 c592 c593 cdf4 d614 d614 d614 d634 d635 d655 d655 de75 de76 de76 de96 de96 de96 de76 de76 de76 d655 d635 d634 
6469 648a 6caa 64aa 6489 6469 6469 74ca 74eb 74eb 74eb 74ca 6469 6469 6489 6caa 74cb 74eb 74eb 7d0b 7d0b 7d0b 7d0b 7d0b 7d0b 7d0b 74ea 74ea 750a 750a 7d2b 858c 85ac 8dab 8dac 8dac 858b 856b 856c 74ea 7d0b 852d 4b07 3a05 4206 41e6 41e6 5247 8bac c532 e5f4 ee14 ee33 ee33 ee33 ee13 e613 a48d ad0f bdd3 bdd3 bdf3 bdf3 bdf3 bdf3 bdf3 bdd3 c5d3 c5b3 c5d3 c5d4 c5d4 c5d4 c5d4 c5d3 c5b3 c5d3 cdf4 cdf4 cdf4 cdd4 cdd4 cdd3 cdf4 d5f4 d614 d614 d614 d635 de55 de55 de55 de55 de35 de35 de14 ac6e d5b2 e613 ee13 ee13 ee33 e634 e614 e614 c511 a42e de15 eed8 eed8 eef8 eef8 eed7 eed7 eed7 eed7 eed7 eed7 eed7 e6d7 e6d7 e6d7 e6d7 eed7 eed7 eed7 eed7 eed7 e6d7 e6b7 e6b6 e696 e696 e696 de75 de75 de75 de75 de75 de54 de34 de34 de34 de34 d614 d634 d613 d5d3 bd51 acaf 736a 4206 39c6 31a5 31a5 31a5 31e5 4246 5287 5aa8 5a88 6288 6288 6288 6288 62a8 6ae9 7309 62a8 5267 5226 49e5 41a5 3964 3164 3184 31a4 31c5 31c5 31c4 39c4 4225 62e8 41e4 49e4 4204 41e4 39c5 39c5 3143 2943 2942 3163 39a4 3123 2903 2903 2903 2903 3964 3985 3964 3103 3123 41c5 4a05 41e5 5aa8 4205 41e4 49e4 41c3 39a3 41c5 4985 61a6 a32e b3d0 ab6f 9aed 9aed 930d 930d 930d a32d b38f b390 b38f a32d 7a6a 938c a42e a46e 9c6d 7b49 6b09 632b 94f3 9d34 9d55 a556 a555 9d34 8c91 944e b510 bd51 c571 c550 bd2f bd2f bd2f bd30 bd2f bd0f bd0f bd2f cd91 cdb1 cdb2 cdb2 cdd2 d5f2 d5f3 d5f3 d5d3 c592 b4f1 838c 41c5 20c2 18a3 18a3 18a3 18c3 5268 acf1 bd92 c5b1 cdb2 cdd2 d5f3 d613 d613 d5f3 b511 3964 18a2 18a3 18a3 18c3 2924 6b0a acf0 bd30 c570 cdb1 d5f3 d635 de35 de56 de75 de55 de55 de75 de76 de76 de76 de76 d675 de76 de76 de97 de97 de97 de96 de76 de76 de56 d655 
74ea 750b 750b 750b 74ea 74ea 74ea 7d2b 7d4b 7d4b 7d4b 7d4c 7d2c 7d2c 750b 7d2c 7d0b 854c 856c 8d8d 8d8d 8d8d 8dad 95cd 95cd 95cd 95cd 95cd 95cd 95cd 960d 95ec 95ec 960c 8dec 8dcc 8dcc 8dac 854c 7ccb 7c8b 740a 6308 6309 5ac8 4a47 41e6 41c6 49c6 5a47 940d cd93 e614 ee34 ee33 ee13 ee33 bd0f 9c8d bdb1 bdd2 bdf2 bdf2 bdf3 be13 bdf2 bdd2 c5b3 c5b3 cdd3 cdd3 c5d3 bd92 bd51 b531 b531 b531 bd52 bd72 c592 bd72 bd51 bd51 c592 cdb2 cdd3 d614 de75 e696 e6b6 e6b7 eeb7 eeb7 eeb7 eeb7 de15 a48d d5d3 e633 ee13 ee13 ee13 e634 ddf3 d5b2 c552 a46f 8bac c594 e6b8 eed8 eed8 eef8 eef7 eed7 eed7 eed7 eed7 eed7 e6d7 e6d7 e6d7 e6f7 eef7 eed7 eed7 eed7 eed7 eed7 eed7 eed7 eed7 e6b6 e6b6 e6b6 e6b6 e6b6 e695 de75 de74 de54 de54 de34 de14 d613 cdd2 cdb2 cdb2 c571 bd50 ad10 9c6e 83cc 734a 6b09 736a 8c0c 9cae acee a4ae acce b4cf b4ef b4f0 b4cf b4f0 bd71 c572 acef 942c 83ca 8bab 8bcc 8bec 7b8b 62a7 62e8 7bab 8c2d 9c8e 7b8a 5aa7 5266 49e4 4a04 4a04 41e4 5267 62e9 738b 5aa8 4a26 41e5 41c5 41a5 4184 4184 4184 41a5 41a5 41c5 49e5 49e6 49e5 4a05 4a05 41e4 4a05 5225 4a05 6ae8 6ae8 62c8 6ae8 72e9 9bee ac2f ac4f a3ce 9bad a44f ac70 9c0f 834c 7aca 830a 932b 8b2b 7288 6a88 7b09 836a 8baa 93eb 836a 7309 6b2b 8c4f 8c70 8c70 8c50 842f 842e 7bac 7b4a 9c4d c571 d5d2 cdd2 cdd2 cdb2 cdb1 cd91 cd71 c570 bd2f bd0f cd91 d5f2 d613 d613 d613 d613 de13 d614 c5b3 9c6e 5a47 2903 20c2 18a3 18a3 18a3 18a3 18c3 3164 944f cdf4 d614 d614 d634 d614 d614 d614 d615 ad11 3144 18a2 18c3 18c3 18c3 18c3 3143 83cc bd71 c571 c591 d5d3 de14 de35 de35 de55 de75 de75 de75 de76 de76 de96 de76 de76 de96 e6b7 e6b7 e6b7 e6b7 e6d7 e6d7 e6d7 e6b7 e6d7 
7d2b 7d2b 7d2b 7d4b 7d4b 7d4b 7d4b 856c 858c 858c 8d8c 8d8d 8dad 8d8d 8dad 8dad 8dad 8dad 95cd 95ee 9dee 9dee 9e0e a62e a62e a62e 9e2e 9e0e 9e0e 9e0e 9e0d 95cc 9e0d 9e2d 9e0d 95ed 95cd 958d 7449 42a5 5b07 9cae cdb2 d5d3 cd92 bd10 9c2d 7309 5a47 49e6 4a07 732a b4f0 e5f4 e633 ee13 ee13 cd91 93eb a4ce ad50 ad90 b590 b570 b591 bdb2 c5d2 c5b2 c5b2 c5b3 c5b2 c592 c592 c5b2 c5b2 c5b2 cdd3 cdf4 ce14 cdf4 cdd3 cdd3 cdd3 cdd3 cdf3 d5f3 d614 de55 de95 e6b6 e6d6 eed7 eed7 eed7 eeb7 cdd3 acae de13 e634 e613 e614 ddb3 bcf0 8bab 72c8 5a67 5207 49e6 5a89 83ad ad32 de77 eef8 ef18 eef8 eef8 f6f8 f6f8 eef8 eef8 eef7 eef7 eef7 eef7 eed7 eed7 eed7 eed7 eed7 eed7 eeb7 e6b6 e6b6 e696 e696 e696 e696 e695 de95 de75 e674 e674 de54 de34 d613 d5f3 cdd2 cdd2 cdb1 c591 c592 b510 a48f accf b4f0 b510 bd30 bd30 bd2f acce bd0f c550 cd91 cdb2 cdb2 cdd2 d5d2 cdd2 cd91 bd50 bd30 bd30 bd51 c571 b510 a48d 9c6d a48e acce acef acef accf 9c6d 83cb 7b8a 7baa 83ec 946e a511 ad31 a511 a4d0 946f 9c6f a4b0 acd0 acd0 acf1 b511 b531 b531 bd52 bd72 bd72 b551 a4af 942d 940d 9c6e ad10 c5d3 cdf3 c5d3 cdd3 cdd3 d5d4 d5d4 d5d3 d5d3 d5d3 cdd3 cdb3 cdb3 cdb3 cd92 cd72 c572 c552 c551 bd31 bd31 bd30 bd50 c551 bd30 b510 b511 b531 b531 b531 ad31 ad10 ad10 b510 bd30 c571 c592 cdb2 c570 c571 cdb2 d5d2 d5d2 d5d2 cdd2 cd91 c571 c571 cdb1 cdb1 cdb2 cd92 cd92 cd92 bd31 732a 3143 20c2 18a2 18a2 18a2 18a2 18a2 18a2 20c2 20e3 5aa9 9cb0 b531 bd52 bd73 bd72 bd72 b532 b532 942f 41c5 3185 3165 2944 2903 20e2 2922 734a cdf3 d613 d613 d614 de34 de35 de35 de55 de55 de55 de55 de75 de76 de96 de96 de96 e696 e6b7 e6b7 e6b7 e6b7 e6b7 e6d7 e6d7 e6d7 e6d7 
858c 856b 856b 856b 7d6b 856c 858c 8d8c 8dad 95cd 95cd 95ce 8d6c 854c 95cd 95cd 95cd 8d8c 8dad 9dee 9e0e a62e a62e a60e 95cd 9dcd 9ded 9dee 958c 8d6c 95ad 956c ae2f b66f ae4f adee 9d6c 94cb 6b68 41e4 734a d5d4 e614 e614 e614 e613 ddf3 cdb3 acb0 6ae9 4a06 41e5 5a87 b4d0 e613 ee13 ee13 e5f3 9c2c 940c a4ef ad2f ad2f ad2f b550 c5b2 c5b2 c5b2 c5b2 c5b2 c592 c591 c5b2 cdf3 cdf3 d614 d635 de55 de55 de55 de55 de55 de55 de55 de55 e676 de75 de75 de75 e695 e695 e6b6 e6b6 e6d7 e6b6 b510 bd0f e634 e634 ddf3 bcf0 7b4a 5a46 49e5 49e5 5206 6ac9 7b6c 6aca 5227 5247 8c0e de97 ef19 f719 f719 f719 f719 f6f8 eef8 eed7 eed7 e6d7 e6d7 eed7 eeb7 eeb7 eeb7 e6b7 e6b7 e6b6 e6b6 e696 e696 e695 de75 de75 de75 de75 de54 de54 de54 de34 de54 de34 de34 de34 de34 d5f2 cdd2 d5f3 cdd3 cdb3 cdd3 cdd3 d5d3 d5f3 d5f3 d5f2 d5f2 d5f2 de13 de34 de34 de33 de33 de33 de33 de33 de33 de34 de14 d5f3 d5d3 cdb2 cd91 c570 c550 c550 bd2f b4ce b4ee b50f acef acce a4ce a4ef ad10 bd72 bd93 bdb3 bd72 b531 bd72 ce14 d634 de55 de55 de55 de55 de55 de34 de55 de55 de55 de34 d614 d614 de34 de34 de54 de74 de75 de55 de55 de54 de34 de34 de34 de35 de34 de34 de34 de14 de14 de34 de14 de14 de14 de34 de34 de34 de33 de33 de34 d614 d5f3 d5f3 d5f3 cdd3 cdb2 cdb2 c591 c571 bd50 bd30 bd50 bd50 bd30 bd30 c571 cdb2 cdd3 cdb2 c571 bd71 bd50 bd50 bd30 b50f b4ee b4cf b4cf accf 942d 5226 3985 3165 3144 2924 2943 3143 3143 3143 3163 3984 5a68 83cd 9c6f acf1 b532 b532 acf2 944f 8c0e 942e 944f 9cb0 9cb0 944f 83cd 7b8b 83ac b510 d613 de33 de54 de54 de55 e675 de75 de75 de75 de55 de75 e676 e696 e696 e6b6 e6b6 e6b7 e6b7 e6b7 e6b7 e6b7 e6d8 e6d8 e6d8 e6d7 e6d7 
858c 858c 8dac 858c 7d4b 7d4b 8d8c 858c 95ad 95cd 95cd 8d8c 852b 852b 8d8c 8dad 8d8c 7d0a 852b 8d8c 95ac 9dac 9dcc 958c 8d4b 8d6c 8d2b 958d 7caa 956d 9d8d a5cf be51 b630 adae 9d0c ad2d c5b1 accf 5227 5a88 bd52 d5d4 cd92 bd10 ac6e ac8f bd32 cdd4 c572 7b2a 49c5 41e6 6288 c551 e614 ee33 e634 c551 9c2d bd51 b551 b550 b530 b550 c591 cdd3 cdd3 cdb2 c5b2 c592 c592 cdd2 d634 d634 d635 de55 de55 de55 de55 de75 de76 de76 de76 e676 e676 e696 e696 e696 e6b6 e6b6 e6b6 e6b6 e696 c5b3 9c4d d5d3 e634 d5d3 9c0d 5a67 49e5 41e5 5267 838b b4f0 cdb3 ddf5 d5b4 b4b1 730a 5227 ad11 e697 eed8 f6f8 eef8 eef8 eef8 eed8 e6d7 e6b7 e696 e696 de76 e676 e696 e696 e696 e696 e696 e696 e696 e675 de75 d634 d634 d614 ce13 cdf3 cdd2 cdd2 cdb2 cdb2 cdb2 cdb2 cdd2 d5f3 de55 e675 e676 de55 de55 de55 e675 e675 e675 e675 e675 e674 e674 e674 e675 e675 e675 e675 e675 e675 e675 e675 e655 e655 e655 e655 e654 de34 de13 d5f2 d5d2 cd90 c550 c550 c550 b50f acce accd 942c 940c 9c6e accf c572 c592 c5b2 cdf3 d5f3 de34 de34 de34 de34 d613 d613 d5f3 d5d3 cdb2 c591 c571 c571 c591 cdb2 d5f3 de33 de33 e654 e674 e675 e674 e675 e675 e675 e675 e655 e675 e675 e655 e675 e675 e675 e675 e675 e675 e675 e675 de74 de74 de74 de55 de55 de54 de54 de34 de14 d5d3 c571 bd30 b50f acef acce a48d 9c6d 9c4c a48e b4ef bd71 c5b2 c5b2 c5b2 c5b2 c5b2 bd50 b50f acae a48d a46d 9c4d 9c4e 942e 8bed 8bcd 838c 7b4b 734a 7b6b 7b8b 7b8a 838b 8bcc 9c6f a4b0 ad11 bd73 c5b4 bd73 ad32 9cb0 83cc 7b6b 940d b511 cdb3 cdd4 cdf4 cdd3 cdd3 cdb2 c591 cdb2 d5f2 d613 de34 de34 de35 e675 de76 de75 e696 e696 e6b6 e6b6 e6b6 e6b7 e6b7 e6b7 e6b7 e6b7 e6b7 e6b7 e6b7 e6d8 e6d7 e6d8 
8dcc 8dac 8dcc 8dac 8dac 8dac 8dcc 8d8c 95cd 95ac 95ac 8d4b 8d6c 958c 8d8c 9dcd 9dcd 9dcd a5ee a5ee a5ee a5ee adee a5ad a5ce adef a5ae adcf adcf ad8f a54e a52e 948c 8c4b a4cd cdd2 de13 de13 c572 6288 41c5 6aea 732a 6268 5206 51e6 49e6 5a47 72ea a46f bd32 7b4b 49e6 49e6 7b4a cd93 e614 e634 ddf4 ac8e acf0 c5d3 ce14 d614 d613 d613 d634 d634 d614 cdf3 cdd3 cdd2 cdd3 cdf3 cdf3 d5f3 d614 de34 de34 de54 de75 de75 e675 e675 e675 e675 e675 e675 e695 e695 e696 e696 e696 cdd3 9c4d cd92 de14 cd93 836b 49e6 41e6 5247 7b8c b4f1 c573 cdb4 d5d3 ddf4 ddf4 ddd4 93ed 49c5 836b accf b4d0 bd32 d5f4 e697 eed8 eed8 e6b7 e6b7 de96 de76 de55 de75 de76 e676 e696 e6b7 e696 e696 e696 e696 de76 de75 de75 de75 de75 de75 de75 de75 d634 d613 cdf2 cdf3 ce13 d613 de55 e6b6 e696 de76 de75 de75 e695 e696 e696 e696 de75 d633 d613 de54 de75 e695 e695 e695 e696 e696 e696 e696 e696 e696 ee96 e696 e695 e675 e654 e654 de53 d5f2 d5f2 d5d1 cdb1 c550 bd2f c550 bd2f b4ef acae b50f c571 c571 c550 bd30 b4ef bd0f bd0f bd10 c571 cdd2 d5f3 cdb2 c571 bd30 bd0f b4ef b4ee b4ce b4ee b4ee bd0f bd2f c570 d5f2 de13 de13 de33 de33 de54 de54 de54 e654 e674 e654 e674 e674 e675 e675 e675 e675 de75 de55 de55 de54 e654 de55 de55 de55 de54 de34 d614 cdb2 bd30 b510 b530 b510 accf b4ef acef acef b4cf b4ef bd30 bd71 c592 cdf3 cdf3 cdf3 cdf3 cdd3 cdd2 cdd2 cdb2 c592 c592 c5b3 bd51 b511 b4f0 acaf a48f a48e 9c6e a46d 942c 9c2d a4ae 9c4d 9c4d 9c4d 940d 838b 7b6a 7b4a 7308 838a 93eb 93eb a48e bd30 bd50 c571 c590 c570 bd2f bd0f bd2f bd30 bd2f bd30 c571 cd91 cdb2 d5d3 de14 e655 de75 de75 e696 e696 e696 e696 e696 e6b6 e6b7 e6b7 e6b7 e6b7 e6b7 e6b7 
960d 960d 8dec 8dcc 8dab 8dab 95cc 95ed 9e2e a62e a62e a62e ae2e ae2f ae2f b62f ae0f a5ad adef adef adef b5ce b5ae b5cf bdf0 c610 c611 c5f1 b570 9c6c 944c acce b50f bd30 c530 bd10 bcaf cd72 cdd3 732a 3964 3144 49c5 72ea 8bac 8bcd 838b 62a8 49e6 5227 7b8c a490 62a9 41e6 5227 a46f e614 e613 e613 cd51 9c4d cdf4 d635 d655 de54 de54 de54 de54 de34 de34 de34 d613 d5f3 cdd3 cdd3 cdf3 d5f3 d613 d613 d633 de33 de34 de54 de54 de54 de54 de54 de74 e675 e675 e695 e695 de55 acae bcf0 ddf4 cdb3 836b 49e6 39a6 4a48 62ca 6aea 6aea 6aca 6aea 730a 836b a46f bd12 6ac8 6a87 bd31 ddf4 d5b3 c531 ac8f acaf d5f4 e697 e6b7 e6b7 e6b7 de96 de76 e696 e6b7 eed7 e6d7 e6b7 e697 e697 e697 e6b7 e6d7 e6d7 e6d7 e6d7 e6d7 e6d7 e6d7 e6d6 e6b6 e6b6 e6b6 e6b6 e6b6 e6b6 e6b6 e6b7 e6b7 e6b6 e6b6 e6b6 e6b6 e6b6 e6b6 e6b6 e695 de55 de54 de55 de75 e695 e695 e695 e696 e696 e696 e696 e696 e696 e696 e696 e695 e675 e654 de33 de13 d612 de13 d5f2 d5d2 d5d1 cdd1 d5d1 d5d2 d5d2 d5d2 d5f2 d5f2 cd91 c530 b4ee acad a46c a44c a46d acce acef acef b530 bd30 bd30 c530 c550 c570 c550 c52f bd2f bd0e bd0f c52f c550 cd91 cd91 cd91 cdb1 cdb1 cdb1 cdb1 d5d2 d5f2 de13 de13 de34 e654 e654 e675 e675 e655 de55 de34 de34 de34 de34 d614 d614 cdd3 d5f3 d614 d5f3 cdb2 cdb2 cdb3 cd92 c551 c571 bd51 c571 cd92 d5f3 d634 d614 d5f3 de34 d634 d614 d634 de34 de54 de55 de55 de55 de55 de35 d635 d615 cdd4 cdd3 cdd3 cdf3 cdd3 cdb2 bd30 b50f c551 bd30 bd30 b510 acae 940c 8beb 8bcb 7b69 8bcb acce b50f b50f bd2f bd2f bd4f bd4f c570 c570 c550 c550 bd2f bd0f bd0f bd2f bd2f bd0e b4ee bd0f cd91 d5f3 de34 de54 de55 de55 de55 de55 e675 e696 e696 e696 e6b6 e6b6 e6b7 
960d 960d 95ec 95ec 95cc 9ded a60e ae4f b66f b690 b670 b670 b650 be50 be50 be30 be30 bdf0 bdf0 bdf0 bdf0 c5f0 c5d1 c5f1 d632 de53 d654 acef b4ef bd30 b4af cd72 bcf0 9bec 7b08 a42d bcf0 bd10 a44e 7b4a 5a67 5a47 6ac9 bd11 ddd4 ddf3 ddd3 c552 93cc 5a47 4a06 730a 7b8d 41e6 41e6 732a d5d3 ee13 ee13 e5f3 a44d b511 d615 d635 de34 d634 d634 de34 de54 de34 de34 d614 d614 d614 d613 d634 de34 de33 de34 de54 de54 de54 de54 de54 e675 e675 e695 e695 e696 e696 e696 e696 cdd3 ac6e d5d3 ddd4 9c0e 5206 3985 2944 39c6 41e6 41e6 41e6 4207 41e6 41e6 49e6 5207 5a68 49c5 8bcc cd93 ddf4 e614 d5b3 d5b3 c531 a46e accf d5f4 e6b7 eef8 e6d8 e6d8 eef8 f739 f739 f739 ef19 ef19 ef19 ef19 ef19 ef18 ef18 ef19 ef19 ef18 eef8 eef8 eef7 e6f7 e6d7 e6d7 e6d7 e6d7 e6d7 e6d7 e6b7 e6b7 e6b6 e6b6 e6b6 e6b6 e6b6 e6b6 e6b6 e6b6 e696 e695 e695 e696 e695 e695 e695 e696 e696 e696 e696 e676 e675 e675 e675 e675 e675 e654 de13 d5f2 d5f2 d5f2 d5d1 cdb1 d5d1 d5d1 d5f2 de12 de33 e633 e653 e653 de33 d5f2 cd91 c570 bd0f b4ee b4ef accf acf0 ad11 b531 b510 b511 bd31 bd30 c550 bd50 c550 bd2f bd2f bd2f bd2f bd2f c54f c550 c550 c54f bd2f bd2f bd0f bd0e b50e b4ee b4ee bd0f c550 cd91 d5d2 de13 de34 de34 d614 d614 d614 d5f3 cdd3 cdb2 c592 cdf3 d614 d614 de14 de14 de34 de34 d614 d5d3 cdd3 d5f3 de14 de55 de75 de75 de75 de75 de74 de54 de75 de75 e675 de75 de75 de75 de75 de75 de55 de55 de55 de55 de35 de55 de54 de34 d613 d613 de34 de13 de13 d614 d5f3 cdb2 cdb2 c571 bd51 bd51 cdd2 cdd1 cd91 cd91 cd91 c591 c590 cd91 cdb1 cdb1 cdb1 cdb1 cd91 c570 c550 c550 c52f bd0f bd0f bd2f c550 cdd2 de54 de55 de55 e655 e675 e675 e675 e675 de75 e696 e676 de75 
a62e a62e a62e a62e ae4f b670 be91 c6b2 c6b2 ceb2 c692 c672 c651 c631 ce31 ce32 ce52 ce32 ce32 ce32 ce32 d633 d633 d654 de95 e6b6 c5d3 acaf cdb3 a42d bcf0 bccf b4af a42d b4ae d5b2 ac8e 9bec 9bec 9bec a44e acd0 a42e ac8e e614 ee34 e634 e614 ddf3 a46e 5a26 49c6 5a69 41e7 39c6 5a68 c551 e613 ee13 e5f3 c551 7b29 a490 cdb3 d5f3 d5f3 d613 de34 de34 de34 de34 de34 e655 e675 e675 e675 e675 e675 e675 e695 e696 e696 eeb6 eeb6 eeb6 eed6 eed6 eed7 eed7 f6f8 eef8 eeb7 accf c551 de14 a46e 5226 39a5 2124 3165 41c6 41c6 5247 7b4b 940e 940d 7b4b 5a47 49e6 3964 41a4 9c2e a44e ac6e c531 b48f a42d b4af c572 bd30 a48e bd31 e696 de96 de97 e6b7 ef19 ef5a f77b f77b f75b f75b f75a f73a f73a f73a ef3a ef3a ef19 ef19 ef19 ef19 eef8 eef8 eef8 eef7 eed7 e6b7 e696 e676 e676 e696 e6b6 e6b6 e6b6 e696 e696 e696 e696 e696 e696 e695 e695 e695 e695 e695 e695 e675 e675 e675 e675 e675 e655 e654 de54 de54 de33 de13 d5f2 d5f2 d612 d5d1 cdb1 cdb1 cd90 cd91 cd91 cdb1 cdb0 cdb0 d5b1 d5b1 cd91 cd90 cd50 bd0f bcee bd0f c592 cdf4 ce15 d636 ce15 cdf5 cdd4 bd73 bd93 b531 b510 bd50 bd30 c550 cd70 cd91 cdb1 cd91 cd91 c570 c550 c550 c550 c550 bd4f bd2f bd0f bd0f b4ee bcef bd0f c570 cdb1 cdd2 cdb2 c591 cdd2 d613 d613 de34 de55 de55 d614 d614 de14 de34 de34 de35 de34 d614 d614 de34 de34 de34 de55 de75 de75 de75 de75 de75 de75 de75 de75 de55 de75 e675 de75 de75 de75 e675 e675 e655 e675 e675 e675 e655 de55 de54 de54 e654 de54 de54 de55 de55 de54 de54 de34 de34 de33 de33 de13 ddf2 d5d2 cdd2 cdd2 cdb2 d5d2 d5d2 d5d2 d5d2 d5d2 d5d2 d5b2 d5b2 cd91 cd91 cd91 d5d2 d5d2 d613 de54 e675 e676 e676 e696 e696 e676 e676 e695 e675 e695 de75 
b670 b670 b670 be91 c6b2 c6d3 ced3 ced4 d6b3 d6b3 d6b4 d694 d674 d654 d654 d674 de74 de55 d655 d675 de75 e696 e696 e6b6 e6d7 e6b7 ad10 b4f0 bd11 ac4e cd72 b46e cd31 ac4d ddd3 c531 ac4d ddd3 ddf3 ddb3 d592 cd72 cd51 d592 ee13 ee33 ee13 e613 e614 ddf4 a42e 5227 41c6 3145 39c6 4a06 ac8f d5d3 d572 bcef 8b8b 6287 6ac8 a46e cdb2 d5d3 d5f3 de13 de34 de34 de34 de34 de54 de55 e655 e675 e675 e675 e675 e695 e675 e675 e696 e696 eeb6 eeb6 e6b6 eed6 eed7 eef8 eef8 c5b3 acaf d5f3 c551 6287 41e6 3185 3165 39c6 4a07 838c bd11 ddd3 e614 e614 ddf3 c552 a46f 6288 49c4 7b29 9c0d ac6e a42d bccf bcd0 938a ac6e c531 d5d3 b4f0 bd51 de56 de77 de77 de98 e6d9 ef3a ef3b f75b f75b f75b f75b f75b f75b f75b f73a ef3a ef3a ef3a f73a ef19 eef9 eef8 eef8 eed7 e696 de34 d614 d614 de55 de75 e696 e696 e696 e696 e696 e696 e696 e696 e695 de75 e675 e675 e675 e675 de55 de34 de34 de34 de14 de34 e654 de54 de34 de33 de33 de13 de33 de33 de12 d5f2 d5f2 d5d1 d5d2 d5b1 cd90 cd6f c54f c54f c54f c52e c52f c50e bcee bcee b4ce bd10 bd31 bd52 c593 c593 c5b4 bdb4 b553 bd94 bd93 bd72 bd71 c550 c591 cdd2 de33 de53 de33 de33 de33 d5f3 d5f3 d5f2 d5f2 d5f2 d5d2 cdb2 cdb1 cd91 c570 c550 cd91 cdb1 d5f2 de13 d613 d613 d633 de34 de34 de34 de34 d614 d5f3 de14 de34 de34 d5f3 d614 de34 d614 de34 de34 de34 de34 de34 de54 de54 de54 de74 de54 de54 de34 de34 de34 de34 de34 de34 de54 de34 de34 de34 e654 e655 e655 e655 e655 e655 de55 de55 de55 e655 e655 de54 de54 de54 de34 de33 d612 d5f2 d5f2 d5d2 cdb1 cdb1 cdb2 cdd2 d5d2 d5d3 ddd3 d5d3 d5f3 d5f3 d5f3 d5f3 d5f2 d5f2 d5f3 d5f2 d5f3 de33 de54 e655 e655 e655 de34 de34 de14 de14 de14 de34 d633 d633 
ced3 ced3 ced4 d6f4 d6f5 d6f5 def6 df17 e717 e6f7 e717 e717 e6f7 e6d7 e6d7 e6f7 e6d7 e6d7 e6d7 e6d7 e6d7 e6b7 eed7 eed7 e6d7 de76 8c0c 8bcc 940d 8bcb a46e b4af c511 b4cf de14 bcf0 ac6e ddf4 e614 e614 e614 e614 e614 e614 ee13 ee33 ee13 e613 e613 e614 cd93 730a 41c5 41c6 41e6 41c5 7309 7b29 7b08 7b29 72e8 734a 6ac9 8bcc c572 cdb2 cdd2 d5f3 de13 de34 de34 de34 de34 de34 de34 de54 de54 de54 de54 de55 de55 de55 de55 e675 e675 e695 e696 e6b6 e6b7 e697 c5b3 7b6a 93ec c593 9c6e 41e5 39c5 3165 39c6 4a07 8bcd cd93 e614 ee14 ee13 ee13 e613 e614 c531 93cc a46f acaf 9c2d 8b8a bd11 a46e bd11 9c0d c552 ac8e cd92 d5d3 93ec a4b0 acf1 9c90 944f 9caf ad11 b573 d656 e6d9 f73a f75b f77b f77b f75b f75b f75b f75b f75a f73a f73a ef19 ef19 ef18 eef8 eed7 eeb6 eeb6 eeb6 eeb7 eed7 eed7 eed7 e6b7 e6b7 e6b7 e6b7 e6b6 e696 e696 e696 e696 e676 e675 e675 de55 de54 de55 de34 d614 de34 de54 de54 e654 de54 de34 de34 de34 de33 de33 de13 ddf2 d5f2 d5f2 d5d1 d5b1 cd90 c54f c54f c52e c50e c50e bcee bcee bcce bcce bcef b4ef bcef bd30 cd72 cdb3 cdd4 c5b4 cdd4 cdd4 c592 bd30 c550 cdb1 cdf2 d613 de33 de53 de53 de54 de34 de34 de34 de34 de34 de33 de13 de13 de13 d5f2 d5d2 d5d2 d5d2 d5d2 de13 de54 de54 d654 de34 de34 d634 de34 de34 d634 de34 de34 d614 d5f3 d614 d614 d614 de34 de34 de34 de34 de34 de34 de34 de34 de34 de34 de33 de34 de34 de34 de34 de34 de34 de34 de34 de34 de34 de34 de54 de34 de34 de54 de34 de34 de34 de34 de34 de34 de34 de33 de33 d613 d5f2 cdd2 cd91 c571 c550 bd2f bd0f bd2f bd50 c571 cd91 cd91 cd91 cd91 cd91 cd91 cdb1 cdb1 cdb1 cdb1 cdb1 cdb2 d5d2 d5f3 d5f3 d5f3 d5d3 c591 c551 bd51 c551 c551 c571 c570 c591 
def5 df16 e717 e737 e758 e758 e739 ef39 ef39 ef39 ef39 f739 ef19 eef8 eef8 eef8 e6d7 eed7 e6d7 e6d7 e6d7 eed7 eed7 e6d7 e6b7 bd72 7b6a 940d 8bec 7b8a 7b4a 8bcc 93ec 93ec bd31 ac8f 93cc cd93 ddd4 d5b3 cd51 c531 cd51 d5b3 ddf3 e5f3 e614 e614 e5f4 d5b3 a46e 6ae8 5aa8 6b29 62e9 62c8 6ae8 7b4a 8bcc 942d 7b6a 6b09 62e9 940e c593 cdd3 cdf3 d5f3 de13 de34 de34 de34 de54 de54 de54 de54 de54 e674 e675 e675 e675 e675 e675 e675 e696 e675 e675 de76 e676 cdf5 940d 8bcc 6ae8 7b8b 6ae9 3984 41e6 41e6 41a6 6ac9 c593 de14 e614 ee14 ee14 ee13 e614 ddf4 bcd0 93cc a44e a46e 9c0d 836a b511 a48f a46e a44e c552 acaf b4d0 b510 7b29 838c ad12 a4b0 946f 9c6e 9c6e 944e 944e a4d0 d636 ef19 f73a f75b f75b f77b f77b f75b f75b ef1a ef19 e6f9 e6d8 e6d7 e6b7 de76 de76 e676 e696 eeb7 eed8 eef8 eef8 eef8 eef8 eef8 eef8 eed7 eed7 eeb7 e696 e696 e696 e676 e676 e675 e675 e675 de55 de55 e655 e654 e654 e655 e655 de54 de54 de34 de33 de13 d5f3 d5d2 d5b1 cd91 cd70 cd70 cd50 c52f c52e c50e c50e bcee bced bccd bccd bccd bccd b4ce bcee bd0f bd10 bcf0 bd10 bd31 c531 c551 c530 c510 c550 cdb1 cdf1 d5f2 d5d2 cdd2 d5f2 d613 de13 de34 de34 de34 de34 de34 de34 de33 de33 de34 de34 de33 de13 d5f3 de13 de33 de33 d654 de34 d634 d614 de34 de34 de34 de34 d614 d614 d614 d613 d613 d613 de33 de34 de34 de34 de34 de34 de34 de34 de34 de34 de33 de33 de33 de33 de33 de33 de13 de13 de13 de13 d613 d5f3 d5f3 d5d2 d5d2 d5d2 cdb2 cd91 cd91 cd91 cdb1 cdb1 cdb1 cdb1 cdb1 cdb1 cdb1 cdb2 cdb1 cd91 c570 c550 c550 c570 c591 cdb2 d5d2 d5d2 cdb2 cdb2 cdb2 cdb1 cdb1 cdb1 cdb1 cdb1 cdb1 cdb1 cdb1 cdd2 cdd2 cdd2 cdb1 bd50 bd2f bd30 bd30 bd30 bd10 bd10 bd30 
e717 ef59 ef7a ef7a ef7a ef7a ef5a ef5a ef5a ef3a f73a f73a ef19 eef8 e6f8 e6d7 e6b7 e6b7 e6b7 e6b7 e6d7 eed7 eed7 eed7 e6b7 ad10 83cb 946e 9c6e 9c6e 946d 942d 940c 93ec 8bcb 8bab 7b29 8bcc 9c2d 8bcb 8bab 93cc 93cc 8b8b 9bec a42d a44d a42d 9c0d 836a 6ac8 7329 7bab 83ec 8c2d 944d 944d 9c6e 944e 8c0d 62e9 5aa9 5aa9 944e b552 bd93 cdd3 d613 de34 e654 e675 e675 e675 e675 e695 e695 e695 e695 e695 e695 e695 e6b5 e6b6 e696 de55 d5f3 cdd3 c5b3 bd72 a48f 7b4a 9c2e 7b4a 8bec 83cc 5a88 734b 6aea 5a68 6ae9 9c2d accf bd10 bd10 bccf b4af ac6e 9c0c 8b8b 836a 9c2e 942d 7308 6ac7 838b 7329 7329 7308 838b 7309 838a 8bab 940d 8c0d d657 e6d9 de98 ce35 c5f4 c5d3 c5b3 c5b3 d635 e6b7 e6d8 e6f9 ef1a ef5a f75b f75b f75b ef1a e6d9 deb8 deb7 de97 de76 de56 d635 d635 de35 de76 e697 eed7 eef8 eef8 eef8 eef8 eef8 eef8 eef8 eef7 eed7 e6b6 e6b6 e696 e696 e696 e675 e675 e675 e675 e675 e675 e675 e675 e655 e655 e655 de54 de34 de13 ddf3 d5f3 d5f2 d5d2 cdb1 cd70 cd50 c52f bd0e c50e c52f cd4f cd4f c52f c52e c50e c50e c50f c50f c52f bd10 c551 c572 c572 c572 bd10 b4ae b48d b4ad b50e bd2f bd2f bd2f b50e b4ee bd0f c570 cd91 cdb1 d5f2 d613 de33 de33 de13 d613 de13 de34 de33 de33 de13 de13 de33 d633 d633 de34 d614 d614 d614 d614 d614 d613 d613 d613 d5f3 d5f3 d5f3 d5f3 d613 d613 d614 d614 de34 de34 de34 de34 de34 de13 d5f3 d5f2 d5f2 d5f2 d5f2 d5f3 d5f3 d5f2 d5f2 d5d2 cdb1 cd91 cd91 c591 c591 c570 c570 c550 bd4f bd2f bd2f c550 c570 cd91 cdb1 d5d2 d5f3 de13 de13 ddf3 de13 ddf3 de13 de13 de33 de33 de54 de54 de13 de33 de33 d613 d613 d613 d613 d5f2 d5f2 d5f3 d5f3 d5f3 d5f3 d5f3 d613 d5d2 c570 c550 c550 bd0f b4ef acce acae 
ef7a ef7a ef7b ef7b f77b f75b f75a f75a ef5a ef3a ef3a ef19 ef19 ef19 eef8 e6d8 e6d7 e6d7 e6b7 e6b7 e6d7 e6d7 e6b7 e6b7 e6b6 c5d3 83ec 8c0c 942d 946e 948e 9c8e 9c6e 9c6d 9c8e 9c6e 9c4d 9c4d 9c4d 9c4d 9c6d 9c6e 9c4d 9c4d 942d 93ec 8bcc 8bec 940d 942d 944d 946e 946e 946d 944d 942c 8c0c 83cc 7bac 736b 62e9 62ca 6b2b 7bac 944f a4f0 c5b3 d635 de75 e695 e696 e696 e696 e696 e6b6 e6b6 eeb6 eeb6 e6b6 e696 e695 e696 e6b6 e696 d5f3 b4ef acae 9c6e 9c4e 93ed 7b4a 838b 6ac8 83ec 83cc 734a 944e 9c4e 944e 942d 940c 8bcb 838a 83aa 8bcb 940c 9c2d 9c4d 9c6d 9c4d 944d 944d 942d 944d 942d 944d 944d 944d 942c 944d 944d 9c6d 944e 83cd ce16 ef3b ef1a e6b8 d656 cdf5 ce15 d656 d656 c5b4 b573 bd94 c5f5 d656 deb8 e6f9 ef3a e71a e6f9 ef19 ef39 ef39 f719 eef8 eed8 e6b7 e697 e697 e6b7 e6b7 eed8 eef8 e6b7 e6b7 e696 e696 e6b6 e696 e696 e695 de75 de75 de55 de75 e696 e676 e676 e676 e675 e675 e675 e675 e675 e675 e675 e675 e675 e655 e655 e655 e654 de34 ddf3 d5f2 d5d2 cd91 cd70 cd70 cd70 cd91 d591 cd70 cd70 cd91 d5b1 d5d2 d5f3 d5d2 d5d3 d614 d635 d635 d635 d5d3 bd0f acad ac8c a48c a46b a46c a46c a48c ac8d acad b4ce bcef bd0f bd50 c550 c570 c571 cd91 cd91 cdd2 d5f2 d5f3 d5f2 d5f2 d5f3 d613 d633 d633 d634 de14 d613 d5f3 d613 d5f3 d5f3 d5f3 d5f3 d5f3 d5f3 d5f3 d613 d613 d613 d613 d613 d613 de34 de34 de34 de33 de13 d5f3 d613 d5f3 d613 d613 de13 de33 de33 de33 de33 de13 d613 d613 d5f3 d5f2 d5d2 cdb1 c590 c550 c550 cd91 cdb1 d5f2 de12 de13 de13 de13 de13 de13 de13 de33 e654 e674 e674 e654 e674 e675 e675 de55 de55 de55 de54 de54 de54 de34 de34 de34 de34 de34 de34 de34 d613 d5d2 d5f3 cdb1 c570 bd50 b50f b4ef b4ef b4ef 
f77b f77b f77b ef7b f77b f75b f75b f75b f75a ef5a ef3a ef3a ef3a ef3a ef39 eef8 eed8 e6d7 e6b7 e6b7 e6b7 e6d7 e6b7 e6b7 e6d7 e6b7 ce14 a4f0 8c2d 83ec 83ec 8c0c 942d 944d 946e 9c6e 9c6e 9c6e 9c6e 9c6d 9c6e 9c6e 9c6e 9c4e 944d 942d 8c0c 8c0c 8c0c 8c0c 83eb 83cb 7baa 7baa 83ab 83ab 8c0c a4f0 b573 bdb4 b594 b553 9cb0 9c8f bd72 ce15 de55 de76 e696 e696 e696 e696 e696 e696 e696 e6b6 e6b6 e6b6 e6b6 eeb6 e6b6 e6b6 e6b6 e6b6 e6b6 e675 de55 d634 d635 d614 cdf3 b551 9c6e 8c0d 7b6b 7b6b 8c0c 8c0d 8c0c 942d 944d 944d 9c4d 944d 944d 9c6e 9c6e 9c6e 9c6e 9c6e 9c8e 9c6e 9c6e 9c6e 9c8e 9c8e 9c8e 9c8e 9c8e 9c8d 948d 946d 944e 734b 9470 bd95 d678 ef1a ef5a ef1a e6f9 ef1a e6d9 ce16 ad32 9cb0 948f 946f 9cb0 b573 ce36 d657 d677 de98 e6f9 e6f9 eef9 eef8 eef8 eef9 eef8 eef8 eef8 eef7 eed7 eed7 e6b7 de96 de55 d655 d634 cdf3 cdd2 c5b2 cdd3 d5f3 d614 d655 de76 de76 e676 e696 e696 e696 e696 e696 e696 e696 e695 e696 e696 e675 e675 e696 e695 e675 de54 de54 de54 de54 de33 de13 ddf2 ddf2 d5f2 d5d1 d5b1 d5d2 d5d2 d5f3 de13 de13 de13 de34 d614 d613 d613 cdd2 c591 bd0e acad a48c a46c a46c a46c ac8d acad b4ce b4ee bd0f bd30 c570 c550 c550 bd2f b50f bd0f bd2f bd4f c570 c590 c591 cdb2 d5f2 d613 d613 d5f3 d5f3 d5d3 d5d3 d5d3 cdd2 cdd2 d5d2 d5f2 d5f2 d5d2 d5d2 d5d2 d5f2 d5f3 d5f3 d5f2 d5f3 d613 de34 de34 de33 de33 de33 de33 de33 de33 de33 de34 de34 de54 de34 de34 de54 de34 de33 de33 de13 d5f3 d5d2 d5d2 cdb1 cd91 c590 cd91 d5d1 d5f2 d5f2 d5f2 d5f2 d5d2 d5b1 cdb1 cdb1 d5d2 d5f2 d5f2 de13 de34 de55 e675 e675 de35 de34 de34 de34 de34 de34 de34 de34 de34 de34 d613 d633 cdd2 bd70 cdb2 cdd2 cdb2 c5b1 c591 c591 bd50 c5b2 
f77b f77b f77b f77b f77b f75b f75b f75b f75b f75a ef3a ef3a ef3a ef39 ef18 e6d8 e6d7 e6b7 e6b7 e6b7 e6b7 e6b7 e6b7 e6d7 e6d8 eef8 eef9 eef9 deb8 ce36 b573 a511 9cb0 9c6e 944e 9c6e 9c8e 9c8f 9c6e 9c6e 9c6e 9c6e 9c6e 9c4e 942d 944e 9c8f a4d0 b511 b551 b551 b530 acf0 a4cf 9c8e 9c8e a4af bd93 c5d4 bdb4 b573 b532 acf0 bd50 c5b2 cdf3 d634 e695 eeb6 eeb6 e6b6 e6b6 e6b6 e6b6 e6b6 e6b6 e696 e696 e696 e6b6 e6b6 e6b6 e6b6 e6b6 eeb6 eed6 eed6 eeb6 de75 d634 d634 d654 de55 d655 ce15 c5b3 bd72 b531 a4cf 9caf 9c6e 942d 944d 942d 8c2d 8c0d 8bec 8bec 83ab 83cc 942d 9c6e 944e 8c0c 8c0c 942d 944d 944e 946e 946e 944e 8c0d 83cd 83cd 9470 9cd1 ad33 d678 f75b f75b f75b f75b f75b ef3a de98 bd93 a4f1 8c0d 83ed 840d 9cb0 bd94 ce16 d677 e6d8 e6f9 eef9 eef9 ef19 eef9 e6f8 e6d8 deb7 de76 de76 de76 d655 cdf4 c5b3 c5b3 c592 bd71 b530 b530 b530 bd30 bd51 c5b3 cdf4 d635 de76 e697 eeb7 eeb6 eeb6 eeb6 eeb6 e6b6 e696 e696 ee96 ee96 e696 ee96 eeb6 e696 e675 e675 e675 e675 e674 e654 de33 ddf3 d5f2 d5d2 d5f2 de13 e634 e654 e674 e674 e654 e675 e654 de54 de54 de53 d633 cdb1 bd2f b50e bd0f b4ee acad b4ce b4ce acae acae b4ef c570 cd91 d5d2 d5f2 cdd1 c570 c550 bd2f bd0f bd0f b50f bd0f bd2f c570 cdb1 cdd2 d5f2 d5f3 d5f3 d5d3 d5f3 d5d2 d5d2 d5f2 d5f2 d5f2 d5f2 d5f3 d5f2 d5d2 cdd2 cdd2 d5d2 d5f3 d613 d613 d613 de13 de13 de33 de33 de33 de33 de33 de33 de33 de34 de33 de33 de34 de34 de33 de33 de33 de13 de13 de33 de13 d5d2 cdb1 cd91 cdd1 d5d2 d5f2 de13 d5f2 d5d2 d5d2 d5d2 d5d2 cdb1 c591 c591 cdb1 cdd2 d5f3 d614 de34 d614 d5f4 d614 d614 d5f4 d5f3 d5f3 d5f3 cdf3 cdf3 cdf2 cdf3 d613 d633 de54 de54 d5f3 cdd2 d613 d613 cdd2 d5f3 
f75b f75b ff7b f77b f77b f75a f75a f73a f739 ef19 eef8 e6f8 e6f8 e6d7 e6b7 e6b7 e6d7 eed8 eed8 eef8 eef8 eef8 eef9 ef19 ef19 ef19 ef19 ef1a ef3a ef5a ef3a ef1a ef19 e6f9 e6d8 e6b8 deb8 e6b8 e698 de77 de97 e6b8 e6b8 e6b8 de97 e6b7 e6b7 e6b7 e6b7 de76 d635 bd92 a4af a4af 9c6d 9c4d a48e a48e 9c6e 9c6e a4af b510 cdb2 cdd2 cdd3 cdb2 cdf3 de75 e6b6 eeb6 eeb6 eeb6 eeb6 eeb6 eeb6 eeb6 e696 e696 e696 e6b6 e6b6 e6b6 e696 e696 eeb6 eed7 eed7 eeb6 de75 de75 de75 de75 de55 de55 e6b6 eef7 eef7 eef8 eef8 eef8 eed7 e6d7 e6b7 e6b7 e697 de76 d656 d635 ce15 ce15 d656 de97 de76 ce15 c5b4 c593 bd93 bd73 bd73 bd94 bd94 c594 d657 e6b9 e6da e6fa ef1a ef3a f75b f75b f75b f75b f75b f75b ef3a ef1a e6f9 d677 ce36 bdb4 ad31 9c8f 8c4e a4f0 d656 e6d8 ef19 ef39 f73a f73a ef3a ef1a ef19 eef9 e6f9 e6f8 e6b8 d656 c5f4 bdb3 bd93 bd92 c5d3 cdf3 d5f3 d614 d614 d614 d655 de76 e6b7 eed7 eed7 eed7 eed7 eed7 eed6 e6b6 e696 e696 eeb6 eeb6 eeb6 eeb6 eeb6 eeb6 e695 e675 e675 e675 e675 e675 e674 de34 d5f3 d613 de34 e655 e695 e695 e695 e675 e675 e675 e695 e695 e695 e674 e674 e654 de33 de33 de13 de13 d5f2 cdd2 c591 bd30 b50f bd50 cdd2 d613 de34 de33 de13 ddf2 d5f2 d5d2 cd91 c550 c550 bd2f bd2f bd0f bd30 c570 cd91 cdb2 cdb2 cdd2 d5f2 d5d2 d5d2 d5d2 d5f3 d5f3 d5f2 d5f2 d5d2 cdd2 cdb2 cdd2 d5d2 d5f3 d5f3 d5f3 d613 de13 de13 de13 de33 de33 de33 de33 de33 de33 de34 de34 de34 de34 de34 de34 de34 de34 de34 de34 de34 de34 de34 de33 de33 de33 de34 de54 de54 de33 de33 de13 de13 de13 d613 d613 cdf3 d613 de34 de34 de55 de55 d655 cdf4 d635 de76 de76 de75 de75 de75 d634 d5f3 cdd3 cdb2 cdd2 d5f3 de34 de54 de54 de54 de54 de54 de55 de55 
f75a f75a f75a ef3a ef19 ef19 e6f8 e6f8 e6f8 e6d8 e6d8 e6d8 eed8 eef8 e6d8 eef8 e6d7 de97 de76 e6f8 f739 f73a f73a f75b f75b f75b f75b f75b f75b f75b f75a f75a ef3a ef3a ef3a ef3a ef3a f73a ef1a ef1a ef1a ef1a ef19 eef9 e6d8 e6b7 e697 de76 d615 c592 bd71 b510 a4ae b530 bd71 b510 acce 9c6d a44d a46d acae b4ef bd50 cd91 cd92 cdb2 cdf3 de54 e6b6 eeb6 eeb6 eeb6 eeb6 eeb6 eeb6 eeb6 eeb6 eeb6 e6b6 e6b6 e6b6 e6b6 e6b6 e696 e696 ee96 eeb6 eeb6 eeb6 eeb6 eeb6 e6d6 e6b6 e6b6 e6b6 eed7 eef7 eef7 eef7 eed7 eef8 eef8 ef18 f718 ef18 eef8 eef8 eef8 eef8 eef8 eef8 eef8 eef8 eef8 eef9 eef8 eef8 eef8 eef9 ef19 ef19 f71a f71a f71a f71a f73a f73a ef3a f73a f75a f73a f73a f73a f73a ef3a ef3a ef3a ef19 eef9 e6d8 de76 bd72 8c0c 8c0c bd72 cdf4 d656 e6b7 ef19 ef39 ef19 ef39 ef39 ef19 ef19 ef19 e6f8 e6f8 e6d7 de97 de76 d656 de76 e696 e6b6 e6b7 e6b7 e6d7 e6b7 e6b7 eed8 eed8 eed8 eed7 eed7 eed7 eeb6 eeb6 e6b6 e696 e6b6 e6b6 e6b6 e6b6 e6b6 e6b6 e696 e695 e695 e695 e695 e695 e695 e675 e675 e675 e675 e675 e695 e695 ee95 e695 e694 e695 e695 e695 e695 e695 e694 e694 e674 e674 e674 e674 e654 e654 de34 d613 cdd3 cdd3 cdd3 d5f3 de34 de13 d5d2 cdb1 cd90 cd70 cd70 c570 c52f bd2f bd2f c52f c54f c550 c550 c570 c571 c571 c571 cd91 cdb2 cdb2 cdd2 cdd2 cdd2 cdd2 cdb2 cdd2 cdb2 cdb2 cdb2 cdd2 d5d2 d5d2 d5f3 de13 de13 de13 de33 de33 de33 de33 de34 de34 de34 de34 de34 de34 de34 de34 de34 de34 de33 de34 de34 de54 de54 de34 de34 de34 de34 de54 de54 de33 de33 de34 de34 de34 d614 d614 d614 de55 e696 e6b6 e6b6 e6d7 e6d7 e6b6 e6b7 e6d8 eed7 eed7 eed7 eed7 e6d7 e6b6 e696 de55 d634 d634 d634 de55 de75 e696 e695 e695 e675 de75 
ef18 eef8 e6f8 e6d7 e6d7 e6d7 e6d7 e6d7 e6f8 ef19 ef19 f73a f73a ef1a de77 c5d4 bd93 bd73 bd73 ce15 e6d8 ef3a f75a f75b f75b f75b f75b f75b f75b f75b f75b f75a f73a f73a f73a ef3a f73a f73a f71a ef19 eef9 e6b8 e6b8 de56 cdf4 d614 de35 d635 d614 cdd3 cdd2 cdd3 cdd3 cdd2 c5b2 b530 acce a48d a46c a4ad acce acce accd bd0e c591 cdd2 d633 de74 e6b5 eeb6 eeb6 eeb6 eeb6 eeb6 eeb6 eeb6 eeb6 eeb6 eeb6 eeb6 eed6 eed6 eed6 eeb6 e696 e696 e696 eeb6 eeb6 eeb6 eeb6 eeb6 eeb6 eeb6 eeb6 eed6 eed6 eed6 eed7 eed7 eed7 eed7 eef7 eef7 eef7 eed7 eed7 eed7 eed7 eed7 eed7 eed7 eed7 eed7 eed7 eed7 eed7 eed7 eed7 eed7 eed8 eef8 eef8 eef8 eef8 eef8 eef8 ef18 ef18 ef18 ef18 ef18 ef18 eef8 eef8 eef8 eef8 eed8 e6b7 e696 de55 cdf3 bd71 b530 ad0f bd91 c5d2 cdf3 d654 d655 de76 e6b7 e6d7 e6d7 eef7 e6d7 e6d7 e6d7 e6d7 e6d7 e6b7 e6b6 e6b6 e6b6 e6b6 eeb7 eeb7 eed7 e6b7 e6b7 e6b7 e697 e697 eeb6 eeb6 e6b6 e696 e696 e695 e675 e695 e695 e695 e695 e695 e695 e675 e675 e675 e675 e675 e675 e675 e675 e675 e695 e675 e675 e695 e695 ee95 e695 e674 ee95 e695 e695 ee95 e695 e694 e695 e695 e675 e674 e674 e654 e654 de54 de54 de34 d614 d613 d5f3 d5f3 d5d2 cd91 c570 bd2f bd0f bd0f bd0f b4ee b4ce b4ee bcee bd0f bd2f c54f c54f bd4f bd2f bd2f bd2f c550 c570 c571 c570 c571 cd91 cdb2 d5d2 d5f2 d5f3 d5f3 d5f3 d5f2 d5d2 d5f2 de13 de13 de13 de33 de33 de33 de33 de33 de34 de34 de34 de34 de33 de34 de34 de34 de34 de34 de54 de54 de54 de54 de54 de34 de34 de34 de33 de13 d613 d5f2 d5f3 de13 d613 d613 d613 d613 d614 de54 de75 de75 e696 e6b6 e6d6 eed7 eed7 eed8 eef8 eef8 eef8 eef8 eef8 eed8 eed8 eed7 e6b7 e696 e696 e6b6 e696 e696 e696 e696 e696 
e6f8 e6f8 e6f8 e6f7 deb7 d655 ce14 ce14 de76 ef19 f75a f75b f75b ef1a d678 c5d5 bdb4 c5d5 c5b4 c5d5 d657 ef1a f75b f75b f75b f75b f75b f75a f75a ef3a ef5a ef39 ef19 eef9 eef8 eef8 e6d8 e6b7 e697 de96 de76 d635 d635 cdf4 c5b3 cdd3 cdd2 cdd2 cdd3 cdd3 cdd2 cdd2 cdb2 bd50 bd30 acee a4ad a48d 9c6c a48d a4ad 9c6c a48d bd2e cdb1 d612 e674 e674 e674 e674 e695 e695 e695 e695 e695 eeb6 eeb6 eeb6 eeb6 eeb6 eeb6 eeb6 eeb6 eeb6 eeb6 e696 e695 eeb6 eeb5 e6b5 e6b5 e695 eeb5 eeb5 eeb6 eeb6 eeb6 eeb6 eeb6 eeb6 eeb6 e6b6 e696 e695 e695 e6b6 e6b6 e6b6 e696 e696 e6b6 eeb6 eeb6 eeb6 eeb6 eeb6 eeb6 eeb6 eeb6 e6b6 e6b6 e6b6 e6b6 e6b7 e6b7 eeb7 eed7 eed7 eed7 eed7 eed7 eed7 eed7 eed7 eed7 eed7 e6b7 e6b7 e676 de75 de34 cdd2 cdb2 c5b2 c591 c591 cdb1 cdd2 c5d2 c591 c591 c5d2 cdd2 d634 de95 e6b6 e6b6 e696 e696 e696 e696 e696 e695 e696 e696 e696 e696 e696 e696 e696 e676 e675 e676 e675 e675 e675 e675 e675 e674 de74 de54 de54 de54 de54 de33 de33 e654 e654 e654 e674 e674 e654 e654 e654 e674 e674 e674 e674 e674 e674 e674 e654 de53 e654 e674 e674 e674 e674 e674 e674 e654 de34 de33 de13 d5f2 d5d2 d5d2 d5d2 cd91 c571 bd50 bd2f bd0f b4ef bd2f c550 c550 c550 c550 c550 c52f c52f c550 c550 c550 c570 c570 c54f bd2f bd0f bd0f bd0f bd0f bd0f bd2f c550 c570 c571 c571 cdb2 cdd2 d5f3 de34 de34 de13 d613 de13 de13 d613 de13 de33 de13 d613 d5f3 de13 de33 de33 de33 de13 d613 d613 de33 de33 de33 de33 de33 de33 de33 de33 de33 de33 de33 d613 d5d2 cdd2 cdd2 cdd2 cdb2 d5f3 de13 de33 de34 de34 de54 e675 e675 de75 e695 e696 e696 e696 e6b6 e6b7 e6d7 eef8 eef8 eef8 eef8 eef8 eef8 ef18 ef18 eef8 eed7 eed7 eed7 e6d7 e6d7 e6d7 e6b7 
