Copyright 1986-2020 Xilinx, Inc. All Rights Reserved.
--------------------------------------------------------------------------------------------------------------------------------------------------------------------------------------------------------------------------------
| Tool Version : Vivado v.2020.2 (win64) Build 3064766 Wed Nov 18 09:12:45 MST 2020
| Date         : Wed Apr  2 22:08:31 2025
| Host         : DESKTOP-5KDKKP9 running 64-bit major release  (build 9200)
| Command      : report_timing_summary -max_paths 10 -file top_counter_up_down_timing_summary_routed.rpt -pb top_counter_up_down_timing_summary_routed.pb -rpx top_counter_up_down_timing_summary_routed.rpx -warn_on_violation
| Design       : top_counter_up_down
| Device       : 7a35t-cpg236
| Speed File   : -1  PRODUCTION 1.23 2018-06-13
--------------------------------------------------------------------------------------------------------------------------------------------------------------------------------------------------------------------------------

Timing Summary Report

------------------------------------------------------------------------------------------------
| Timer Settings
| --------------
------------------------------------------------------------------------------------------------

  Enable Multi Corner Analysis               :  Yes
  Enable Pessimism Removal                   :  Yes
  Pessimism Removal Resolution               :  Nearest Common Node
  Enable Input Delay Default Clock           :  No
  Enable Preset / Clear Arcs                 :  No
  Disable Flight Delays                      :  No
  Ignore I/O Paths                           :  No
  Timing Early Launch at Borrowing Latches   :  No
  Borrow Time for Max Delay Exceptions       :  Yes
  Merge Timing Exceptions                    :  Yes

  Corner  Analyze    Analyze    
  Name    Max Paths  Min Paths  
  ------  ---------  ---------  
  Slow    Yes        Yes        
  Fast    Yes        Yes        



check_timing report

Table of Contents
-----------------
1. checking no_clock (88)
2. checking constant_clock (0)
3. checking pulse_width_clock (0)
4. checking unconstrained_internal_endpoints (8)
5. checking no_input_delay (2)
6. checking no_output_delay (15)
7. checking multiple_clock (0)
8. checking generated_clocks (0)
9. checking loops (0)
10. checking partial_input_delay (0)
11. checking partial_output_delay (0)
12. checking latch_loops (0)

1. checking no_clock (88)
-------------------------
 There are 8 register/latch pins with no clock driven by root clock pin: U_Uart/U_Baud/tick_reg/Q (HIGH)

 There are 8 register/latch pins with no clock driven by root clock pin: U_Uart/U_Uart_Rx/FSM_sequential_state_reg[0]/Q (HIGH)

 There are 8 register/latch pins with no clock driven by root clock pin: U_Uart/U_Uart_Rx/FSM_sequential_state_reg[1]/Q (HIGH)

 There are 8 register/latch pins with no clock driven by root clock pin: U_Uart/U_Uart_Rx/data_count_reg_reg[0]/Q (HIGH)

 There are 8 register/latch pins with no clock driven by root clock pin: U_Uart/U_Uart_Rx/data_count_reg_reg[1]/Q (HIGH)

 There are 8 register/latch pins with no clock driven by root clock pin: U_Uart/U_Uart_Rx/data_count_reg_reg[2]/Q (HIGH)

 There are 8 register/latch pins with no clock driven by root clock pin: U_Uart/U_Uart_Rx/tick_count_reg_reg[0]/Q (HIGH)

 There are 8 register/latch pins with no clock driven by root clock pin: U_Uart/U_Uart_Rx/tick_count_reg_reg[1]/Q (HIGH)

 There are 8 register/latch pins with no clock driven by root clock pin: U_Uart/U_Uart_Rx/tick_count_reg_reg[2]/Q (HIGH)

 There are 8 register/latch pins with no clock driven by root clock pin: U_Uart/U_Uart_Rx/tick_count_reg_reg[3]/Q (HIGH)

 There are 8 register/latch pins with no clock driven by root clock pin: U_Uart/U_Uart_Rx/tick_count_reg_reg[4]/Q (HIGH)


2. checking constant_clock (0)
------------------------------
 There are 0 register/latch pins with constant_clock.


3. checking pulse_width_clock (0)
---------------------------------
 There are 0 register/latch pins which need pulse_width check


4. checking unconstrained_internal_endpoints (8)
------------------------------------------------
 There are 8 pins that are not constrained for maximum delay. (HIGH)

 There are 0 pins that are not constrained for maximum delay due to constant clock.


5. checking no_input_delay (2)
------------------------------
 There are 2 input ports with no input delay specified. (HIGH)

 There are 0 input ports with no input delay but user has a false path constraint.


6. checking no_output_delay (15)
--------------------------------
 There are 15 ports with no output delay specified. (HIGH)

 There are 0 ports with no output delay but user has a false path constraint

 There are 0 ports with no output delay but with a timing clock defined on it or propagating through it


7. checking multiple_clock (0)
------------------------------
 There are 0 register/latch pins with multiple clocks.


8. checking generated_clocks (0)
--------------------------------
 There are 0 generated clocks that are not connected to a clock source.


9. checking loops (0)
---------------------
 There are 0 combinational loops in the design.


10. checking partial_input_delay (0)
------------------------------------
 There are 0 input ports with partial input delay specified.


11. checking partial_output_delay (0)
-------------------------------------
 There are 0 ports with partial output delay specified.


12. checking latch_loops (0)
----------------------------
 There are 0 combinational latch loops in the design through latch input



------------------------------------------------------------------------------------------------
| Design Timing Summary
| ---------------------
------------------------------------------------------------------------------------------------

    WNS(ns)      TNS(ns)  TNS Failing Endpoints  TNS Total Endpoints      WHS(ns)      THS(ns)  THS Failing Endpoints  THS Total Endpoints     WPWS(ns)     TPWS(ns)  TPWS Failing Endpoints  TPWS Total Endpoints  
    -------      -------  ---------------------  -------------------      -------      -------  ---------------------  -------------------     --------     --------  ----------------------  --------------------  
      5.469        0.000                      0                  149        0.175        0.000                      0                  149        4.500        0.000                       0                   110  


All user specified timing constraints are met.


------------------------------------------------------------------------------------------------
| Clock Summary
| -------------
------------------------------------------------------------------------------------------------

Clock        Waveform(ns)       Period(ns)      Frequency(MHz)
-----        ------------       ----------      --------------
sys_clk_pin  {0.000 5.000}      10.000          100.000         


------------------------------------------------------------------------------------------------
| Intra Clock Table
| -----------------
------------------------------------------------------------------------------------------------

Clock             WNS(ns)      TNS(ns)  TNS Failing Endpoints  TNS Total Endpoints      WHS(ns)      THS(ns)  THS Failing Endpoints  THS Total Endpoints     WPWS(ns)     TPWS(ns)  TPWS Failing Endpoints  TPWS Total Endpoints  
-----             -------      -------  ---------------------  -------------------      -------      -------  ---------------------  -------------------     --------     --------  ----------------------  --------------------  
sys_clk_pin         5.469        0.000                      0                  149        0.175        0.000                      0                  149        4.500        0.000                       0                   110  


------------------------------------------------------------------------------------------------
| Inter Clock Table
| -----------------
------------------------------------------------------------------------------------------------

From Clock    To Clock          WNS(ns)      TNS(ns)  TNS Failing Endpoints  TNS Total Endpoints      WHS(ns)      THS(ns)  THS Failing Endpoints  THS Total Endpoints  
----------    --------          -------      -------  ---------------------  -------------------      -------      -------  ---------------------  -------------------  


------------------------------------------------------------------------------------------------
| Other Path Groups Table
| -----------------------
------------------------------------------------------------------------------------------------

Path Group    From Clock    To Clock          WNS(ns)      TNS(ns)  TNS Failing Endpoints  TNS Total Endpoints      WHS(ns)      THS(ns)  THS Failing Endpoints  THS Total Endpoints  
----------    ----------    --------          -------      -------  ---------------------  -------------------      -------      -------  ---------------------  -------------------  


------------------------------------------------------------------------------------------------
| Timing Details
| --------------
------------------------------------------------------------------------------------------------


---------------------------------------------------------------------------------------------------
From Clock:  sys_clk_pin
  To Clock:  sys_clk_pin

Setup :            0  Failing Endpoints,  Worst Slack        5.469ns,  Total Violation        0.000ns
Hold  :            0  Failing Endpoints,  Worst Slack        0.175ns,  Total Violation        0.000ns
PW    :            0  Failing Endpoints,  Worst Slack        4.500ns,  Total Violation        0.000ns
---------------------------------------------------------------------------------------------------


Max Delay Paths
--------------------------------------------------------------------------------------
Slack (MET) :             5.469ns  (required time - arrival time)
  Source:                 U_Counter/U_Clk_Div_10Hz/div_counter_reg[20]/C
                            (rising edge-triggered cell FDCE clocked by sys_clk_pin  {rise@0.000ns fall@5.000ns period=10.000ns})
  Destination:            U_Counter/U_Clk_Div_10Hz/div_counter_reg[0]/D
                            (rising edge-triggered cell FDCE clocked by sys_clk_pin  {rise@0.000ns fall@5.000ns period=10.000ns})
  Path Group:             sys_clk_pin
  Path Type:              Setup (Max at Slow Process Corner)
  Requirement:            10.000ns  (sys_clk_pin rise@10.000ns - sys_clk_pin rise@0.000ns)
  Data Path Delay:        4.164ns  (logic 1.083ns (26.010%)  route 3.081ns (73.990%))
  Logic Levels:           4  (LUT2=1 LUT4=1 LUT5=1 LUT6=1)
  Clock Path Skew:        -0.026ns (DCD - SCD + CPR)
    Destination Clock Delay (DCD):    4.853ns = ( 14.853 - 10.000 ) 
    Source Clock Delay      (SCD):    5.152ns
    Clock Pessimism Removal (CPR):    0.273ns
  Clock Uncertainty:      0.035ns  ((TSJ^2 + TIJ^2)^1/2 + DJ) / 2 + PE
    Total System Jitter     (TSJ):    0.071ns
    Total Input Jitter      (TIJ):    0.000ns
    Discrete Jitter          (DJ):    0.000ns
    Phase Error              (PE):    0.000ns

    Location             Delay type                Incr(ns)  Path(ns)    Netlist Resource(s)
  -------------------------------------------------------------------    -------------------
                         (clock sys_clk_pin rise edge)
                                                      0.000     0.000 r  
    W5                                                0.000     0.000 r  clk (IN)
                         net (fo=0)                   0.000     0.000    clk
    W5                   IBUF (Prop_ibuf_I_O)         1.458     1.458 r  clk_IBUF_inst/O
                         net (fo=1, routed)           1.967     3.425    clk_IBUF
    BUFGCTRL_X0Y0        BUFG (Prop_bufg_I_O)         0.096     3.521 r  clk_IBUF_BUFG_inst/O
                         net (fo=109, routed)         1.631     5.152    U_Counter/U_Clk_Div_10Hz/CLK
    SLICE_X5Y37          FDCE                                         r  U_Counter/U_Clk_Div_10Hz/div_counter_reg[20]/C
  -------------------------------------------------------------------    -------------------
    SLICE_X5Y37          FDCE (Prop_fdce_C_Q)         0.419     5.571 f  U_Counter/U_Clk_Div_10Hz/div_counter_reg[20]/Q
                         net (fo=4, routed)           1.083     6.654    U_Counter/U_Clk_Div_10Hz/div_counter[20]
    SLICE_X5Y35          LUT4 (Prop_lut4_I0_O)        0.296     6.950 r  U_Counter/U_Clk_Div_10Hz/div_counter[23]_i_7/O
                         net (fo=1, routed)           0.645     7.595    U_Counter/U_Clk_Div_10Hz/div_counter[23]_i_7_n_0
    SLICE_X5Y34          LUT5 (Prop_lut5_I4_O)        0.124     7.719 r  U_Counter/U_Clk_Div_10Hz/div_counter[23]_i_5/O
                         net (fo=1, routed)           0.511     8.230    U_Counter/U_Clk_Div_10Hz/div_counter[23]_i_5_n_0
    SLICE_X5Y35          LUT6 (Prop_lut6_I1_O)        0.124     8.354 r  U_Counter/U_Clk_Div_10Hz/div_counter[23]_i_3/O
                         net (fo=24, routed)          0.333     8.687    U_Counter/U_Clk_Div_10Hz/div_counter[23]_i_3_n_0
    SLICE_X5Y35          LUT2 (Prop_lut2_I0_O)        0.120     8.807 r  U_Counter/U_Clk_Div_10Hz/div_counter[0]_i_1/O
                         net (fo=1, routed)           0.509     9.316    U_Counter/U_Clk_Div_10Hz/p_1_in[0]
    SLICE_X4Y35          FDCE                                         r  U_Counter/U_Clk_Div_10Hz/div_counter_reg[0]/D
  -------------------------------------------------------------------    -------------------

                         (clock sys_clk_pin rise edge)
                                                     10.000    10.000 r  
    W5                                                0.000    10.000 r  clk (IN)
                         net (fo=0)                   0.000    10.000    clk
    W5                   IBUF (Prop_ibuf_I_O)         1.388    11.388 r  clk_IBUF_inst/O
                         net (fo=1, routed)           1.862    13.250    clk_IBUF
    BUFGCTRL_X0Y0        BUFG (Prop_bufg_I_O)         0.091    13.341 r  clk_IBUF_BUFG_inst/O
                         net (fo=109, routed)         1.512    14.853    U_Counter/U_Clk_Div_10Hz/CLK
    SLICE_X4Y35          FDCE                                         r  U_Counter/U_Clk_Div_10Hz/div_counter_reg[0]/C
                         clock pessimism              0.273    15.126    
                         clock uncertainty           -0.035    15.091    
    SLICE_X4Y35          FDCE (Setup_fdce_C_D)       -0.306    14.785    U_Counter/U_Clk_Div_10Hz/div_counter_reg[0]
  -------------------------------------------------------------------
                         required time                         14.785    
                         arrival time                          -9.316    
  -------------------------------------------------------------------
                         slack                                  5.469    

Slack (MET) :             5.709ns  (required time - arrival time)
  Source:                 U_Counter/U_Counter/counter_reg[7]/C
                            (rising edge-triggered cell FDCE clocked by sys_clk_pin  {rise@0.000ns fall@5.000ns period=10.000ns})
  Destination:            U_Counter/U_Counter/counter_reg[3]/D
                            (rising edge-triggered cell FDCE clocked by sys_clk_pin  {rise@0.000ns fall@5.000ns period=10.000ns})
  Path Group:             sys_clk_pin
  Path Type:              Setup (Max at Slow Process Corner)
  Requirement:            10.000ns  (sys_clk_pin rise@10.000ns - sys_clk_pin rise@0.000ns)
  Data Path Delay:        4.244ns  (logic 0.952ns (22.432%)  route 3.292ns (77.568%))
  Logic Levels:           4  (LUT2=1 LUT6=3)
  Clock Path Skew:        -0.041ns (DCD - SCD + CPR)
    Destination Clock Delay (DCD):    4.856ns = ( 14.856 - 10.000 ) 
    Source Clock Delay      (SCD):    5.157ns
    Clock Pessimism Removal (CPR):    0.260ns
  Clock Uncertainty:      0.035ns  ((TSJ^2 + TIJ^2)^1/2 + DJ) / 2 + PE
    Total System Jitter     (TSJ):    0.071ns
    Total Input Jitter      (TIJ):    0.000ns
    Discrete Jitter          (DJ):    0.000ns
    Phase Error              (PE):    0.000ns

    Location             Delay type                Incr(ns)  Path(ns)    Netlist Resource(s)
  -------------------------------------------------------------------    -------------------
                         (clock sys_clk_pin rise edge)
                                                      0.000     0.000 r  
    W5                                                0.000     0.000 r  clk (IN)
                         net (fo=0)                   0.000     0.000    clk
    W5                   IBUF (Prop_ibuf_I_O)         1.458     1.458 r  clk_IBUF_inst/O
                         net (fo=1, routed)           1.967     3.425    clk_IBUF
    BUFGCTRL_X0Y0        BUFG (Prop_bufg_I_O)         0.096     3.521 r  clk_IBUF_BUFG_inst/O
                         net (fo=109, routed)         1.636     5.157    U_Counter/U_Counter/CLK
    SLICE_X1Y39          FDCE                                         r  U_Counter/U_Counter/counter_reg[7]/C
  -------------------------------------------------------------------    -------------------
    SLICE_X1Y39          FDCE (Prop_fdce_C_Q)         0.456     5.613 f  U_Counter/U_Counter/counter_reg[7]/Q
                         net (fo=32, routed)          1.339     6.953    U_Counter/U_Counter/Q[7]
    SLICE_X3Y43          LUT2 (Prop_lut2_I1_O)        0.124     7.077 f  U_Counter/U_Counter/counter[13]_i_12/O
                         net (fo=1, routed)           0.806     7.883    U_Counter/U_Counter/counter[13]_i_12_n_0
    SLICE_X3Y42          LUT6 (Prop_lut6_I0_O)        0.124     8.007 r  U_Counter/U_Counter/counter[13]_i_8/O
                         net (fo=1, routed)           0.151     8.158    U_Counter/U_Counter/counter[13]_i_8_n_0
    SLICE_X3Y42          LUT6 (Prop_lut6_I5_O)        0.124     8.282 r  U_Counter/U_Counter/counter[13]_i_3/O
                         net (fo=14, routed)          0.995     9.277    U_Counter/U_Counter/counter[13]_i_3_n_0
    SLICE_X4Y39          LUT6 (Prop_lut6_I2_O)        0.124     9.401 r  U_Counter/U_Counter/counter[3]_i_1/O
                         net (fo=1, routed)           0.000     9.401    U_Counter/U_Counter/counter[3]_i_1_n_0
    SLICE_X4Y39          FDCE                                         r  U_Counter/U_Counter/counter_reg[3]/D
  -------------------------------------------------------------------    -------------------

                         (clock sys_clk_pin rise edge)
                                                     10.000    10.000 r  
    W5                                                0.000    10.000 r  clk (IN)
                         net (fo=0)                   0.000    10.000    clk
    W5                   IBUF (Prop_ibuf_I_O)         1.388    11.388 r  clk_IBUF_inst/O
                         net (fo=1, routed)           1.862    13.250    clk_IBUF
    BUFGCTRL_X0Y0        BUFG (Prop_bufg_I_O)         0.091    13.341 r  clk_IBUF_BUFG_inst/O
                         net (fo=109, routed)         1.515    14.856    U_Counter/U_Counter/CLK
    SLICE_X4Y39          FDCE                                         r  U_Counter/U_Counter/counter_reg[3]/C
                         clock pessimism              0.260    15.116    
                         clock uncertainty           -0.035    15.081    
    SLICE_X4Y39          FDCE (Setup_fdce_C_D)        0.029    15.110    U_Counter/U_Counter/counter_reg[3]
  -------------------------------------------------------------------
                         required time                         15.110    
                         arrival time                          -9.401    
  -------------------------------------------------------------------
                         slack                                  5.709    

Slack (MET) :             5.722ns  (required time - arrival time)
  Source:                 U_Counter/U_Counter/counter_reg[7]/C
                            (rising edge-triggered cell FDCE clocked by sys_clk_pin  {rise@0.000ns fall@5.000ns period=10.000ns})
  Destination:            U_Counter/U_Counter/counter_reg[5]/D
                            (rising edge-triggered cell FDCE clocked by sys_clk_pin  {rise@0.000ns fall@5.000ns period=10.000ns})
  Path Group:             sys_clk_pin
  Path Type:              Setup (Max at Slow Process Corner)
  Requirement:            10.000ns  (sys_clk_pin rise@10.000ns - sys_clk_pin rise@0.000ns)
  Data Path Delay:        4.233ns  (logic 0.952ns (22.491%)  route 3.281ns (77.509%))
  Logic Levels:           4  (LUT2=1 LUT6=3)
  Clock Path Skew:        -0.041ns (DCD - SCD + CPR)
    Destination Clock Delay (DCD):    4.856ns = ( 14.856 - 10.000 ) 
    Source Clock Delay      (SCD):    5.157ns
    Clock Pessimism Removal (CPR):    0.260ns
  Clock Uncertainty:      0.035ns  ((TSJ^2 + TIJ^2)^1/2 + DJ) / 2 + PE
    Total System Jitter     (TSJ):    0.071ns
    Total Input Jitter      (TIJ):    0.000ns
    Discrete Jitter          (DJ):    0.000ns
    Phase Error              (PE):    0.000ns

    Location             Delay type                Incr(ns)  Path(ns)    Netlist Resource(s)
  -------------------------------------------------------------------    -------------------
                         (clock sys_clk_pin rise edge)
                                                      0.000     0.000 r  
    W5                                                0.000     0.000 r  clk (IN)
                         net (fo=0)                   0.000     0.000    clk
    W5                   IBUF (Prop_ibuf_I_O)         1.458     1.458 r  clk_IBUF_inst/O
                         net (fo=1, routed)           1.967     3.425    clk_IBUF
    BUFGCTRL_X0Y0        BUFG (Prop_bufg_I_O)         0.096     3.521 r  clk_IBUF_BUFG_inst/O
                         net (fo=109, routed)         1.636     5.157    U_Counter/U_Counter/CLK
    SLICE_X1Y39          FDCE                                         r  U_Counter/U_Counter/counter_reg[7]/C
  -------------------------------------------------------------------    -------------------
    SLICE_X1Y39          FDCE (Prop_fdce_C_Q)         0.456     5.613 r  U_Counter/U_Counter/counter_reg[7]/Q
                         net (fo=32, routed)          1.339     6.953    U_Counter/U_Counter/Q[7]
    SLICE_X3Y43          LUT2 (Prop_lut2_I1_O)        0.124     7.077 r  U_Counter/U_Counter/counter[13]_i_12/O
                         net (fo=1, routed)           0.806     7.883    U_Counter/U_Counter/counter[13]_i_12_n_0
    SLICE_X3Y42          LUT6 (Prop_lut6_I0_O)        0.124     8.007 f  U_Counter/U_Counter/counter[13]_i_8/O
                         net (fo=1, routed)           0.151     8.158    U_Counter/U_Counter/counter[13]_i_8_n_0
    SLICE_X3Y42          LUT6 (Prop_lut6_I5_O)        0.124     8.282 f  U_Counter/U_Counter/counter[13]_i_3/O
                         net (fo=14, routed)          0.984     9.266    U_Counter/U_Counter/counter[13]_i_3_n_0
    SLICE_X4Y39          LUT6 (Prop_lut6_I2_O)        0.124     9.390 r  U_Counter/U_Counter/counter[5]_i_1/O
                         net (fo=1, routed)           0.000     9.390    U_Counter/U_Counter/counter[5]_i_1_n_0
    SLICE_X4Y39          FDCE                                         r  U_Counter/U_Counter/counter_reg[5]/D
  -------------------------------------------------------------------    -------------------

                         (clock sys_clk_pin rise edge)
                                                     10.000    10.000 r  
    W5                                                0.000    10.000 r  clk (IN)
                         net (fo=0)                   0.000    10.000    clk
    W5                   IBUF (Prop_ibuf_I_O)         1.388    11.388 r  clk_IBUF_inst/O
                         net (fo=1, routed)           1.862    13.250    clk_IBUF
    BUFGCTRL_X0Y0        BUFG (Prop_bufg_I_O)         0.091    13.341 r  clk_IBUF_BUFG_inst/O
                         net (fo=109, routed)         1.515    14.856    U_Counter/U_Counter/CLK
    SLICE_X4Y39          FDCE                                         r  U_Counter/U_Counter/counter_reg[5]/C
                         clock pessimism              0.260    15.116    
                         clock uncertainty           -0.035    15.081    
    SLICE_X4Y39          FDCE (Setup_fdce_C_D)        0.031    15.112    U_Counter/U_Counter/counter_reg[5]
  -------------------------------------------------------------------
                         required time                         15.112    
                         arrival time                          -9.390    
  -------------------------------------------------------------------
                         slack                                  5.722    

Slack (MET) :             5.750ns  (required time - arrival time)
  Source:                 U_Counter/U_Counter/counter_reg[7]/C
                            (rising edge-triggered cell FDCE clocked by sys_clk_pin  {rise@0.000ns fall@5.000ns period=10.000ns})
  Destination:            U_Counter/U_Counter/counter_reg[7]/D
                            (rising edge-triggered cell FDCE clocked by sys_clk_pin  {rise@0.000ns fall@5.000ns period=10.000ns})
  Path Group:             sys_clk_pin
  Path Type:              Setup (Max at Slow Process Corner)
  Requirement:            10.000ns  (sys_clk_pin rise@10.000ns - sys_clk_pin rise@0.000ns)
  Data Path Delay:        4.243ns  (logic 0.952ns (22.435%)  route 3.291ns (77.565%))
  Logic Levels:           4  (LUT2=1 LUT6=3)
  Clock Path Skew:        0.000ns (DCD - SCD + CPR)
    Destination Clock Delay (DCD):    4.858ns = ( 14.858 - 10.000 ) 
    Source Clock Delay      (SCD):    5.157ns
    Clock Pessimism Removal (CPR):    0.299ns
  Clock Uncertainty:      0.035ns  ((TSJ^2 + TIJ^2)^1/2 + DJ) / 2 + PE
    Total System Jitter     (TSJ):    0.071ns
    Total Input Jitter      (TIJ):    0.000ns
    Discrete Jitter          (DJ):    0.000ns
    Phase Error              (PE):    0.000ns

    Location             Delay type                Incr(ns)  Path(ns)    Netlist Resource(s)
  -------------------------------------------------------------------    -------------------
                         (clock sys_clk_pin rise edge)
                                                      0.000     0.000 r  
    W5                                                0.000     0.000 r  clk (IN)
                         net (fo=0)                   0.000     0.000    clk
    W5                   IBUF (Prop_ibuf_I_O)         1.458     1.458 r  clk_IBUF_inst/O
                         net (fo=1, routed)           1.967     3.425    clk_IBUF
    BUFGCTRL_X0Y0        BUFG (Prop_bufg_I_O)         0.096     3.521 r  clk_IBUF_BUFG_inst/O
                         net (fo=109, routed)         1.636     5.157    U_Counter/U_Counter/CLK
    SLICE_X1Y39          FDCE                                         r  U_Counter/U_Counter/counter_reg[7]/C
  -------------------------------------------------------------------    -------------------
    SLICE_X1Y39          FDCE (Prop_fdce_C_Q)         0.456     5.613 r  U_Counter/U_Counter/counter_reg[7]/Q
                         net (fo=32, routed)          1.339     6.953    U_Counter/U_Counter/Q[7]
    SLICE_X3Y43          LUT2 (Prop_lut2_I1_O)        0.124     7.077 r  U_Counter/U_Counter/counter[13]_i_12/O
                         net (fo=1, routed)           0.806     7.883    U_Counter/U_Counter/counter[13]_i_12_n_0
    SLICE_X3Y42          LUT6 (Prop_lut6_I0_O)        0.124     8.007 f  U_Counter/U_Counter/counter[13]_i_8/O
                         net (fo=1, routed)           0.151     8.158    U_Counter/U_Counter/counter[13]_i_8_n_0
    SLICE_X3Y42          LUT6 (Prop_lut6_I5_O)        0.124     8.282 f  U_Counter/U_Counter/counter[13]_i_3/O
                         net (fo=14, routed)          0.994     9.277    U_Counter/U_Counter/counter[13]_i_3_n_0
    SLICE_X1Y39          LUT6 (Prop_lut6_I2_O)        0.124     9.401 r  U_Counter/U_Counter/counter[7]_i_1/O
                         net (fo=1, routed)           0.000     9.401    U_Counter/U_Counter/counter[7]_i_1_n_0
    SLICE_X1Y39          FDCE                                         r  U_Counter/U_Counter/counter_reg[7]/D
  -------------------------------------------------------------------    -------------------

                         (clock sys_clk_pin rise edge)
                                                     10.000    10.000 r  
    W5                                                0.000    10.000 r  clk (IN)
                         net (fo=0)                   0.000    10.000    clk
    W5                   IBUF (Prop_ibuf_I_O)         1.388    11.388 r  clk_IBUF_inst/O
                         net (fo=1, routed)           1.862    13.250    clk_IBUF
    BUFGCTRL_X0Y0        BUFG (Prop_bufg_I_O)         0.091    13.341 r  clk_IBUF_BUFG_inst/O
                         net (fo=109, routed)         1.517    14.858    U_Counter/U_Counter/CLK
    SLICE_X1Y39          FDCE                                         r  U_Counter/U_Counter/counter_reg[7]/C
                         clock pessimism              0.299    15.157    
                         clock uncertainty           -0.035    15.122    
    SLICE_X1Y39          FDCE (Setup_fdce_C_D)        0.029    15.151    U_Counter/U_Counter/counter_reg[7]
  -------------------------------------------------------------------
                         required time                         15.151    
                         arrival time                          -9.401    
  -------------------------------------------------------------------
                         slack                                  5.750    

Slack (MET) :             5.755ns  (required time - arrival time)
  Source:                 U_Counter/U_Counter/counter_reg[7]/C
                            (rising edge-triggered cell FDCE clocked by sys_clk_pin  {rise@0.000ns fall@5.000ns period=10.000ns})
  Destination:            U_Counter/U_Counter/counter_reg[8]/D
                            (rising edge-triggered cell FDCE clocked by sys_clk_pin  {rise@0.000ns fall@5.000ns period=10.000ns})
  Path Group:             sys_clk_pin
  Path Type:              Setup (Max at Slow Process Corner)
  Requirement:            10.000ns  (sys_clk_pin rise@10.000ns - sys_clk_pin rise@0.000ns)
  Data Path Delay:        4.240ns  (logic 0.952ns (22.451%)  route 3.288ns (77.549%))
  Logic Levels:           4  (LUT2=1 LUT6=3)
  Clock Path Skew:        0.000ns (DCD - SCD + CPR)
    Destination Clock Delay (DCD):    4.858ns = ( 14.858 - 10.000 ) 
    Source Clock Delay      (SCD):    5.157ns
    Clock Pessimism Removal (CPR):    0.299ns
  Clock Uncertainty:      0.035ns  ((TSJ^2 + TIJ^2)^1/2 + DJ) / 2 + PE
    Total System Jitter     (TSJ):    0.071ns
    Total Input Jitter      (TIJ):    0.000ns
    Discrete Jitter          (DJ):    0.000ns
    Phase Error              (PE):    0.000ns

    Location             Delay type                Incr(ns)  Path(ns)    Netlist Resource(s)
  -------------------------------------------------------------------    -------------------
                         (clock sys_clk_pin rise edge)
                                                      0.000     0.000 r  
    W5                                                0.000     0.000 r  clk (IN)
                         net (fo=0)                   0.000     0.000    clk
    W5                   IBUF (Prop_ibuf_I_O)         1.458     1.458 r  clk_IBUF_inst/O
                         net (fo=1, routed)           1.967     3.425    clk_IBUF
    BUFGCTRL_X0Y0        BUFG (Prop_bufg_I_O)         0.096     3.521 r  clk_IBUF_BUFG_inst/O
                         net (fo=109, routed)         1.636     5.157    U_Counter/U_Counter/CLK
    SLICE_X1Y39          FDCE                                         r  U_Counter/U_Counter/counter_reg[7]/C
  -------------------------------------------------------------------    -------------------
    SLICE_X1Y39          FDCE (Prop_fdce_C_Q)         0.456     5.613 f  U_Counter/U_Counter/counter_reg[7]/Q
                         net (fo=32, routed)          1.339     6.953    U_Counter/U_Counter/Q[7]
    SLICE_X3Y43          LUT2 (Prop_lut2_I1_O)        0.124     7.077 f  U_Counter/U_Counter/counter[13]_i_12/O
                         net (fo=1, routed)           0.806     7.883    U_Counter/U_Counter/counter[13]_i_12_n_0
    SLICE_X3Y42          LUT6 (Prop_lut6_I0_O)        0.124     8.007 r  U_Counter/U_Counter/counter[13]_i_8/O
                         net (fo=1, routed)           0.151     8.158    U_Counter/U_Counter/counter[13]_i_8_n_0
    SLICE_X3Y42          LUT6 (Prop_lut6_I5_O)        0.124     8.282 r  U_Counter/U_Counter/counter[13]_i_3/O
                         net (fo=14, routed)          0.991     9.274    U_Counter/U_Counter/counter[13]_i_3_n_0
    SLICE_X1Y39          LUT6 (Prop_lut6_I2_O)        0.124     9.398 r  U_Counter/U_Counter/counter[8]_i_1/O
                         net (fo=1, routed)           0.000     9.398    U_Counter/U_Counter/counter[8]_i_1_n_0
    SLICE_X1Y39          FDCE                                         r  U_Counter/U_Counter/counter_reg[8]/D
  -------------------------------------------------------------------    -------------------

                         (clock sys_clk_pin rise edge)
                                                     10.000    10.000 r  
    W5                                                0.000    10.000 r  clk (IN)
                         net (fo=0)                   0.000    10.000    clk
    W5                   IBUF (Prop_ibuf_I_O)         1.388    11.388 r  clk_IBUF_inst/O
                         net (fo=1, routed)           1.862    13.250    clk_IBUF
    BUFGCTRL_X0Y0        BUFG (Prop_bufg_I_O)         0.091    13.341 r  clk_IBUF_BUFG_inst/O
                         net (fo=109, routed)         1.517    14.858    U_Counter/U_Counter/CLK
    SLICE_X1Y39          FDCE                                         r  U_Counter/U_Counter/counter_reg[8]/C
                         clock pessimism              0.299    15.157    
                         clock uncertainty           -0.035    15.122    
    SLICE_X1Y39          FDCE (Setup_fdce_C_D)        0.031    15.153    U_Counter/U_Counter/counter_reg[8]
  -------------------------------------------------------------------
                         required time                         15.153    
                         arrival time                          -9.398    
  -------------------------------------------------------------------
                         slack                                  5.755    

Slack (MET) :             5.758ns  (required time - arrival time)
  Source:                 U_Counter/U_Clk_Div_10Hz/div_counter_reg[20]/C
                            (rising edge-triggered cell FDCE clocked by sys_clk_pin  {rise@0.000ns fall@5.000ns period=10.000ns})
  Destination:            U_Counter/U_Clk_Div_10Hz/div_counter_reg[15]/D
                            (rising edge-triggered cell FDCE clocked by sys_clk_pin  {rise@0.000ns fall@5.000ns period=10.000ns})
  Path Group:             sys_clk_pin
  Path Type:              Setup (Max at Slow Process Corner)
  Requirement:            10.000ns  (sys_clk_pin rise@10.000ns - sys_clk_pin rise@0.000ns)
  Data Path Delay:        4.212ns  (logic 1.087ns (25.809%)  route 3.125ns (74.191%))
  Logic Levels:           4  (LUT2=1 LUT4=1 LUT5=1 LUT6=1)
  Clock Path Skew:        -0.026ns (DCD - SCD + CPR)
    Destination Clock Delay (DCD):    4.853ns = ( 14.853 - 10.000 ) 
    Source Clock Delay      (SCD):    5.152ns
    Clock Pessimism Removal (CPR):    0.273ns
  Clock Uncertainty:      0.035ns  ((TSJ^2 + TIJ^2)^1/2 + DJ) / 2 + PE
    Total System Jitter     (TSJ):    0.071ns
    Total Input Jitter      (TIJ):    0.000ns
    Discrete Jitter          (DJ):    0.000ns
    Phase Error              (PE):    0.000ns

    Location             Delay type                Incr(ns)  Path(ns)    Netlist Resource(s)
  -------------------------------------------------------------------    -------------------
                         (clock sys_clk_pin rise edge)
                                                      0.000     0.000 r  
    W5                                                0.000     0.000 r  clk (IN)
                         net (fo=0)                   0.000     0.000    clk
    W5                   IBUF (Prop_ibuf_I_O)         1.458     1.458 r  clk_IBUF_inst/O
                         net (fo=1, routed)           1.967     3.425    clk_IBUF
    BUFGCTRL_X0Y0        BUFG (Prop_bufg_I_O)         0.096     3.521 r  clk_IBUF_BUFG_inst/O
                         net (fo=109, routed)         1.631     5.152    U_Counter/U_Clk_Div_10Hz/CLK
    SLICE_X5Y37          FDCE                                         r  U_Counter/U_Clk_Div_10Hz/div_counter_reg[20]/C
  -------------------------------------------------------------------    -------------------
    SLICE_X5Y37          FDCE (Prop_fdce_C_Q)         0.419     5.571 f  U_Counter/U_Clk_Div_10Hz/div_counter_reg[20]/Q
                         net (fo=4, routed)           1.083     6.654    U_Counter/U_Clk_Div_10Hz/div_counter[20]
    SLICE_X5Y35          LUT4 (Prop_lut4_I0_O)        0.296     6.950 r  U_Counter/U_Clk_Div_10Hz/div_counter[23]_i_7/O
                         net (fo=1, routed)           0.645     7.595    U_Counter/U_Clk_Div_10Hz/div_counter[23]_i_7_n_0
    SLICE_X5Y34          LUT5 (Prop_lut5_I4_O)        0.124     7.719 r  U_Counter/U_Clk_Div_10Hz/div_counter[23]_i_5/O
                         net (fo=1, routed)           0.511     8.230    U_Counter/U_Clk_Div_10Hz/div_counter[23]_i_5_n_0
    SLICE_X5Y35          LUT6 (Prop_lut6_I1_O)        0.124     8.354 r  U_Counter/U_Clk_Div_10Hz/div_counter[23]_i_3/O
                         net (fo=24, routed)          0.886     9.240    U_Counter/U_Clk_Div_10Hz/div_counter[23]_i_3_n_0
    SLICE_X5Y36          LUT2 (Prop_lut2_I0_O)        0.124     9.364 r  U_Counter/U_Clk_Div_10Hz/div_counter[15]_i_1/O
                         net (fo=1, routed)           0.000     9.364    U_Counter/U_Clk_Div_10Hz/p_1_in[15]
    SLICE_X5Y36          FDCE                                         r  U_Counter/U_Clk_Div_10Hz/div_counter_reg[15]/D
  -------------------------------------------------------------------    -------------------

                         (clock sys_clk_pin rise edge)
                                                     10.000    10.000 r  
    W5                                                0.000    10.000 r  clk (IN)
                         net (fo=0)                   0.000    10.000    clk
    W5                   IBUF (Prop_ibuf_I_O)         1.388    11.388 r  clk_IBUF_inst/O
                         net (fo=1, routed)           1.862    13.250    clk_IBUF
    BUFGCTRL_X0Y0        BUFG (Prop_bufg_I_O)         0.091    13.341 r  clk_IBUF_BUFG_inst/O
                         net (fo=109, routed)         1.512    14.853    U_Counter/U_Clk_Div_10Hz/CLK
    SLICE_X5Y36          FDCE                                         r  U_Counter/U_Clk_Div_10Hz/div_counter_reg[15]/C
                         clock pessimism              0.273    15.126    
                         clock uncertainty           -0.035    15.091    
    SLICE_X5Y36          FDCE (Setup_fdce_C_D)        0.031    15.122    U_Counter/U_Clk_Div_10Hz/div_counter_reg[15]
  -------------------------------------------------------------------
                         required time                         15.122    
                         arrival time                          -9.364    
  -------------------------------------------------------------------
                         slack                                  5.758    

Slack (MET) :             5.758ns  (required time - arrival time)
  Source:                 U_Counter/U_Clk_Div_10Hz/div_counter_reg[20]/C
                            (rising edge-triggered cell FDCE clocked by sys_clk_pin  {rise@0.000ns fall@5.000ns period=10.000ns})
  Destination:            U_Counter/U_Clk_Div_10Hz/div_counter_reg[14]/D
                            (rising edge-triggered cell FDCE clocked by sys_clk_pin  {rise@0.000ns fall@5.000ns period=10.000ns})
  Path Group:             sys_clk_pin
  Path Type:              Setup (Max at Slow Process Corner)
  Requirement:            10.000ns  (sys_clk_pin rise@10.000ns - sys_clk_pin rise@0.000ns)
  Data Path Delay:        4.210ns  (logic 1.087ns (25.822%)  route 3.123ns (74.178%))
  Logic Levels:           4  (LUT2=1 LUT4=1 LUT5=1 LUT6=1)
  Clock Path Skew:        -0.026ns (DCD - SCD + CPR)
    Destination Clock Delay (DCD):    4.853ns = ( 14.853 - 10.000 ) 
    Source Clock Delay      (SCD):    5.152ns
    Clock Pessimism Removal (CPR):    0.273ns
  Clock Uncertainty:      0.035ns  ((TSJ^2 + TIJ^2)^1/2 + DJ) / 2 + PE
    Total System Jitter     (TSJ):    0.071ns
    Total Input Jitter      (TIJ):    0.000ns
    Discrete Jitter          (DJ):    0.000ns
    Phase Error              (PE):    0.000ns

    Location             Delay type                Incr(ns)  Path(ns)    Netlist Resource(s)
  -------------------------------------------------------------------    -------------------
                         (clock sys_clk_pin rise edge)
                                                      0.000     0.000 r  
    W5                                                0.000     0.000 r  clk (IN)
                         net (fo=0)                   0.000     0.000    clk
    W5                   IBUF (Prop_ibuf_I_O)         1.458     1.458 r  clk_IBUF_inst/O
                         net (fo=1, routed)           1.967     3.425    clk_IBUF
    BUFGCTRL_X0Y0        BUFG (Prop_bufg_I_O)         0.096     3.521 r  clk_IBUF_BUFG_inst/O
                         net (fo=109, routed)         1.631     5.152    U_Counter/U_Clk_Div_10Hz/CLK
    SLICE_X5Y37          FDCE                                         r  U_Counter/U_Clk_Div_10Hz/div_counter_reg[20]/C
  -------------------------------------------------------------------    -------------------
    SLICE_X5Y37          FDCE (Prop_fdce_C_Q)         0.419     5.571 f  U_Counter/U_Clk_Div_10Hz/div_counter_reg[20]/Q
                         net (fo=4, routed)           1.083     6.654    U_Counter/U_Clk_Div_10Hz/div_counter[20]
    SLICE_X5Y35          LUT4 (Prop_lut4_I0_O)        0.296     6.950 r  U_Counter/U_Clk_Div_10Hz/div_counter[23]_i_7/O
                         net (fo=1, routed)           0.645     7.595    U_Counter/U_Clk_Div_10Hz/div_counter[23]_i_7_n_0
    SLICE_X5Y34          LUT5 (Prop_lut5_I4_O)        0.124     7.719 r  U_Counter/U_Clk_Div_10Hz/div_counter[23]_i_5/O
                         net (fo=1, routed)           0.511     8.230    U_Counter/U_Clk_Div_10Hz/div_counter[23]_i_5_n_0
    SLICE_X5Y35          LUT6 (Prop_lut6_I1_O)        0.124     8.354 r  U_Counter/U_Clk_Div_10Hz/div_counter[23]_i_3/O
                         net (fo=24, routed)          0.884     9.238    U_Counter/U_Clk_Div_10Hz/div_counter[23]_i_3_n_0
    SLICE_X5Y36          LUT2 (Prop_lut2_I0_O)        0.124     9.362 r  U_Counter/U_Clk_Div_10Hz/div_counter[14]_i_1/O
                         net (fo=1, routed)           0.000     9.362    U_Counter/U_Clk_Div_10Hz/p_1_in[14]
    SLICE_X5Y36          FDCE                                         r  U_Counter/U_Clk_Div_10Hz/div_counter_reg[14]/D
  -------------------------------------------------------------------    -------------------

                         (clock sys_clk_pin rise edge)
                                                     10.000    10.000 r  
    W5                                                0.000    10.000 r  clk (IN)
                         net (fo=0)                   0.000    10.000    clk
    W5                   IBUF (Prop_ibuf_I_O)         1.388    11.388 r  clk_IBUF_inst/O
                         net (fo=1, routed)           1.862    13.250    clk_IBUF
    BUFGCTRL_X0Y0        BUFG (Prop_bufg_I_O)         0.091    13.341 r  clk_IBUF_BUFG_inst/O
                         net (fo=109, routed)         1.512    14.853    U_Counter/U_Clk_Div_10Hz/CLK
    SLICE_X5Y36          FDCE                                         r  U_Counter/U_Clk_Div_10Hz/div_counter_reg[14]/C
                         clock pessimism              0.273    15.126    
                         clock uncertainty           -0.035    15.091    
    SLICE_X5Y36          FDCE (Setup_fdce_C_D)        0.029    15.120    U_Counter/U_Clk_Div_10Hz/div_counter_reg[14]
  -------------------------------------------------------------------
                         required time                         15.120    
                         arrival time                          -9.362    
  -------------------------------------------------------------------
                         slack                                  5.758    

Slack (MET) :             5.772ns  (required time - arrival time)
  Source:                 U_Counter/U_Clk_Div_10Hz/div_counter_reg[20]/C
                            (rising edge-triggered cell FDCE clocked by sys_clk_pin  {rise@0.000ns fall@5.000ns period=10.000ns})
  Destination:            U_Counter/U_Clk_Div_10Hz/div_counter_reg[19]/D
                            (rising edge-triggered cell FDCE clocked by sys_clk_pin  {rise@0.000ns fall@5.000ns period=10.000ns})
  Path Group:             sys_clk_pin
  Path Type:              Setup (Max at Slow Process Corner)
  Requirement:            10.000ns  (sys_clk_pin rise@10.000ns - sys_clk_pin rise@0.000ns)
  Data Path Delay:        4.223ns  (logic 1.087ns (25.739%)  route 3.136ns (74.261%))
  Logic Levels:           4  (LUT2=1 LUT4=1 LUT5=1 LUT6=1)
  Clock Path Skew:        0.000ns (DCD - SCD + CPR)
    Destination Clock Delay (DCD):    4.854ns = ( 14.854 - 10.000 ) 
    Source Clock Delay      (SCD):    5.152ns
    Clock Pessimism Removal (CPR):    0.298ns
  Clock Uncertainty:      0.035ns  ((TSJ^2 + TIJ^2)^1/2 + DJ) / 2 + PE
    Total System Jitter     (TSJ):    0.071ns
    Total Input Jitter      (TIJ):    0.000ns
    Discrete Jitter          (DJ):    0.000ns
    Phase Error              (PE):    0.000ns

    Location             Delay type                Incr(ns)  Path(ns)    Netlist Resource(s)
  -------------------------------------------------------------------    -------------------
                         (clock sys_clk_pin rise edge)
                                                      0.000     0.000 r  
    W5                                                0.000     0.000 r  clk (IN)
                         net (fo=0)                   0.000     0.000    clk
    W5                   IBUF (Prop_ibuf_I_O)         1.458     1.458 r  clk_IBUF_inst/O
                         net (fo=1, routed)           1.967     3.425    clk_IBUF
    BUFGCTRL_X0Y0        BUFG (Prop_bufg_I_O)         0.096     3.521 r  clk_IBUF_BUFG_inst/O
                         net (fo=109, routed)         1.631     5.152    U_Counter/U_Clk_Div_10Hz/CLK
    SLICE_X5Y37          FDCE                                         r  U_Counter/U_Clk_Div_10Hz/div_counter_reg[20]/C
  -------------------------------------------------------------------    -------------------
    SLICE_X5Y37          FDCE (Prop_fdce_C_Q)         0.419     5.571 f  U_Counter/U_Clk_Div_10Hz/div_counter_reg[20]/Q
                         net (fo=4, routed)           1.083     6.654    U_Counter/U_Clk_Div_10Hz/div_counter[20]
    SLICE_X5Y35          LUT4 (Prop_lut4_I0_O)        0.296     6.950 r  U_Counter/U_Clk_Div_10Hz/div_counter[23]_i_7/O
                         net (fo=1, routed)           0.645     7.595    U_Counter/U_Clk_Div_10Hz/div_counter[23]_i_7_n_0
    SLICE_X5Y34          LUT5 (Prop_lut5_I4_O)        0.124     7.719 r  U_Counter/U_Clk_Div_10Hz/div_counter[23]_i_5/O
                         net (fo=1, routed)           0.511     8.230    U_Counter/U_Clk_Div_10Hz/div_counter[23]_i_5_n_0
    SLICE_X5Y35          LUT6 (Prop_lut6_I1_O)        0.124     8.354 r  U_Counter/U_Clk_Div_10Hz/div_counter[23]_i_3/O
                         net (fo=24, routed)          0.897     9.252    U_Counter/U_Clk_Div_10Hz/div_counter[23]_i_3_n_0
    SLICE_X5Y37          LUT2 (Prop_lut2_I0_O)        0.124     9.376 r  U_Counter/U_Clk_Div_10Hz/div_counter[19]_i_1/O
                         net (fo=1, routed)           0.000     9.376    U_Counter/U_Clk_Div_10Hz/p_1_in[19]
    SLICE_X5Y37          FDCE                                         r  U_Counter/U_Clk_Div_10Hz/div_counter_reg[19]/D
  -------------------------------------------------------------------    -------------------

                         (clock sys_clk_pin rise edge)
                                                     10.000    10.000 r  
    W5                                                0.000    10.000 r  clk (IN)
                         net (fo=0)                   0.000    10.000    clk
    W5                   IBUF (Prop_ibuf_I_O)         1.388    11.388 r  clk_IBUF_inst/O
                         net (fo=1, routed)           1.862    13.250    clk_IBUF
    BUFGCTRL_X0Y0        BUFG (Prop_bufg_I_O)         0.091    13.341 r  clk_IBUF_BUFG_inst/O
                         net (fo=109, routed)         1.513    14.854    U_Counter/U_Clk_Div_10Hz/CLK
    SLICE_X5Y37          FDCE                                         r  U_Counter/U_Clk_Div_10Hz/div_counter_reg[19]/C
                         clock pessimism              0.298    15.152    
                         clock uncertainty           -0.035    15.117    
    SLICE_X5Y37          FDCE (Setup_fdce_C_D)        0.031    15.148    U_Counter/U_Clk_Div_10Hz/div_counter_reg[19]
  -------------------------------------------------------------------
                         required time                         15.148    
                         arrival time                          -9.376    
  -------------------------------------------------------------------
                         slack                                  5.772    

Slack (MET) :             5.772ns  (required time - arrival time)
  Source:                 U_Counter/U_Clk_Div_10Hz/div_counter_reg[20]/C
                            (rising edge-triggered cell FDCE clocked by sys_clk_pin  {rise@0.000ns fall@5.000ns period=10.000ns})
  Destination:            U_Counter/U_Clk_Div_10Hz/div_counter_reg[18]/D
                            (rising edge-triggered cell FDCE clocked by sys_clk_pin  {rise@0.000ns fall@5.000ns period=10.000ns})
  Path Group:             sys_clk_pin
  Path Type:              Setup (Max at Slow Process Corner)
  Requirement:            10.000ns  (sys_clk_pin rise@10.000ns - sys_clk_pin rise@0.000ns)
  Data Path Delay:        4.221ns  (logic 1.087ns (25.751%)  route 3.134ns (74.249%))
  Logic Levels:           4  (LUT2=1 LUT4=1 LUT5=1 LUT6=1)
  Clock Path Skew:        0.000ns (DCD - SCD + CPR)
    Destination Clock Delay (DCD):    4.854ns = ( 14.854 - 10.000 ) 
    Source Clock Delay      (SCD):    5.152ns
    Clock Pessimism Removal (CPR):    0.298ns
  Clock Uncertainty:      0.035ns  ((TSJ^2 + TIJ^2)^1/2 + DJ) / 2 + PE
    Total System Jitter     (TSJ):    0.071ns
    Total Input Jitter      (TIJ):    0.000ns
    Discrete Jitter          (DJ):    0.000ns
    Phase Error              (PE):    0.000ns

    Location             Delay type                Incr(ns)  Path(ns)    Netlist Resource(s)
  -------------------------------------------------------------------    -------------------
                         (clock sys_clk_pin rise edge)
                                                      0.000     0.000 r  
    W5                                                0.000     0.000 r  clk (IN)
                         net (fo=0)                   0.000     0.000    clk
    W5                   IBUF (Prop_ibuf_I_O)         1.458     1.458 r  clk_IBUF_inst/O
                         net (fo=1, routed)           1.967     3.425    clk_IBUF
    BUFGCTRL_X0Y0        BUFG (Prop_bufg_I_O)         0.096     3.521 r  clk_IBUF_BUFG_inst/O
                         net (fo=109, routed)         1.631     5.152    U_Counter/U_Clk_Div_10Hz/CLK
    SLICE_X5Y37          FDCE                                         r  U_Counter/U_Clk_Div_10Hz/div_counter_reg[20]/C
  -------------------------------------------------------------------    -------------------
    SLICE_X5Y37          FDCE (Prop_fdce_C_Q)         0.419     5.571 f  U_Counter/U_Clk_Div_10Hz/div_counter_reg[20]/Q
                         net (fo=4, routed)           1.083     6.654    U_Counter/U_Clk_Div_10Hz/div_counter[20]
    SLICE_X5Y35          LUT4 (Prop_lut4_I0_O)        0.296     6.950 r  U_Counter/U_Clk_Div_10Hz/div_counter[23]_i_7/O
                         net (fo=1, routed)           0.645     7.595    U_Counter/U_Clk_Div_10Hz/div_counter[23]_i_7_n_0
    SLICE_X5Y34          LUT5 (Prop_lut5_I4_O)        0.124     7.719 r  U_Counter/U_Clk_Div_10Hz/div_counter[23]_i_5/O
                         net (fo=1, routed)           0.511     8.230    U_Counter/U_Clk_Div_10Hz/div_counter[23]_i_5_n_0
    SLICE_X5Y35          LUT6 (Prop_lut6_I1_O)        0.124     8.354 r  U_Counter/U_Clk_Div_10Hz/div_counter[23]_i_3/O
                         net (fo=24, routed)          0.895     9.250    U_Counter/U_Clk_Div_10Hz/div_counter[23]_i_3_n_0
    SLICE_X5Y37          LUT2 (Prop_lut2_I0_O)        0.124     9.374 r  U_Counter/U_Clk_Div_10Hz/div_counter[18]_i_1/O
                         net (fo=1, routed)           0.000     9.374    U_Counter/U_Clk_Div_10Hz/p_1_in[18]
    SLICE_X5Y37          FDCE                                         r  U_Counter/U_Clk_Div_10Hz/div_counter_reg[18]/D
  -------------------------------------------------------------------    -------------------

                         (clock sys_clk_pin rise edge)
                                                     10.000    10.000 r  
    W5                                                0.000    10.000 r  clk (IN)
                         net (fo=0)                   0.000    10.000    clk
    W5                   IBUF (Prop_ibuf_I_O)         1.388    11.388 r  clk_IBUF_inst/O
                         net (fo=1, routed)           1.862    13.250    clk_IBUF
    BUFGCTRL_X0Y0        BUFG (Prop_bufg_I_O)         0.091    13.341 r  clk_IBUF_BUFG_inst/O
                         net (fo=109, routed)         1.513    14.854    U_Counter/U_Clk_Div_10Hz/CLK
    SLICE_X5Y37          FDCE                                         r  U_Counter/U_Clk_Div_10Hz/div_counter_reg[18]/C
                         clock pessimism              0.298    15.152    
                         clock uncertainty           -0.035    15.117    
    SLICE_X5Y37          FDCE (Setup_fdce_C_D)        0.029    15.146    U_Counter/U_Clk_Div_10Hz/div_counter_reg[18]
  -------------------------------------------------------------------
                         required time                         15.146    
                         arrival time                          -9.374    
  -------------------------------------------------------------------
                         slack                                  5.772    

Slack (MET) :             5.774ns  (required time - arrival time)
  Source:                 U_Counter/U_Clk_Div_10Hz/div_counter_reg[20]/C
                            (rising edge-triggered cell FDCE clocked by sys_clk_pin  {rise@0.000ns fall@5.000ns period=10.000ns})
  Destination:            U_Counter/U_Clk_Div_10Hz/div_counter_reg[16]/D
                            (rising edge-triggered cell FDCE clocked by sys_clk_pin  {rise@0.000ns fall@5.000ns period=10.000ns})
  Path Group:             sys_clk_pin
  Path Type:              Setup (Max at Slow Process Corner)
  Requirement:            10.000ns  (sys_clk_pin rise@10.000ns - sys_clk_pin rise@0.000ns)
  Data Path Delay:        4.240ns  (logic 1.115ns (26.299%)  route 3.125ns (73.701%))
  Logic Levels:           4  (LUT2=1 LUT4=1 LUT5=1 LUT6=1)
  Clock Path Skew:        -0.026ns (DCD - SCD + CPR)
    Destination Clock Delay (DCD):    4.853ns = ( 14.853 - 10.000 ) 
    Source Clock Delay      (SCD):    5.152ns
    Clock Pessimism Removal (CPR):    0.273ns
  Clock Uncertainty:      0.035ns  ((TSJ^2 + TIJ^2)^1/2 + DJ) / 2 + PE
    Total System Jitter     (TSJ):    0.071ns
    Total Input Jitter      (TIJ):    0.000ns
    Discrete Jitter          (DJ):    0.000ns
    Phase Error              (PE):    0.000ns

    Location             Delay type                Incr(ns)  Path(ns)    Netlist Resource(s)
  -------------------------------------------------------------------    -------------------
                         (clock sys_clk_pin rise edge)
                                                      0.000     0.000 r  
    W5                                                0.000     0.000 r  clk (IN)
                         net (fo=0)                   0.000     0.000    clk
    W5                   IBUF (Prop_ibuf_I_O)         1.458     1.458 r  clk_IBUF_inst/O
                         net (fo=1, routed)           1.967     3.425    clk_IBUF
    BUFGCTRL_X0Y0        BUFG (Prop_bufg_I_O)         0.096     3.521 r  clk_IBUF_BUFG_inst/O
                         net (fo=109, routed)         1.631     5.152    U_Counter/U_Clk_Div_10Hz/CLK
    SLICE_X5Y37          FDCE                                         r  U_Counter/U_Clk_Div_10Hz/div_counter_reg[20]/C
  -------------------------------------------------------------------    -------------------
    SLICE_X5Y37          FDCE (Prop_fdce_C_Q)         0.419     5.571 f  U_Counter/U_Clk_Div_10Hz/div_counter_reg[20]/Q
                         net (fo=4, routed)           1.083     6.654    U_Counter/U_Clk_Div_10Hz/div_counter[20]
    SLICE_X5Y35          LUT4 (Prop_lut4_I0_O)        0.296     6.950 r  U_Counter/U_Clk_Div_10Hz/div_counter[23]_i_7/O
                         net (fo=1, routed)           0.645     7.595    U_Counter/U_Clk_Div_10Hz/div_counter[23]_i_7_n_0
    SLICE_X5Y34          LUT5 (Prop_lut5_I4_O)        0.124     7.719 r  U_Counter/U_Clk_Div_10Hz/div_counter[23]_i_5/O
                         net (fo=1, routed)           0.511     8.230    U_Counter/U_Clk_Div_10Hz/div_counter[23]_i_5_n_0
    SLICE_X5Y35          LUT6 (Prop_lut6_I1_O)        0.124     8.354 r  U_Counter/U_Clk_Div_10Hz/div_counter[23]_i_3/O
                         net (fo=24, routed)          0.886     9.240    U_Counter/U_Clk_Div_10Hz/div_counter[23]_i_3_n_0
    SLICE_X5Y36          LUT2 (Prop_lut2_I0_O)        0.152     9.392 r  U_Counter/U_Clk_Div_10Hz/div_counter[16]_i_1/O
                         net (fo=1, routed)           0.000     9.392    U_Counter/U_Clk_Div_10Hz/p_1_in[16]
    SLICE_X5Y36          FDCE                                         r  U_Counter/U_Clk_Div_10Hz/div_counter_reg[16]/D
  -------------------------------------------------------------------    -------------------

                         (clock sys_clk_pin rise edge)
                                                     10.000    10.000 r  
    W5                                                0.000    10.000 r  clk (IN)
                         net (fo=0)                   0.000    10.000    clk
    W5                   IBUF (Prop_ibuf_I_O)         1.388    11.388 r  clk_IBUF_inst/O
                         net (fo=1, routed)           1.862    13.250    clk_IBUF
    BUFGCTRL_X0Y0        BUFG (Prop_bufg_I_O)         0.091    13.341 r  clk_IBUF_BUFG_inst/O
                         net (fo=109, routed)         1.512    14.853    U_Counter/U_Clk_Div_10Hz/CLK
    SLICE_X5Y36          FDCE                                         r  U_Counter/U_Clk_Div_10Hz/div_counter_reg[16]/C
                         clock pessimism              0.273    15.126    
                         clock uncertainty           -0.035    15.091    
    SLICE_X5Y36          FDCE (Setup_fdce_C_D)        0.075    15.166    U_Counter/U_Clk_Div_10Hz/div_counter_reg[16]
  -------------------------------------------------------------------
                         required time                         15.166    
                         arrival time                          -9.392    
  -------------------------------------------------------------------
                         slack                                  5.774    





Min Delay Paths
--------------------------------------------------------------------------------------
Slack (MET) :             0.175ns  (arrival time - required time)
  Source:                 U_Uart/U_Uart_Tx/data_count_reg_reg[1]/C
                            (rising edge-triggered cell FDCE clocked by sys_clk_pin  {rise@0.000ns fall@5.000ns period=10.000ns})
  Destination:            U_Uart/U_Uart_Tx/FSM_sequential_state_reg[0]/D
                            (rising edge-triggered cell FDCE clocked by sys_clk_pin  {rise@0.000ns fall@5.000ns period=10.000ns})
  Path Group:             sys_clk_pin
  Path Type:              Hold (Min at Fast Process Corner)
  Requirement:            0.000ns  (sys_clk_pin rise@0.000ns - sys_clk_pin rise@0.000ns)
  Data Path Delay:        0.308ns  (logic 0.186ns (60.296%)  route 0.122ns (39.704%))
  Logic Levels:           1  (LUT6=1)
  Clock Path Skew:        0.013ns (DCD - SCD - CPR)
    Destination Clock Delay (DCD):    1.994ns
    Source Clock Delay      (SCD):    1.479ns
    Clock Pessimism Removal (CPR):    0.502ns

    Location             Delay type                Incr(ns)  Path(ns)    Netlist Resource(s)
  -------------------------------------------------------------------    -------------------
                         (clock sys_clk_pin rise edge)
                                                      0.000     0.000 r  
    W5                                                0.000     0.000 r  clk (IN)
                         net (fo=0)                   0.000     0.000    clk
    W5                   IBUF (Prop_ibuf_I_O)         0.226     0.226 r  clk_IBUF_inst/O
                         net (fo=1, routed)           0.631     0.858    clk_IBUF
    BUFGCTRL_X0Y0        BUFG (Prop_bufg_I_O)         0.026     0.884 r  clk_IBUF_BUFG_inst/O
                         net (fo=109, routed)         0.596     1.479    U_Uart/U_Uart_Tx/CLK
    SLICE_X3Y47          FDCE                                         r  U_Uart/U_Uart_Tx/data_count_reg_reg[1]/C
  -------------------------------------------------------------------    -------------------
    SLICE_X3Y47          FDCE (Prop_fdce_C_Q)         0.141     1.620 r  U_Uart/U_Uart_Tx/data_count_reg_reg[1]/Q
                         net (fo=7, routed)           0.122     1.743    U_Uart/U_Uart_Tx/data_count_reg[1]
    SLICE_X2Y47          LUT6 (Prop_lut6_I1_O)        0.045     1.788 r  U_Uart/U_Uart_Tx/FSM_sequential_state[0]_i_1__1/O
                         net (fo=1, routed)           0.000     1.788    U_Uart/U_Uart_Tx/FSM_sequential_state[0]_i_1__1_n_0
    SLICE_X2Y47          FDCE                                         r  U_Uart/U_Uart_Tx/FSM_sequential_state_reg[0]/D
  -------------------------------------------------------------------    -------------------

                         (clock sys_clk_pin rise edge)
                                                      0.000     0.000 r  
    W5                                                0.000     0.000 r  clk (IN)
                         net (fo=0)                   0.000     0.000    clk
    W5                   IBUF (Prop_ibuf_I_O)         0.414     0.414 r  clk_IBUF_inst/O
                         net (fo=1, routed)           0.685     1.099    clk_IBUF
    BUFGCTRL_X0Y0        BUFG (Prop_bufg_I_O)         0.029     1.128 r  clk_IBUF_BUFG_inst/O
                         net (fo=109, routed)         0.867     1.994    U_Uart/U_Uart_Tx/CLK
    SLICE_X2Y47          FDCE                                         r  U_Uart/U_Uart_Tx/FSM_sequential_state_reg[0]/C
                         clock pessimism             -0.502     1.492    
    SLICE_X2Y47          FDCE (Hold_fdce_C_D)         0.120     1.612    U_Uart/U_Uart_Tx/FSM_sequential_state_reg[0]
  -------------------------------------------------------------------
                         required time                         -1.612    
                         arrival time                           1.788    
  -------------------------------------------------------------------
                         slack                                  0.175    

Slack (MET) :             0.221ns  (arrival time - required time)
  Source:                 U_Uart/U_Uart_Tx/FSM_sequential_state_reg[0]/C
                            (rising edge-triggered cell FDCE clocked by sys_clk_pin  {rise@0.000ns fall@5.000ns period=10.000ns})
  Destination:            U_Uart/U_Uart_Tx/tx_reg/D
                            (rising edge-triggered cell FDCE clocked by sys_clk_pin  {rise@0.000ns fall@5.000ns period=10.000ns})
  Path Group:             sys_clk_pin
  Path Type:              Hold (Min at Fast Process Corner)
  Requirement:            0.000ns  (sys_clk_pin rise@0.000ns - sys_clk_pin rise@0.000ns)
  Data Path Delay:        0.326ns  (logic 0.209ns (64.023%)  route 0.117ns (35.977%))
  Logic Levels:           1  (LUT6=1)
  Clock Path Skew:        0.013ns (DCD - SCD - CPR)
    Destination Clock Delay (DCD):    1.994ns
    Source Clock Delay      (SCD):    1.479ns
    Clock Pessimism Removal (CPR):    0.502ns

    Location             Delay type                Incr(ns)  Path(ns)    Netlist Resource(s)
  -------------------------------------------------------------------    -------------------
                         (clock sys_clk_pin rise edge)
                                                      0.000     0.000 r  
    W5                                                0.000     0.000 r  clk (IN)
                         net (fo=0)                   0.000     0.000    clk
    W5                   IBUF (Prop_ibuf_I_O)         0.226     0.226 r  clk_IBUF_inst/O
                         net (fo=1, routed)           0.631     0.858    clk_IBUF
    BUFGCTRL_X0Y0        BUFG (Prop_bufg_I_O)         0.026     0.884 r  clk_IBUF_BUFG_inst/O
                         net (fo=109, routed)         0.596     1.479    U_Uart/U_Uart_Tx/CLK
    SLICE_X2Y47          FDCE                                         r  U_Uart/U_Uart_Tx/FSM_sequential_state_reg[0]/C
  -------------------------------------------------------------------    -------------------
    SLICE_X2Y47          FDCE (Prop_fdce_C_Q)         0.164     1.643 r  U_Uart/U_Uart_Tx/FSM_sequential_state_reg[0]/Q
                         net (fo=7, routed)           0.117     1.761    U_Uart/U_Uart_Tx/FSM_sequential_state_reg_n_0_[0]
    SLICE_X3Y47          LUT6 (Prop_lut6_I3_O)        0.045     1.806 r  U_Uart/U_Uart_Tx/tx_i_1/O
                         net (fo=1, routed)           0.000     1.806    U_Uart/U_Uart_Tx/tx_next
    SLICE_X3Y47          FDCE                                         r  U_Uart/U_Uart_Tx/tx_reg/D
  -------------------------------------------------------------------    -------------------

                         (clock sys_clk_pin rise edge)
                                                      0.000     0.000 r  
    W5                                                0.000     0.000 r  clk (IN)
                         net (fo=0)                   0.000     0.000    clk
    W5                   IBUF (Prop_ibuf_I_O)         0.414     0.414 r  clk_IBUF_inst/O
                         net (fo=1, routed)           0.685     1.099    clk_IBUF
    BUFGCTRL_X0Y0        BUFG (Prop_bufg_I_O)         0.029     1.128 r  clk_IBUF_BUFG_inst/O
                         net (fo=109, routed)         0.867     1.994    U_Uart/U_Uart_Tx/CLK
    SLICE_X3Y47          FDCE                                         r  U_Uart/U_Uart_Tx/tx_reg/C
                         clock pessimism             -0.502     1.492    
    SLICE_X3Y47          FDCE (Hold_fdce_C_D)         0.092     1.584    U_Uart/U_Uart_Tx/tx_reg
  -------------------------------------------------------------------
                         required time                         -1.584    
                         arrival time                           1.806    
  -------------------------------------------------------------------
                         slack                                  0.221    

Slack (MET) :             0.224ns  (arrival time - required time)
  Source:                 U_Uart/U_Baud/count_reg[8]/C
                            (rising edge-triggered cell FDCE clocked by sys_clk_pin  {rise@0.000ns fall@5.000ns period=10.000ns})
  Destination:            U_Uart/U_Baud/count_reg[9]/D
                            (rising edge-triggered cell FDCE clocked by sys_clk_pin  {rise@0.000ns fall@5.000ns period=10.000ns})
  Path Group:             sys_clk_pin
  Path Type:              Hold (Min at Fast Process Corner)
  Requirement:            0.000ns  (sys_clk_pin rise@0.000ns - sys_clk_pin rise@0.000ns)
  Data Path Delay:        0.316ns  (logic 0.227ns (71.758%)  route 0.089ns (28.242%))
  Logic Levels:           1  (LUT6=1)
  Clock Path Skew:        0.000ns (DCD - SCD - CPR)
    Destination Clock Delay (DCD):    1.993ns
    Source Clock Delay      (SCD):    1.478ns
    Clock Pessimism Removal (CPR):    0.515ns

    Location             Delay type                Incr(ns)  Path(ns)    Netlist Resource(s)
  -------------------------------------------------------------------    -------------------
                         (clock sys_clk_pin rise edge)
                                                      0.000     0.000 r  
    W5                                                0.000     0.000 r  clk (IN)
                         net (fo=0)                   0.000     0.000    clk
    W5                   IBUF (Prop_ibuf_I_O)         0.226     0.226 r  clk_IBUF_inst/O
                         net (fo=1, routed)           0.631     0.858    clk_IBUF
    BUFGCTRL_X0Y0        BUFG (Prop_bufg_I_O)         0.026     0.884 r  clk_IBUF_BUFG_inst/O
                         net (fo=109, routed)         0.595     1.478    U_Uart/U_Baud/CLK
    SLICE_X0Y46          FDCE                                         r  U_Uart/U_Baud/count_reg[8]/C
  -------------------------------------------------------------------    -------------------
    SLICE_X0Y46          FDCE (Prop_fdce_C_Q)         0.128     1.606 r  U_Uart/U_Baud/count_reg[8]/Q
                         net (fo=5, routed)           0.089     1.695    U_Uart/U_Baud/count[8]
    SLICE_X0Y46          LUT6 (Prop_lut6_I3_O)        0.099     1.794 r  U_Uart/U_Baud/count[9]_i_1/O
                         net (fo=1, routed)           0.000     1.794    U_Uart/U_Baud/count_0[9]
    SLICE_X0Y46          FDCE                                         r  U_Uart/U_Baud/count_reg[9]/D
  -------------------------------------------------------------------    -------------------

                         (clock sys_clk_pin rise edge)
                                                      0.000     0.000 r  
    W5                                                0.000     0.000 r  clk (IN)
                         net (fo=0)                   0.000     0.000    clk
    W5                   IBUF (Prop_ibuf_I_O)         0.414     0.414 r  clk_IBUF_inst/O
                         net (fo=1, routed)           0.685     1.099    clk_IBUF
    BUFGCTRL_X0Y0        BUFG (Prop_bufg_I_O)         0.029     1.128 r  clk_IBUF_BUFG_inst/O
                         net (fo=109, routed)         0.866     1.993    U_Uart/U_Baud/CLK
    SLICE_X0Y46          FDCE                                         r  U_Uart/U_Baud/count_reg[9]/C
                         clock pessimism             -0.515     1.478    
    SLICE_X0Y46          FDCE (Hold_fdce_C_D)         0.092     1.570    U_Uart/U_Baud/count_reg[9]
  -------------------------------------------------------------------
                         required time                         -1.570    
                         arrival time                           1.794    
  -------------------------------------------------------------------
                         slack                                  0.224    

Slack (MET) :             0.225ns  (arrival time - required time)
  Source:                 U_Uart/U_Uart_Tx/tick_count_reg_reg[0]/C
                            (rising edge-triggered cell FDCE clocked by sys_clk_pin  {rise@0.000ns fall@5.000ns period=10.000ns})
  Destination:            U_Uart/U_Uart_Tx/tick_count_reg_reg[2]/D
                            (rising edge-triggered cell FDCE clocked by sys_clk_pin  {rise@0.000ns fall@5.000ns period=10.000ns})
  Path Group:             sys_clk_pin
  Path Type:              Hold (Min at Fast Process Corner)
  Requirement:            0.000ns  (sys_clk_pin rise@0.000ns - sys_clk_pin rise@0.000ns)
  Data Path Delay:        0.348ns  (logic 0.189ns (54.236%)  route 0.159ns (45.764%))
  Logic Levels:           1  (LUT3=1)
  Clock Path Skew:        0.016ns (DCD - SCD - CPR)
    Destination Clock Delay (DCD):    1.993ns
    Source Clock Delay      (SCD):    1.478ns
    Clock Pessimism Removal (CPR):    0.499ns

    Location             Delay type                Incr(ns)  Path(ns)    Netlist Resource(s)
  -------------------------------------------------------------------    -------------------
                         (clock sys_clk_pin rise edge)
                                                      0.000     0.000 r  
    W5                                                0.000     0.000 r  clk (IN)
                         net (fo=0)                   0.000     0.000    clk
    W5                   IBUF (Prop_ibuf_I_O)         0.226     0.226 r  clk_IBUF_inst/O
                         net (fo=1, routed)           0.631     0.858    clk_IBUF
    BUFGCTRL_X0Y0        BUFG (Prop_bufg_I_O)         0.026     0.884 r  clk_IBUF_BUFG_inst/O
                         net (fo=109, routed)         0.595     1.478    U_Uart/U_Uart_Tx/CLK
    SLICE_X1Y46          FDCE                                         r  U_Uart/U_Uart_Tx/tick_count_reg_reg[0]/C
  -------------------------------------------------------------------    -------------------
    SLICE_X1Y46          FDCE (Prop_fdce_C_Q)         0.141     1.619 r  U_Uart/U_Uart_Tx/tick_count_reg_reg[0]/Q
                         net (fo=5, routed)           0.159     1.779    U_Uart/U_Uart_Tx/tick_count_reg[0]
    SLICE_X1Y45          LUT3 (Prop_lut3_I1_O)        0.048     1.827 r  U_Uart/U_Uart_Tx/tick_count_reg[2]_i_1__0/O
                         net (fo=1, routed)           0.000     1.827    U_Uart/U_Uart_Tx/tick_count_reg[2]_i_1__0_n_0
    SLICE_X1Y45          FDCE                                         r  U_Uart/U_Uart_Tx/tick_count_reg_reg[2]/D
  -------------------------------------------------------------------    -------------------

                         (clock sys_clk_pin rise edge)
                                                      0.000     0.000 r  
    W5                                                0.000     0.000 r  clk (IN)
                         net (fo=0)                   0.000     0.000    clk
    W5                   IBUF (Prop_ibuf_I_O)         0.414     0.414 r  clk_IBUF_inst/O
                         net (fo=1, routed)           0.685     1.099    clk_IBUF
    BUFGCTRL_X0Y0        BUFG (Prop_bufg_I_O)         0.029     1.128 r  clk_IBUF_BUFG_inst/O
                         net (fo=109, routed)         0.866     1.993    U_Uart/U_Uart_Tx/CLK
    SLICE_X1Y45          FDCE                                         r  U_Uart/U_Uart_Tx/tick_count_reg_reg[2]/C
                         clock pessimism             -0.499     1.494    
    SLICE_X1Y45          FDCE (Hold_fdce_C_D)         0.107     1.601    U_Uart/U_Uart_Tx/tick_count_reg_reg[2]
  -------------------------------------------------------------------
                         required time                         -1.601    
                         arrival time                           1.827    
  -------------------------------------------------------------------
                         slack                                  0.225    

Slack (MET) :             0.230ns  (arrival time - required time)
  Source:                 U_Uart/U_Uart_Rx/rx_data_reg_reg[4]/C
                            (rising edge-triggered cell FDCE clocked by sys_clk_pin  {rise@0.000ns fall@5.000ns period=10.000ns})
  Destination:            U_Uart_CU/run_reg/D
                            (rising edge-triggered cell FDCE clocked by sys_clk_pin  {rise@0.000ns fall@5.000ns period=10.000ns})
  Path Group:             sys_clk_pin
  Path Type:              Hold (Min at Fast Process Corner)
  Requirement:            0.000ns  (sys_clk_pin rise@0.000ns - sys_clk_pin rise@0.000ns)
  Data Path Delay:        0.337ns  (logic 0.186ns (55.136%)  route 0.151ns (44.864%))
  Logic Levels:           1  (LUT6=1)
  Clock Path Skew:        0.015ns (DCD - SCD - CPR)
    Destination Clock Delay (DCD):    1.991ns
    Source Clock Delay      (SCD):    1.477ns
    Clock Pessimism Removal (CPR):    0.499ns

    Location             Delay type                Incr(ns)  Path(ns)    Netlist Resource(s)
  -------------------------------------------------------------------    -------------------
                         (clock sys_clk_pin rise edge)
                                                      0.000     0.000 r  
    W5                                                0.000     0.000 r  clk (IN)
                         net (fo=0)                   0.000     0.000    clk
    W5                   IBUF (Prop_ibuf_I_O)         0.226     0.226 r  clk_IBUF_inst/O
                         net (fo=1, routed)           0.631     0.858    clk_IBUF
    BUFGCTRL_X0Y0        BUFG (Prop_bufg_I_O)         0.026     0.884 r  clk_IBUF_BUFG_inst/O
                         net (fo=109, routed)         0.594     1.477    U_Uart/U_Uart_Rx/CLK
    SLICE_X4Y47          FDCE                                         r  U_Uart/U_Uart_Rx/rx_data_reg_reg[4]/C
  -------------------------------------------------------------------    -------------------
    SLICE_X4Y47          FDCE (Prop_fdce_C_Q)         0.141     1.618 r  U_Uart/U_Uart_Rx/rx_data_reg_reg[4]/Q
                         net (fo=5, routed)           0.151     1.769    U_Uart/U_Uart_Rx/Q[4]
    SLICE_X4Y46          LUT6 (Prop_lut6_I0_O)        0.045     1.814 r  U_Uart/U_Uart_Rx/run_i_1/O
                         net (fo=1, routed)           0.000     1.814    U_Uart_CU/run7_out
    SLICE_X4Y46          FDCE                                         r  U_Uart_CU/run_reg/D
  -------------------------------------------------------------------    -------------------

                         (clock sys_clk_pin rise edge)
                                                      0.000     0.000 r  
    W5                                                0.000     0.000 r  clk (IN)
                         net (fo=0)                   0.000     0.000    clk
    W5                   IBUF (Prop_ibuf_I_O)         0.414     0.414 r  clk_IBUF_inst/O
                         net (fo=1, routed)           0.685     1.099    clk_IBUF
    BUFGCTRL_X0Y0        BUFG (Prop_bufg_I_O)         0.029     1.128 r  clk_IBUF_BUFG_inst/O
                         net (fo=109, routed)         0.864     1.991    U_Uart_CU/CLK
    SLICE_X4Y46          FDCE                                         r  U_Uart_CU/run_reg/C
                         clock pessimism             -0.499     1.492    
    SLICE_X4Y46          FDCE (Hold_fdce_C_D)         0.092     1.584    U_Uart_CU/run_reg
  -------------------------------------------------------------------
                         required time                         -1.584    
                         arrival time                           1.814    
  -------------------------------------------------------------------
                         slack                                  0.230    

Slack (MET) :             0.231ns  (arrival time - required time)
  Source:                 U_Uart/U_Uart_Rx/rx_data_reg_reg[4]/C
                            (rising edge-triggered cell FDCE clocked by sys_clk_pin  {rise@0.000ns fall@5.000ns period=10.000ns})
  Destination:            U_Uart_CU/stop_reg/D
                            (rising edge-triggered cell FDCE clocked by sys_clk_pin  {rise@0.000ns fall@5.000ns period=10.000ns})
  Path Group:             sys_clk_pin
  Path Type:              Hold (Min at Fast Process Corner)
  Requirement:            0.000ns  (sys_clk_pin rise@0.000ns - sys_clk_pin rise@0.000ns)
  Data Path Delay:        0.338ns  (logic 0.186ns (54.948%)  route 0.152ns (45.052%))
  Logic Levels:           1  (LUT6=1)
  Clock Path Skew:        0.015ns (DCD - SCD - CPR)
    Destination Clock Delay (DCD):    1.991ns
    Source Clock Delay      (SCD):    1.477ns
    Clock Pessimism Removal (CPR):    0.499ns

    Location             Delay type                Incr(ns)  Path(ns)    Netlist Resource(s)
  -------------------------------------------------------------------    -------------------
                         (clock sys_clk_pin rise edge)
                                                      0.000     0.000 r  
    W5                                                0.000     0.000 r  clk (IN)
                         net (fo=0)                   0.000     0.000    clk
    W5                   IBUF (Prop_ibuf_I_O)         0.226     0.226 r  clk_IBUF_inst/O
                         net (fo=1, routed)           0.631     0.858    clk_IBUF
    BUFGCTRL_X0Y0        BUFG (Prop_bufg_I_O)         0.026     0.884 r  clk_IBUF_BUFG_inst/O
                         net (fo=109, routed)         0.594     1.477    U_Uart/U_Uart_Rx/CLK
    SLICE_X4Y47          FDCE                                         r  U_Uart/U_Uart_Rx/rx_data_reg_reg[4]/C
  -------------------------------------------------------------------    -------------------
    SLICE_X4Y47          FDCE (Prop_fdce_C_Q)         0.141     1.618 r  U_Uart/U_Uart_Rx/rx_data_reg_reg[4]/Q
                         net (fo=5, routed)           0.152     1.771    U_Uart/U_Uart_Rx/Q[4]
    SLICE_X4Y46          LUT6 (Prop_lut6_I0_O)        0.045     1.816 r  U_Uart/U_Uart_Rx/stop_i_1/O
                         net (fo=1, routed)           0.000     1.816    U_Uart_CU/stop5_out
    SLICE_X4Y46          FDCE                                         r  U_Uart_CU/stop_reg/D
  -------------------------------------------------------------------    -------------------

                         (clock sys_clk_pin rise edge)
                                                      0.000     0.000 r  
    W5                                                0.000     0.000 r  clk (IN)
                         net (fo=0)                   0.000     0.000    clk
    W5                   IBUF (Prop_ibuf_I_O)         0.414     0.414 r  clk_IBUF_inst/O
                         net (fo=1, routed)           0.685     1.099    clk_IBUF
    BUFGCTRL_X0Y0        BUFG (Prop_bufg_I_O)         0.029     1.128 r  clk_IBUF_BUFG_inst/O
                         net (fo=109, routed)         0.864     1.991    U_Uart_CU/CLK
    SLICE_X4Y46          FDCE                                         r  U_Uart_CU/stop_reg/C
                         clock pessimism             -0.499     1.492    
    SLICE_X4Y46          FDCE (Hold_fdce_C_D)         0.092     1.584    U_Uart_CU/stop_reg
  -------------------------------------------------------------------
                         required time                         -1.584    
                         arrival time                           1.816    
  -------------------------------------------------------------------
                         slack                                  0.231    

Slack (MET) :             0.238ns  (arrival time - required time)
  Source:                 U_Uart/U_Uart_Tx/tick_count_reg_reg[0]/C
                            (rising edge-triggered cell FDCE clocked by sys_clk_pin  {rise@0.000ns fall@5.000ns period=10.000ns})
  Destination:            U_Uart/U_Uart_Tx/tick_count_reg_reg[1]/D
                            (rising edge-triggered cell FDCE clocked by sys_clk_pin  {rise@0.000ns fall@5.000ns period=10.000ns})
  Path Group:             sys_clk_pin
  Path Type:              Hold (Min at Fast Process Corner)
  Requirement:            0.000ns  (sys_clk_pin rise@0.000ns - sys_clk_pin rise@0.000ns)
  Data Path Delay:        0.345ns  (logic 0.186ns (53.839%)  route 0.159ns (46.161%))
  Logic Levels:           1  (LUT2=1)
  Clock Path Skew:        0.016ns (DCD - SCD - CPR)
    Destination Clock Delay (DCD):    1.993ns
    Source Clock Delay      (SCD):    1.478ns
    Clock Pessimism Removal (CPR):    0.499ns

    Location             Delay type                Incr(ns)  Path(ns)    Netlist Resource(s)
  -------------------------------------------------------------------    -------------------
                         (clock sys_clk_pin rise edge)
                                                      0.000     0.000 r  
    W5                                                0.000     0.000 r  clk (IN)
                         net (fo=0)                   0.000     0.000    clk
    W5                   IBUF (Prop_ibuf_I_O)         0.226     0.226 r  clk_IBUF_inst/O
                         net (fo=1, routed)           0.631     0.858    clk_IBUF
    BUFGCTRL_X0Y0        BUFG (Prop_bufg_I_O)         0.026     0.884 r  clk_IBUF_BUFG_inst/O
                         net (fo=109, routed)         0.595     1.478    U_Uart/U_Uart_Tx/CLK
    SLICE_X1Y46          FDCE                                         r  U_Uart/U_Uart_Tx/tick_count_reg_reg[0]/C
  -------------------------------------------------------------------    -------------------
    SLICE_X1Y46          FDCE (Prop_fdce_C_Q)         0.141     1.619 r  U_Uart/U_Uart_Tx/tick_count_reg_reg[0]/Q
                         net (fo=5, routed)           0.159     1.779    U_Uart/U_Uart_Tx/tick_count_reg[0]
    SLICE_X1Y45          LUT2 (Prop_lut2_I1_O)        0.045     1.824 r  U_Uart/U_Uart_Tx/tick_count_reg[1]_i_1__0/O
                         net (fo=1, routed)           0.000     1.824    U_Uart/U_Uart_Tx/tick_count_reg[1]_i_1__0_n_0
    SLICE_X1Y45          FDCE                                         r  U_Uart/U_Uart_Tx/tick_count_reg_reg[1]/D
  -------------------------------------------------------------------    -------------------

                         (clock sys_clk_pin rise edge)
                                                      0.000     0.000 r  
    W5                                                0.000     0.000 r  clk (IN)
                         net (fo=0)                   0.000     0.000    clk
    W5                   IBUF (Prop_ibuf_I_O)         0.414     0.414 r  clk_IBUF_inst/O
                         net (fo=1, routed)           0.685     1.099    clk_IBUF
    BUFGCTRL_X0Y0        BUFG (Prop_bufg_I_O)         0.029     1.128 r  clk_IBUF_BUFG_inst/O
                         net (fo=109, routed)         0.866     1.993    U_Uart/U_Uart_Tx/CLK
    SLICE_X1Y45          FDCE                                         r  U_Uart/U_Uart_Tx/tick_count_reg_reg[1]/C
                         clock pessimism             -0.499     1.494    
    SLICE_X1Y45          FDCE (Hold_fdce_C_D)         0.091     1.585    U_Uart/U_Uart_Tx/tick_count_reg_reg[1]
  -------------------------------------------------------------------
                         required time                         -1.585    
                         arrival time                           1.824    
  -------------------------------------------------------------------
                         slack                                  0.238    

Slack (MET) :             0.244ns  (arrival time - required time)
  Source:                 U_Uart/U_Uart_Rx/tick_count_reg_reg[3]/C
                            (rising edge-triggered cell FDCE clocked by sys_clk_pin  {rise@0.000ns fall@5.000ns period=10.000ns})
  Destination:            U_Uart/U_Uart_Rx/tick_count_reg_reg[4]/D
                            (rising edge-triggered cell FDCE clocked by sys_clk_pin  {rise@0.000ns fall@5.000ns period=10.000ns})
  Path Group:             sys_clk_pin
  Path Type:              Hold (Min at Fast Process Corner)
  Requirement:            0.000ns  (sys_clk_pin rise@0.000ns - sys_clk_pin rise@0.000ns)
  Data Path Delay:        0.351ns  (logic 0.183ns (52.101%)  route 0.168ns (47.899%))
  Logic Levels:           1  (LUT5=1)
  Clock Path Skew:        0.000ns (DCD - SCD - CPR)
    Destination Clock Delay (DCD):    1.994ns
    Source Clock Delay      (SCD):    1.479ns
    Clock Pessimism Removal (CPR):    0.515ns

    Location             Delay type                Incr(ns)  Path(ns)    Netlist Resource(s)
  -------------------------------------------------------------------    -------------------
                         (clock sys_clk_pin rise edge)
                                                      0.000     0.000 r  
    W5                                                0.000     0.000 r  clk (IN)
                         net (fo=0)                   0.000     0.000    clk
    W5                   IBUF (Prop_ibuf_I_O)         0.226     0.226 r  clk_IBUF_inst/O
                         net (fo=1, routed)           0.631     0.858    clk_IBUF
    BUFGCTRL_X0Y0        BUFG (Prop_bufg_I_O)         0.026     0.884 r  clk_IBUF_BUFG_inst/O
                         net (fo=109, routed)         0.596     1.479    U_Uart/U_Uart_Rx/CLK
    SLICE_X1Y47          FDCE                                         r  U_Uart/U_Uart_Rx/tick_count_reg_reg[3]/C
  -------------------------------------------------------------------    -------------------
    SLICE_X1Y47          FDCE (Prop_fdce_C_Q)         0.141     1.620 r  U_Uart/U_Uart_Rx/tick_count_reg_reg[3]/Q
                         net (fo=6, routed)           0.168     1.788    U_Uart/U_Uart_Rx/tick_count_reg[3]
    SLICE_X1Y47          LUT5 (Prop_lut5_I4_O)        0.042     1.830 r  U_Uart/U_Uart_Rx/tick_count_reg[4]_i_2/O
                         net (fo=1, routed)           0.000     1.830    U_Uart/U_Uart_Rx/tick_count_reg[4]_i_2_n_0
    SLICE_X1Y47          FDCE                                         r  U_Uart/U_Uart_Rx/tick_count_reg_reg[4]/D
  -------------------------------------------------------------------    -------------------

                         (clock sys_clk_pin rise edge)
                                                      0.000     0.000 r  
    W5                                                0.000     0.000 r  clk (IN)
                         net (fo=0)                   0.000     0.000    clk
    W5                   IBUF (Prop_ibuf_I_O)         0.414     0.414 r  clk_IBUF_inst/O
                         net (fo=1, routed)           0.685     1.099    clk_IBUF
    BUFGCTRL_X0Y0        BUFG (Prop_bufg_I_O)         0.029     1.128 r  clk_IBUF_BUFG_inst/O
                         net (fo=109, routed)         0.867     1.994    U_Uart/U_Uart_Rx/CLK
    SLICE_X1Y47          FDCE                                         r  U_Uart/U_Uart_Rx/tick_count_reg_reg[4]/C
                         clock pessimism             -0.515     1.479    
    SLICE_X1Y47          FDCE (Hold_fdce_C_D)         0.107     1.586    U_Uart/U_Uart_Rx/tick_count_reg_reg[4]
  -------------------------------------------------------------------
                         required time                         -1.586    
                         arrival time                           1.830    
  -------------------------------------------------------------------
                         slack                                  0.244    

Slack (MET) :             0.255ns  (arrival time - required time)
  Source:                 U_Uart/U_Baud/count_reg[3]/C
                            (rising edge-triggered cell FDCE clocked by sys_clk_pin  {rise@0.000ns fall@5.000ns period=10.000ns})
  Destination:            U_Uart/U_Baud/count_reg[4]/D
                            (rising edge-triggered cell FDCE clocked by sys_clk_pin  {rise@0.000ns fall@5.000ns period=10.000ns})
  Path Group:             sys_clk_pin
  Path Type:              Hold (Min at Fast Process Corner)
  Requirement:            0.000ns  (sys_clk_pin rise@0.000ns - sys_clk_pin rise@0.000ns)
  Data Path Delay:        0.347ns  (logic 0.227ns (65.497%)  route 0.120ns (34.503%))
  Logic Levels:           1  (LUT6=1)
  Clock Path Skew:        0.000ns (DCD - SCD - CPR)
    Destination Clock Delay (DCD):    1.993ns
    Source Clock Delay      (SCD):    1.478ns
    Clock Pessimism Removal (CPR):    0.515ns

    Location             Delay type                Incr(ns)  Path(ns)    Netlist Resource(s)
  -------------------------------------------------------------------    -------------------
                         (clock sys_clk_pin rise edge)
                                                      0.000     0.000 r  
    W5                                                0.000     0.000 r  clk (IN)
                         net (fo=0)                   0.000     0.000    clk
    W5                   IBUF (Prop_ibuf_I_O)         0.226     0.226 r  clk_IBUF_inst/O
                         net (fo=1, routed)           0.631     0.858    clk_IBUF
    BUFGCTRL_X0Y0        BUFG (Prop_bufg_I_O)         0.026     0.884 r  clk_IBUF_BUFG_inst/O
                         net (fo=109, routed)         0.595     1.478    U_Uart/U_Baud/CLK
    SLICE_X0Y45          FDCE                                         r  U_Uart/U_Baud/count_reg[3]/C
  -------------------------------------------------------------------    -------------------
    SLICE_X0Y45          FDCE (Prop_fdce_C_Q)         0.128     1.606 r  U_Uart/U_Baud/count_reg[3]/Q
                         net (fo=7, routed)           0.120     1.726    U_Uart/U_Baud/count[3]
    SLICE_X0Y45          LUT6 (Prop_lut6_I5_O)        0.099     1.825 r  U_Uart/U_Baud/count[4]_i_1/O
                         net (fo=1, routed)           0.000     1.825    U_Uart/U_Baud/count_0[4]
    SLICE_X0Y45          FDCE                                         r  U_Uart/U_Baud/count_reg[4]/D
  -------------------------------------------------------------------    -------------------

                         (clock sys_clk_pin rise edge)
                                                      0.000     0.000 r  
    W5                                                0.000     0.000 r  clk (IN)
                         net (fo=0)                   0.000     0.000    clk
    W5                   IBUF (Prop_ibuf_I_O)         0.414     0.414 r  clk_IBUF_inst/O
                         net (fo=1, routed)           0.685     1.099    clk_IBUF
    BUFGCTRL_X0Y0        BUFG (Prop_bufg_I_O)         0.029     1.128 r  clk_IBUF_BUFG_inst/O
                         net (fo=109, routed)         0.866     1.993    U_Uart/U_Baud/CLK
    SLICE_X0Y45          FDCE                                         r  U_Uart/U_Baud/count_reg[4]/C
                         clock pessimism             -0.515     1.478    
    SLICE_X0Y45          FDCE (Hold_fdce_C_D)         0.092     1.570    U_Uart/U_Baud/count_reg[4]
  -------------------------------------------------------------------
                         required time                         -1.570    
                         arrival time                           1.825    
  -------------------------------------------------------------------
                         slack                                  0.255    

Slack (MET) :             0.258ns  (arrival time - required time)
  Source:                 U_Uart/U_Uart_Rx/data_count_reg_reg[0]/C
                            (rising edge-triggered cell FDCE clocked by sys_clk_pin  {rise@0.000ns fall@5.000ns period=10.000ns})
  Destination:            U_Uart/U_Uart_Rx/data_count_reg_reg[2]/D
                            (rising edge-triggered cell FDCE clocked by sys_clk_pin  {rise@0.000ns fall@5.000ns period=10.000ns})
  Path Group:             sys_clk_pin
  Path Type:              Hold (Min at Fast Process Corner)
  Requirement:            0.000ns  (sys_clk_pin rise@0.000ns - sys_clk_pin rise@0.000ns)
  Data Path Delay:        0.389ns  (logic 0.251ns (64.453%)  route 0.138ns (35.547%))
  Logic Levels:           1  (LUT5=1)
  Clock Path Skew:        0.000ns (DCD - SCD - CPR)
    Destination Clock Delay (DCD):    1.994ns
    Source Clock Delay      (SCD):    1.479ns
    Clock Pessimism Removal (CPR):    0.515ns

    Location             Delay type                Incr(ns)  Path(ns)    Netlist Resource(s)
  -------------------------------------------------------------------    -------------------
                         (clock sys_clk_pin rise edge)
                                                      0.000     0.000 r  
    W5                                                0.000     0.000 r  clk (IN)
                         net (fo=0)                   0.000     0.000    clk
    W5                   IBUF (Prop_ibuf_I_O)         0.226     0.226 r  clk_IBUF_inst/O
                         net (fo=1, routed)           0.631     0.858    clk_IBUF
    BUFGCTRL_X0Y0        BUFG (Prop_bufg_I_O)         0.026     0.884 r  clk_IBUF_BUFG_inst/O
                         net (fo=109, routed)         0.596     1.479    U_Uart/U_Uart_Rx/CLK
    SLICE_X2Y48          FDCE                                         r  U_Uart/U_Uart_Rx/data_count_reg_reg[0]/C
  -------------------------------------------------------------------    -------------------
    SLICE_X2Y48          FDCE (Prop_fdce_C_Q)         0.148     1.627 r  U_Uart/U_Uart_Rx/data_count_reg_reg[0]/Q
                         net (fo=12, routed)          0.138     1.766    U_Uart/U_Uart_Rx/data_count_reg_reg_n_0_[0]
    SLICE_X2Y48          LUT5 (Prop_lut5_I0_O)        0.103     1.869 r  U_Uart/U_Uart_Rx/data_count_reg[2]_i_1/O
                         net (fo=1, routed)           0.000     1.869    U_Uart/U_Uart_Rx/data_count_reg[2]_i_1_n_0
    SLICE_X2Y48          FDCE                                         r  U_Uart/U_Uart_Rx/data_count_reg_reg[2]/D
  -------------------------------------------------------------------    -------------------

                         (clock sys_clk_pin rise edge)
                                                      0.000     0.000 r  
    W5                                                0.000     0.000 r  clk (IN)
                         net (fo=0)                   0.000     0.000    clk
    W5                   IBUF (Prop_ibuf_I_O)         0.414     0.414 r  clk_IBUF_inst/O
                         net (fo=1, routed)           0.685     1.099    clk_IBUF
    BUFGCTRL_X0Y0        BUFG (Prop_bufg_I_O)         0.029     1.128 r  clk_IBUF_BUFG_inst/O
                         net (fo=109, routed)         0.867     1.994    U_Uart/U_Uart_Rx/CLK
    SLICE_X2Y48          FDCE                                         r  U_Uart/U_Uart_Rx/data_count_reg_reg[2]/C
                         clock pessimism             -0.515     1.479    
    SLICE_X2Y48          FDCE (Hold_fdce_C_D)         0.131     1.610    U_Uart/U_Uart_Rx/data_count_reg_reg[2]
  -------------------------------------------------------------------
                         required time                         -1.610    
                         arrival time                           1.869    
  -------------------------------------------------------------------
                         slack                                  0.258    





Pulse Width Checks
--------------------------------------------------------------------------------------
Clock Name:         sys_clk_pin
Waveform(ns):       { 0.000 5.000 }
Period(ns):         10.000
Sources:            { clk }

Check Type        Corner  Lib Pin  Reference Pin  Required(ns)  Actual(ns)  Slack(ns)  Location       Pin
Min Period        n/a     BUFG/I   n/a            2.155         10.000      7.845      BUFGCTRL_X0Y0  clk_IBUF_BUFG_inst/I
Min Period        n/a     FDCE/C   n/a            1.000         10.000      9.000      SLICE_X4Y45    U_CU/FSM_sequential_state_reg[0]/C
Min Period        n/a     FDCE/C   n/a            1.000         10.000      9.000      SLICE_X4Y45    U_CU/FSM_sequential_state_reg[1]/C
Min Period        n/a     FDCE/C   n/a            1.000         10.000      9.000      SLICE_X3Y45    U_CU/clear_reg/C
Min Period        n/a     FDCE/C   n/a            1.000         10.000      9.000      SLICE_X2Y37    U_CU/en_reg/C
Min Period        n/a     FDCE/C   n/a            1.000         10.000      9.000      SLICE_X3Y45    U_CU/mode_reg/C
Min Period        n/a     FDCE/C   n/a            1.000         10.000      9.000      SLICE_X5Y34    U_Counter/U_Clk_Div_10Hz/div_counter_reg[5]/C
Min Period        n/a     FDCE/C   n/a            1.000         10.000      9.000      SLICE_X5Y34    U_Counter/U_Clk_Div_10Hz/div_counter_reg[6]/C
Min Period        n/a     FDCE/C   n/a            1.000         10.000      9.000      SLICE_X5Y34    U_Counter/U_Clk_Div_10Hz/div_counter_reg[7]/C
Min Period        n/a     FDCE/C   n/a            1.000         10.000      9.000      SLICE_X5Y34    U_Counter/U_Clk_Div_10Hz/div_counter_reg[8]/C
Low Pulse Width   Slow    FDCE/C   n/a            0.500         5.000       4.500      SLICE_X10Y36   U_FndController/U_Clk_Div_1Khz/tick_reg/C
Low Pulse Width   Fast    FDCE/C   n/a            0.500         5.000       4.500      SLICE_X4Y45    U_CU/FSM_sequential_state_reg[0]/C
Low Pulse Width   Fast    FDCE/C   n/a            0.500         5.000       4.500      SLICE_X4Y45    U_CU/FSM_sequential_state_reg[1]/C
Low Pulse Width   Fast    FDCE/C   n/a            0.500         5.000       4.500      SLICE_X2Y37    U_CU/en_reg/C
Low Pulse Width   Slow    FDCE/C   n/a            0.500         5.000       4.500      SLICE_X5Y34    U_Counter/U_Clk_Div_10Hz/div_counter_reg[5]/C
Low Pulse Width   Slow    FDCE/C   n/a            0.500         5.000       4.500      SLICE_X5Y34    U_Counter/U_Clk_Div_10Hz/div_counter_reg[6]/C
Low Pulse Width   Slow    FDCE/C   n/a            0.500         5.000       4.500      SLICE_X5Y34    U_Counter/U_Clk_Div_10Hz/div_counter_reg[7]/C
Low Pulse Width   Slow    FDCE/C   n/a            0.500         5.000       4.500      SLICE_X5Y34    U_Counter/U_Clk_Div_10Hz/div_counter_reg[8]/C
Low Pulse Width   Slow    FDCE/C   n/a            0.500         5.000       4.500      SLICE_X5Y34    U_Counter/U_Clk_Div_10Hz/div_counter_reg[9]/C
Low Pulse Width   Fast    FDCE/C   n/a            0.500         5.000       4.500      SLICE_X3Y36    U_Counter/U_Clk_Div_10Hz/tick_reg/C
High Pulse Width  Slow    FDCE/C   n/a            0.500         5.000       4.500      SLICE_X3Y45    U_CU/clear_reg/C
High Pulse Width  Slow    FDCE/C   n/a            0.500         5.000       4.500      SLICE_X3Y45    U_CU/mode_reg/C
High Pulse Width  Fast    FDCE/C   n/a            0.500         5.000       4.500      SLICE_X5Y34    U_Counter/U_Clk_Div_10Hz/div_counter_reg[5]/C
High Pulse Width  Fast    FDCE/C   n/a            0.500         5.000       4.500      SLICE_X5Y34    U_Counter/U_Clk_Div_10Hz/div_counter_reg[6]/C
High Pulse Width  Fast    FDCE/C   n/a            0.500         5.000       4.500      SLICE_X5Y34    U_Counter/U_Clk_Div_10Hz/div_counter_reg[7]/C
High Pulse Width  Fast    FDCE/C   n/a            0.500         5.000       4.500      SLICE_X5Y34    U_Counter/U_Clk_Div_10Hz/div_counter_reg[8]/C
High Pulse Width  Fast    FDCE/C   n/a            0.500         5.000       4.500      SLICE_X5Y34    U_Counter/U_Clk_Div_10Hz/div_counter_reg[9]/C
High Pulse Width  Fast    FDCE/C   n/a            0.500         5.000       4.500      SLICE_X9Y33    U_FndController/U_Clk_Div_1Khz/div_counter_reg[0]/C
High Pulse Width  Fast    FDCE/C   n/a            0.500         5.000       4.500      SLICE_X8Y33    U_FndController/U_Clk_Div_1Khz/div_counter_reg[10]/C
High Pulse Width  Slow    FDCE/C   n/a            0.500         5.000       4.500      SLICE_X2Y48    U_Uart/U_Uart_Rx/FSM_sequential_state_reg[0]/C



