Copyright 1986-2020 Xilinx, Inc. All Rights Reserved.
--------------------------------------------------------------------------------------------------------------------------------------------------------------------------------
| Tool Version : Vivado v.2020.2 (win64) Build 3064766 Wed Nov 18 09:12:45 MST 2020
| Date         : Wed Apr 23 17:26:06 2025
| Host         : DESKTOP-7CFQ9ND running 64-bit major release  (build 9200)
| Command      : report_timing_summary -max_paths 10 -file MCU_timing_summary_routed.rpt -pb MCU_timing_summary_routed.pb -rpx MCU_timing_summary_routed.rpx -warn_on_violation
| Design       : MCU
| Device       : 7a35t-cpg236
| Speed File   : -1  PRODUCTION 1.23 2018-06-13
--------------------------------------------------------------------------------------------------------------------------------------------------------------------------------

Timing Summary Report

------------------------------------------------------------------------------------------------
| Timer Settings
| --------------
------------------------------------------------------------------------------------------------

  Enable Multi Corner Analysis               :  Yes
  Enable Pessimism Removal                   :  Yes
  Pessimism Removal Resolution               :  Nearest Common Node
  Enable Input Delay Default Clock           :  No
  Enable Preset / Clear Arcs                 :  No
  Disable Flight Delays                      :  No
  Ignore I/O Paths                           :  No
  Timing Early Launch at Borrowing Latches   :  No
  Borrow Time for Max Delay Exceptions       :  Yes
  Merge Timing Exceptions                    :  Yes

  Corner  Analyze    Analyze    
  Name    Max Paths  Min Paths  
  ------  ---------  ---------  
  Slow    Yes        Yes        
  Fast    Yes        Yes        



check_timing report

Table of Contents
-----------------
1. checking no_clock (2)
2. checking constant_clock (0)
3. checking pulse_width_clock (0)
4. checking unconstrained_internal_endpoints (4)
5. checking no_input_delay (25)
6. checking no_output_delay (36)
7. checking multiple_clock (0)
8. checking generated_clocks (0)
9. checking loops (0)
10. checking partial_input_delay (0)
11. checking partial_output_delay (0)
12. checking latch_loops (0)

1. checking no_clock (2)
------------------------
 There are 2 register/latch pins with no clock driven by root clock pin: U_GPOE/U_FND_IP/U_clk_div/r_clk_reg/Q (HIGH)


2. checking constant_clock (0)
------------------------------
 There are 0 register/latch pins with constant_clock.


3. checking pulse_width_clock (0)
---------------------------------
 There are 0 register/latch pins which need pulse_width check


4. checking unconstrained_internal_endpoints (4)
------------------------------------------------
 There are 4 pins that are not constrained for maximum delay. (HIGH)

 There are 0 pins that are not constrained for maximum delay due to constant clock.


5. checking no_input_delay (25)
-------------------------------
 There are 25 input ports with no input delay specified. (HIGH)

 There are 0 input ports with no input delay but user has a false path constraint.


6. checking no_output_delay (36)
--------------------------------
 There are 36 ports with no output delay specified. (HIGH)

 There are 0 ports with no output delay but user has a false path constraint

 There are 0 ports with no output delay but with a timing clock defined on it or propagating through it


7. checking multiple_clock (0)
------------------------------
 There are 0 register/latch pins with multiple clocks.


8. checking generated_clocks (0)
--------------------------------
 There are 0 generated clocks that are not connected to a clock source.


9. checking loops (0)
---------------------
 There are 0 combinational loops in the design.


10. checking partial_input_delay (0)
------------------------------------
 There are 0 input ports with partial input delay specified.


11. checking partial_output_delay (0)
-------------------------------------
 There are 0 ports with partial output delay specified.


12. checking latch_loops (0)
----------------------------
 There are 0 combinational latch loops in the design through latch input



------------------------------------------------------------------------------------------------
| Design Timing Summary
| ---------------------
------------------------------------------------------------------------------------------------

    WNS(ns)      TNS(ns)  TNS Failing Endpoints  TNS Total Endpoints      WHS(ns)      THS(ns)  THS Failing Endpoints  THS Total Endpoints     WPWS(ns)     TPWS(ns)  TPWS Failing Endpoints  TPWS Total Endpoints  
    -------      -------  ---------------------  -------------------      -------      -------  ---------------------  -------------------     --------     --------  ----------------------  --------------------  
      0.165        0.000                      0                 2134        0.106        0.000                      0                 2134        3.750        0.000                       0                   934  


All user specified timing constraints are met.


------------------------------------------------------------------------------------------------
| Clock Summary
| -------------
------------------------------------------------------------------------------------------------

Clock        Waveform(ns)       Period(ns)      Frequency(MHz)
-----        ------------       ----------      --------------
sys_clk_pin  {0.000 5.000}      10.000          100.000         


------------------------------------------------------------------------------------------------
| Intra Clock Table
| -----------------
------------------------------------------------------------------------------------------------

Clock             WNS(ns)      TNS(ns)  TNS Failing Endpoints  TNS Total Endpoints      WHS(ns)      THS(ns)  THS Failing Endpoints  THS Total Endpoints     WPWS(ns)     TPWS(ns)  TPWS Failing Endpoints  TPWS Total Endpoints  
-----             -------      -------  ---------------------  -------------------      -------      -------  ---------------------  -------------------     --------     --------  ----------------------  --------------------  
sys_clk_pin         0.165        0.000                      0                 2134        0.106        0.000                      0                 2134        3.750        0.000                       0                   934  


------------------------------------------------------------------------------------------------
| Inter Clock Table
| -----------------
------------------------------------------------------------------------------------------------

From Clock    To Clock          WNS(ns)      TNS(ns)  TNS Failing Endpoints  TNS Total Endpoints      WHS(ns)      THS(ns)  THS Failing Endpoints  THS Total Endpoints  
----------    --------          -------      -------  ---------------------  -------------------      -------      -------  ---------------------  -------------------  


------------------------------------------------------------------------------------------------
| Other Path Groups Table
| -----------------------
------------------------------------------------------------------------------------------------

Path Group    From Clock    To Clock          WNS(ns)      TNS(ns)  TNS Failing Endpoints  TNS Total Endpoints      WHS(ns)      THS(ns)  THS Failing Endpoints  THS Total Endpoints  
----------    ----------    --------          -------      -------  ---------------------  -------------------      -------      -------  ---------------------  -------------------  


------------------------------------------------------------------------------------------------
| Timing Details
| --------------
------------------------------------------------------------------------------------------------


---------------------------------------------------------------------------------------------------
From Clock:  sys_clk_pin
  To Clock:  sys_clk_pin

Setup :            0  Failing Endpoints,  Worst Slack        0.165ns,  Total Violation        0.000ns
Hold  :            0  Failing Endpoints,  Worst Slack        0.106ns,  Total Violation        0.000ns
PW    :            0  Failing Endpoints,  Worst Slack        3.750ns,  Total Violation        0.000ns
---------------------------------------------------------------------------------------------------


Max Delay Paths
--------------------------------------------------------------------------------------
Slack (MET) :             0.165ns  (required time - arrival time)
  Source:                 U_Core/U_DataPath/U_PC/q_reg[2]/C
                            (rising edge-triggered cell FDCE clocked by sys_clk_pin  {rise@0.000ns fall@5.000ns period=10.000ns})
  Destination:            U_DataPath/U_RegFile/RegFile_reg_r1_0_31_30_31/RAMA_D1/I
                            (rising edge-triggered cell RAMD32 clocked by sys_clk_pin  {rise@0.000ns fall@5.000ns period=10.000ns})
  Path Group:             sys_clk_pin
  Path Type:              Setup (Max at Slow Process Corner)
  Requirement:            10.000ns  (sys_clk_pin rise@10.000ns - sys_clk_pin rise@0.000ns)
  Data Path Delay:        9.505ns  (logic 2.012ns (21.169%)  route 7.493ns (78.831%))
  Logic Levels:           7  (LUT2=1 LUT3=1 LUT4=1 LUT5=1 LUT6=3)
  Clock Path Skew:        -0.037ns (DCD - SCD + CPR)
    Destination Clock Delay (DCD):    4.782ns = ( 14.782 - 10.000 ) 
    Source Clock Delay      (SCD):    5.079ns
    Clock Pessimism Removal (CPR):    0.260ns
  Clock Uncertainty:      0.035ns  ((TSJ^2 + TIJ^2)^1/2 + DJ) / 2 + PE
    Total System Jitter     (TSJ):    0.071ns
    Total Input Jitter      (TIJ):    0.000ns
    Discrete Jitter          (DJ):    0.000ns
    Phase Error              (PE):    0.000ns

    Location             Delay type                Incr(ns)  Path(ns)    Netlist Resource(s)
  -------------------------------------------------------------------    -------------------
                         (clock sys_clk_pin rise edge)
                                                      0.000     0.000 r  
    W5                                                0.000     0.000 r  clk (IN)
                         net (fo=0)                   0.000     0.000    clk
    W5                   IBUF (Prop_ibuf_I_O)         1.458     1.458 r  clk_IBUF_inst/O
                         net (fo=1, routed)           1.967     3.425    clk_IBUF
    BUFGCTRL_X0Y0        BUFG (Prop_bufg_I_O)         0.096     3.521 r  clk_IBUF_BUFG_inst/O
                         net (fo=933, routed)         1.558     5.079    U_Core/U_DataPath/U_PC/clk_IBUF_BUFG
    SLICE_X48Y19         FDCE                                         r  U_Core/U_DataPath/U_PC/q_reg[2]/C
  -------------------------------------------------------------------    -------------------
    SLICE_X48Y19         FDCE (Prop_fdce_C_Q)         0.456     5.535 r  U_Core/U_DataPath/U_PC/q_reg[2]/Q
                         net (fo=78, routed)          1.164     6.700    U_ROM/Q[0]
    SLICE_X47Y20         LUT6 (Prop_lut6_I0_O)        0.124     6.824 r  U_ROM/q[14]_i_3/O
                         net (fo=1, routed)           0.771     7.594    U_ROM/q[14]_i_3_n_0
    SLICE_X47Y20         LUT4 (Prop_lut4_I0_O)        0.124     7.718 r  U_ROM/q[14]_i_2/O
                         net (fo=4, routed)           0.919     8.638    U_Core/U_ControlUnit/q[31]_i_3__1[2]
    SLICE_X48Y20         LUT5 (Prop_lut5_I4_O)        0.152     8.790 r  U_Core/U_ControlUnit/q[31]_i_8/O
                         net (fo=14, routed)          0.997     9.787    U_Core/U_ControlUnit/aluControl[2]
    SLICE_X48Y23         LUT3 (Prop_lut3_I0_O)        0.354    10.141 r  U_Core/U_ControlUnit/RegFile_reg_r1_0_31_0_5_i_68/O
                         net (fo=40, routed)          1.416    11.557    U_Core/U_ControlUnit/FSM_sequential_state_reg[1]_0
    SLICE_X47Y32         LUT2 (Prop_lut2_I0_O)        0.352    11.909 r  U_Core/U_ControlUnit/q[31]_i_7/O
                         net (fo=1, routed)           0.886    12.796    U_Core/U_ControlUnit/q[31]_i_7_n_0
    SLICE_X49Y32         LUT6 (Prop_lut6_I5_O)        0.326    13.122 r  U_Core/U_ControlUnit/q[31]_i_1__0/O
                         net (fo=2, routed)           0.699    13.821    U_Core/U_ControlUnit/q_reg[31][29]
    SLICE_X54Y30         LUT6 (Prop_lut6_I4_O)        0.124    13.945 r  U_Core/U_ControlUnit/RegFile_reg_r1_0_31_30_31_i_1/O
                         net (fo=2, routed)           0.639    14.584    U_DataPath/U_RegFile/RegFile_reg_r1_0_31_30_31/DIA1
    SLICE_X50Y29         RAMD32                                       r  U_DataPath/U_RegFile/RegFile_reg_r1_0_31_30_31/RAMA_D1/I
  -------------------------------------------------------------------    -------------------

                         (clock sys_clk_pin rise edge)
                                                     10.000    10.000 r  
    W5                                                0.000    10.000 r  clk (IN)
                         net (fo=0)                   0.000    10.000    clk
    W5                   IBUF (Prop_ibuf_I_O)         1.388    11.388 r  clk_IBUF_inst/O
                         net (fo=1, routed)           1.862    13.250    clk_IBUF
    BUFGCTRL_X0Y0        BUFG (Prop_bufg_I_O)         0.091    13.341 r  clk_IBUF_BUFG_inst/O
                         net (fo=933, routed)         1.441    14.782    U_DataPath/U_RegFile/RegFile_reg_r1_0_31_30_31/WCLK
    SLICE_X50Y29         RAMD32                                       r  U_DataPath/U_RegFile/RegFile_reg_r1_0_31_30_31/RAMA_D1/CLK
                         clock pessimism              0.260    15.042    
                         clock uncertainty           -0.035    15.007    
    SLICE_X50Y29         RAMD32 (Setup_ramd32_CLK_I)
                                                     -0.258    14.749    U_DataPath/U_RegFile/RegFile_reg_r1_0_31_30_31/RAMA_D1
  -------------------------------------------------------------------
                         required time                         14.749    
                         arrival time                         -14.584    
  -------------------------------------------------------------------
                         slack                                  0.165    

Slack (MET) :             0.179ns  (required time - arrival time)
  Source:                 U_Core/U_DataPath/U_PC/q_reg[2]/C
                            (rising edge-triggered cell FDCE clocked by sys_clk_pin  {rise@0.000ns fall@5.000ns period=10.000ns})
  Destination:            U_DataPath/U_RegFile/RegFile_reg_r2_0_31_30_31/RAMA_D1/I
                            (rising edge-triggered cell RAMD32 clocked by sys_clk_pin  {rise@0.000ns fall@5.000ns period=10.000ns})
  Path Group:             sys_clk_pin
  Path Type:              Setup (Max at Slow Process Corner)
  Requirement:            10.000ns  (sys_clk_pin rise@10.000ns - sys_clk_pin rise@0.000ns)
  Data Path Delay:        9.490ns  (logic 2.012ns (21.200%)  route 7.478ns (78.800%))
  Logic Levels:           7  (LUT2=1 LUT3=1 LUT4=1 LUT5=1 LUT6=3)
  Clock Path Skew:        -0.037ns (DCD - SCD + CPR)
    Destination Clock Delay (DCD):    4.782ns = ( 14.782 - 10.000 ) 
    Source Clock Delay      (SCD):    5.079ns
    Clock Pessimism Removal (CPR):    0.260ns
  Clock Uncertainty:      0.035ns  ((TSJ^2 + TIJ^2)^1/2 + DJ) / 2 + PE
    Total System Jitter     (TSJ):    0.071ns
    Total Input Jitter      (TIJ):    0.000ns
    Discrete Jitter          (DJ):    0.000ns
    Phase Error              (PE):    0.000ns

    Location             Delay type                Incr(ns)  Path(ns)    Netlist Resource(s)
  -------------------------------------------------------------------    -------------------
                         (clock sys_clk_pin rise edge)
                                                      0.000     0.000 r  
    W5                                                0.000     0.000 r  clk (IN)
                         net (fo=0)                   0.000     0.000    clk
    W5                   IBUF (Prop_ibuf_I_O)         1.458     1.458 r  clk_IBUF_inst/O
                         net (fo=1, routed)           1.967     3.425    clk_IBUF
    BUFGCTRL_X0Y0        BUFG (Prop_bufg_I_O)         0.096     3.521 r  clk_IBUF_BUFG_inst/O
                         net (fo=933, routed)         1.558     5.079    U_Core/U_DataPath/U_PC/clk_IBUF_BUFG
    SLICE_X48Y19         FDCE                                         r  U_Core/U_DataPath/U_PC/q_reg[2]/C
  -------------------------------------------------------------------    -------------------
    SLICE_X48Y19         FDCE (Prop_fdce_C_Q)         0.456     5.535 r  U_Core/U_DataPath/U_PC/q_reg[2]/Q
                         net (fo=78, routed)          1.164     6.700    U_ROM/Q[0]
    SLICE_X47Y20         LUT6 (Prop_lut6_I0_O)        0.124     6.824 r  U_ROM/q[14]_i_3/O
                         net (fo=1, routed)           0.771     7.594    U_ROM/q[14]_i_3_n_0
    SLICE_X47Y20         LUT4 (Prop_lut4_I0_O)        0.124     7.718 r  U_ROM/q[14]_i_2/O
                         net (fo=4, routed)           0.919     8.638    U_Core/U_ControlUnit/q[31]_i_3__1[2]
    SLICE_X48Y20         LUT5 (Prop_lut5_I4_O)        0.152     8.790 r  U_Core/U_ControlUnit/q[31]_i_8/O
                         net (fo=14, routed)          0.997     9.787    U_Core/U_ControlUnit/aluControl[2]
    SLICE_X48Y23         LUT3 (Prop_lut3_I0_O)        0.354    10.141 r  U_Core/U_ControlUnit/RegFile_reg_r1_0_31_0_5_i_68/O
                         net (fo=40, routed)          1.416    11.557    U_Core/U_ControlUnit/FSM_sequential_state_reg[1]_0
    SLICE_X47Y32         LUT2 (Prop_lut2_I0_O)        0.352    11.909 r  U_Core/U_ControlUnit/q[31]_i_7/O
                         net (fo=1, routed)           0.886    12.796    U_Core/U_ControlUnit/q[31]_i_7_n_0
    SLICE_X49Y32         LUT6 (Prop_lut6_I5_O)        0.326    13.122 r  U_Core/U_ControlUnit/q[31]_i_1__0/O
                         net (fo=2, routed)           0.699    13.821    U_Core/U_ControlUnit/q_reg[31][29]
    SLICE_X54Y30         LUT6 (Prop_lut6_I4_O)        0.124    13.945 r  U_Core/U_ControlUnit/RegFile_reg_r1_0_31_30_31_i_1/O
                         net (fo=2, routed)           0.625    14.570    U_DataPath/U_RegFile/RegFile_reg_r2_0_31_30_31/DIA1
    SLICE_X50Y30         RAMD32                                       r  U_DataPath/U_RegFile/RegFile_reg_r2_0_31_30_31/RAMA_D1/I
  -------------------------------------------------------------------    -------------------

                         (clock sys_clk_pin rise edge)
                                                     10.000    10.000 r  
    W5                                                0.000    10.000 r  clk (IN)
                         net (fo=0)                   0.000    10.000    clk
    W5                   IBUF (Prop_ibuf_I_O)         1.388    11.388 r  clk_IBUF_inst/O
                         net (fo=1, routed)           1.862    13.250    clk_IBUF
    BUFGCTRL_X0Y0        BUFG (Prop_bufg_I_O)         0.091    13.341 r  clk_IBUF_BUFG_inst/O
                         net (fo=933, routed)         1.441    14.782    U_DataPath/U_RegFile/RegFile_reg_r2_0_31_30_31/WCLK
    SLICE_X50Y30         RAMD32                                       r  U_DataPath/U_RegFile/RegFile_reg_r2_0_31_30_31/RAMA_D1/CLK
                         clock pessimism              0.260    15.042    
                         clock uncertainty           -0.035    15.007    
    SLICE_X50Y30         RAMD32 (Setup_ramd32_CLK_I)
                                                     -0.258    14.749    U_DataPath/U_RegFile/RegFile_reg_r2_0_31_30_31/RAMA_D1
  -------------------------------------------------------------------
                         required time                         14.749    
                         arrival time                         -14.570    
  -------------------------------------------------------------------
                         slack                                  0.179    

Slack (MET) :             0.212ns  (required time - arrival time)
  Source:                 U_Core/U_DataPath/U_PC/q_reg[2]/C
                            (rising edge-triggered cell FDCE clocked by sys_clk_pin  {rise@0.000ns fall@5.000ns period=10.000ns})
  Destination:            U_DataPath/U_RegFile/RegFile_reg_r2_0_31_6_11/RAMB/I
                            (rising edge-triggered cell RAMD32 clocked by sys_clk_pin  {rise@0.000ns fall@5.000ns period=10.000ns})
  Path Group:             sys_clk_pin
  Path Type:              Setup (Max at Slow Process Corner)
  Requirement:            10.000ns  (sys_clk_pin rise@10.000ns - sys_clk_pin rise@0.000ns)
  Data Path Delay:        9.527ns  (logic 1.784ns (18.725%)  route 7.743ns (81.275%))
  Logic Levels:           7  (LUT2=1 LUT3=1 LUT4=1 LUT5=1 LUT6=3)
  Clock Path Skew:        -0.040ns (DCD - SCD + CPR)
    Destination Clock Delay (DCD):    4.779ns = ( 14.779 - 10.000 ) 
    Source Clock Delay      (SCD):    5.079ns
    Clock Pessimism Removal (CPR):    0.260ns
  Clock Uncertainty:      0.035ns  ((TSJ^2 + TIJ^2)^1/2 + DJ) / 2 + PE
    Total System Jitter     (TSJ):    0.071ns
    Total Input Jitter      (TIJ):    0.000ns
    Discrete Jitter          (DJ):    0.000ns
    Phase Error              (PE):    0.000ns

    Location             Delay type                Incr(ns)  Path(ns)    Netlist Resource(s)
  -------------------------------------------------------------------    -------------------
                         (clock sys_clk_pin rise edge)
                                                      0.000     0.000 r  
    W5                                                0.000     0.000 r  clk (IN)
                         net (fo=0)                   0.000     0.000    clk
    W5                   IBUF (Prop_ibuf_I_O)         1.458     1.458 r  clk_IBUF_inst/O
                         net (fo=1, routed)           1.967     3.425    clk_IBUF
    BUFGCTRL_X0Y0        BUFG (Prop_bufg_I_O)         0.096     3.521 r  clk_IBUF_BUFG_inst/O
                         net (fo=933, routed)         1.558     5.079    U_Core/U_DataPath/U_PC/clk_IBUF_BUFG
    SLICE_X48Y19         FDCE                                         r  U_Core/U_DataPath/U_PC/q_reg[2]/C
  -------------------------------------------------------------------    -------------------
    SLICE_X48Y19         FDCE (Prop_fdce_C_Q)         0.456     5.535 r  U_Core/U_DataPath/U_PC/q_reg[2]/Q
                         net (fo=78, routed)          1.164     6.700    U_ROM/Q[0]
    SLICE_X47Y20         LUT6 (Prop_lut6_I0_O)        0.124     6.824 r  U_ROM/q[14]_i_3/O
                         net (fo=1, routed)           0.771     7.594    U_ROM/q[14]_i_3_n_0
    SLICE_X47Y20         LUT4 (Prop_lut4_I0_O)        0.124     7.718 r  U_ROM/q[14]_i_2/O
                         net (fo=4, routed)           0.919     8.638    U_Core/U_ControlUnit/q[31]_i_3__1[2]
    SLICE_X48Y20         LUT5 (Prop_lut5_I4_O)        0.152     8.790 r  U_Core/U_ControlUnit/q[31]_i_8/O
                         net (fo=14, routed)          0.997     9.787    U_Core/U_ControlUnit/aluControl[2]
    SLICE_X48Y23         LUT3 (Prop_lut3_I0_O)        0.354    10.141 r  U_Core/U_ControlUnit/RegFile_reg_r1_0_31_0_5_i_68/O
                         net (fo=40, routed)          0.969    11.110    U_Core/U_ControlUnit/FSM_sequential_state_reg[1]_0
    SLICE_X48Y31         LUT2 (Prop_lut2_I0_O)        0.326    11.436 r  U_Core/U_ControlUnit/q[28]_i_4/O
                         net (fo=26, routed)          1.418    12.854    U_Core/U_ControlUnit/q[28]_i_4_n_0
    SLICE_X41Y23         LUT6 (Prop_lut6_I5_O)        0.124    12.978 r  U_Core/U_ControlUnit/q[8]_i_1/O
                         net (fo=2, routed)           0.856    13.834    U_Core/U_ControlUnit/q_reg[31][6]
    SLICE_X52Y24         LUT6 (Prop_lut6_I4_O)        0.124    13.958 r  U_Core/U_ControlUnit/RegFile_reg_r1_0_31_6_11_i_4/O
                         net (fo=2, routed)           0.649    14.607    U_DataPath/U_RegFile/RegFile_reg_r2_0_31_6_11/DIB0
    SLICE_X56Y23         RAMD32                                       r  U_DataPath/U_RegFile/RegFile_reg_r2_0_31_6_11/RAMB/I
  -------------------------------------------------------------------    -------------------

                         (clock sys_clk_pin rise edge)
                                                     10.000    10.000 r  
    W5                                                0.000    10.000 r  clk (IN)
                         net (fo=0)                   0.000    10.000    clk
    W5                   IBUF (Prop_ibuf_I_O)         1.388    11.388 r  clk_IBUF_inst/O
                         net (fo=1, routed)           1.862    13.250    clk_IBUF
    BUFGCTRL_X0Y0        BUFG (Prop_bufg_I_O)         0.091    13.341 r  clk_IBUF_BUFG_inst/O
                         net (fo=933, routed)         1.438    14.779    U_DataPath/U_RegFile/RegFile_reg_r2_0_31_6_11/WCLK
    SLICE_X56Y23         RAMD32                                       r  U_DataPath/U_RegFile/RegFile_reg_r2_0_31_6_11/RAMB/CLK
                         clock pessimism              0.260    15.039    
                         clock uncertainty           -0.035    15.004    
    SLICE_X56Y23         RAMD32 (Setup_ramd32_CLK_I)
                                                     -0.185    14.819    U_DataPath/U_RegFile/RegFile_reg_r2_0_31_6_11/RAMB
  -------------------------------------------------------------------
                         required time                         14.819    
                         arrival time                         -14.607    
  -------------------------------------------------------------------
                         slack                                  0.212    

Slack (MET) :             0.252ns  (required time - arrival time)
  Source:                 U_Core/U_DataPath/U_PC/q_reg[2]/C
                            (rising edge-triggered cell FDCE clocked by sys_clk_pin  {rise@0.000ns fall@5.000ns period=10.000ns})
  Destination:            U_DataPath/U_RegFile/RegFile_reg_r1_0_31_12_17/RAMA/I
                            (rising edge-triggered cell RAMD32 clocked by sys_clk_pin  {rise@0.000ns fall@5.000ns period=10.000ns})
  Path Group:             sys_clk_pin
  Path Type:              Setup (Max at Slow Process Corner)
  Requirement:            10.000ns  (sys_clk_pin rise@10.000ns - sys_clk_pin rise@0.000ns)
  Data Path Delay:        9.508ns  (logic 1.784ns (18.763%)  route 7.724ns (81.237%))
  Logic Levels:           7  (LUT2=1 LUT3=1 LUT4=1 LUT5=1 LUT6=3)
  Clock Path Skew:        -0.043ns (DCD - SCD + CPR)
    Destination Clock Delay (DCD):    4.776ns = ( 14.776 - 10.000 ) 
    Source Clock Delay      (SCD):    5.079ns
    Clock Pessimism Removal (CPR):    0.260ns
  Clock Uncertainty:      0.035ns  ((TSJ^2 + TIJ^2)^1/2 + DJ) / 2 + PE
    Total System Jitter     (TSJ):    0.071ns
    Total Input Jitter      (TIJ):    0.000ns
    Discrete Jitter          (DJ):    0.000ns
    Phase Error              (PE):    0.000ns

    Location             Delay type                Incr(ns)  Path(ns)    Netlist Resource(s)
  -------------------------------------------------------------------    -------------------
                         (clock sys_clk_pin rise edge)
                                                      0.000     0.000 r  
    W5                                                0.000     0.000 r  clk (IN)
                         net (fo=0)                   0.000     0.000    clk
    W5                   IBUF (Prop_ibuf_I_O)         1.458     1.458 r  clk_IBUF_inst/O
                         net (fo=1, routed)           1.967     3.425    clk_IBUF
    BUFGCTRL_X0Y0        BUFG (Prop_bufg_I_O)         0.096     3.521 r  clk_IBUF_BUFG_inst/O
                         net (fo=933, routed)         1.558     5.079    U_Core/U_DataPath/U_PC/clk_IBUF_BUFG
    SLICE_X48Y19         FDCE                                         r  U_Core/U_DataPath/U_PC/q_reg[2]/C
  -------------------------------------------------------------------    -------------------
    SLICE_X48Y19         FDCE (Prop_fdce_C_Q)         0.456     5.535 r  U_Core/U_DataPath/U_PC/q_reg[2]/Q
                         net (fo=78, routed)          1.164     6.700    U_ROM/Q[0]
    SLICE_X47Y20         LUT6 (Prop_lut6_I0_O)        0.124     6.824 r  U_ROM/q[14]_i_3/O
                         net (fo=1, routed)           0.771     7.594    U_ROM/q[14]_i_3_n_0
    SLICE_X47Y20         LUT4 (Prop_lut4_I0_O)        0.124     7.718 r  U_ROM/q[14]_i_2/O
                         net (fo=4, routed)           0.919     8.638    U_Core/U_ControlUnit/q[31]_i_3__1[2]
    SLICE_X48Y20         LUT5 (Prop_lut5_I4_O)        0.152     8.790 r  U_Core/U_ControlUnit/q[31]_i_8/O
                         net (fo=14, routed)          0.997     9.787    U_Core/U_ControlUnit/aluControl[2]
    SLICE_X48Y23         LUT3 (Prop_lut3_I0_O)        0.354    10.141 r  U_Core/U_ControlUnit/RegFile_reg_r1_0_31_0_5_i_68/O
                         net (fo=40, routed)          0.969    11.110    U_Core/U_ControlUnit/FSM_sequential_state_reg[1]_0
    SLICE_X48Y31         LUT2 (Prop_lut2_I0_O)        0.326    11.436 r  U_Core/U_ControlUnit/q[28]_i_4/O
                         net (fo=26, routed)          1.331    12.767    U_Core/U_ControlUnit/q[28]_i_4_n_0
    SLICE_X45Y25         LUT6 (Prop_lut6_I5_O)        0.124    12.891 r  U_Core/U_ControlUnit/q[12]_i_1/O
                         net (fo=2, routed)           1.017    13.908    U_Core/U_ControlUnit/q_reg[31][10]
    SLICE_X54Y25         LUT6 (Prop_lut6_I4_O)        0.124    14.032 r  U_Core/U_ControlUnit/RegFile_reg_r1_0_31_12_17_i_2/O
                         net (fo=2, routed)           0.555    14.587    U_DataPath/U_RegFile/RegFile_reg_r1_0_31_12_17/DIA0
    SLICE_X52Y25         RAMD32                                       r  U_DataPath/U_RegFile/RegFile_reg_r1_0_31_12_17/RAMA/I
  -------------------------------------------------------------------    -------------------

                         (clock sys_clk_pin rise edge)
                                                     10.000    10.000 r  
    W5                                                0.000    10.000 r  clk (IN)
                         net (fo=0)                   0.000    10.000    clk
    W5                   IBUF (Prop_ibuf_I_O)         1.388    11.388 r  clk_IBUF_inst/O
                         net (fo=1, routed)           1.862    13.250    clk_IBUF
    BUFGCTRL_X0Y0        BUFG (Prop_bufg_I_O)         0.091    13.341 r  clk_IBUF_BUFG_inst/O
                         net (fo=933, routed)         1.435    14.776    U_DataPath/U_RegFile/RegFile_reg_r1_0_31_12_17/WCLK
    SLICE_X52Y25         RAMD32                                       r  U_DataPath/U_RegFile/RegFile_reg_r1_0_31_12_17/RAMA/CLK
                         clock pessimism              0.260    15.036    
                         clock uncertainty           -0.035    15.001    
    SLICE_X52Y25         RAMD32 (Setup_ramd32_CLK_I)
                                                     -0.161    14.840    U_DataPath/U_RegFile/RegFile_reg_r1_0_31_12_17/RAMA
  -------------------------------------------------------------------
                         required time                         14.840    
                         arrival time                         -14.587    
  -------------------------------------------------------------------
                         slack                                  0.252    

Slack (MET) :             0.255ns  (required time - arrival time)
  Source:                 U_Core/U_DataPath/U_PC/q_reg[2]/C
                            (rising edge-triggered cell FDCE clocked by sys_clk_pin  {rise@0.000ns fall@5.000ns period=10.000ns})
  Destination:            U_DataPath/U_RegFile/RegFile_reg_r1_0_31_18_23/RAMA_D1/I
                            (rising edge-triggered cell RAMD32 clocked by sys_clk_pin  {rise@0.000ns fall@5.000ns period=10.000ns})
  Path Group:             sys_clk_pin
  Path Type:              Setup (Max at Slow Process Corner)
  Requirement:            10.000ns  (sys_clk_pin rise@10.000ns - sys_clk_pin rise@0.000ns)
  Data Path Delay:        9.414ns  (logic 1.784ns (18.951%)  route 7.630ns (81.049%))
  Logic Levels:           7  (LUT2=1 LUT3=1 LUT4=1 LUT5=1 LUT6=3)
  Clock Path Skew:        -0.038ns (DCD - SCD + CPR)
    Destination Clock Delay (DCD):    4.781ns = ( 14.781 - 10.000 ) 
    Source Clock Delay      (SCD):    5.079ns
    Clock Pessimism Removal (CPR):    0.260ns
  Clock Uncertainty:      0.035ns  ((TSJ^2 + TIJ^2)^1/2 + DJ) / 2 + PE
    Total System Jitter     (TSJ):    0.071ns
    Total Input Jitter      (TIJ):    0.000ns
    Discrete Jitter          (DJ):    0.000ns
    Phase Error              (PE):    0.000ns

    Location             Delay type                Incr(ns)  Path(ns)    Netlist Resource(s)
  -------------------------------------------------------------------    -------------------
                         (clock sys_clk_pin rise edge)
                                                      0.000     0.000 r  
    W5                                                0.000     0.000 r  clk (IN)
                         net (fo=0)                   0.000     0.000    clk
    W5                   IBUF (Prop_ibuf_I_O)         1.458     1.458 r  clk_IBUF_inst/O
                         net (fo=1, routed)           1.967     3.425    clk_IBUF
    BUFGCTRL_X0Y0        BUFG (Prop_bufg_I_O)         0.096     3.521 r  clk_IBUF_BUFG_inst/O
                         net (fo=933, routed)         1.558     5.079    U_Core/U_DataPath/U_PC/clk_IBUF_BUFG
    SLICE_X48Y19         FDCE                                         r  U_Core/U_DataPath/U_PC/q_reg[2]/C
  -------------------------------------------------------------------    -------------------
    SLICE_X48Y19         FDCE (Prop_fdce_C_Q)         0.456     5.535 r  U_Core/U_DataPath/U_PC/q_reg[2]/Q
                         net (fo=78, routed)          1.164     6.700    U_ROM/Q[0]
    SLICE_X47Y20         LUT6 (Prop_lut6_I0_O)        0.124     6.824 r  U_ROM/q[14]_i_3/O
                         net (fo=1, routed)           0.771     7.594    U_ROM/q[14]_i_3_n_0
    SLICE_X47Y20         LUT4 (Prop_lut4_I0_O)        0.124     7.718 r  U_ROM/q[14]_i_2/O
                         net (fo=4, routed)           0.919     8.638    U_Core/U_ControlUnit/q[31]_i_3__1[2]
    SLICE_X48Y20         LUT5 (Prop_lut5_I4_O)        0.152     8.790 r  U_Core/U_ControlUnit/q[31]_i_8/O
                         net (fo=14, routed)          0.997     9.787    U_Core/U_ControlUnit/aluControl[2]
    SLICE_X48Y23         LUT3 (Prop_lut3_I0_O)        0.354    10.141 r  U_Core/U_ControlUnit/RegFile_reg_r1_0_31_0_5_i_68/O
                         net (fo=40, routed)          0.969    11.110    U_Core/U_ControlUnit/FSM_sequential_state_reg[1]_0
    SLICE_X48Y31         LUT2 (Prop_lut2_I0_O)        0.326    11.436 r  U_Core/U_ControlUnit/q[28]_i_4/O
                         net (fo=26, routed)          1.328    12.764    U_Core/U_ControlUnit/q[28]_i_4_n_0
    SLICE_X42Y29         LUT6 (Prop_lut6_I5_O)        0.124    12.888 r  U_Core/U_ControlUnit/q[19]_i_1/O
                         net (fo=2, routed)           0.970    13.857    U_Core/U_ControlUnit/q_reg[31][17]
    SLICE_X55Y28         LUT6 (Prop_lut6_I4_O)        0.124    13.981 r  U_Core/U_ControlUnit/RegFile_reg_r1_0_31_18_23_i_1/O
                         net (fo=2, routed)           0.512    14.493    U_DataPath/U_RegFile/RegFile_reg_r1_0_31_18_23/DIA1
    SLICE_X52Y28         RAMD32                                       r  U_DataPath/U_RegFile/RegFile_reg_r1_0_31_18_23/RAMA_D1/I
  -------------------------------------------------------------------    -------------------

                         (clock sys_clk_pin rise edge)
                                                     10.000    10.000 r  
    W5                                                0.000    10.000 r  clk (IN)
                         net (fo=0)                   0.000    10.000    clk
    W5                   IBUF (Prop_ibuf_I_O)         1.388    11.388 r  clk_IBUF_inst/O
                         net (fo=1, routed)           1.862    13.250    clk_IBUF
    BUFGCTRL_X0Y0        BUFG (Prop_bufg_I_O)         0.091    13.341 r  clk_IBUF_BUFG_inst/O
                         net (fo=933, routed)         1.440    14.781    U_DataPath/U_RegFile/RegFile_reg_r1_0_31_18_23/WCLK
    SLICE_X52Y28         RAMD32                                       r  U_DataPath/U_RegFile/RegFile_reg_r1_0_31_18_23/RAMA_D1/CLK
                         clock pessimism              0.260    15.041    
                         clock uncertainty           -0.035    15.006    
    SLICE_X52Y28         RAMD32 (Setup_ramd32_CLK_I)
                                                     -0.258    14.748    U_DataPath/U_RegFile/RegFile_reg_r1_0_31_18_23/RAMA_D1
  -------------------------------------------------------------------
                         required time                         14.748    
                         arrival time                         -14.493    
  -------------------------------------------------------------------
                         slack                                  0.255    

Slack (MET) :             0.325ns  (required time - arrival time)
  Source:                 U_Core/U_DataPath/U_PC/q_reg[2]/C
                            (rising edge-triggered cell FDCE clocked by sys_clk_pin  {rise@0.000ns fall@5.000ns period=10.000ns})
  Destination:            U_DataPath/U_RegFile/RegFile_reg_r2_0_31_18_23/RAMB_D1/I
                            (rising edge-triggered cell RAMD32 clocked by sys_clk_pin  {rise@0.000ns fall@5.000ns period=10.000ns})
  Path Group:             sys_clk_pin
  Path Type:              Setup (Max at Slow Process Corner)
  Requirement:            10.000ns  (sys_clk_pin rise@10.000ns - sys_clk_pin rise@0.000ns)
  Data Path Delay:        9.373ns  (logic 1.784ns (19.033%)  route 7.589ns (80.967%))
  Logic Levels:           7  (LUT2=1 LUT3=1 LUT4=1 LUT5=1 LUT6=3)
  Clock Path Skew:        -0.038ns (DCD - SCD + CPR)
    Destination Clock Delay (DCD):    4.781ns = ( 14.781 - 10.000 ) 
    Source Clock Delay      (SCD):    5.079ns
    Clock Pessimism Removal (CPR):    0.260ns
  Clock Uncertainty:      0.035ns  ((TSJ^2 + TIJ^2)^1/2 + DJ) / 2 + PE
    Total System Jitter     (TSJ):    0.071ns
    Total Input Jitter      (TIJ):    0.000ns
    Discrete Jitter          (DJ):    0.000ns
    Phase Error              (PE):    0.000ns

    Location             Delay type                Incr(ns)  Path(ns)    Netlist Resource(s)
  -------------------------------------------------------------------    -------------------
                         (clock sys_clk_pin rise edge)
                                                      0.000     0.000 r  
    W5                                                0.000     0.000 r  clk (IN)
                         net (fo=0)                   0.000     0.000    clk
    W5                   IBUF (Prop_ibuf_I_O)         1.458     1.458 r  clk_IBUF_inst/O
                         net (fo=1, routed)           1.967     3.425    clk_IBUF
    BUFGCTRL_X0Y0        BUFG (Prop_bufg_I_O)         0.096     3.521 r  clk_IBUF_BUFG_inst/O
                         net (fo=933, routed)         1.558     5.079    U_Core/U_DataPath/U_PC/clk_IBUF_BUFG
    SLICE_X48Y19         FDCE                                         r  U_Core/U_DataPath/U_PC/q_reg[2]/C
  -------------------------------------------------------------------    -------------------
    SLICE_X48Y19         FDCE (Prop_fdce_C_Q)         0.456     5.535 r  U_Core/U_DataPath/U_PC/q_reg[2]/Q
                         net (fo=78, routed)          1.164     6.700    U_ROM/Q[0]
    SLICE_X47Y20         LUT6 (Prop_lut6_I0_O)        0.124     6.824 r  U_ROM/q[14]_i_3/O
                         net (fo=1, routed)           0.771     7.594    U_ROM/q[14]_i_3_n_0
    SLICE_X47Y20         LUT4 (Prop_lut4_I0_O)        0.124     7.718 r  U_ROM/q[14]_i_2/O
                         net (fo=4, routed)           0.919     8.638    U_Core/U_ControlUnit/q[31]_i_3__1[2]
    SLICE_X48Y20         LUT5 (Prop_lut5_I4_O)        0.152     8.790 r  U_Core/U_ControlUnit/q[31]_i_8/O
                         net (fo=14, routed)          0.997     9.787    U_Core/U_ControlUnit/aluControl[2]
    SLICE_X48Y23         LUT3 (Prop_lut3_I0_O)        0.354    10.141 r  U_Core/U_ControlUnit/RegFile_reg_r1_0_31_0_5_i_68/O
                         net (fo=40, routed)          0.969    11.110    U_Core/U_ControlUnit/FSM_sequential_state_reg[1]_0
    SLICE_X48Y31         LUT2 (Prop_lut2_I0_O)        0.326    11.436 r  U_Core/U_ControlUnit/q[28]_i_4/O
                         net (fo=26, routed)          1.297    12.733    U_Core/U_ControlUnit/q[28]_i_4_n_0
    SLICE_X43Y30         LUT6 (Prop_lut6_I5_O)        0.124    12.857 r  U_Core/U_ControlUnit/q[21]_i_1/O
                         net (fo=2, routed)           0.842    13.698    U_Core/U_ControlUnit/q_reg[31][19]
    SLICE_X52Y29         LUT6 (Prop_lut6_I4_O)        0.124    13.822 r  U_Core/U_ControlUnit/RegFile_reg_r1_0_31_18_23_i_3/O
                         net (fo=2, routed)           0.630    14.453    U_DataPath/U_RegFile/RegFile_reg_r2_0_31_18_23/DIB1
    SLICE_X54Y28         RAMD32                                       r  U_DataPath/U_RegFile/RegFile_reg_r2_0_31_18_23/RAMB_D1/I
  -------------------------------------------------------------------    -------------------

                         (clock sys_clk_pin rise edge)
                                                     10.000    10.000 r  
    W5                                                0.000    10.000 r  clk (IN)
                         net (fo=0)                   0.000    10.000    clk
    W5                   IBUF (Prop_ibuf_I_O)         1.388    11.388 r  clk_IBUF_inst/O
                         net (fo=1, routed)           1.862    13.250    clk_IBUF
    BUFGCTRL_X0Y0        BUFG (Prop_bufg_I_O)         0.091    13.341 r  clk_IBUF_BUFG_inst/O
                         net (fo=933, routed)         1.440    14.781    U_DataPath/U_RegFile/RegFile_reg_r2_0_31_18_23/WCLK
    SLICE_X54Y28         RAMD32                                       r  U_DataPath/U_RegFile/RegFile_reg_r2_0_31_18_23/RAMB_D1/CLK
                         clock pessimism              0.260    15.041    
                         clock uncertainty           -0.035    15.006    
    SLICE_X54Y28         RAMD32 (Setup_ramd32_CLK_I)
                                                     -0.228    14.778    U_DataPath/U_RegFile/RegFile_reg_r2_0_31_18_23/RAMB_D1
  -------------------------------------------------------------------
                         required time                         14.778    
                         arrival time                         -14.453    
  -------------------------------------------------------------------
                         slack                                  0.325    

Slack (MET) :             0.327ns  (required time - arrival time)
  Source:                 U_Core/U_DataPath/U_PC/q_reg[2]/C
                            (rising edge-triggered cell FDCE clocked by sys_clk_pin  {rise@0.000ns fall@5.000ns period=10.000ns})
  Destination:            U_DataPath/U_RegFile/RegFile_reg_r2_0_31_12_17/RAMA/I
                            (rising edge-triggered cell RAMD32 clocked by sys_clk_pin  {rise@0.000ns fall@5.000ns period=10.000ns})
  Path Group:             sys_clk_pin
  Path Type:              Setup (Max at Slow Process Corner)
  Requirement:            10.000ns  (sys_clk_pin rise@10.000ns - sys_clk_pin rise@0.000ns)
  Data Path Delay:        9.436ns  (logic 1.784ns (18.907%)  route 7.652ns (81.093%))
  Logic Levels:           7  (LUT2=1 LUT3=1 LUT4=1 LUT5=1 LUT6=3)
  Clock Path Skew:        -0.041ns (DCD - SCD + CPR)
    Destination Clock Delay (DCD):    4.778ns = ( 14.778 - 10.000 ) 
    Source Clock Delay      (SCD):    5.079ns
    Clock Pessimism Removal (CPR):    0.260ns
  Clock Uncertainty:      0.035ns  ((TSJ^2 + TIJ^2)^1/2 + DJ) / 2 + PE
    Total System Jitter     (TSJ):    0.071ns
    Total Input Jitter      (TIJ):    0.000ns
    Discrete Jitter          (DJ):    0.000ns
    Phase Error              (PE):    0.000ns

    Location             Delay type                Incr(ns)  Path(ns)    Netlist Resource(s)
  -------------------------------------------------------------------    -------------------
                         (clock sys_clk_pin rise edge)
                                                      0.000     0.000 r  
    W5                                                0.000     0.000 r  clk (IN)
                         net (fo=0)                   0.000     0.000    clk
    W5                   IBUF (Prop_ibuf_I_O)         1.458     1.458 r  clk_IBUF_inst/O
                         net (fo=1, routed)           1.967     3.425    clk_IBUF
    BUFGCTRL_X0Y0        BUFG (Prop_bufg_I_O)         0.096     3.521 r  clk_IBUF_BUFG_inst/O
                         net (fo=933, routed)         1.558     5.079    U_Core/U_DataPath/U_PC/clk_IBUF_BUFG
    SLICE_X48Y19         FDCE                                         r  U_Core/U_DataPath/U_PC/q_reg[2]/C
  -------------------------------------------------------------------    -------------------
    SLICE_X48Y19         FDCE (Prop_fdce_C_Q)         0.456     5.535 r  U_Core/U_DataPath/U_PC/q_reg[2]/Q
                         net (fo=78, routed)          1.164     6.700    U_ROM/Q[0]
    SLICE_X47Y20         LUT6 (Prop_lut6_I0_O)        0.124     6.824 r  U_ROM/q[14]_i_3/O
                         net (fo=1, routed)           0.771     7.594    U_ROM/q[14]_i_3_n_0
    SLICE_X47Y20         LUT4 (Prop_lut4_I0_O)        0.124     7.718 r  U_ROM/q[14]_i_2/O
                         net (fo=4, routed)           0.919     8.638    U_Core/U_ControlUnit/q[31]_i_3__1[2]
    SLICE_X48Y20         LUT5 (Prop_lut5_I4_O)        0.152     8.790 r  U_Core/U_ControlUnit/q[31]_i_8/O
                         net (fo=14, routed)          0.997     9.787    U_Core/U_ControlUnit/aluControl[2]
    SLICE_X48Y23         LUT3 (Prop_lut3_I0_O)        0.354    10.141 r  U_Core/U_ControlUnit/RegFile_reg_r1_0_31_0_5_i_68/O
                         net (fo=40, routed)          0.969    11.110    U_Core/U_ControlUnit/FSM_sequential_state_reg[1]_0
    SLICE_X48Y31         LUT2 (Prop_lut2_I0_O)        0.326    11.436 r  U_Core/U_ControlUnit/q[28]_i_4/O
                         net (fo=26, routed)          1.331    12.767    U_Core/U_ControlUnit/q[28]_i_4_n_0
    SLICE_X45Y25         LUT6 (Prop_lut6_I5_O)        0.124    12.891 r  U_Core/U_ControlUnit/q[12]_i_1/O
                         net (fo=2, routed)           1.017    13.908    U_Core/U_ControlUnit/q_reg[31][10]
    SLICE_X54Y25         LUT6 (Prop_lut6_I4_O)        0.124    14.032 r  U_Core/U_ControlUnit/RegFile_reg_r1_0_31_12_17_i_2/O
                         net (fo=2, routed)           0.483    14.515    U_DataPath/U_RegFile/RegFile_reg_r2_0_31_12_17/DIA0
    SLICE_X54Y26         RAMD32                                       r  U_DataPath/U_RegFile/RegFile_reg_r2_0_31_12_17/RAMA/I
  -------------------------------------------------------------------    -------------------

                         (clock sys_clk_pin rise edge)
                                                     10.000    10.000 r  
    W5                                                0.000    10.000 r  clk (IN)
                         net (fo=0)                   0.000    10.000    clk
    W5                   IBUF (Prop_ibuf_I_O)         1.388    11.388 r  clk_IBUF_inst/O
                         net (fo=1, routed)           1.862    13.250    clk_IBUF
    BUFGCTRL_X0Y0        BUFG (Prop_bufg_I_O)         0.091    13.341 r  clk_IBUF_BUFG_inst/O
                         net (fo=933, routed)         1.437    14.778    U_DataPath/U_RegFile/RegFile_reg_r2_0_31_12_17/WCLK
    SLICE_X54Y26         RAMD32                                       r  U_DataPath/U_RegFile/RegFile_reg_r2_0_31_12_17/RAMA/CLK
                         clock pessimism              0.260    15.038    
                         clock uncertainty           -0.035    15.003    
    SLICE_X54Y26         RAMD32 (Setup_ramd32_CLK_I)
                                                     -0.161    14.842    U_DataPath/U_RegFile/RegFile_reg_r2_0_31_12_17/RAMA
  -------------------------------------------------------------------
                         required time                         14.842    
                         arrival time                         -14.515    
  -------------------------------------------------------------------
                         slack                                  0.327    

Slack (MET) :             0.328ns  (required time - arrival time)
  Source:                 U_Core/U_DataPath/U_PC/q_reg[2]/C
                            (rising edge-triggered cell FDCE clocked by sys_clk_pin  {rise@0.000ns fall@5.000ns period=10.000ns})
  Destination:            U_DataPath/U_RegFile/RegFile_reg_r1_0_31_6_11/RAMC/I
                            (rising edge-triggered cell RAMD32 clocked by sys_clk_pin  {rise@0.000ns fall@5.000ns period=10.000ns})
  Path Group:             sys_clk_pin
  Path Type:              Setup (Max at Slow Process Corner)
  Requirement:            10.000ns  (sys_clk_pin rise@10.000ns - sys_clk_pin rise@0.000ns)
  Data Path Delay:        9.421ns  (logic 1.784ns (18.937%)  route 7.637ns (81.063%))
  Logic Levels:           7  (LUT2=1 LUT3=1 LUT4=1 LUT5=1 LUT6=3)
  Clock Path Skew:        -0.041ns (DCD - SCD + CPR)
    Destination Clock Delay (DCD):    4.778ns = ( 14.778 - 10.000 ) 
    Source Clock Delay      (SCD):    5.079ns
    Clock Pessimism Removal (CPR):    0.260ns
  Clock Uncertainty:      0.035ns  ((TSJ^2 + TIJ^2)^1/2 + DJ) / 2 + PE
    Total System Jitter     (TSJ):    0.071ns
    Total Input Jitter      (TIJ):    0.000ns
    Discrete Jitter          (DJ):    0.000ns
    Phase Error              (PE):    0.000ns

    Location             Delay type                Incr(ns)  Path(ns)    Netlist Resource(s)
  -------------------------------------------------------------------    -------------------
                         (clock sys_clk_pin rise edge)
                                                      0.000     0.000 r  
    W5                                                0.000     0.000 r  clk (IN)
                         net (fo=0)                   0.000     0.000    clk
    W5                   IBUF (Prop_ibuf_I_O)         1.458     1.458 r  clk_IBUF_inst/O
                         net (fo=1, routed)           1.967     3.425    clk_IBUF
    BUFGCTRL_X0Y0        BUFG (Prop_bufg_I_O)         0.096     3.521 r  clk_IBUF_BUFG_inst/O
                         net (fo=933, routed)         1.558     5.079    U_Core/U_DataPath/U_PC/clk_IBUF_BUFG
    SLICE_X48Y19         FDCE                                         r  U_Core/U_DataPath/U_PC/q_reg[2]/C
  -------------------------------------------------------------------    -------------------
    SLICE_X48Y19         FDCE (Prop_fdce_C_Q)         0.456     5.535 r  U_Core/U_DataPath/U_PC/q_reg[2]/Q
                         net (fo=78, routed)          1.164     6.700    U_ROM/Q[0]
    SLICE_X47Y20         LUT6 (Prop_lut6_I0_O)        0.124     6.824 r  U_ROM/q[14]_i_3/O
                         net (fo=1, routed)           0.771     7.594    U_ROM/q[14]_i_3_n_0
    SLICE_X47Y20         LUT4 (Prop_lut4_I0_O)        0.124     7.718 r  U_ROM/q[14]_i_2/O
                         net (fo=4, routed)           0.919     8.638    U_Core/U_ControlUnit/q[31]_i_3__1[2]
    SLICE_X48Y20         LUT5 (Prop_lut5_I4_O)        0.152     8.790 r  U_Core/U_ControlUnit/q[31]_i_8/O
                         net (fo=14, routed)          0.997     9.787    U_Core/U_ControlUnit/aluControl[2]
    SLICE_X48Y23         LUT3 (Prop_lut3_I0_O)        0.354    10.141 r  U_Core/U_ControlUnit/RegFile_reg_r1_0_31_0_5_i_68/O
                         net (fo=40, routed)          0.969    11.110    U_Core/U_ControlUnit/FSM_sequential_state_reg[1]_0
    SLICE_X48Y31         LUT2 (Prop_lut2_I0_O)        0.326    11.436 r  U_Core/U_ControlUnit/q[28]_i_4/O
                         net (fo=26, routed)          1.291    12.726    U_Core/U_ControlUnit/q[28]_i_4_n_0
    SLICE_X42Y24         LUT6 (Prop_lut6_I5_O)        0.124    12.850 r  U_Core/U_ControlUnit/q[10]_i_1/O
                         net (fo=2, routed)           1.018    13.869    U_Core/U_ControlUnit/q_reg[31][8]
    SLICE_X54Y24         LUT6 (Prop_lut6_I4_O)        0.124    13.993 r  U_Core/U_ControlUnit/RegFile_reg_r1_0_31_6_11_i_6/O
                         net (fo=2, routed)           0.507    14.500    U_DataPath/U_RegFile/RegFile_reg_r1_0_31_6_11/DIC0
    SLICE_X52Y23         RAMD32                                       r  U_DataPath/U_RegFile/RegFile_reg_r1_0_31_6_11/RAMC/I
  -------------------------------------------------------------------    -------------------

                         (clock sys_clk_pin rise edge)
                                                     10.000    10.000 r  
    W5                                                0.000    10.000 r  clk (IN)
                         net (fo=0)                   0.000    10.000    clk
    W5                   IBUF (Prop_ibuf_I_O)         1.388    11.388 r  clk_IBUF_inst/O
                         net (fo=1, routed)           1.862    13.250    clk_IBUF
    BUFGCTRL_X0Y0        BUFG (Prop_bufg_I_O)         0.091    13.341 r  clk_IBUF_BUFG_inst/O
                         net (fo=933, routed)         1.437    14.778    U_DataPath/U_RegFile/RegFile_reg_r1_0_31_6_11/WCLK
    SLICE_X52Y23         RAMD32                                       r  U_DataPath/U_RegFile/RegFile_reg_r1_0_31_6_11/RAMC/CLK
                         clock pessimism              0.260    15.038    
                         clock uncertainty           -0.035    15.003    
    SLICE_X52Y23         RAMD32 (Setup_ramd32_CLK_I)
                                                     -0.175    14.828    U_DataPath/U_RegFile/RegFile_reg_r1_0_31_6_11/RAMC
  -------------------------------------------------------------------
                         required time                         14.828    
                         arrival time                         -14.500    
  -------------------------------------------------------------------
                         slack                                  0.328    

Slack (MET) :             0.348ns  (required time - arrival time)
  Source:                 U_Core/U_DataPath/U_PC/q_reg[2]/C
                            (rising edge-triggered cell FDCE clocked by sys_clk_pin  {rise@0.000ns fall@5.000ns period=10.000ns})
  Destination:            U_DataPath/U_RegFile/RegFile_reg_r2_0_31_6_11/RAMC/I
                            (rising edge-triggered cell RAMD32 clocked by sys_clk_pin  {rise@0.000ns fall@5.000ns period=10.000ns})
  Path Group:             sys_clk_pin
  Path Type:              Setup (Max at Slow Process Corner)
  Requirement:            10.000ns  (sys_clk_pin rise@10.000ns - sys_clk_pin rise@0.000ns)
  Data Path Delay:        9.401ns  (logic 1.784ns (18.976%)  route 7.617ns (81.024%))
  Logic Levels:           7  (LUT2=1 LUT3=1 LUT4=1 LUT5=1 LUT6=3)
  Clock Path Skew:        -0.040ns (DCD - SCD + CPR)
    Destination Clock Delay (DCD):    4.779ns = ( 14.779 - 10.000 ) 
    Source Clock Delay      (SCD):    5.079ns
    Clock Pessimism Removal (CPR):    0.260ns
  Clock Uncertainty:      0.035ns  ((TSJ^2 + TIJ^2)^1/2 + DJ) / 2 + PE
    Total System Jitter     (TSJ):    0.071ns
    Total Input Jitter      (TIJ):    0.000ns
    Discrete Jitter          (DJ):    0.000ns
    Phase Error              (PE):    0.000ns

    Location             Delay type                Incr(ns)  Path(ns)    Netlist Resource(s)
  -------------------------------------------------------------------    -------------------
                         (clock sys_clk_pin rise edge)
                                                      0.000     0.000 r  
    W5                                                0.000     0.000 r  clk (IN)
                         net (fo=0)                   0.000     0.000    clk
    W5                   IBUF (Prop_ibuf_I_O)         1.458     1.458 r  clk_IBUF_inst/O
                         net (fo=1, routed)           1.967     3.425    clk_IBUF
    BUFGCTRL_X0Y0        BUFG (Prop_bufg_I_O)         0.096     3.521 r  clk_IBUF_BUFG_inst/O
                         net (fo=933, routed)         1.558     5.079    U_Core/U_DataPath/U_PC/clk_IBUF_BUFG
    SLICE_X48Y19         FDCE                                         r  U_Core/U_DataPath/U_PC/q_reg[2]/C
  -------------------------------------------------------------------    -------------------
    SLICE_X48Y19         FDCE (Prop_fdce_C_Q)         0.456     5.535 r  U_Core/U_DataPath/U_PC/q_reg[2]/Q
                         net (fo=78, routed)          1.164     6.700    U_ROM/Q[0]
    SLICE_X47Y20         LUT6 (Prop_lut6_I0_O)        0.124     6.824 r  U_ROM/q[14]_i_3/O
                         net (fo=1, routed)           0.771     7.594    U_ROM/q[14]_i_3_n_0
    SLICE_X47Y20         LUT4 (Prop_lut4_I0_O)        0.124     7.718 r  U_ROM/q[14]_i_2/O
                         net (fo=4, routed)           0.919     8.638    U_Core/U_ControlUnit/q[31]_i_3__1[2]
    SLICE_X48Y20         LUT5 (Prop_lut5_I4_O)        0.152     8.790 r  U_Core/U_ControlUnit/q[31]_i_8/O
                         net (fo=14, routed)          0.997     9.787    U_Core/U_ControlUnit/aluControl[2]
    SLICE_X48Y23         LUT3 (Prop_lut3_I0_O)        0.354    10.141 r  U_Core/U_ControlUnit/RegFile_reg_r1_0_31_0_5_i_68/O
                         net (fo=40, routed)          0.969    11.110    U_Core/U_ControlUnit/FSM_sequential_state_reg[1]_0
    SLICE_X48Y31         LUT2 (Prop_lut2_I0_O)        0.326    11.436 r  U_Core/U_ControlUnit/q[28]_i_4/O
                         net (fo=26, routed)          1.291    12.726    U_Core/U_ControlUnit/q[28]_i_4_n_0
    SLICE_X42Y24         LUT6 (Prop_lut6_I5_O)        0.124    12.850 r  U_Core/U_ControlUnit/q[10]_i_1/O
                         net (fo=2, routed)           1.018    13.869    U_Core/U_ControlUnit/q_reg[31][8]
    SLICE_X54Y24         LUT6 (Prop_lut6_I4_O)        0.124    13.993 r  U_Core/U_ControlUnit/RegFile_reg_r1_0_31_6_11_i_6/O
                         net (fo=2, routed)           0.488    14.481    U_DataPath/U_RegFile/RegFile_reg_r2_0_31_6_11/DIC0
    SLICE_X56Y23         RAMD32                                       r  U_DataPath/U_RegFile/RegFile_reg_r2_0_31_6_11/RAMC/I
  -------------------------------------------------------------------    -------------------

                         (clock sys_clk_pin rise edge)
                                                     10.000    10.000 r  
    W5                                                0.000    10.000 r  clk (IN)
                         net (fo=0)                   0.000    10.000    clk
    W5                   IBUF (Prop_ibuf_I_O)         1.388    11.388 r  clk_IBUF_inst/O
                         net (fo=1, routed)           1.862    13.250    clk_IBUF
    BUFGCTRL_X0Y0        BUFG (Prop_bufg_I_O)         0.091    13.341 r  clk_IBUF_BUFG_inst/O
                         net (fo=933, routed)         1.438    14.779    U_DataPath/U_RegFile/RegFile_reg_r2_0_31_6_11/WCLK
    SLICE_X56Y23         RAMD32                                       r  U_DataPath/U_RegFile/RegFile_reg_r2_0_31_6_11/RAMC/CLK
                         clock pessimism              0.260    15.039    
                         clock uncertainty           -0.035    15.004    
    SLICE_X56Y23         RAMD32 (Setup_ramd32_CLK_I)
                                                     -0.175    14.829    U_DataPath/U_RegFile/RegFile_reg_r2_0_31_6_11/RAMC
  -------------------------------------------------------------------
                         required time                         14.829    
                         arrival time                         -14.481    
  -------------------------------------------------------------------
                         slack                                  0.348    

Slack (MET) :             0.366ns  (required time - arrival time)
  Source:                 U_Core/U_DataPath/U_PC/q_reg[2]/C
                            (rising edge-triggered cell FDCE clocked by sys_clk_pin  {rise@0.000ns fall@5.000ns period=10.000ns})
  Destination:            U_DataPath/U_RegFile/RegFile_reg_r1_0_31_6_11/RAMB/I
                            (rising edge-triggered cell RAMD32 clocked by sys_clk_pin  {rise@0.000ns fall@5.000ns period=10.000ns})
  Path Group:             sys_clk_pin
  Path Type:              Setup (Max at Slow Process Corner)
  Requirement:            10.000ns  (sys_clk_pin rise@10.000ns - sys_clk_pin rise@0.000ns)
  Data Path Delay:        9.372ns  (logic 1.784ns (19.035%)  route 7.588ns (80.965%))
  Logic Levels:           7  (LUT2=1 LUT3=1 LUT4=1 LUT5=1 LUT6=3)
  Clock Path Skew:        -0.041ns (DCD - SCD + CPR)
    Destination Clock Delay (DCD):    4.778ns = ( 14.778 - 10.000 ) 
    Source Clock Delay      (SCD):    5.079ns
    Clock Pessimism Removal (CPR):    0.260ns
  Clock Uncertainty:      0.035ns  ((TSJ^2 + TIJ^2)^1/2 + DJ) / 2 + PE
    Total System Jitter     (TSJ):    0.071ns
    Total Input Jitter      (TIJ):    0.000ns
    Discrete Jitter          (DJ):    0.000ns
    Phase Error              (PE):    0.000ns

    Location             Delay type                Incr(ns)  Path(ns)    Netlist Resource(s)
  -------------------------------------------------------------------    -------------------
                         (clock sys_clk_pin rise edge)
                                                      0.000     0.000 r  
    W5                                                0.000     0.000 r  clk (IN)
                         net (fo=0)                   0.000     0.000    clk
    W5                   IBUF (Prop_ibuf_I_O)         1.458     1.458 r  clk_IBUF_inst/O
                         net (fo=1, routed)           1.967     3.425    clk_IBUF
    BUFGCTRL_X0Y0        BUFG (Prop_bufg_I_O)         0.096     3.521 r  clk_IBUF_BUFG_inst/O
                         net (fo=933, routed)         1.558     5.079    U_Core/U_DataPath/U_PC/clk_IBUF_BUFG
    SLICE_X48Y19         FDCE                                         r  U_Core/U_DataPath/U_PC/q_reg[2]/C
  -------------------------------------------------------------------    -------------------
    SLICE_X48Y19         FDCE (Prop_fdce_C_Q)         0.456     5.535 r  U_Core/U_DataPath/U_PC/q_reg[2]/Q
                         net (fo=78, routed)          1.164     6.700    U_ROM/Q[0]
    SLICE_X47Y20         LUT6 (Prop_lut6_I0_O)        0.124     6.824 r  U_ROM/q[14]_i_3/O
                         net (fo=1, routed)           0.771     7.594    U_ROM/q[14]_i_3_n_0
    SLICE_X47Y20         LUT4 (Prop_lut4_I0_O)        0.124     7.718 r  U_ROM/q[14]_i_2/O
                         net (fo=4, routed)           0.919     8.638    U_Core/U_ControlUnit/q[31]_i_3__1[2]
    SLICE_X48Y20         LUT5 (Prop_lut5_I4_O)        0.152     8.790 r  U_Core/U_ControlUnit/q[31]_i_8/O
                         net (fo=14, routed)          0.997     9.787    U_Core/U_ControlUnit/aluControl[2]
    SLICE_X48Y23         LUT3 (Prop_lut3_I0_O)        0.354    10.141 r  U_Core/U_ControlUnit/RegFile_reg_r1_0_31_0_5_i_68/O
                         net (fo=40, routed)          0.969    11.110    U_Core/U_ControlUnit/FSM_sequential_state_reg[1]_0
    SLICE_X48Y31         LUT2 (Prop_lut2_I0_O)        0.326    11.436 r  U_Core/U_ControlUnit/q[28]_i_4/O
                         net (fo=26, routed)          1.418    12.854    U_Core/U_ControlUnit/q[28]_i_4_n_0
    SLICE_X41Y23         LUT6 (Prop_lut6_I5_O)        0.124    12.978 r  U_Core/U_ControlUnit/q[8]_i_1/O
                         net (fo=2, routed)           0.856    13.834    U_Core/U_ControlUnit/q_reg[31][6]
    SLICE_X52Y24         LUT6 (Prop_lut6_I4_O)        0.124    13.958 r  U_Core/U_ControlUnit/RegFile_reg_r1_0_31_6_11_i_4/O
                         net (fo=2, routed)           0.494    14.452    U_DataPath/U_RegFile/RegFile_reg_r1_0_31_6_11/DIB0
    SLICE_X52Y23         RAMD32                                       r  U_DataPath/U_RegFile/RegFile_reg_r1_0_31_6_11/RAMB/I
  -------------------------------------------------------------------    -------------------

                         (clock sys_clk_pin rise edge)
                                                     10.000    10.000 r  
    W5                                                0.000    10.000 r  clk (IN)
                         net (fo=0)                   0.000    10.000    clk
    W5                   IBUF (Prop_ibuf_I_O)         1.388    11.388 r  clk_IBUF_inst/O
                         net (fo=1, routed)           1.862    13.250    clk_IBUF
    BUFGCTRL_X0Y0        BUFG (Prop_bufg_I_O)         0.091    13.341 r  clk_IBUF_BUFG_inst/O
                         net (fo=933, routed)         1.437    14.778    U_DataPath/U_RegFile/RegFile_reg_r1_0_31_6_11/WCLK
    SLICE_X52Y23         RAMD32                                       r  U_DataPath/U_RegFile/RegFile_reg_r1_0_31_6_11/RAMB/CLK
                         clock pessimism              0.260    15.038    
                         clock uncertainty           -0.035    15.003    
    SLICE_X52Y23         RAMD32 (Setup_ramd32_CLK_I)
                                                     -0.185    14.818    U_DataPath/U_RegFile/RegFile_reg_r1_0_31_6_11/RAMB
  -------------------------------------------------------------------
                         required time                         14.818    
                         arrival time                         -14.452    
  -------------------------------------------------------------------
                         slack                                  0.366    





Min Delay Paths
--------------------------------------------------------------------------------------
Slack (MET) :             0.106ns  (arrival time - required time)
  Source:                 U_GPOE/U_APB_Intf_FND/slv_reg0_reg[21]/C
                            (rising edge-triggered cell FDCE clocked by sys_clk_pin  {rise@0.000ns fall@5.000ns period=10.000ns})
  Destination:            U_GPOE/U_APB_Intf_FND/PRDATA_reg[21]/D
                            (rising edge-triggered cell FDRE clocked by sys_clk_pin  {rise@0.000ns fall@5.000ns period=10.000ns})
  Path Group:             sys_clk_pin
  Path Type:              Hold (Min at Fast Process Corner)
  Requirement:            0.000ns  (sys_clk_pin rise@0.000ns - sys_clk_pin rise@0.000ns)
  Data Path Delay:        0.240ns  (logic 0.186ns (77.466%)  route 0.054ns (22.534%))
  Logic Levels:           1  (LUT5=1)
  Clock Path Skew:        0.013ns (DCD - SCD - CPR)
    Destination Clock Delay (DCD):    1.984ns
    Source Clock Delay      (SCD):    1.472ns
    Clock Pessimism Removal (CPR):    0.499ns

    Location             Delay type                Incr(ns)  Path(ns)    Netlist Resource(s)
  -------------------------------------------------------------------    -------------------
                         (clock sys_clk_pin rise edge)
                                                      0.000     0.000 r  
    W5                                                0.000     0.000 r  clk (IN)
                         net (fo=0)                   0.000     0.000    clk
    W5                   IBUF (Prop_ibuf_I_O)         0.226     0.226 r  clk_IBUF_inst/O
                         net (fo=1, routed)           0.631     0.858    clk_IBUF
    BUFGCTRL_X0Y0        BUFG (Prop_bufg_I_O)         0.026     0.884 r  clk_IBUF_BUFG_inst/O
                         net (fo=933, routed)         0.589     1.472    U_GPOE/U_APB_Intf_FND/clk_IBUF_BUFG
    SLICE_X61Y16         FDCE                                         r  U_GPOE/U_APB_Intf_FND/slv_reg0_reg[21]/C
  -------------------------------------------------------------------    -------------------
    SLICE_X61Y16         FDCE (Prop_fdce_C_Q)         0.141     1.613 r  U_GPOE/U_APB_Intf_FND/slv_reg0_reg[21]/Q
                         net (fo=1, routed)           0.054     1.667    U_GPOE/U_APB_Intf_FND/slv_reg0[21]
    SLICE_X60Y16         LUT5 (Prop_lut5_I1_O)        0.045     1.712 r  U_GPOE/U_APB_Intf_FND/PRDATA[21]_i_1__1/O
                         net (fo=1, routed)           0.000     1.712    U_GPOE/U_APB_Intf_FND/p_0_in[21]
    SLICE_X60Y16         FDRE                                         r  U_GPOE/U_APB_Intf_FND/PRDATA_reg[21]/D
  -------------------------------------------------------------------    -------------------

                         (clock sys_clk_pin rise edge)
                                                      0.000     0.000 r  
    W5                                                0.000     0.000 r  clk (IN)
                         net (fo=0)                   0.000     0.000    clk
    W5                   IBUF (Prop_ibuf_I_O)         0.414     0.414 r  clk_IBUF_inst/O
                         net (fo=1, routed)           0.685     1.099    clk_IBUF
    BUFGCTRL_X0Y0        BUFG (Prop_bufg_I_O)         0.029     1.128 r  clk_IBUF_BUFG_inst/O
                         net (fo=933, routed)         0.857     1.984    U_GPOE/U_APB_Intf_FND/clk_IBUF_BUFG
    SLICE_X60Y16         FDRE                                         r  U_GPOE/U_APB_Intf_FND/PRDATA_reg[21]/C
                         clock pessimism             -0.499     1.485    
    SLICE_X60Y16         FDRE (Hold_fdre_C_D)         0.121     1.606    U_GPOE/U_APB_Intf_FND/PRDATA_reg[21]
  -------------------------------------------------------------------
                         required time                         -1.606    
                         arrival time                           1.712    
  -------------------------------------------------------------------
                         slack                                  0.106    

Slack (MET) :             0.106ns  (arrival time - required time)
  Source:                 U_GPIB/U_APB_Intf/slv_reg0_reg[12]/C
                            (rising edge-triggered cell FDCE clocked by sys_clk_pin  {rise@0.000ns fall@5.000ns period=10.000ns})
  Destination:            U_GPIB/U_APB_Intf/PRDATA_reg[12]/D
                            (rising edge-triggered cell FDRE clocked by sys_clk_pin  {rise@0.000ns fall@5.000ns period=10.000ns})
  Path Group:             sys_clk_pin
  Path Type:              Hold (Min at Fast Process Corner)
  Requirement:            0.000ns  (sys_clk_pin rise@0.000ns - sys_clk_pin rise@0.000ns)
  Data Path Delay:        0.195ns  (logic 0.141ns (72.269%)  route 0.054ns (27.731%))
  Logic Levels:           0  
  Clock Path Skew:        0.013ns (DCD - SCD - CPR)
    Destination Clock Delay (DCD):    1.985ns
    Source Clock Delay      (SCD):    1.473ns
    Clock Pessimism Removal (CPR):    0.499ns

    Location             Delay type                Incr(ns)  Path(ns)    Netlist Resource(s)
  -------------------------------------------------------------------    -------------------
                         (clock sys_clk_pin rise edge)
                                                      0.000     0.000 r  
    W5                                                0.000     0.000 r  clk (IN)
                         net (fo=0)                   0.000     0.000    clk
    W5                   IBUF (Prop_ibuf_I_O)         0.226     0.226 r  clk_IBUF_inst/O
                         net (fo=1, routed)           0.631     0.858    clk_IBUF
    BUFGCTRL_X0Y0        BUFG (Prop_bufg_I_O)         0.026     0.884 r  clk_IBUF_BUFG_inst/O
                         net (fo=933, routed)         0.590     1.473    U_GPIB/U_APB_Intf/clk_IBUF_BUFG
    SLICE_X61Y15         FDCE                                         r  U_GPIB/U_APB_Intf/slv_reg0_reg[12]/C
  -------------------------------------------------------------------    -------------------
    SLICE_X61Y15         FDCE (Prop_fdce_C_Q)         0.141     1.614 r  U_GPIB/U_APB_Intf/slv_reg0_reg[12]/Q
                         net (fo=1, routed)           0.054     1.668    U_GPIB/U_APB_Intf/slv_reg0[12]
    SLICE_X60Y15         FDRE                                         r  U_GPIB/U_APB_Intf/PRDATA_reg[12]/D
  -------------------------------------------------------------------    -------------------

                         (clock sys_clk_pin rise edge)
                                                      0.000     0.000 r  
    W5                                                0.000     0.000 r  clk (IN)
                         net (fo=0)                   0.000     0.000    clk
    W5                   IBUF (Prop_ibuf_I_O)         0.414     0.414 r  clk_IBUF_inst/O
                         net (fo=1, routed)           0.685     1.099    clk_IBUF
    BUFGCTRL_X0Y0        BUFG (Prop_bufg_I_O)         0.029     1.128 r  clk_IBUF_BUFG_inst/O
                         net (fo=933, routed)         0.858     1.985    U_GPIB/U_APB_Intf/clk_IBUF_BUFG
    SLICE_X60Y15         FDRE                                         r  U_GPIB/U_APB_Intf/PRDATA_reg[12]/C
                         clock pessimism             -0.499     1.486    
    SLICE_X60Y15         FDRE (Hold_fdre_C_D)         0.076     1.562    U_GPIB/U_APB_Intf/PRDATA_reg[12]
  -------------------------------------------------------------------
                         required time                         -1.562    
                         arrival time                           1.668    
  -------------------------------------------------------------------
                         slack                                  0.106    

Slack (MET) :             0.129ns  (arrival time - required time)
  Source:                 U_APB_Master/temp_addr_reg_reg[3]/C
                            (rising edge-triggered cell FDCE clocked by sys_clk_pin  {rise@0.000ns fall@5.000ns period=10.000ns})
  Destination:            U_RAM/mem_reg/ADDRARDADDR[6]
                            (rising edge-triggered cell RAMB36E1 clocked by sys_clk_pin  {rise@0.000ns fall@5.000ns period=10.000ns})
  Path Group:             sys_clk_pin
  Path Type:              Hold (Min at Fast Process Corner)
  Requirement:            0.000ns  (sys_clk_pin rise@0.000ns - sys_clk_pin rise@0.000ns)
  Data Path Delay:        0.390ns  (logic 0.141ns (36.149%)  route 0.249ns (63.851%))
  Logic Levels:           0  
  Clock Path Skew:        0.078ns (DCD - SCD - CPR)
    Destination Clock Delay (DCD):    1.998ns
    Source Clock Delay      (SCD):    1.441ns
    Clock Pessimism Removal (CPR):    0.478ns

    Location             Delay type                Incr(ns)  Path(ns)    Netlist Resource(s)
  -------------------------------------------------------------------    -------------------
                         (clock sys_clk_pin rise edge)
                                                      0.000     0.000 r  
    W5                                                0.000     0.000 r  clk (IN)
                         net (fo=0)                   0.000     0.000    clk
    W5                   IBUF (Prop_ibuf_I_O)         0.226     0.226 r  clk_IBUF_inst/O
                         net (fo=1, routed)           0.631     0.858    clk_IBUF
    BUFGCTRL_X0Y0        BUFG (Prop_bufg_I_O)         0.026     0.884 r  clk_IBUF_BUFG_inst/O
                         net (fo=933, routed)         0.558     1.441    U_APB_Master/clk_IBUF_BUFG
    SLICE_X55Y19         FDCE                                         r  U_APB_Master/temp_addr_reg_reg[3]/C
  -------------------------------------------------------------------    -------------------
    SLICE_X55Y19         FDCE (Prop_fdce_C_Q)         0.141     1.582 r  U_APB_Master/temp_addr_reg_reg[3]/Q
                         net (fo=107, routed)         0.249     1.831    U_RAM/Q[1]
    RAMB36_X2Y3          RAMB36E1                                     r  U_RAM/mem_reg/ADDRARDADDR[6]
  -------------------------------------------------------------------    -------------------

                         (clock sys_clk_pin rise edge)
                                                      0.000     0.000 r  
    W5                                                0.000     0.000 r  clk (IN)
                         net (fo=0)                   0.000     0.000    clk
    W5                   IBUF (Prop_ibuf_I_O)         0.414     0.414 r  clk_IBUF_inst/O
                         net (fo=1, routed)           0.685     1.099    clk_IBUF
    BUFGCTRL_X0Y0        BUFG (Prop_bufg_I_O)         0.029     1.128 r  clk_IBUF_BUFG_inst/O
                         net (fo=933, routed)         0.870     1.998    U_RAM/clk_IBUF_BUFG
    RAMB36_X2Y3          RAMB36E1                                     r  U_RAM/mem_reg/CLKARDCLK
                         clock pessimism             -0.478     1.520    
    RAMB36_X2Y3          RAMB36E1 (Hold_ramb36e1_CLKARDCLK_ADDRARDADDR[6])
                                                      0.183     1.703    U_RAM/mem_reg
  -------------------------------------------------------------------
                         required time                         -1.703    
                         arrival time                           1.831    
  -------------------------------------------------------------------
                         slack                                  0.129    

Slack (MET) :             0.129ns  (arrival time - required time)
  Source:                 U_APB_Master/temp_wdata_reg_reg[1]/C
                            (rising edge-triggered cell FDCE clocked by sys_clk_pin  {rise@0.000ns fall@5.000ns period=10.000ns})
  Destination:            U_RAM/mem_reg/DIADI[1]
                            (rising edge-triggered cell RAMB36E1 clocked by sys_clk_pin  {rise@0.000ns fall@5.000ns period=10.000ns})
  Path Group:             sys_clk_pin
  Path Type:              Hold (Min at Fast Process Corner)
  Requirement:            0.000ns  (sys_clk_pin rise@0.000ns - sys_clk_pin rise@0.000ns)
  Data Path Delay:        0.504ns  (logic 0.164ns (32.544%)  route 0.340ns (67.456%))
  Logic Levels:           0  
  Clock Path Skew:        0.078ns (DCD - SCD - CPR)
    Destination Clock Delay (DCD):    1.998ns
    Source Clock Delay      (SCD):    1.441ns
    Clock Pessimism Removal (CPR):    0.478ns

    Location             Delay type                Incr(ns)  Path(ns)    Netlist Resource(s)
  -------------------------------------------------------------------    -------------------
                         (clock sys_clk_pin rise edge)
                                                      0.000     0.000 r  
    W5                                                0.000     0.000 r  clk (IN)
                         net (fo=0)                   0.000     0.000    clk
    W5                   IBUF (Prop_ibuf_I_O)         0.226     0.226 r  clk_IBUF_inst/O
                         net (fo=1, routed)           0.631     0.858    clk_IBUF
    BUFGCTRL_X0Y0        BUFG (Prop_bufg_I_O)         0.026     0.884 r  clk_IBUF_BUFG_inst/O
                         net (fo=933, routed)         0.558     1.441    U_APB_Master/clk_IBUF_BUFG
    SLICE_X52Y19         FDCE                                         r  U_APB_Master/temp_wdata_reg_reg[1]/C
  -------------------------------------------------------------------    -------------------
    SLICE_X52Y19         FDCE (Prop_fdce_C_Q)         0.164     1.605 r  U_APB_Master/temp_wdata_reg_reg[1]/Q
                         net (fo=10, routed)          0.340     1.945    U_RAM/mem_reg_0[1]
    RAMB36_X2Y3          RAMB36E1                                     r  U_RAM/mem_reg/DIADI[1]
  -------------------------------------------------------------------    -------------------

                         (clock sys_clk_pin rise edge)
                                                      0.000     0.000 r  
    W5                                                0.000     0.000 r  clk (IN)
                         net (fo=0)                   0.000     0.000    clk
    W5                   IBUF (Prop_ibuf_I_O)         0.414     0.414 r  clk_IBUF_inst/O
                         net (fo=1, routed)           0.685     1.099    clk_IBUF
    BUFGCTRL_X0Y0        BUFG (Prop_bufg_I_O)         0.029     1.128 r  clk_IBUF_BUFG_inst/O
                         net (fo=933, routed)         0.870     1.998    U_RAM/clk_IBUF_BUFG
    RAMB36_X2Y3          RAMB36E1                                     r  U_RAM/mem_reg/CLKARDCLK
                         clock pessimism             -0.478     1.520    
    RAMB36_X2Y3          RAMB36E1 (Hold_ramb36e1_CLKARDCLK_DIADI[1])
                                                      0.296     1.816    U_RAM/mem_reg
  -------------------------------------------------------------------
                         required time                         -1.816    
                         arrival time                           1.945    
  -------------------------------------------------------------------
                         slack                                  0.129    

Slack (MET) :             0.132ns  (arrival time - required time)
  Source:                 U_APB_Master/temp_addr_reg_reg[5]/C
                            (rising edge-triggered cell FDCE clocked by sys_clk_pin  {rise@0.000ns fall@5.000ns period=10.000ns})
  Destination:            U_RAM/mem_reg/ADDRARDADDR[8]
                            (rising edge-triggered cell RAMB36E1 clocked by sys_clk_pin  {rise@0.000ns fall@5.000ns period=10.000ns})
  Path Group:             sys_clk_pin
  Path Type:              Hold (Min at Fast Process Corner)
  Requirement:            0.000ns  (sys_clk_pin rise@0.000ns - sys_clk_pin rise@0.000ns)
  Data Path Delay:        0.390ns  (logic 0.141ns (36.152%)  route 0.249ns (63.848%))
  Logic Levels:           0  
  Clock Path Skew:        0.075ns (DCD - SCD - CPR)
    Destination Clock Delay (DCD):    1.998ns
    Source Clock Delay      (SCD):    1.444ns
    Clock Pessimism Removal (CPR):    0.478ns

    Location             Delay type                Incr(ns)  Path(ns)    Netlist Resource(s)
  -------------------------------------------------------------------    -------------------
                         (clock sys_clk_pin rise edge)
                                                      0.000     0.000 r  
    W5                                                0.000     0.000 r  clk (IN)
                         net (fo=0)                   0.000     0.000    clk
    W5                   IBUF (Prop_ibuf_I_O)         0.226     0.226 r  clk_IBUF_inst/O
                         net (fo=1, routed)           0.631     0.858    clk_IBUF
    BUFGCTRL_X0Y0        BUFG (Prop_bufg_I_O)         0.026     0.884 r  clk_IBUF_BUFG_inst/O
                         net (fo=933, routed)         0.561     1.444    U_APB_Master/clk_IBUF_BUFG
    SLICE_X53Y16         FDCE                                         r  U_APB_Master/temp_addr_reg_reg[5]/C
  -------------------------------------------------------------------    -------------------
    SLICE_X53Y16         FDCE (Prop_fdce_C_Q)         0.141     1.585 r  U_APB_Master/temp_addr_reg_reg[5]/Q
                         net (fo=1, routed)           0.249     1.834    U_RAM/Q[3]
    RAMB36_X2Y3          RAMB36E1                                     r  U_RAM/mem_reg/ADDRARDADDR[8]
  -------------------------------------------------------------------    -------------------

                         (clock sys_clk_pin rise edge)
                                                      0.000     0.000 r  
    W5                                                0.000     0.000 r  clk (IN)
                         net (fo=0)                   0.000     0.000    clk
    W5                   IBUF (Prop_ibuf_I_O)         0.414     0.414 r  clk_IBUF_inst/O
                         net (fo=1, routed)           0.685     1.099    clk_IBUF
    BUFGCTRL_X0Y0        BUFG (Prop_bufg_I_O)         0.029     1.128 r  clk_IBUF_BUFG_inst/O
                         net (fo=933, routed)         0.870     1.998    U_RAM/clk_IBUF_BUFG
    RAMB36_X2Y3          RAMB36E1                                     r  U_RAM/mem_reg/CLKARDCLK
                         clock pessimism             -0.478     1.520    
    RAMB36_X2Y3          RAMB36E1 (Hold_ramb36e1_CLKARDCLK_ADDRARDADDR[8])
                                                      0.183     1.703    U_RAM/mem_reg
  -------------------------------------------------------------------
                         required time                         -1.703    
                         arrival time                           1.834    
  -------------------------------------------------------------------
                         slack                                  0.132    

Slack (MET) :             0.132ns  (arrival time - required time)
  Source:                 U_GPOE/U_APB_Intf_FND/slv_reg1_reg[28]/C
                            (rising edge-triggered cell FDCE clocked by sys_clk_pin  {rise@0.000ns fall@5.000ns period=10.000ns})
  Destination:            U_GPOE/U_APB_Intf_FND/PRDATA_reg[28]/D
                            (rising edge-triggered cell FDRE clocked by sys_clk_pin  {rise@0.000ns fall@5.000ns period=10.000ns})
  Path Group:             sys_clk_pin
  Path Type:              Hold (Min at Fast Process Corner)
  Requirement:            0.000ns  (sys_clk_pin rise@0.000ns - sys_clk_pin rise@0.000ns)
  Data Path Delay:        0.266ns  (logic 0.186ns (69.898%)  route 0.080ns (30.103%))
  Logic Levels:           1  (LUT5=1)
  Clock Path Skew:        0.013ns (DCD - SCD - CPR)
    Destination Clock Delay (DCD):    1.960ns
    Source Clock Delay      (SCD):    1.448ns
    Clock Pessimism Removal (CPR):    0.499ns

    Location             Delay type                Incr(ns)  Path(ns)    Netlist Resource(s)
  -------------------------------------------------------------------    -------------------
                         (clock sys_clk_pin rise edge)
                                                      0.000     0.000 r  
    W5                                                0.000     0.000 r  clk (IN)
                         net (fo=0)                   0.000     0.000    clk
    W5                   IBUF (Prop_ibuf_I_O)         0.226     0.226 r  clk_IBUF_inst/O
                         net (fo=1, routed)           0.631     0.858    clk_IBUF
    BUFGCTRL_X0Y0        BUFG (Prop_bufg_I_O)         0.026     0.884 r  clk_IBUF_BUFG_inst/O
                         net (fo=933, routed)         0.565     1.448    U_GPOE/U_APB_Intf_FND/clk_IBUF_BUFG
    SLICE_X57Y12         FDCE                                         r  U_GPOE/U_APB_Intf_FND/slv_reg1_reg[28]/C
  -------------------------------------------------------------------    -------------------
    SLICE_X57Y12         FDCE (Prop_fdce_C_Q)         0.141     1.589 r  U_GPOE/U_APB_Intf_FND/slv_reg1_reg[28]/Q
                         net (fo=1, routed)           0.080     1.669    U_GPOE/U_APB_Intf_FND/slv_reg1[28]
    SLICE_X56Y12         LUT5 (Prop_lut5_I2_O)        0.045     1.714 r  U_GPOE/U_APB_Intf_FND/PRDATA[28]_i_1__1/O
                         net (fo=1, routed)           0.000     1.714    U_GPOE/U_APB_Intf_FND/p_0_in[28]
    SLICE_X56Y12         FDRE                                         r  U_GPOE/U_APB_Intf_FND/PRDATA_reg[28]/D
  -------------------------------------------------------------------    -------------------

                         (clock sys_clk_pin rise edge)
                                                      0.000     0.000 r  
    W5                                                0.000     0.000 r  clk (IN)
                         net (fo=0)                   0.000     0.000    clk
    W5                   IBUF (Prop_ibuf_I_O)         0.414     0.414 r  clk_IBUF_inst/O
                         net (fo=1, routed)           0.685     1.099    clk_IBUF
    BUFGCTRL_X0Y0        BUFG (Prop_bufg_I_O)         0.029     1.128 r  clk_IBUF_BUFG_inst/O
                         net (fo=933, routed)         0.833     1.960    U_GPOE/U_APB_Intf_FND/clk_IBUF_BUFG
    SLICE_X56Y12         FDRE                                         r  U_GPOE/U_APB_Intf_FND/PRDATA_reg[28]/C
                         clock pessimism             -0.499     1.461    
    SLICE_X56Y12         FDRE (Hold_fdre_C_D)         0.121     1.582    U_GPOE/U_APB_Intf_FND/PRDATA_reg[28]
  -------------------------------------------------------------------
                         required time                         -1.582    
                         arrival time                           1.714    
  -------------------------------------------------------------------
                         slack                                  0.132    

Slack (MET) :             0.132ns  (arrival time - required time)
  Source:                 U_GPOE/U_APB_Intf_FND/slv_reg2_reg[7]/C
                            (rising edge-triggered cell FDCE clocked by sys_clk_pin  {rise@0.000ns fall@5.000ns period=10.000ns})
  Destination:            U_GPOE/U_APB_Intf_FND/PRDATA_reg[7]/D
                            (rising edge-triggered cell FDRE clocked by sys_clk_pin  {rise@0.000ns fall@5.000ns period=10.000ns})
  Path Group:             sys_clk_pin
  Path Type:              Hold (Min at Fast Process Corner)
  Requirement:            0.000ns  (sys_clk_pin rise@0.000ns - sys_clk_pin rise@0.000ns)
  Data Path Delay:        0.266ns  (logic 0.186ns (69.898%)  route 0.080ns (30.103%))
  Logic Levels:           1  (LUT5=1)
  Clock Path Skew:        0.013ns (DCD - SCD - CPR)
    Destination Clock Delay (DCD):    1.976ns
    Source Clock Delay      (SCD):    1.465ns
    Clock Pessimism Removal (CPR):    0.498ns

    Location             Delay type                Incr(ns)  Path(ns)    Netlist Resource(s)
  -------------------------------------------------------------------    -------------------
                         (clock sys_clk_pin rise edge)
                                                      0.000     0.000 r  
    W5                                                0.000     0.000 r  clk (IN)
                         net (fo=0)                   0.000     0.000    clk
    W5                   IBUF (Prop_ibuf_I_O)         0.226     0.226 r  clk_IBUF_inst/O
                         net (fo=1, routed)           0.631     0.858    clk_IBUF
    BUFGCTRL_X0Y0        BUFG (Prop_bufg_I_O)         0.026     0.884 r  clk_IBUF_BUFG_inst/O
                         net (fo=933, routed)         0.582     1.465    U_GPOE/U_APB_Intf_FND/clk_IBUF_BUFG
    SLICE_X61Y23         FDCE                                         r  U_GPOE/U_APB_Intf_FND/slv_reg2_reg[7]/C
  -------------------------------------------------------------------    -------------------
    SLICE_X61Y23         FDCE (Prop_fdce_C_Q)         0.141     1.606 r  U_GPOE/U_APB_Intf_FND/slv_reg2_reg[7]/Q
                         net (fo=1, routed)           0.080     1.686    U_GPOE/U_APB_Intf_FND/slv_reg2[7]
    SLICE_X60Y23         LUT5 (Prop_lut5_I4_O)        0.045     1.731 r  U_GPOE/U_APB_Intf_FND/PRDATA[7]_i_1__1/O
                         net (fo=1, routed)           0.000     1.731    U_GPOE/U_APB_Intf_FND/p_0_in[7]
    SLICE_X60Y23         FDRE                                         r  U_GPOE/U_APB_Intf_FND/PRDATA_reg[7]/D
  -------------------------------------------------------------------    -------------------

                         (clock sys_clk_pin rise edge)
                                                      0.000     0.000 r  
    W5                                                0.000     0.000 r  clk (IN)
                         net (fo=0)                   0.000     0.000    clk
    W5                   IBUF (Prop_ibuf_I_O)         0.414     0.414 r  clk_IBUF_inst/O
                         net (fo=1, routed)           0.685     1.099    clk_IBUF
    BUFGCTRL_X0Y0        BUFG (Prop_bufg_I_O)         0.029     1.128 r  clk_IBUF_BUFG_inst/O
                         net (fo=933, routed)         0.849     1.976    U_GPOE/U_APB_Intf_FND/clk_IBUF_BUFG
    SLICE_X60Y23         FDRE                                         r  U_GPOE/U_APB_Intf_FND/PRDATA_reg[7]/C
                         clock pessimism             -0.498     1.478    
    SLICE_X60Y23         FDRE (Hold_fdre_C_D)         0.121     1.599    U_GPOE/U_APB_Intf_FND/PRDATA_reg[7]
  -------------------------------------------------------------------
                         required time                         -1.599    
                         arrival time                           1.731    
  -------------------------------------------------------------------
                         slack                                  0.132    

Slack (MET) :             0.135ns  (arrival time - required time)
  Source:                 U_GPOA/U_APB_Intf/slv_reg0_reg[25]/C
                            (rising edge-triggered cell FDCE clocked by sys_clk_pin  {rise@0.000ns fall@5.000ns period=10.000ns})
  Destination:            U_GPOA/U_APB_Intf/PRDATA_reg[25]/D
                            (rising edge-triggered cell FDRE clocked by sys_clk_pin  {rise@0.000ns fall@5.000ns period=10.000ns})
  Path Group:             sys_clk_pin
  Path Type:              Hold (Min at Fast Process Corner)
  Requirement:            0.000ns  (sys_clk_pin rise@0.000ns - sys_clk_pin rise@0.000ns)
  Data Path Delay:        0.279ns  (logic 0.190ns (68.075%)  route 0.089ns (31.925%))
  Logic Levels:           1  (LUT3=1)
  Clock Path Skew:        0.013ns (DCD - SCD - CPR)
    Destination Clock Delay (DCD):    1.955ns
    Source Clock Delay      (SCD):    1.444ns
    Clock Pessimism Removal (CPR):    0.498ns

    Location             Delay type                Incr(ns)  Path(ns)    Netlist Resource(s)
  -------------------------------------------------------------------    -------------------
                         (clock sys_clk_pin rise edge)
                                                      0.000     0.000 r  
    W5                                                0.000     0.000 r  clk (IN)
                         net (fo=0)                   0.000     0.000    clk
    W5                   IBUF (Prop_ibuf_I_O)         0.226     0.226 r  clk_IBUF_inst/O
                         net (fo=1, routed)           0.631     0.858    clk_IBUF
    BUFGCTRL_X0Y0        BUFG (Prop_bufg_I_O)         0.026     0.884 r  clk_IBUF_BUFG_inst/O
                         net (fo=933, routed)         0.561     1.444    U_GPOA/U_APB_Intf/clk_IBUF_BUFG
    SLICE_X57Y18         FDCE                                         r  U_GPOA/U_APB_Intf/slv_reg0_reg[25]/C
  -------------------------------------------------------------------    -------------------
    SLICE_X57Y18         FDCE (Prop_fdce_C_Q)         0.141     1.585 r  U_GPOA/U_APB_Intf/slv_reg0_reg[25]/Q
                         net (fo=1, routed)           0.089     1.674    U_GPOA/U_APB_Intf/slv_reg0_0[25]
    SLICE_X56Y18         LUT3 (Prop_lut3_I2_O)        0.049     1.723 r  U_GPOA/U_APB_Intf/PRDATA[25]_i_1/O
                         net (fo=1, routed)           0.000     1.723    U_GPOA/U_APB_Intf/p_0_in[25]
    SLICE_X56Y18         FDRE                                         r  U_GPOA/U_APB_Intf/PRDATA_reg[25]/D
  -------------------------------------------------------------------    -------------------

                         (clock sys_clk_pin rise edge)
                                                      0.000     0.000 r  
    W5                                                0.000     0.000 r  clk (IN)
                         net (fo=0)                   0.000     0.000    clk
    W5                   IBUF (Prop_ibuf_I_O)         0.414     0.414 r  clk_IBUF_inst/O
                         net (fo=1, routed)           0.685     1.099    clk_IBUF
    BUFGCTRL_X0Y0        BUFG (Prop_bufg_I_O)         0.029     1.128 r  clk_IBUF_BUFG_inst/O
                         net (fo=933, routed)         0.828     1.955    U_GPOA/U_APB_Intf/clk_IBUF_BUFG
    SLICE_X56Y18         FDRE                                         r  U_GPOA/U_APB_Intf/PRDATA_reg[25]/C
                         clock pessimism             -0.498     1.457    
    SLICE_X56Y18         FDRE (Hold_fdre_C_D)         0.131     1.588    U_GPOA/U_APB_Intf/PRDATA_reg[25]
  -------------------------------------------------------------------
                         required time                         -1.588    
                         arrival time                           1.723    
  -------------------------------------------------------------------
                         slack                                  0.135    

Slack (MET) :             0.138ns  (arrival time - required time)
  Source:                 U_GPIOD/U_APB_Intf_GPIO/slv_reg2_reg[27]/C
                            (rising edge-triggered cell FDCE clocked by sys_clk_pin  {rise@0.000ns fall@5.000ns period=10.000ns})
  Destination:            U_GPIOD/U_APB_Intf_GPIO/PRDATA_reg[27]/D
                            (rising edge-triggered cell FDRE clocked by sys_clk_pin  {rise@0.000ns fall@5.000ns period=10.000ns})
  Path Group:             sys_clk_pin
  Path Type:              Hold (Min at Fast Process Corner)
  Requirement:            0.000ns  (sys_clk_pin rise@0.000ns - sys_clk_pin rise@0.000ns)
  Data Path Delay:        0.243ns  (logic 0.186ns (76.391%)  route 0.057ns (23.609%))
  Logic Levels:           1  (LUT4=1)
  Clock Path Skew:        0.013ns (DCD - SCD - CPR)
    Destination Clock Delay (DCD):    1.981ns
    Source Clock Delay      (SCD):    1.469ns
    Clock Pessimism Removal (CPR):    0.499ns

    Location             Delay type                Incr(ns)  Path(ns)    Netlist Resource(s)
  -------------------------------------------------------------------    -------------------
                         (clock sys_clk_pin rise edge)
                                                      0.000     0.000 r  
    W5                                                0.000     0.000 r  clk (IN)
                         net (fo=0)                   0.000     0.000    clk
    W5                   IBUF (Prop_ibuf_I_O)         0.226     0.226 r  clk_IBUF_inst/O
                         net (fo=1, routed)           0.631     0.858    clk_IBUF
    BUFGCTRL_X0Y0        BUFG (Prop_bufg_I_O)         0.026     0.884 r  clk_IBUF_BUFG_inst/O
                         net (fo=933, routed)         0.586     1.469    U_GPIOD/U_APB_Intf_GPIO/clk_IBUF_BUFG
    SLICE_X59Y19         FDCE                                         r  U_GPIOD/U_APB_Intf_GPIO/slv_reg2_reg[27]/C
  -------------------------------------------------------------------    -------------------
    SLICE_X59Y19         FDCE (Prop_fdce_C_Q)         0.141     1.610 r  U_GPIOD/U_APB_Intf_GPIO/slv_reg2_reg[27]/Q
                         net (fo=1, routed)           0.057     1.668    U_GPIOD/U_APB_Intf_GPIO/slv_reg2_reg_n_0_[27]
    SLICE_X58Y19         LUT4 (Prop_lut4_I0_O)        0.045     1.713 r  U_GPIOD/U_APB_Intf_GPIO/PRDATA[27]_i_1__0/O
                         net (fo=1, routed)           0.000     1.713    U_GPIOD/U_APB_Intf_GPIO/p_0_in[27]
    SLICE_X58Y19         FDRE                                         r  U_GPIOD/U_APB_Intf_GPIO/PRDATA_reg[27]/D
  -------------------------------------------------------------------    -------------------

                         (clock sys_clk_pin rise edge)
                                                      0.000     0.000 r  
    W5                                                0.000     0.000 r  clk (IN)
                         net (fo=0)                   0.000     0.000    clk
    W5                   IBUF (Prop_ibuf_I_O)         0.414     0.414 r  clk_IBUF_inst/O
                         net (fo=1, routed)           0.685     1.099    clk_IBUF
    BUFGCTRL_X0Y0        BUFG (Prop_bufg_I_O)         0.029     1.128 r  clk_IBUF_BUFG_inst/O
                         net (fo=933, routed)         0.854     1.981    U_GPIOD/U_APB_Intf_GPIO/clk_IBUF_BUFG
    SLICE_X58Y19         FDRE                                         r  U_GPIOD/U_APB_Intf_GPIO/PRDATA_reg[27]/C
                         clock pessimism             -0.499     1.482    
    SLICE_X58Y19         FDRE (Hold_fdre_C_D)         0.092     1.574    U_GPIOD/U_APB_Intf_GPIO/PRDATA_reg[27]
  -------------------------------------------------------------------
                         required time                         -1.574    
                         arrival time                           1.713    
  -------------------------------------------------------------------
                         slack                                  0.138    

Slack (MET) :             0.140ns  (arrival time - required time)
  Source:                 U_GPOA/U_APB_Intf/slv_reg1_reg[2]/C
                            (rising edge-triggered cell FDCE clocked by sys_clk_pin  {rise@0.000ns fall@5.000ns period=10.000ns})
  Destination:            U_GPOA/U_APB_Intf/PRDATA_reg[2]/D
                            (rising edge-triggered cell FDRE clocked by sys_clk_pin  {rise@0.000ns fall@5.000ns period=10.000ns})
  Path Group:             sys_clk_pin
  Path Type:              Hold (Min at Fast Process Corner)
  Requirement:            0.000ns  (sys_clk_pin rise@0.000ns - sys_clk_pin rise@0.000ns)
  Data Path Delay:        0.273ns  (logic 0.186ns (68.106%)  route 0.087ns (31.894%))
  Logic Levels:           1  (LUT3=1)
  Clock Path Skew:        0.013ns (DCD - SCD - CPR)
    Destination Clock Delay (DCD):    1.979ns
    Source Clock Delay      (SCD):    1.467ns
    Clock Pessimism Removal (CPR):    0.499ns

    Location             Delay type                Incr(ns)  Path(ns)    Netlist Resource(s)
  -------------------------------------------------------------------    -------------------
                         (clock sys_clk_pin rise edge)
                                                      0.000     0.000 r  
    W5                                                0.000     0.000 r  clk (IN)
                         net (fo=0)                   0.000     0.000    clk
    W5                   IBUF (Prop_ibuf_I_O)         0.226     0.226 r  clk_IBUF_inst/O
                         net (fo=1, routed)           0.631     0.858    clk_IBUF
    BUFGCTRL_X0Y0        BUFG (Prop_bufg_I_O)         0.026     0.884 r  clk_IBUF_BUFG_inst/O
                         net (fo=933, routed)         0.584     1.467    U_GPOA/U_APB_Intf/clk_IBUF_BUFG
    SLICE_X61Y21         FDCE                                         r  U_GPOA/U_APB_Intf/slv_reg1_reg[2]/C
  -------------------------------------------------------------------    -------------------
    SLICE_X61Y21         FDCE (Prop_fdce_C_Q)         0.141     1.608 r  U_GPOA/U_APB_Intf/slv_reg1_reg[2]/Q
                         net (fo=1, routed)           0.087     1.695    U_GPOA/U_APB_Intf/Q[2]
    SLICE_X60Y21         LUT3 (Prop_lut3_I0_O)        0.045     1.740 r  U_GPOA/U_APB_Intf/PRDATA[2]_i_1/O
                         net (fo=1, routed)           0.000     1.740    U_GPOA/U_APB_Intf/p_0_in[2]
    SLICE_X60Y21         FDRE                                         r  U_GPOA/U_APB_Intf/PRDATA_reg[2]/D
  -------------------------------------------------------------------    -------------------

                         (clock sys_clk_pin rise edge)
                                                      0.000     0.000 r  
    W5                                                0.000     0.000 r  clk (IN)
                         net (fo=0)                   0.000     0.000    clk
    W5                   IBUF (Prop_ibuf_I_O)         0.414     0.414 r  clk_IBUF_inst/O
                         net (fo=1, routed)           0.685     1.099    clk_IBUF
    BUFGCTRL_X0Y0        BUFG (Prop_bufg_I_O)         0.029     1.128 r  clk_IBUF_BUFG_inst/O
                         net (fo=933, routed)         0.852     1.979    U_GPOA/U_APB_Intf/clk_IBUF_BUFG
    SLICE_X60Y21         FDRE                                         r  U_GPOA/U_APB_Intf/PRDATA_reg[2]/C
                         clock pessimism             -0.499     1.480    
    SLICE_X60Y21         FDRE (Hold_fdre_C_D)         0.120     1.600    U_GPOA/U_APB_Intf/PRDATA_reg[2]
  -------------------------------------------------------------------
                         required time                         -1.600    
                         arrival time                           1.740    
  -------------------------------------------------------------------
                         slack                                  0.140    





Pulse Width Checks
--------------------------------------------------------------------------------------
Clock Name:         sys_clk_pin
Waveform(ns):       { 0.000 5.000 }
Period(ns):         10.000
Sources:            { clk }

Check Type        Corner  Lib Pin             Reference Pin  Required(ns)  Actual(ns)  Slack(ns)  Location       Pin
Min Period        n/a     RAMB36E1/CLKARDCLK  n/a            2.576         10.000      7.424      RAMB36_X2Y3    U_RAM/mem_reg/CLKARDCLK
Min Period        n/a     BUFG/I              n/a            2.155         10.000      7.845      BUFGCTRL_X0Y0  clk_IBUF_BUFG_inst/I
Min Period        n/a     FDCE/C              n/a            1.000         10.000      9.000      SLICE_X50Y28   U_Core/U_DataPath/U_DecReg_RFRD1/q_reg[23]/C
Min Period        n/a     FDCE/C              n/a            1.000         10.000      9.000      SLICE_X49Y28   U_Core/U_DataPath/U_DecReg_RFRD1/q_reg[24]/C
Min Period        n/a     FDCE/C              n/a            1.000         10.000      9.000      SLICE_X50Y28   U_Core/U_DataPath/U_DecReg_RFRD1/q_reg[25]/C
Min Period        n/a     FDCE/C              n/a            1.000         10.000      9.000      SLICE_X49Y23   U_Core/U_DataPath/U_DecReg_RFRD1/q_reg[26]/C
Min Period        n/a     FDCE/C              n/a            1.000         10.000      9.000      SLICE_X50Y23   U_Core/U_DataPath/U_DecReg_RFRD1/q_reg[27]/C
Min Period        n/a     FDCE/C              n/a            1.000         10.000      9.000      SLICE_X50Y28   U_Core/U_DataPath/U_DecReg_RFRD1/q_reg[28]/C
Min Period        n/a     FDCE/C              n/a            1.000         10.000      9.000      SLICE_X50Y28   U_Core/U_DataPath/U_DecReg_RFRD1/q_reg[29]/C
Min Period        n/a     FDCE/C              n/a            1.000         10.000      9.000      SLICE_X48Y22   U_Core/U_DataPath/U_DecReg_RFRD1/q_reg[2]/C
Low Pulse Width   Fast    RAMD32/CLK          n/a            1.250         5.000       3.750      SLICE_X52Y25   U_DataPath/U_RegFile/RegFile_reg_r1_0_31_12_17/RAMA/CLK
Low Pulse Width   Fast    RAMD32/CLK          n/a            1.250         5.000       3.750      SLICE_X52Y25   U_DataPath/U_RegFile/RegFile_reg_r1_0_31_12_17/RAMA_D1/CLK
Low Pulse Width   Fast    RAMD32/CLK          n/a            1.250         5.000       3.750      SLICE_X52Y25   U_DataPath/U_RegFile/RegFile_reg_r1_0_31_12_17/RAMB/CLK
Low Pulse Width   Fast    RAMD32/CLK          n/a            1.250         5.000       3.750      SLICE_X56Y31   U_DataPath/U_RegFile/RegFile_reg_r2_0_31_24_29/RAMA/CLK
Low Pulse Width   Fast    RAMD32/CLK          n/a            1.250         5.000       3.750      SLICE_X56Y31   U_DataPath/U_RegFile/RegFile_reg_r2_0_31_24_29/RAMA_D1/CLK
Low Pulse Width   Fast    RAMD32/CLK          n/a            1.250         5.000       3.750      SLICE_X56Y31   U_DataPath/U_RegFile/RegFile_reg_r2_0_31_24_29/RAMB/CLK
Low Pulse Width   Fast    RAMD32/CLK          n/a            1.250         5.000       3.750      SLICE_X56Y31   U_DataPath/U_RegFile/RegFile_reg_r2_0_31_24_29/RAMB_D1/CLK
Low Pulse Width   Fast    RAMD32/CLK          n/a            1.250         5.000       3.750      SLICE_X56Y31   U_DataPath/U_RegFile/RegFile_reg_r2_0_31_24_29/RAMC/CLK
Low Pulse Width   Fast    RAMD32/CLK          n/a            1.250         5.000       3.750      SLICE_X52Y25   U_DataPath/U_RegFile/RegFile_reg_r1_0_31_12_17/RAMB_D1/CLK
Low Pulse Width   Fast    RAMD32/CLK          n/a            1.250         5.000       3.750      SLICE_X52Y25   U_DataPath/U_RegFile/RegFile_reg_r1_0_31_12_17/RAMC/CLK
High Pulse Width  Slow    RAMD32/CLK          n/a            1.250         5.000       3.750      SLICE_X52Y21   U_DataPath/U_RegFile/RegFile_reg_r2_0_31_0_5/RAMA/CLK
High Pulse Width  Slow    RAMD32/CLK          n/a            1.250         5.000       3.750      SLICE_X52Y21   U_DataPath/U_RegFile/RegFile_reg_r2_0_31_0_5/RAMA_D1/CLK
High Pulse Width  Slow    RAMD32/CLK          n/a            1.250         5.000       3.750      SLICE_X52Y21   U_DataPath/U_RegFile/RegFile_reg_r2_0_31_0_5/RAMB/CLK
High Pulse Width  Slow    RAMD32/CLK          n/a            1.250         5.000       3.750      SLICE_X52Y21   U_DataPath/U_RegFile/RegFile_reg_r2_0_31_0_5/RAMB_D1/CLK
High Pulse Width  Slow    RAMD32/CLK          n/a            1.250         5.000       3.750      SLICE_X52Y21   U_DataPath/U_RegFile/RegFile_reg_r2_0_31_0_5/RAMC/CLK
High Pulse Width  Slow    RAMD32/CLK          n/a            1.250         5.000       3.750      SLICE_X52Y21   U_DataPath/U_RegFile/RegFile_reg_r2_0_31_0_5/RAMC_D1/CLK
High Pulse Width  Slow    RAMS32/CLK          n/a            1.250         5.000       3.750      SLICE_X52Y21   U_DataPath/U_RegFile/RegFile_reg_r2_0_31_0_5/RAMD/CLK
High Pulse Width  Slow    RAMS32/CLK          n/a            1.250         5.000       3.750      SLICE_X52Y21   U_DataPath/U_RegFile/RegFile_reg_r2_0_31_0_5/RAMD_D1/CLK
High Pulse Width  Slow    RAMD32/CLK          n/a            1.250         5.000       3.750      SLICE_X52Y20   U_DataPath/U_RegFile/RegFile_reg_r1_0_31_0_5/RAMA/CLK
High Pulse Width  Slow    RAMD32/CLK          n/a            1.250         5.000       3.750      SLICE_X52Y20   U_DataPath/U_RegFile/RegFile_reg_r1_0_31_0_5/RAMA_D1/CLK



