Copyright 1986-2020 Xilinx, Inc. All Rights Reserved.
--------------------------------------------------------------------------------------------------------------------------------------------------------------------------------------------------------------------------------
| Tool Version : Vivado v.2020.2 (win64) Build 3064766 Wed Nov 18 09:12:45 MST 2020
| Date         : Thu Apr  3 22:55:21 2025
| Host         : DESKTOP-5KDKKP9 running 64-bit major release  (build 9200)
| Command      : report_timing_summary -max_paths 10 -file top_counter_up_down_timing_summary_routed.rpt -pb top_counter_up_down_timing_summary_routed.pb -rpx top_counter_up_down_timing_summary_routed.rpx -warn_on_violation
| Design       : top_counter_up_down
| Device       : 7a35t-cpg236
| Speed File   : -1  PRODUCTION 1.23 2018-06-13
--------------------------------------------------------------------------------------------------------------------------------------------------------------------------------------------------------------------------------

Timing Summary Report

------------------------------------------------------------------------------------------------
| Timer Settings
| --------------
------------------------------------------------------------------------------------------------

  Enable Multi Corner Analysis               :  Yes
  Enable Pessimism Removal                   :  Yes
  Pessimism Removal Resolution               :  Nearest Common Node
  Enable Input Delay Default Clock           :  No
  Enable Preset / Clear Arcs                 :  No
  Disable Flight Delays                      :  No
  Ignore I/O Paths                           :  No
  Timing Early Launch at Borrowing Latches   :  No
  Borrow Time for Max Delay Exceptions       :  Yes
  Merge Timing Exceptions                    :  Yes

  Corner  Analyze    Analyze    
  Name    Max Paths  Min Paths  
  ------  ---------  ---------  
  Slow    Yes        Yes        
  Fast    Yes        Yes        



check_timing report

Table of Contents
-----------------
1. checking no_clock (32)
2. checking constant_clock (0)
3. checking pulse_width_clock (0)
4. checking unconstrained_internal_endpoints (64)
5. checking no_input_delay (5)
6. checking no_output_delay (13)
7. checking multiple_clock (0)
8. checking generated_clocks (0)
9. checking loops (0)
10. checking partial_input_delay (0)
11. checking partial_output_delay (0)
12. checking latch_loops (0)

1. checking no_clock (32)
-------------------------
 There are 8 register/latch pins with no clock driven by root clock pin: U_Uart/U_TX/tx_done_reg_reg/Q (HIGH)

 There are 8 register/latch pins with no clock driven by root clock pin: U_btnL/r_1khz_reg/Q (HIGH)

 There are 8 register/latch pins with no clock driven by root clock pin: U_btnR/r_1khz_reg/Q (HIGH)

 There are 8 register/latch pins with no clock driven by root clock pin: U_btnU/r_1khz_reg/Q (HIGH)


2. checking constant_clock (0)
------------------------------
 There are 0 register/latch pins with constant_clock.


3. checking pulse_width_clock (0)
---------------------------------
 There are 0 register/latch pins which need pulse_width check


4. checking unconstrained_internal_endpoints (64)
-------------------------------------------------
 There are 64 pins that are not constrained for maximum delay. (HIGH)

 There are 0 pins that are not constrained for maximum delay due to constant clock.


5. checking no_input_delay (5)
------------------------------
 There are 5 input ports with no input delay specified. (HIGH)

 There are 0 input ports with no input delay but user has a false path constraint.


6. checking no_output_delay (13)
--------------------------------
 There are 13 ports with no output delay specified. (HIGH)

 There are 0 ports with no output delay but user has a false path constraint

 There are 0 ports with no output delay but with a timing clock defined on it or propagating through it


7. checking multiple_clock (0)
------------------------------
 There are 0 register/latch pins with multiple clocks.


8. checking generated_clocks (0)
--------------------------------
 There are 0 generated clocks that are not connected to a clock source.


9. checking loops (0)
---------------------
 There are 0 combinational loops in the design.


10. checking partial_input_delay (0)
------------------------------------
 There are 0 input ports with partial input delay specified.


11. checking partial_output_delay (0)
-------------------------------------
 There are 0 ports with partial output delay specified.


12. checking latch_loops (0)
----------------------------
 There are 0 combinational latch loops in the design through latch input



------------------------------------------------------------------------------------------------
| Design Timing Summary
| ---------------------
------------------------------------------------------------------------------------------------

    WNS(ns)      TNS(ns)  TNS Failing Endpoints  TNS Total Endpoints      WHS(ns)      THS(ns)  THS Failing Endpoints  THS Total Endpoints     WPWS(ns)     TPWS(ns)  TPWS Failing Endpoints  TPWS Total Endpoints  
    -------      -------  ---------------------  -------------------      -------      -------  ---------------------  -------------------     --------     --------  ----------------------  --------------------  
      1.406        0.000                      0                  310        0.201        0.000                      0                  310        4.500        0.000                       0                   210  


All user specified timing constraints are met.


------------------------------------------------------------------------------------------------
| Clock Summary
| -------------
------------------------------------------------------------------------------------------------

Clock        Waveform(ns)       Period(ns)      Frequency(MHz)
-----        ------------       ----------      --------------
sys_clk_pin  {0.000 5.000}      10.000          100.000         


------------------------------------------------------------------------------------------------
| Intra Clock Table
| -----------------
------------------------------------------------------------------------------------------------

Clock             WNS(ns)      TNS(ns)  TNS Failing Endpoints  TNS Total Endpoints      WHS(ns)      THS(ns)  THS Failing Endpoints  THS Total Endpoints     WPWS(ns)     TPWS(ns)  TPWS Failing Endpoints  TPWS Total Endpoints  
-----             -------      -------  ---------------------  -------------------      -------      -------  ---------------------  -------------------     --------     --------  ----------------------  --------------------  
sys_clk_pin         1.406        0.000                      0                  310        0.201        0.000                      0                  310        4.500        0.000                       0                   210  


------------------------------------------------------------------------------------------------
| Inter Clock Table
| -----------------
------------------------------------------------------------------------------------------------

From Clock    To Clock          WNS(ns)      TNS(ns)  TNS Failing Endpoints  TNS Total Endpoints      WHS(ns)      THS(ns)  THS Failing Endpoints  THS Total Endpoints  
----------    --------          -------      -------  ---------------------  -------------------      -------      -------  ---------------------  -------------------  


------------------------------------------------------------------------------------------------
| Other Path Groups Table
| -----------------------
------------------------------------------------------------------------------------------------

Path Group    From Clock    To Clock          WNS(ns)      TNS(ns)  TNS Failing Endpoints  TNS Total Endpoints      WHS(ns)      THS(ns)  THS Failing Endpoints  THS Total Endpoints  
----------    ----------    --------          -------      -------  ---------------------  -------------------      -------      -------  ---------------------  -------------------  


------------------------------------------------------------------------------------------------
| Timing Details
| --------------
------------------------------------------------------------------------------------------------


---------------------------------------------------------------------------------------------------
From Clock:  sys_clk_pin
  To Clock:  sys_clk_pin

Setup :            0  Failing Endpoints,  Worst Slack        1.406ns,  Total Violation        0.000ns
Hold  :            0  Failing Endpoints,  Worst Slack        0.201ns,  Total Violation        0.000ns
PW    :            0  Failing Endpoints,  Worst Slack        4.500ns,  Total Violation        0.000ns
---------------------------------------------------------------------------------------------------


Max Delay Paths
--------------------------------------------------------------------------------------
Slack (MET) :             1.406ns  (required time - arrival time)
  Source:                 U_STOPWATCH/U_STOP/counter_reg[12]/C
                            (rising edge-triggered cell FDCE clocked by sys_clk_pin  {rise@0.000ns fall@5.000ns period=10.000ns})
  Destination:            U_STOPWATCH/U_STOP/counter_reg[10]/D
                            (rising edge-triggered cell FDCE clocked by sys_clk_pin  {rise@0.000ns fall@5.000ns period=10.000ns})
  Path Group:             sys_clk_pin
  Path Type:              Setup (Max at Slow Process Corner)
  Requirement:            10.000ns  (sys_clk_pin rise@10.000ns - sys_clk_pin rise@0.000ns)
  Data Path Delay:        8.564ns  (logic 4.177ns (48.771%)  route 4.387ns (51.229%))
  Logic Levels:           14  (CARRY4=7 LUT2=2 LUT3=2 LUT4=1 LUT5=1 LUT6=1)
  Clock Path Skew:        -0.025ns (DCD - SCD + CPR)
    Destination Clock Delay (DCD):    4.786ns = ( 14.786 - 10.000 ) 
    Source Clock Delay      (SCD):    5.084ns
    Clock Pessimism Removal (CPR):    0.273ns
  Clock Uncertainty:      0.035ns  ((TSJ^2 + TIJ^2)^1/2 + DJ) / 2 + PE
    Total System Jitter     (TSJ):    0.071ns
    Total Input Jitter      (TIJ):    0.000ns
    Discrete Jitter          (DJ):    0.000ns
    Phase Error              (PE):    0.000ns

    Location             Delay type                Incr(ns)  Path(ns)    Netlist Resource(s)
  -------------------------------------------------------------------    -------------------
                         (clock sys_clk_pin rise edge)
                                                      0.000     0.000 r  
    W5                                                0.000     0.000 r  clk (IN)
                         net (fo=0)                   0.000     0.000    clk
    W5                   IBUF (Prop_ibuf_I_O)         1.458     1.458 r  clk_IBUF_inst/O
                         net (fo=1, routed)           1.967     3.425    clk_IBUF
    BUFGCTRL_X0Y0        BUFG (Prop_bufg_I_O)         0.096     3.521 r  clk_IBUF_BUFG_inst/O
                         net (fo=209, routed)         1.563     5.084    U_STOPWATCH/U_STOP/clk_IBUF_BUFG
    SLICE_X57Y16         FDCE                                         r  U_STOPWATCH/U_STOP/counter_reg[12]/C
  -------------------------------------------------------------------    -------------------
    SLICE_X57Y16         FDCE (Prop_fdce_C_Q)         0.456     5.540 r  U_STOPWATCH/U_STOP/counter_reg[12]/Q
                         net (fo=40, routed)          1.040     6.580    U_STOPWATCH/U_STOP/Q[12]
    SLICE_X54Y18         LUT3 (Prop_lut3_I0_O)        0.153     6.733 r  U_STOPWATCH/U_STOP/counter1_carry_i_1/O
                         net (fo=4, routed)           0.679     7.413    U_STOPWATCH/U_STOP/counter1_carry_i_1_n_0
    SLICE_X54Y18         LUT4 (Prop_lut4_I3_O)        0.331     7.744 r  U_STOPWATCH/U_STOP/counter1_carry_i_5/O
                         net (fo=1, routed)           0.000     7.744    U_STOPWATCH/U_STOP/counter1_carry_i_5_n_0
    SLICE_X54Y18         CARRY4 (Prop_carry4_S[2]_O[2])
                                                      0.250     7.994 r  U_STOPWATCH/U_STOP/counter1_carry/O[2]
                         net (fo=3, routed)           0.640     8.634    U_STOPWATCH/U_STOP/counter1_carry_n_5
    SLICE_X56Y17         LUT3 (Prop_lut3_I0_O)        0.301     8.935 r  U_STOPWATCH/U_STOP/counter1__12_carry__0_i_2/O
                         net (fo=1, routed)           0.000     8.935    U_STOPWATCH/U_STOP/counter1__12_carry__0_i_2_n_0
    SLICE_X56Y17         CARRY4 (Prop_carry4_S[3]_CO[3])
                                                      0.376     9.311 r  U_STOPWATCH/U_STOP/counter1__12_carry__0/CO[3]
                         net (fo=1, routed)           0.000     9.311    U_STOPWATCH/U_STOP/counter1__12_carry__0_n_0
    SLICE_X56Y18         CARRY4 (Prop_carry4_CI_O[0])
                                                      0.219     9.530 r  U_STOPWATCH/U_STOP/counter1__12_carry__1/O[0]
                         net (fo=1, routed)           0.442     9.972    U_STOPWATCH/U_STOP/counter1__12_carry__1_n_7
    SLICE_X55Y17         LUT2 (Prop_lut2_I1_O)        0.295    10.267 r  U_STOPWATCH/U_STOP/counter1__30_carry__1_i_1/O
                         net (fo=1, routed)           0.000    10.267    U_STOPWATCH/U_STOP/counter1__30_carry__1_i_1_n_0
    SLICE_X55Y17         CARRY4 (Prop_carry4_S[2]_O[2])
                                                      0.248    10.515 r  U_STOPWATCH/U_STOP/counter1__30_carry__1/O[2]
                         net (fo=1, routed)           0.664    11.179    U_STOPWATCH/U_STOP/counter1__30_carry__1_n_5
    SLICE_X57Y16         LUT6 (Prop_lut6_I5_O)        0.302    11.481 r  U_STOPWATCH/U_STOP/counter[8]_i_5/O
                         net (fo=3, routed)           0.491    11.971    U_STOPWATCH/U_STOP/p_0_out[8]
    SLICE_X54Y14         LUT2 (Prop_lut2_I1_O)        0.124    12.095 r  U_STOPWATCH/U_STOP/counter[4]_i_3/O
                         net (fo=1, routed)           0.000    12.095    U_STOPWATCH/U_STOP/counter[4]_i_3_n_0
    SLICE_X54Y14         CARRY4 (Prop_carry4_S[3]_CO[3])
                                                      0.376    12.471 r  U_STOPWATCH/U_STOP/counter_reg[4]_i_2/CO[3]
                         net (fo=1, routed)           0.000    12.471    U_STOPWATCH/U_STOP/counter_reg[4]_i_2_n_0
    SLICE_X54Y15         CARRY4 (Prop_carry4_CI_CO[3])
                                                      0.117    12.588 r  U_STOPWATCH/U_STOP/counter_reg[8]_i_2/CO[3]
                         net (fo=1, routed)           0.000    12.588    U_STOPWATCH/U_STOP/counter_reg[8]_i_2_n_0
    SLICE_X54Y16         CARRY4 (Prop_carry4_CI_O[1])
                                                      0.323    12.911 r  U_STOPWATCH/U_STOP/counter_reg[12]_i_2/O[1]
                         net (fo=1, routed)           0.431    13.343    U_BTN_CU/counter_reg[12][1]
    SLICE_X57Y17         LUT5 (Prop_lut5_I1_O)        0.306    13.649 r  U_BTN_CU/counter[10]_i_1/O
                         net (fo=1, routed)           0.000    13.649    U_STOPWATCH/U_STOP/counter_reg[13]_4[10]
    SLICE_X57Y17         FDCE                                         r  U_STOPWATCH/U_STOP/counter_reg[10]/D
  -------------------------------------------------------------------    -------------------

                         (clock sys_clk_pin rise edge)
                                                     10.000    10.000 r  
    W5                                                0.000    10.000 r  clk (IN)
                         net (fo=0)                   0.000    10.000    clk
    W5                   IBUF (Prop_ibuf_I_O)         1.388    11.388 r  clk_IBUF_inst/O
                         net (fo=1, routed)           1.862    13.250    clk_IBUF
    BUFGCTRL_X0Y0        BUFG (Prop_bufg_I_O)         0.091    13.341 r  clk_IBUF_BUFG_inst/O
                         net (fo=209, routed)         1.445    14.786    U_STOPWATCH/U_STOP/clk_IBUF_BUFG
    SLICE_X57Y17         FDCE                                         r  U_STOPWATCH/U_STOP/counter_reg[10]/C
                         clock pessimism              0.273    15.059    
                         clock uncertainty           -0.035    15.024    
    SLICE_X57Y17         FDCE (Setup_fdce_C_D)        0.031    15.055    U_STOPWATCH/U_STOP/counter_reg[10]
  -------------------------------------------------------------------
                         required time                         15.055    
                         arrival time                         -13.649    
  -------------------------------------------------------------------
                         slack                                  1.406    

Slack (MET) :             1.421ns  (required time - arrival time)
  Source:                 U_STOPWATCH/U_STOP/counter_reg[12]/C
                            (rising edge-triggered cell FDCE clocked by sys_clk_pin  {rise@0.000ns fall@5.000ns period=10.000ns})
  Destination:            U_STOPWATCH/U_STOP/counter_reg[13]/D
                            (rising edge-triggered cell FDCE clocked by sys_clk_pin  {rise@0.000ns fall@5.000ns period=10.000ns})
  Path Group:             sys_clk_pin
  Path Type:              Setup (Max at Slow Process Corner)
  Requirement:            10.000ns  (sys_clk_pin rise@10.000ns - sys_clk_pin rise@0.000ns)
  Data Path Delay:        8.550ns  (logic 4.179ns (48.880%)  route 4.371ns (51.120%))
  Logic Levels:           15  (CARRY4=8 LUT2=2 LUT3=2 LUT4=1 LUT5=1 LUT6=1)
  Clock Path Skew:        -0.025ns (DCD - SCD + CPR)
    Destination Clock Delay (DCD):    4.786ns = ( 14.786 - 10.000 ) 
    Source Clock Delay      (SCD):    5.084ns
    Clock Pessimism Removal (CPR):    0.273ns
  Clock Uncertainty:      0.035ns  ((TSJ^2 + TIJ^2)^1/2 + DJ) / 2 + PE
    Total System Jitter     (TSJ):    0.071ns
    Total Input Jitter      (TIJ):    0.000ns
    Discrete Jitter          (DJ):    0.000ns
    Phase Error              (PE):    0.000ns

    Location             Delay type                Incr(ns)  Path(ns)    Netlist Resource(s)
  -------------------------------------------------------------------    -------------------
                         (clock sys_clk_pin rise edge)
                                                      0.000     0.000 r  
    W5                                                0.000     0.000 r  clk (IN)
                         net (fo=0)                   0.000     0.000    clk
    W5                   IBUF (Prop_ibuf_I_O)         1.458     1.458 r  clk_IBUF_inst/O
                         net (fo=1, routed)           1.967     3.425    clk_IBUF
    BUFGCTRL_X0Y0        BUFG (Prop_bufg_I_O)         0.096     3.521 r  clk_IBUF_BUFG_inst/O
                         net (fo=209, routed)         1.563     5.084    U_STOPWATCH/U_STOP/clk_IBUF_BUFG
    SLICE_X57Y16         FDCE                                         r  U_STOPWATCH/U_STOP/counter_reg[12]/C
  -------------------------------------------------------------------    -------------------
    SLICE_X57Y16         FDCE (Prop_fdce_C_Q)         0.456     5.540 r  U_STOPWATCH/U_STOP/counter_reg[12]/Q
                         net (fo=40, routed)          1.040     6.580    U_STOPWATCH/U_STOP/Q[12]
    SLICE_X54Y18         LUT3 (Prop_lut3_I0_O)        0.153     6.733 r  U_STOPWATCH/U_STOP/counter1_carry_i_1/O
                         net (fo=4, routed)           0.679     7.413    U_STOPWATCH/U_STOP/counter1_carry_i_1_n_0
    SLICE_X54Y18         LUT4 (Prop_lut4_I3_O)        0.331     7.744 r  U_STOPWATCH/U_STOP/counter1_carry_i_5/O
                         net (fo=1, routed)           0.000     7.744    U_STOPWATCH/U_STOP/counter1_carry_i_5_n_0
    SLICE_X54Y18         CARRY4 (Prop_carry4_S[2]_O[2])
                                                      0.250     7.994 r  U_STOPWATCH/U_STOP/counter1_carry/O[2]
                         net (fo=3, routed)           0.640     8.634    U_STOPWATCH/U_STOP/counter1_carry_n_5
    SLICE_X56Y17         LUT3 (Prop_lut3_I0_O)        0.301     8.935 r  U_STOPWATCH/U_STOP/counter1__12_carry__0_i_2/O
                         net (fo=1, routed)           0.000     8.935    U_STOPWATCH/U_STOP/counter1__12_carry__0_i_2_n_0
    SLICE_X56Y17         CARRY4 (Prop_carry4_S[3]_CO[3])
                                                      0.376     9.311 r  U_STOPWATCH/U_STOP/counter1__12_carry__0/CO[3]
                         net (fo=1, routed)           0.000     9.311    U_STOPWATCH/U_STOP/counter1__12_carry__0_n_0
    SLICE_X56Y18         CARRY4 (Prop_carry4_CI_O[0])
                                                      0.219     9.530 r  U_STOPWATCH/U_STOP/counter1__12_carry__1/O[0]
                         net (fo=1, routed)           0.442     9.972    U_STOPWATCH/U_STOP/counter1__12_carry__1_n_7
    SLICE_X55Y17         LUT2 (Prop_lut2_I1_O)        0.295    10.267 r  U_STOPWATCH/U_STOP/counter1__30_carry__1_i_1/O
                         net (fo=1, routed)           0.000    10.267    U_STOPWATCH/U_STOP/counter1__30_carry__1_i_1_n_0
    SLICE_X55Y17         CARRY4 (Prop_carry4_S[2]_O[2])
                                                      0.248    10.515 r  U_STOPWATCH/U_STOP/counter1__30_carry__1/O[2]
                         net (fo=1, routed)           0.664    11.179    U_STOPWATCH/U_STOP/counter1__30_carry__1_n_5
    SLICE_X57Y16         LUT6 (Prop_lut6_I5_O)        0.302    11.481 r  U_STOPWATCH/U_STOP/counter[8]_i_5/O
                         net (fo=3, routed)           0.491    11.971    U_STOPWATCH/U_STOP/p_0_out[8]
    SLICE_X54Y14         LUT2 (Prop_lut2_I1_O)        0.124    12.095 r  U_STOPWATCH/U_STOP/counter[4]_i_3/O
                         net (fo=1, routed)           0.000    12.095    U_STOPWATCH/U_STOP/counter[4]_i_3_n_0
    SLICE_X54Y14         CARRY4 (Prop_carry4_S[3]_CO[3])
                                                      0.376    12.471 r  U_STOPWATCH/U_STOP/counter_reg[4]_i_2/CO[3]
                         net (fo=1, routed)           0.000    12.471    U_STOPWATCH/U_STOP/counter_reg[4]_i_2_n_0
    SLICE_X54Y15         CARRY4 (Prop_carry4_CI_CO[3])
                                                      0.117    12.588 r  U_STOPWATCH/U_STOP/counter_reg[8]_i_2/CO[3]
                         net (fo=1, routed)           0.000    12.588    U_STOPWATCH/U_STOP/counter_reg[8]_i_2_n_0
    SLICE_X54Y16         CARRY4 (Prop_carry4_CI_CO[3])
                                                      0.117    12.705 r  U_STOPWATCH/U_STOP/counter_reg[12]_i_2/CO[3]
                         net (fo=1, routed)           0.000    12.705    U_STOPWATCH/U_STOP/counter_reg[12]_i_2_n_0
    SLICE_X54Y17         CARRY4 (Prop_carry4_CI_O[0])
                                                      0.219    12.924 r  U_STOPWATCH/U_STOP/counter_reg[13]_i_4/O[0]
                         net (fo=1, routed)           0.415    13.339    U_BTN_CU/O[0]
    SLICE_X57Y17         LUT5 (Prop_lut5_I1_O)        0.295    13.634 r  U_BTN_CU/counter[13]_i_2/O
                         net (fo=1, routed)           0.000    13.634    U_STOPWATCH/U_STOP/counter_reg[13]_4[13]
    SLICE_X57Y17         FDCE                                         r  U_STOPWATCH/U_STOP/counter_reg[13]/D
  -------------------------------------------------------------------    -------------------

                         (clock sys_clk_pin rise edge)
                                                     10.000    10.000 r  
    W5                                                0.000    10.000 r  clk (IN)
                         net (fo=0)                   0.000    10.000    clk
    W5                   IBUF (Prop_ibuf_I_O)         1.388    11.388 r  clk_IBUF_inst/O
                         net (fo=1, routed)           1.862    13.250    clk_IBUF
    BUFGCTRL_X0Y0        BUFG (Prop_bufg_I_O)         0.091    13.341 r  clk_IBUF_BUFG_inst/O
                         net (fo=209, routed)         1.445    14.786    U_STOPWATCH/U_STOP/clk_IBUF_BUFG
    SLICE_X57Y17         FDCE                                         r  U_STOPWATCH/U_STOP/counter_reg[13]/C
                         clock pessimism              0.273    15.059    
                         clock uncertainty           -0.035    15.024    
    SLICE_X57Y17         FDCE (Setup_fdce_C_D)        0.031    15.055    U_STOPWATCH/U_STOP/counter_reg[13]
  -------------------------------------------------------------------
                         required time                         15.055    
                         arrival time                         -13.634    
  -------------------------------------------------------------------
                         slack                                  1.421    

Slack (MET) :             1.501ns  (required time - arrival time)
  Source:                 U_STOPWATCH/U_STOP/counter_reg[12]/C
                            (rising edge-triggered cell FDCE clocked by sys_clk_pin  {rise@0.000ns fall@5.000ns period=10.000ns})
  Destination:            U_STOPWATCH/U_STOP/counter_reg[11]/D
                            (rising edge-triggered cell FDCE clocked by sys_clk_pin  {rise@0.000ns fall@5.000ns period=10.000ns})
  Path Group:             sys_clk_pin
  Path Type:              Setup (Max at Slow Process Corner)
  Requirement:            10.000ns  (sys_clk_pin rise@10.000ns - sys_clk_pin rise@0.000ns)
  Data Path Delay:        8.468ns  (logic 4.088ns (48.277%)  route 4.380ns (51.723%))
  Logic Levels:           14  (CARRY4=7 LUT2=2 LUT3=2 LUT4=1 LUT5=1 LUT6=1)
  Clock Path Skew:        -0.025ns (DCD - SCD + CPR)
    Destination Clock Delay (DCD):    4.786ns = ( 14.786 - 10.000 ) 
    Source Clock Delay      (SCD):    5.084ns
    Clock Pessimism Removal (CPR):    0.273ns
  Clock Uncertainty:      0.035ns  ((TSJ^2 + TIJ^2)^1/2 + DJ) / 2 + PE
    Total System Jitter     (TSJ):    0.071ns
    Total Input Jitter      (TIJ):    0.000ns
    Discrete Jitter          (DJ):    0.000ns
    Phase Error              (PE):    0.000ns

    Location             Delay type                Incr(ns)  Path(ns)    Netlist Resource(s)
  -------------------------------------------------------------------    -------------------
                         (clock sys_clk_pin rise edge)
                                                      0.000     0.000 r  
    W5                                                0.000     0.000 r  clk (IN)
                         net (fo=0)                   0.000     0.000    clk
    W5                   IBUF (Prop_ibuf_I_O)         1.458     1.458 r  clk_IBUF_inst/O
                         net (fo=1, routed)           1.967     3.425    clk_IBUF
    BUFGCTRL_X0Y0        BUFG (Prop_bufg_I_O)         0.096     3.521 r  clk_IBUF_BUFG_inst/O
                         net (fo=209, routed)         1.563     5.084    U_STOPWATCH/U_STOP/clk_IBUF_BUFG
    SLICE_X57Y16         FDCE                                         r  U_STOPWATCH/U_STOP/counter_reg[12]/C
  -------------------------------------------------------------------    -------------------
    SLICE_X57Y16         FDCE (Prop_fdce_C_Q)         0.456     5.540 r  U_STOPWATCH/U_STOP/counter_reg[12]/Q
                         net (fo=40, routed)          1.040     6.580    U_STOPWATCH/U_STOP/Q[12]
    SLICE_X54Y18         LUT3 (Prop_lut3_I0_O)        0.153     6.733 r  U_STOPWATCH/U_STOP/counter1_carry_i_1/O
                         net (fo=4, routed)           0.679     7.413    U_STOPWATCH/U_STOP/counter1_carry_i_1_n_0
    SLICE_X54Y18         LUT4 (Prop_lut4_I3_O)        0.331     7.744 r  U_STOPWATCH/U_STOP/counter1_carry_i_5/O
                         net (fo=1, routed)           0.000     7.744    U_STOPWATCH/U_STOP/counter1_carry_i_5_n_0
    SLICE_X54Y18         CARRY4 (Prop_carry4_S[2]_O[2])
                                                      0.250     7.994 r  U_STOPWATCH/U_STOP/counter1_carry/O[2]
                         net (fo=3, routed)           0.640     8.634    U_STOPWATCH/U_STOP/counter1_carry_n_5
    SLICE_X56Y17         LUT3 (Prop_lut3_I0_O)        0.301     8.935 r  U_STOPWATCH/U_STOP/counter1__12_carry__0_i_2/O
                         net (fo=1, routed)           0.000     8.935    U_STOPWATCH/U_STOP/counter1__12_carry__0_i_2_n_0
    SLICE_X56Y17         CARRY4 (Prop_carry4_S[3]_CO[3])
                                                      0.376     9.311 r  U_STOPWATCH/U_STOP/counter1__12_carry__0/CO[3]
                         net (fo=1, routed)           0.000     9.311    U_STOPWATCH/U_STOP/counter1__12_carry__0_n_0
    SLICE_X56Y18         CARRY4 (Prop_carry4_CI_O[0])
                                                      0.219     9.530 r  U_STOPWATCH/U_STOP/counter1__12_carry__1/O[0]
                         net (fo=1, routed)           0.442     9.972    U_STOPWATCH/U_STOP/counter1__12_carry__1_n_7
    SLICE_X55Y17         LUT2 (Prop_lut2_I1_O)        0.295    10.267 r  U_STOPWATCH/U_STOP/counter1__30_carry__1_i_1/O
                         net (fo=1, routed)           0.000    10.267    U_STOPWATCH/U_STOP/counter1__30_carry__1_i_1_n_0
    SLICE_X55Y17         CARRY4 (Prop_carry4_S[2]_O[2])
                                                      0.248    10.515 r  U_STOPWATCH/U_STOP/counter1__30_carry__1/O[2]
                         net (fo=1, routed)           0.664    11.179    U_STOPWATCH/U_STOP/counter1__30_carry__1_n_5
    SLICE_X57Y16         LUT6 (Prop_lut6_I5_O)        0.302    11.481 r  U_STOPWATCH/U_STOP/counter[8]_i_5/O
                         net (fo=3, routed)           0.491    11.971    U_STOPWATCH/U_STOP/p_0_out[8]
    SLICE_X54Y14         LUT2 (Prop_lut2_I1_O)        0.124    12.095 r  U_STOPWATCH/U_STOP/counter[4]_i_3/O
                         net (fo=1, routed)           0.000    12.095    U_STOPWATCH/U_STOP/counter[4]_i_3_n_0
    SLICE_X54Y14         CARRY4 (Prop_carry4_S[3]_CO[3])
                                                      0.376    12.471 r  U_STOPWATCH/U_STOP/counter_reg[4]_i_2/CO[3]
                         net (fo=1, routed)           0.000    12.471    U_STOPWATCH/U_STOP/counter_reg[4]_i_2_n_0
    SLICE_X54Y15         CARRY4 (Prop_carry4_CI_CO[3])
                                                      0.117    12.588 r  U_STOPWATCH/U_STOP/counter_reg[8]_i_2/CO[3]
                         net (fo=1, routed)           0.000    12.588    U_STOPWATCH/U_STOP/counter_reg[8]_i_2_n_0
    SLICE_X54Y16         CARRY4 (Prop_carry4_CI_O[2])
                                                      0.239    12.827 r  U_STOPWATCH/U_STOP/counter_reg[12]_i_2/O[2]
                         net (fo=1, routed)           0.424    13.251    U_BTN_CU/counter_reg[12][2]
    SLICE_X57Y17         LUT5 (Prop_lut5_I1_O)        0.301    13.552 r  U_BTN_CU/counter[11]_i_1/O
                         net (fo=1, routed)           0.000    13.552    U_STOPWATCH/U_STOP/counter_reg[13]_4[11]
    SLICE_X57Y17         FDCE                                         r  U_STOPWATCH/U_STOP/counter_reg[11]/D
  -------------------------------------------------------------------    -------------------

                         (clock sys_clk_pin rise edge)
                                                     10.000    10.000 r  
    W5                                                0.000    10.000 r  clk (IN)
                         net (fo=0)                   0.000    10.000    clk
    W5                   IBUF (Prop_ibuf_I_O)         1.388    11.388 r  clk_IBUF_inst/O
                         net (fo=1, routed)           1.862    13.250    clk_IBUF
    BUFGCTRL_X0Y0        BUFG (Prop_bufg_I_O)         0.091    13.341 r  clk_IBUF_BUFG_inst/O
                         net (fo=209, routed)         1.445    14.786    U_STOPWATCH/U_STOP/clk_IBUF_BUFG
    SLICE_X57Y17         FDCE                                         r  U_STOPWATCH/U_STOP/counter_reg[11]/C
                         clock pessimism              0.273    15.059    
                         clock uncertainty           -0.035    15.024    
    SLICE_X57Y17         FDCE (Setup_fdce_C_D)        0.029    15.053    U_STOPWATCH/U_STOP/counter_reg[11]
  -------------------------------------------------------------------
                         required time                         15.053    
                         arrival time                         -13.552    
  -------------------------------------------------------------------
                         slack                                  1.501    

Slack (MET) :             1.541ns  (required time - arrival time)
  Source:                 U_STOPWATCH/U_STOP/counter_reg[12]/C
                            (rising edge-triggered cell FDCE clocked by sys_clk_pin  {rise@0.000ns fall@5.000ns period=10.000ns})
  Destination:            U_STOPWATCH/U_STOP/counter_reg[9]/D
                            (rising edge-triggered cell FDCE clocked by sys_clk_pin  {rise@0.000ns fall@5.000ns period=10.000ns})
  Path Group:             sys_clk_pin
  Path Type:              Setup (Max at Slow Process Corner)
  Requirement:            10.000ns  (sys_clk_pin rise@10.000ns - sys_clk_pin rise@0.000ns)
  Data Path Delay:        8.479ns  (logic 4.062ns (47.904%)  route 4.417ns (52.096%))
  Logic Levels:           14  (CARRY4=7 LUT2=2 LUT3=2 LUT4=1 LUT5=1 LUT6=1)
  Clock Path Skew:        -0.023ns (DCD - SCD + CPR)
    Destination Clock Delay (DCD):    4.788ns = ( 14.788 - 10.000 ) 
    Source Clock Delay      (SCD):    5.084ns
    Clock Pessimism Removal (CPR):    0.273ns
  Clock Uncertainty:      0.035ns  ((TSJ^2 + TIJ^2)^1/2 + DJ) / 2 + PE
    Total System Jitter     (TSJ):    0.071ns
    Total Input Jitter      (TIJ):    0.000ns
    Discrete Jitter          (DJ):    0.000ns
    Phase Error              (PE):    0.000ns

    Location             Delay type                Incr(ns)  Path(ns)    Netlist Resource(s)
  -------------------------------------------------------------------    -------------------
                         (clock sys_clk_pin rise edge)
                                                      0.000     0.000 r  
    W5                                                0.000     0.000 r  clk (IN)
                         net (fo=0)                   0.000     0.000    clk
    W5                   IBUF (Prop_ibuf_I_O)         1.458     1.458 r  clk_IBUF_inst/O
                         net (fo=1, routed)           1.967     3.425    clk_IBUF
    BUFGCTRL_X0Y0        BUFG (Prop_bufg_I_O)         0.096     3.521 r  clk_IBUF_BUFG_inst/O
                         net (fo=209, routed)         1.563     5.084    U_STOPWATCH/U_STOP/clk_IBUF_BUFG
    SLICE_X57Y16         FDCE                                         r  U_STOPWATCH/U_STOP/counter_reg[12]/C
  -------------------------------------------------------------------    -------------------
    SLICE_X57Y16         FDCE (Prop_fdce_C_Q)         0.456     5.540 r  U_STOPWATCH/U_STOP/counter_reg[12]/Q
                         net (fo=40, routed)          1.040     6.580    U_STOPWATCH/U_STOP/Q[12]
    SLICE_X54Y18         LUT3 (Prop_lut3_I0_O)        0.153     6.733 r  U_STOPWATCH/U_STOP/counter1_carry_i_1/O
                         net (fo=4, routed)           0.679     7.413    U_STOPWATCH/U_STOP/counter1_carry_i_1_n_0
    SLICE_X54Y18         LUT4 (Prop_lut4_I3_O)        0.331     7.744 r  U_STOPWATCH/U_STOP/counter1_carry_i_5/O
                         net (fo=1, routed)           0.000     7.744    U_STOPWATCH/U_STOP/counter1_carry_i_5_n_0
    SLICE_X54Y18         CARRY4 (Prop_carry4_S[2]_O[2])
                                                      0.250     7.994 r  U_STOPWATCH/U_STOP/counter1_carry/O[2]
                         net (fo=3, routed)           0.640     8.634    U_STOPWATCH/U_STOP/counter1_carry_n_5
    SLICE_X56Y17         LUT3 (Prop_lut3_I0_O)        0.301     8.935 r  U_STOPWATCH/U_STOP/counter1__12_carry__0_i_2/O
                         net (fo=1, routed)           0.000     8.935    U_STOPWATCH/U_STOP/counter1__12_carry__0_i_2_n_0
    SLICE_X56Y17         CARRY4 (Prop_carry4_S[3]_CO[3])
                                                      0.376     9.311 r  U_STOPWATCH/U_STOP/counter1__12_carry__0/CO[3]
                         net (fo=1, routed)           0.000     9.311    U_STOPWATCH/U_STOP/counter1__12_carry__0_n_0
    SLICE_X56Y18         CARRY4 (Prop_carry4_CI_O[0])
                                                      0.219     9.530 r  U_STOPWATCH/U_STOP/counter1__12_carry__1/O[0]
                         net (fo=1, routed)           0.442     9.972    U_STOPWATCH/U_STOP/counter1__12_carry__1_n_7
    SLICE_X55Y17         LUT2 (Prop_lut2_I1_O)        0.295    10.267 r  U_STOPWATCH/U_STOP/counter1__30_carry__1_i_1/O
                         net (fo=1, routed)           0.000    10.267    U_STOPWATCH/U_STOP/counter1__30_carry__1_i_1_n_0
    SLICE_X55Y17         CARRY4 (Prop_carry4_S[2]_O[2])
                                                      0.248    10.515 r  U_STOPWATCH/U_STOP/counter1__30_carry__1/O[2]
                         net (fo=1, routed)           0.664    11.179    U_STOPWATCH/U_STOP/counter1__30_carry__1_n_5
    SLICE_X57Y16         LUT6 (Prop_lut6_I5_O)        0.302    11.481 r  U_STOPWATCH/U_STOP/counter[8]_i_5/O
                         net (fo=3, routed)           0.491    11.971    U_STOPWATCH/U_STOP/p_0_out[8]
    SLICE_X54Y14         LUT2 (Prop_lut2_I1_O)        0.124    12.095 r  U_STOPWATCH/U_STOP/counter[4]_i_3/O
                         net (fo=1, routed)           0.000    12.095    U_STOPWATCH/U_STOP/counter[4]_i_3_n_0
    SLICE_X54Y14         CARRY4 (Prop_carry4_S[3]_CO[3])
                                                      0.376    12.471 r  U_STOPWATCH/U_STOP/counter_reg[4]_i_2/CO[3]
                         net (fo=1, routed)           0.000    12.471    U_STOPWATCH/U_STOP/counter_reg[4]_i_2_n_0
    SLICE_X54Y15         CARRY4 (Prop_carry4_CI_CO[3])
                                                      0.117    12.588 r  U_STOPWATCH/U_STOP/counter_reg[8]_i_2/CO[3]
                         net (fo=1, routed)           0.000    12.588    U_STOPWATCH/U_STOP/counter_reg[8]_i_2_n_0
    SLICE_X54Y16         CARRY4 (Prop_carry4_CI_O[0])
                                                      0.219    12.807 r  U_STOPWATCH/U_STOP/counter_reg[12]_i_2/O[0]
                         net (fo=1, routed)           0.462    13.269    U_BTN_CU/counter_reg[12][0]
    SLICE_X56Y15         LUT5 (Prop_lut5_I1_O)        0.295    13.564 r  U_BTN_CU/counter[9]_i_1/O
                         net (fo=1, routed)           0.000    13.564    U_STOPWATCH/U_STOP/counter_reg[13]_4[9]
    SLICE_X56Y15         FDCE                                         r  U_STOPWATCH/U_STOP/counter_reg[9]/D
  -------------------------------------------------------------------    -------------------

                         (clock sys_clk_pin rise edge)
                                                     10.000    10.000 r  
    W5                                                0.000    10.000 r  clk (IN)
                         net (fo=0)                   0.000    10.000    clk
    W5                   IBUF (Prop_ibuf_I_O)         1.388    11.388 r  clk_IBUF_inst/O
                         net (fo=1, routed)           1.862    13.250    clk_IBUF
    BUFGCTRL_X0Y0        BUFG (Prop_bufg_I_O)         0.091    13.341 r  clk_IBUF_BUFG_inst/O
                         net (fo=209, routed)         1.447    14.788    U_STOPWATCH/U_STOP/clk_IBUF_BUFG
    SLICE_X56Y15         FDCE                                         r  U_STOPWATCH/U_STOP/counter_reg[9]/C
                         clock pessimism              0.273    15.061    
                         clock uncertainty           -0.035    15.026    
    SLICE_X56Y15         FDCE (Setup_fdce_C_D)        0.079    15.105    U_STOPWATCH/U_STOP/counter_reg[9]
  -------------------------------------------------------------------
                         required time                         15.105    
                         arrival time                         -13.564    
  -------------------------------------------------------------------
                         slack                                  1.541    

Slack (MET) :             1.563ns  (required time - arrival time)
  Source:                 U_STOPWATCH/U_STOP/counter_reg[12]/C
                            (rising edge-triggered cell FDCE clocked by sys_clk_pin  {rise@0.000ns fall@5.000ns period=10.000ns})
  Destination:            U_STOPWATCH/U_STOP/counter_reg[12]/D
                            (rising edge-triggered cell FDCE clocked by sys_clk_pin  {rise@0.000ns fall@5.000ns period=10.000ns})
  Path Group:             sys_clk_pin
  Path Type:              Setup (Max at Slow Process Corner)
  Requirement:            10.000ns  (sys_clk_pin rise@10.000ns - sys_clk_pin rise@0.000ns)
  Data Path Delay:        8.431ns  (logic 4.170ns (49.462%)  route 4.261ns (50.538%))
  Logic Levels:           14  (CARRY4=7 LUT2=2 LUT3=2 LUT4=1 LUT5=1 LUT6=1)
  Clock Path Skew:        0.000ns (DCD - SCD + CPR)
    Destination Clock Delay (DCD):    4.787ns = ( 14.787 - 10.000 ) 
    Source Clock Delay      (SCD):    5.084ns
    Clock Pessimism Removal (CPR):    0.297ns
  Clock Uncertainty:      0.035ns  ((TSJ^2 + TIJ^2)^1/2 + DJ) / 2 + PE
    Total System Jitter     (TSJ):    0.071ns
    Total Input Jitter      (TIJ):    0.000ns
    Discrete Jitter          (DJ):    0.000ns
    Phase Error              (PE):    0.000ns

    Location             Delay type                Incr(ns)  Path(ns)    Netlist Resource(s)
  -------------------------------------------------------------------    -------------------
                         (clock sys_clk_pin rise edge)
                                                      0.000     0.000 r  
    W5                                                0.000     0.000 r  clk (IN)
                         net (fo=0)                   0.000     0.000    clk
    W5                   IBUF (Prop_ibuf_I_O)         1.458     1.458 r  clk_IBUF_inst/O
                         net (fo=1, routed)           1.967     3.425    clk_IBUF
    BUFGCTRL_X0Y0        BUFG (Prop_bufg_I_O)         0.096     3.521 r  clk_IBUF_BUFG_inst/O
                         net (fo=209, routed)         1.563     5.084    U_STOPWATCH/U_STOP/clk_IBUF_BUFG
    SLICE_X57Y16         FDCE                                         r  U_STOPWATCH/U_STOP/counter_reg[12]/C
  -------------------------------------------------------------------    -------------------
    SLICE_X57Y16         FDCE (Prop_fdce_C_Q)         0.456     5.540 r  U_STOPWATCH/U_STOP/counter_reg[12]/Q
                         net (fo=40, routed)          1.040     6.580    U_STOPWATCH/U_STOP/Q[12]
    SLICE_X54Y18         LUT3 (Prop_lut3_I0_O)        0.153     6.733 r  U_STOPWATCH/U_STOP/counter1_carry_i_1/O
                         net (fo=4, routed)           0.679     7.413    U_STOPWATCH/U_STOP/counter1_carry_i_1_n_0
    SLICE_X54Y18         LUT4 (Prop_lut4_I3_O)        0.331     7.744 r  U_STOPWATCH/U_STOP/counter1_carry_i_5/O
                         net (fo=1, routed)           0.000     7.744    U_STOPWATCH/U_STOP/counter1_carry_i_5_n_0
    SLICE_X54Y18         CARRY4 (Prop_carry4_S[2]_O[2])
                                                      0.250     7.994 r  U_STOPWATCH/U_STOP/counter1_carry/O[2]
                         net (fo=3, routed)           0.640     8.634    U_STOPWATCH/U_STOP/counter1_carry_n_5
    SLICE_X56Y17         LUT3 (Prop_lut3_I0_O)        0.301     8.935 r  U_STOPWATCH/U_STOP/counter1__12_carry__0_i_2/O
                         net (fo=1, routed)           0.000     8.935    U_STOPWATCH/U_STOP/counter1__12_carry__0_i_2_n_0
    SLICE_X56Y17         CARRY4 (Prop_carry4_S[3]_CO[3])
                                                      0.376     9.311 r  U_STOPWATCH/U_STOP/counter1__12_carry__0/CO[3]
                         net (fo=1, routed)           0.000     9.311    U_STOPWATCH/U_STOP/counter1__12_carry__0_n_0
    SLICE_X56Y18         CARRY4 (Prop_carry4_CI_O[0])
                                                      0.219     9.530 r  U_STOPWATCH/U_STOP/counter1__12_carry__1/O[0]
                         net (fo=1, routed)           0.442     9.972    U_STOPWATCH/U_STOP/counter1__12_carry__1_n_7
    SLICE_X55Y17         LUT2 (Prop_lut2_I1_O)        0.295    10.267 r  U_STOPWATCH/U_STOP/counter1__30_carry__1_i_1/O
                         net (fo=1, routed)           0.000    10.267    U_STOPWATCH/U_STOP/counter1__30_carry__1_i_1_n_0
    SLICE_X55Y17         CARRY4 (Prop_carry4_S[2]_O[2])
                                                      0.248    10.515 r  U_STOPWATCH/U_STOP/counter1__30_carry__1/O[2]
                         net (fo=1, routed)           0.664    11.179    U_STOPWATCH/U_STOP/counter1__30_carry__1_n_5
    SLICE_X57Y16         LUT6 (Prop_lut6_I5_O)        0.302    11.481 r  U_STOPWATCH/U_STOP/counter[8]_i_5/O
                         net (fo=3, routed)           0.491    11.971    U_STOPWATCH/U_STOP/p_0_out[8]
    SLICE_X54Y14         LUT2 (Prop_lut2_I1_O)        0.124    12.095 r  U_STOPWATCH/U_STOP/counter[4]_i_3/O
                         net (fo=1, routed)           0.000    12.095    U_STOPWATCH/U_STOP/counter[4]_i_3_n_0
    SLICE_X54Y14         CARRY4 (Prop_carry4_S[3]_CO[3])
                                                      0.376    12.471 r  U_STOPWATCH/U_STOP/counter_reg[4]_i_2/CO[3]
                         net (fo=1, routed)           0.000    12.471    U_STOPWATCH/U_STOP/counter_reg[4]_i_2_n_0
    SLICE_X54Y15         CARRY4 (Prop_carry4_CI_CO[3])
                                                      0.117    12.588 r  U_STOPWATCH/U_STOP/counter_reg[8]_i_2/CO[3]
                         net (fo=1, routed)           0.000    12.588    U_STOPWATCH/U_STOP/counter_reg[8]_i_2_n_0
    SLICE_X54Y16         CARRY4 (Prop_carry4_CI_O[3])
                                                      0.315    12.903 r  U_STOPWATCH/U_STOP/counter_reg[12]_i_2/O[3]
                         net (fo=1, routed)           0.305    13.208    U_BTN_CU/counter_reg[12][3]
    SLICE_X57Y16         LUT5 (Prop_lut5_I1_O)        0.307    13.515 r  U_BTN_CU/counter[12]_i_1/O
                         net (fo=1, routed)           0.000    13.515    U_STOPWATCH/U_STOP/counter_reg[13]_4[12]
    SLICE_X57Y16         FDCE                                         r  U_STOPWATCH/U_STOP/counter_reg[12]/D
  -------------------------------------------------------------------    -------------------

                         (clock sys_clk_pin rise edge)
                                                     10.000    10.000 r  
    W5                                                0.000    10.000 r  clk (IN)
                         net (fo=0)                   0.000    10.000    clk
    W5                   IBUF (Prop_ibuf_I_O)         1.388    11.388 r  clk_IBUF_inst/O
                         net (fo=1, routed)           1.862    13.250    clk_IBUF
    BUFGCTRL_X0Y0        BUFG (Prop_bufg_I_O)         0.091    13.341 r  clk_IBUF_BUFG_inst/O
                         net (fo=209, routed)         1.446    14.787    U_STOPWATCH/U_STOP/clk_IBUF_BUFG
    SLICE_X57Y16         FDCE                                         r  U_STOPWATCH/U_STOP/counter_reg[12]/C
                         clock pessimism              0.297    15.084    
                         clock uncertainty           -0.035    15.049    
    SLICE_X57Y16         FDCE (Setup_fdce_C_D)        0.029    15.078    U_STOPWATCH/U_STOP/counter_reg[12]
  -------------------------------------------------------------------
                         required time                         15.078    
                         arrival time                         -13.515    
  -------------------------------------------------------------------
                         slack                                  1.563    

Slack (MET) :             1.565ns  (required time - arrival time)
  Source:                 U_STOPWATCH/U_STOP/counter_reg[12]/C
                            (rising edge-triggered cell FDCE clocked by sys_clk_pin  {rise@0.000ns fall@5.000ns period=10.000ns})
  Destination:            U_STOPWATCH/U_STOP/counter_reg[8]/D
                            (rising edge-triggered cell FDCE clocked by sys_clk_pin  {rise@0.000ns fall@5.000ns period=10.000ns})
  Path Group:             sys_clk_pin
  Path Type:              Setup (Max at Slow Process Corner)
  Requirement:            10.000ns  (sys_clk_pin rise@10.000ns - sys_clk_pin rise@0.000ns)
  Data Path Delay:        8.456ns  (logic 4.053ns (47.931%)  route 4.403ns (52.069%))
  Logic Levels:           13  (CARRY4=6 LUT2=2 LUT3=2 LUT4=1 LUT5=1 LUT6=1)
  Clock Path Skew:        -0.023ns (DCD - SCD + CPR)
    Destination Clock Delay (DCD):    4.788ns = ( 14.788 - 10.000 ) 
    Source Clock Delay      (SCD):    5.084ns
    Clock Pessimism Removal (CPR):    0.273ns
  Clock Uncertainty:      0.035ns  ((TSJ^2 + TIJ^2)^1/2 + DJ) / 2 + PE
    Total System Jitter     (TSJ):    0.071ns
    Total Input Jitter      (TIJ):    0.000ns
    Discrete Jitter          (DJ):    0.000ns
    Phase Error              (PE):    0.000ns

    Location             Delay type                Incr(ns)  Path(ns)    Netlist Resource(s)
  -------------------------------------------------------------------    -------------------
                         (clock sys_clk_pin rise edge)
                                                      0.000     0.000 r  
    W5                                                0.000     0.000 r  clk (IN)
                         net (fo=0)                   0.000     0.000    clk
    W5                   IBUF (Prop_ibuf_I_O)         1.458     1.458 r  clk_IBUF_inst/O
                         net (fo=1, routed)           1.967     3.425    clk_IBUF
    BUFGCTRL_X0Y0        BUFG (Prop_bufg_I_O)         0.096     3.521 r  clk_IBUF_BUFG_inst/O
                         net (fo=209, routed)         1.563     5.084    U_STOPWATCH/U_STOP/clk_IBUF_BUFG
    SLICE_X57Y16         FDCE                                         r  U_STOPWATCH/U_STOP/counter_reg[12]/C
  -------------------------------------------------------------------    -------------------
    SLICE_X57Y16         FDCE (Prop_fdce_C_Q)         0.456     5.540 r  U_STOPWATCH/U_STOP/counter_reg[12]/Q
                         net (fo=40, routed)          1.040     6.580    U_STOPWATCH/U_STOP/Q[12]
    SLICE_X54Y18         LUT3 (Prop_lut3_I0_O)        0.153     6.733 r  U_STOPWATCH/U_STOP/counter1_carry_i_1/O
                         net (fo=4, routed)           0.679     7.413    U_STOPWATCH/U_STOP/counter1_carry_i_1_n_0
    SLICE_X54Y18         LUT4 (Prop_lut4_I3_O)        0.331     7.744 r  U_STOPWATCH/U_STOP/counter1_carry_i_5/O
                         net (fo=1, routed)           0.000     7.744    U_STOPWATCH/U_STOP/counter1_carry_i_5_n_0
    SLICE_X54Y18         CARRY4 (Prop_carry4_S[2]_O[2])
                                                      0.250     7.994 r  U_STOPWATCH/U_STOP/counter1_carry/O[2]
                         net (fo=3, routed)           0.640     8.634    U_STOPWATCH/U_STOP/counter1_carry_n_5
    SLICE_X56Y17         LUT3 (Prop_lut3_I0_O)        0.301     8.935 r  U_STOPWATCH/U_STOP/counter1__12_carry__0_i_2/O
                         net (fo=1, routed)           0.000     8.935    U_STOPWATCH/U_STOP/counter1__12_carry__0_i_2_n_0
    SLICE_X56Y17         CARRY4 (Prop_carry4_S[3]_CO[3])
                                                      0.376     9.311 r  U_STOPWATCH/U_STOP/counter1__12_carry__0/CO[3]
                         net (fo=1, routed)           0.000     9.311    U_STOPWATCH/U_STOP/counter1__12_carry__0_n_0
    SLICE_X56Y18         CARRY4 (Prop_carry4_CI_O[0])
                                                      0.219     9.530 r  U_STOPWATCH/U_STOP/counter1__12_carry__1/O[0]
                         net (fo=1, routed)           0.442     9.972    U_STOPWATCH/U_STOP/counter1__12_carry__1_n_7
    SLICE_X55Y17         LUT2 (Prop_lut2_I1_O)        0.295    10.267 r  U_STOPWATCH/U_STOP/counter1__30_carry__1_i_1/O
                         net (fo=1, routed)           0.000    10.267    U_STOPWATCH/U_STOP/counter1__30_carry__1_i_1_n_0
    SLICE_X55Y17         CARRY4 (Prop_carry4_S[2]_O[2])
                                                      0.248    10.515 r  U_STOPWATCH/U_STOP/counter1__30_carry__1/O[2]
                         net (fo=1, routed)           0.664    11.179    U_STOPWATCH/U_STOP/counter1__30_carry__1_n_5
    SLICE_X57Y16         LUT6 (Prop_lut6_I5_O)        0.302    11.481 r  U_STOPWATCH/U_STOP/counter[8]_i_5/O
                         net (fo=3, routed)           0.491    11.971    U_STOPWATCH/U_STOP/p_0_out[8]
    SLICE_X54Y14         LUT2 (Prop_lut2_I1_O)        0.124    12.095 r  U_STOPWATCH/U_STOP/counter[4]_i_3/O
                         net (fo=1, routed)           0.000    12.095    U_STOPWATCH/U_STOP/counter[4]_i_3_n_0
    SLICE_X54Y14         CARRY4 (Prop_carry4_S[3]_CO[3])
                                                      0.376    12.471 r  U_STOPWATCH/U_STOP/counter_reg[4]_i_2/CO[3]
                         net (fo=1, routed)           0.000    12.471    U_STOPWATCH/U_STOP/counter_reg[4]_i_2_n_0
    SLICE_X54Y15         CARRY4 (Prop_carry4_CI_O[3])
                                                      0.315    12.786 r  U_STOPWATCH/U_STOP/counter_reg[8]_i_2/O[3]
                         net (fo=1, routed)           0.447    13.233    U_BTN_CU/counter_reg[8][3]
    SLICE_X56Y15         LUT5 (Prop_lut5_I1_O)        0.307    13.540 r  U_BTN_CU/counter[8]_i_1/O
                         net (fo=1, routed)           0.000    13.540    U_STOPWATCH/U_STOP/counter_reg[13]_4[8]
    SLICE_X56Y15         FDCE                                         r  U_STOPWATCH/U_STOP/counter_reg[8]/D
  -------------------------------------------------------------------    -------------------

                         (clock sys_clk_pin rise edge)
                                                     10.000    10.000 r  
    W5                                                0.000    10.000 r  clk (IN)
                         net (fo=0)                   0.000    10.000    clk
    W5                   IBUF (Prop_ibuf_I_O)         1.388    11.388 r  clk_IBUF_inst/O
                         net (fo=1, routed)           1.862    13.250    clk_IBUF
    BUFGCTRL_X0Y0        BUFG (Prop_bufg_I_O)         0.091    13.341 r  clk_IBUF_BUFG_inst/O
                         net (fo=209, routed)         1.447    14.788    U_STOPWATCH/U_STOP/clk_IBUF_BUFG
    SLICE_X56Y15         FDCE                                         r  U_STOPWATCH/U_STOP/counter_reg[8]/C
                         clock pessimism              0.273    15.061    
                         clock uncertainty           -0.035    15.026    
    SLICE_X56Y15         FDCE (Setup_fdce_C_D)        0.079    15.105    U_STOPWATCH/U_STOP/counter_reg[8]
  -------------------------------------------------------------------
                         required time                         15.105    
                         arrival time                         -13.540    
  -------------------------------------------------------------------
                         slack                                  1.565    

Slack (MET) :             1.689ns  (required time - arrival time)
  Source:                 U_STOPWATCH/U_STOP/counter_reg[12]/C
                            (rising edge-triggered cell FDCE clocked by sys_clk_pin  {rise@0.000ns fall@5.000ns period=10.000ns})
  Destination:            U_STOPWATCH/U_STOP/counter_reg[6]/D
                            (rising edge-triggered cell FDCE clocked by sys_clk_pin  {rise@0.000ns fall@5.000ns period=10.000ns})
  Path Group:             sys_clk_pin
  Path Type:              Setup (Max at Slow Process Corner)
  Requirement:            10.000ns  (sys_clk_pin rise@10.000ns - sys_clk_pin rise@0.000ns)
  Data Path Delay:        8.330ns  (logic 4.060ns (48.739%)  route 4.270ns (51.261%))
  Logic Levels:           13  (CARRY4=6 LUT2=2 LUT3=2 LUT4=1 LUT5=1 LUT6=1)
  Clock Path Skew:        -0.023ns (DCD - SCD + CPR)
    Destination Clock Delay (DCD):    4.788ns = ( 14.788 - 10.000 ) 
    Source Clock Delay      (SCD):    5.084ns
    Clock Pessimism Removal (CPR):    0.273ns
  Clock Uncertainty:      0.035ns  ((TSJ^2 + TIJ^2)^1/2 + DJ) / 2 + PE
    Total System Jitter     (TSJ):    0.071ns
    Total Input Jitter      (TIJ):    0.000ns
    Discrete Jitter          (DJ):    0.000ns
    Phase Error              (PE):    0.000ns

    Location             Delay type                Incr(ns)  Path(ns)    Netlist Resource(s)
  -------------------------------------------------------------------    -------------------
                         (clock sys_clk_pin rise edge)
                                                      0.000     0.000 r  
    W5                                                0.000     0.000 r  clk (IN)
                         net (fo=0)                   0.000     0.000    clk
    W5                   IBUF (Prop_ibuf_I_O)         1.458     1.458 r  clk_IBUF_inst/O
                         net (fo=1, routed)           1.967     3.425    clk_IBUF
    BUFGCTRL_X0Y0        BUFG (Prop_bufg_I_O)         0.096     3.521 r  clk_IBUF_BUFG_inst/O
                         net (fo=209, routed)         1.563     5.084    U_STOPWATCH/U_STOP/clk_IBUF_BUFG
    SLICE_X57Y16         FDCE                                         r  U_STOPWATCH/U_STOP/counter_reg[12]/C
  -------------------------------------------------------------------    -------------------
    SLICE_X57Y16         FDCE (Prop_fdce_C_Q)         0.456     5.540 r  U_STOPWATCH/U_STOP/counter_reg[12]/Q
                         net (fo=40, routed)          1.040     6.580    U_STOPWATCH/U_STOP/Q[12]
    SLICE_X54Y18         LUT3 (Prop_lut3_I0_O)        0.153     6.733 r  U_STOPWATCH/U_STOP/counter1_carry_i_1/O
                         net (fo=4, routed)           0.679     7.413    U_STOPWATCH/U_STOP/counter1_carry_i_1_n_0
    SLICE_X54Y18         LUT4 (Prop_lut4_I3_O)        0.331     7.744 r  U_STOPWATCH/U_STOP/counter1_carry_i_5/O
                         net (fo=1, routed)           0.000     7.744    U_STOPWATCH/U_STOP/counter1_carry_i_5_n_0
    SLICE_X54Y18         CARRY4 (Prop_carry4_S[2]_O[2])
                                                      0.250     7.994 r  U_STOPWATCH/U_STOP/counter1_carry/O[2]
                         net (fo=3, routed)           0.640     8.634    U_STOPWATCH/U_STOP/counter1_carry_n_5
    SLICE_X56Y17         LUT3 (Prop_lut3_I0_O)        0.301     8.935 r  U_STOPWATCH/U_STOP/counter1__12_carry__0_i_2/O
                         net (fo=1, routed)           0.000     8.935    U_STOPWATCH/U_STOP/counter1__12_carry__0_i_2_n_0
    SLICE_X56Y17         CARRY4 (Prop_carry4_S[3]_CO[3])
                                                      0.376     9.311 r  U_STOPWATCH/U_STOP/counter1__12_carry__0/CO[3]
                         net (fo=1, routed)           0.000     9.311    U_STOPWATCH/U_STOP/counter1__12_carry__0_n_0
    SLICE_X56Y18         CARRY4 (Prop_carry4_CI_O[0])
                                                      0.219     9.530 r  U_STOPWATCH/U_STOP/counter1__12_carry__1/O[0]
                         net (fo=1, routed)           0.442     9.972    U_STOPWATCH/U_STOP/counter1__12_carry__1_n_7
    SLICE_X55Y17         LUT2 (Prop_lut2_I1_O)        0.295    10.267 r  U_STOPWATCH/U_STOP/counter1__30_carry__1_i_1/O
                         net (fo=1, routed)           0.000    10.267    U_STOPWATCH/U_STOP/counter1__30_carry__1_i_1_n_0
    SLICE_X55Y17         CARRY4 (Prop_carry4_S[2]_O[2])
                                                      0.248    10.515 r  U_STOPWATCH/U_STOP/counter1__30_carry__1/O[2]
                         net (fo=1, routed)           0.664    11.179    U_STOPWATCH/U_STOP/counter1__30_carry__1_n_5
    SLICE_X57Y16         LUT6 (Prop_lut6_I5_O)        0.302    11.481 r  U_STOPWATCH/U_STOP/counter[8]_i_5/O
                         net (fo=3, routed)           0.491    11.971    U_STOPWATCH/U_STOP/p_0_out[8]
    SLICE_X54Y14         LUT2 (Prop_lut2_I1_O)        0.124    12.095 r  U_STOPWATCH/U_STOP/counter[4]_i_3/O
                         net (fo=1, routed)           0.000    12.095    U_STOPWATCH/U_STOP/counter[4]_i_3_n_0
    SLICE_X54Y14         CARRY4 (Prop_carry4_S[3]_CO[3])
                                                      0.376    12.471 r  U_STOPWATCH/U_STOP/counter_reg[4]_i_2/CO[3]
                         net (fo=1, routed)           0.000    12.471    U_STOPWATCH/U_STOP/counter_reg[4]_i_2_n_0
    SLICE_X54Y15         CARRY4 (Prop_carry4_CI_O[1])
                                                      0.323    12.794 r  U_STOPWATCH/U_STOP/counter_reg[8]_i_2/O[1]
                         net (fo=1, routed)           0.314    13.108    U_BTN_CU/counter_reg[8][1]
    SLICE_X56Y15         LUT5 (Prop_lut5_I1_O)        0.306    13.414 r  U_BTN_CU/counter[6]_i_1/O
                         net (fo=1, routed)           0.000    13.414    U_STOPWATCH/U_STOP/counter_reg[13]_4[6]
    SLICE_X56Y15         FDCE                                         r  U_STOPWATCH/U_STOP/counter_reg[6]/D
  -------------------------------------------------------------------    -------------------

                         (clock sys_clk_pin rise edge)
                                                     10.000    10.000 r  
    W5                                                0.000    10.000 r  clk (IN)
                         net (fo=0)                   0.000    10.000    clk
    W5                   IBUF (Prop_ibuf_I_O)         1.388    11.388 r  clk_IBUF_inst/O
                         net (fo=1, routed)           1.862    13.250    clk_IBUF
    BUFGCTRL_X0Y0        BUFG (Prop_bufg_I_O)         0.091    13.341 r  clk_IBUF_BUFG_inst/O
                         net (fo=209, routed)         1.447    14.788    U_STOPWATCH/U_STOP/clk_IBUF_BUFG
    SLICE_X56Y15         FDCE                                         r  U_STOPWATCH/U_STOP/counter_reg[6]/C
                         clock pessimism              0.273    15.061    
                         clock uncertainty           -0.035    15.026    
    SLICE_X56Y15         FDCE (Setup_fdce_C_D)        0.077    15.103    U_STOPWATCH/U_STOP/counter_reg[6]
  -------------------------------------------------------------------
                         required time                         15.103    
                         arrival time                         -13.414    
  -------------------------------------------------------------------
                         slack                                  1.689    

Slack (MET) :             1.730ns  (required time - arrival time)
  Source:                 U_STOPWATCH/U_STOP/counter_reg[12]/C
                            (rising edge-triggered cell FDCE clocked by sys_clk_pin  {rise@0.000ns fall@5.000ns period=10.000ns})
  Destination:            U_STOPWATCH/U_STOP/counter_reg[5]/D
                            (rising edge-triggered cell FDCE clocked by sys_clk_pin  {rise@0.000ns fall@5.000ns period=10.000ns})
  Path Group:             sys_clk_pin
  Path Type:              Setup (Max at Slow Process Corner)
  Requirement:            10.000ns  (sys_clk_pin rise@10.000ns - sys_clk_pin rise@0.000ns)
  Data Path Delay:        8.227ns  (logic 3.945ns (47.955%)  route 4.282ns (52.045%))
  Logic Levels:           13  (CARRY4=6 LUT2=2 LUT3=2 LUT4=1 LUT5=1 LUT6=1)
  Clock Path Skew:        -0.037ns (DCD - SCD + CPR)
    Destination Clock Delay (DCD):    4.787ns = ( 14.787 - 10.000 ) 
    Source Clock Delay      (SCD):    5.084ns
    Clock Pessimism Removal (CPR):    0.260ns
  Clock Uncertainty:      0.035ns  ((TSJ^2 + TIJ^2)^1/2 + DJ) / 2 + PE
    Total System Jitter     (TSJ):    0.071ns
    Total Input Jitter      (TIJ):    0.000ns
    Discrete Jitter          (DJ):    0.000ns
    Phase Error              (PE):    0.000ns

    Location             Delay type                Incr(ns)  Path(ns)    Netlist Resource(s)
  -------------------------------------------------------------------    -------------------
                         (clock sys_clk_pin rise edge)
                                                      0.000     0.000 r  
    W5                                                0.000     0.000 r  clk (IN)
                         net (fo=0)                   0.000     0.000    clk
    W5                   IBUF (Prop_ibuf_I_O)         1.458     1.458 r  clk_IBUF_inst/O
                         net (fo=1, routed)           1.967     3.425    clk_IBUF
    BUFGCTRL_X0Y0        BUFG (Prop_bufg_I_O)         0.096     3.521 r  clk_IBUF_BUFG_inst/O
                         net (fo=209, routed)         1.563     5.084    U_STOPWATCH/U_STOP/clk_IBUF_BUFG
    SLICE_X57Y16         FDCE                                         r  U_STOPWATCH/U_STOP/counter_reg[12]/C
  -------------------------------------------------------------------    -------------------
    SLICE_X57Y16         FDCE (Prop_fdce_C_Q)         0.456     5.540 r  U_STOPWATCH/U_STOP/counter_reg[12]/Q
                         net (fo=40, routed)          1.040     6.580    U_STOPWATCH/U_STOP/Q[12]
    SLICE_X54Y18         LUT3 (Prop_lut3_I0_O)        0.153     6.733 r  U_STOPWATCH/U_STOP/counter1_carry_i_1/O
                         net (fo=4, routed)           0.679     7.413    U_STOPWATCH/U_STOP/counter1_carry_i_1_n_0
    SLICE_X54Y18         LUT4 (Prop_lut4_I3_O)        0.331     7.744 r  U_STOPWATCH/U_STOP/counter1_carry_i_5/O
                         net (fo=1, routed)           0.000     7.744    U_STOPWATCH/U_STOP/counter1_carry_i_5_n_0
    SLICE_X54Y18         CARRY4 (Prop_carry4_S[2]_O[2])
                                                      0.250     7.994 r  U_STOPWATCH/U_STOP/counter1_carry/O[2]
                         net (fo=3, routed)           0.640     8.634    U_STOPWATCH/U_STOP/counter1_carry_n_5
    SLICE_X56Y17         LUT3 (Prop_lut3_I0_O)        0.301     8.935 r  U_STOPWATCH/U_STOP/counter1__12_carry__0_i_2/O
                         net (fo=1, routed)           0.000     8.935    U_STOPWATCH/U_STOP/counter1__12_carry__0_i_2_n_0
    SLICE_X56Y17         CARRY4 (Prop_carry4_S[3]_CO[3])
                                                      0.376     9.311 r  U_STOPWATCH/U_STOP/counter1__12_carry__0/CO[3]
                         net (fo=1, routed)           0.000     9.311    U_STOPWATCH/U_STOP/counter1__12_carry__0_n_0
    SLICE_X56Y18         CARRY4 (Prop_carry4_CI_O[0])
                                                      0.219     9.530 r  U_STOPWATCH/U_STOP/counter1__12_carry__1/O[0]
                         net (fo=1, routed)           0.442     9.972    U_STOPWATCH/U_STOP/counter1__12_carry__1_n_7
    SLICE_X55Y17         LUT2 (Prop_lut2_I1_O)        0.295    10.267 r  U_STOPWATCH/U_STOP/counter1__30_carry__1_i_1/O
                         net (fo=1, routed)           0.000    10.267    U_STOPWATCH/U_STOP/counter1__30_carry__1_i_1_n_0
    SLICE_X55Y17         CARRY4 (Prop_carry4_S[2]_O[2])
                                                      0.248    10.515 r  U_STOPWATCH/U_STOP/counter1__30_carry__1/O[2]
                         net (fo=1, routed)           0.664    11.179    U_STOPWATCH/U_STOP/counter1__30_carry__1_n_5
    SLICE_X57Y16         LUT6 (Prop_lut6_I5_O)        0.302    11.481 r  U_STOPWATCH/U_STOP/counter[8]_i_5/O
                         net (fo=3, routed)           0.491    11.971    U_STOPWATCH/U_STOP/p_0_out[8]
    SLICE_X54Y14         LUT2 (Prop_lut2_I1_O)        0.124    12.095 r  U_STOPWATCH/U_STOP/counter[4]_i_3/O
                         net (fo=1, routed)           0.000    12.095    U_STOPWATCH/U_STOP/counter[4]_i_3_n_0
    SLICE_X54Y14         CARRY4 (Prop_carry4_S[3]_CO[3])
                                                      0.376    12.471 r  U_STOPWATCH/U_STOP/counter_reg[4]_i_2/CO[3]
                         net (fo=1, routed)           0.000    12.471    U_STOPWATCH/U_STOP/counter_reg[4]_i_2_n_0
    SLICE_X54Y15         CARRY4 (Prop_carry4_CI_O[0])
                                                      0.219    12.690 r  U_STOPWATCH/U_STOP/counter_reg[8]_i_2/O[0]
                         net (fo=1, routed)           0.326    13.016    U_BTN_CU/counter_reg[8][0]
    SLICE_X53Y15         LUT5 (Prop_lut5_I1_O)        0.295    13.311 r  U_BTN_CU/counter[5]_i_1/O
                         net (fo=1, routed)           0.000    13.311    U_STOPWATCH/U_STOP/counter_reg[13]_4[5]
    SLICE_X53Y15         FDCE                                         r  U_STOPWATCH/U_STOP/counter_reg[5]/D
  -------------------------------------------------------------------    -------------------

                         (clock sys_clk_pin rise edge)
                                                     10.000    10.000 r  
    W5                                                0.000    10.000 r  clk (IN)
                         net (fo=0)                   0.000    10.000    clk
    W5                   IBUF (Prop_ibuf_I_O)         1.388    11.388 r  clk_IBUF_inst/O
                         net (fo=1, routed)           1.862    13.250    clk_IBUF
    BUFGCTRL_X0Y0        BUFG (Prop_bufg_I_O)         0.091    13.341 r  clk_IBUF_BUFG_inst/O
                         net (fo=209, routed)         1.446    14.787    U_STOPWATCH/U_STOP/clk_IBUF_BUFG
    SLICE_X53Y15         FDCE                                         r  U_STOPWATCH/U_STOP/counter_reg[5]/C
                         clock pessimism              0.260    15.047    
                         clock uncertainty           -0.035    15.012    
    SLICE_X53Y15         FDCE (Setup_fdce_C_D)        0.029    15.041    U_STOPWATCH/U_STOP/counter_reg[5]
  -------------------------------------------------------------------
                         required time                         15.041    
                         arrival time                         -13.311    
  -------------------------------------------------------------------
                         slack                                  1.730    

Slack (MET) :             1.781ns  (required time - arrival time)
  Source:                 U_STOPWATCH/U_STOP/counter_reg[12]/C
                            (rising edge-triggered cell FDCE clocked by sys_clk_pin  {rise@0.000ns fall@5.000ns period=10.000ns})
  Destination:            U_STOPWATCH/U_STOP/counter_reg[7]/D
                            (rising edge-triggered cell FDCE clocked by sys_clk_pin  {rise@0.000ns fall@5.000ns period=10.000ns})
  Path Group:             sys_clk_pin
  Path Type:              Setup (Max at Slow Process Corner)
  Requirement:            10.000ns  (sys_clk_pin rise@10.000ns - sys_clk_pin rise@0.000ns)
  Data Path Delay:        8.241ns  (logic 3.971ns (48.184%)  route 4.270ns (51.817%))
  Logic Levels:           13  (CARRY4=6 LUT2=2 LUT3=2 LUT4=1 LUT5=1 LUT6=1)
  Clock Path Skew:        -0.023ns (DCD - SCD + CPR)
    Destination Clock Delay (DCD):    4.788ns = ( 14.788 - 10.000 ) 
    Source Clock Delay      (SCD):    5.084ns
    Clock Pessimism Removal (CPR):    0.273ns
  Clock Uncertainty:      0.035ns  ((TSJ^2 + TIJ^2)^1/2 + DJ) / 2 + PE
    Total System Jitter     (TSJ):    0.071ns
    Total Input Jitter      (TIJ):    0.000ns
    Discrete Jitter          (DJ):    0.000ns
    Phase Error              (PE):    0.000ns

    Location             Delay type                Incr(ns)  Path(ns)    Netlist Resource(s)
  -------------------------------------------------------------------    -------------------
                         (clock sys_clk_pin rise edge)
                                                      0.000     0.000 r  
    W5                                                0.000     0.000 r  clk (IN)
                         net (fo=0)                   0.000     0.000    clk
    W5                   IBUF (Prop_ibuf_I_O)         1.458     1.458 r  clk_IBUF_inst/O
                         net (fo=1, routed)           1.967     3.425    clk_IBUF
    BUFGCTRL_X0Y0        BUFG (Prop_bufg_I_O)         0.096     3.521 r  clk_IBUF_BUFG_inst/O
                         net (fo=209, routed)         1.563     5.084    U_STOPWATCH/U_STOP/clk_IBUF_BUFG
    SLICE_X57Y16         FDCE                                         r  U_STOPWATCH/U_STOP/counter_reg[12]/C
  -------------------------------------------------------------------    -------------------
    SLICE_X57Y16         FDCE (Prop_fdce_C_Q)         0.456     5.540 r  U_STOPWATCH/U_STOP/counter_reg[12]/Q
                         net (fo=40, routed)          1.040     6.580    U_STOPWATCH/U_STOP/Q[12]
    SLICE_X54Y18         LUT3 (Prop_lut3_I0_O)        0.153     6.733 r  U_STOPWATCH/U_STOP/counter1_carry_i_1/O
                         net (fo=4, routed)           0.679     7.413    U_STOPWATCH/U_STOP/counter1_carry_i_1_n_0
    SLICE_X54Y18         LUT4 (Prop_lut4_I3_O)        0.331     7.744 r  U_STOPWATCH/U_STOP/counter1_carry_i_5/O
                         net (fo=1, routed)           0.000     7.744    U_STOPWATCH/U_STOP/counter1_carry_i_5_n_0
    SLICE_X54Y18         CARRY4 (Prop_carry4_S[2]_O[2])
                                                      0.250     7.994 r  U_STOPWATCH/U_STOP/counter1_carry/O[2]
                         net (fo=3, routed)           0.640     8.634    U_STOPWATCH/U_STOP/counter1_carry_n_5
    SLICE_X56Y17         LUT3 (Prop_lut3_I0_O)        0.301     8.935 r  U_STOPWATCH/U_STOP/counter1__12_carry__0_i_2/O
                         net (fo=1, routed)           0.000     8.935    U_STOPWATCH/U_STOP/counter1__12_carry__0_i_2_n_0
    SLICE_X56Y17         CARRY4 (Prop_carry4_S[3]_CO[3])
                                                      0.376     9.311 r  U_STOPWATCH/U_STOP/counter1__12_carry__0/CO[3]
                         net (fo=1, routed)           0.000     9.311    U_STOPWATCH/U_STOP/counter1__12_carry__0_n_0
    SLICE_X56Y18         CARRY4 (Prop_carry4_CI_O[0])
                                                      0.219     9.530 r  U_STOPWATCH/U_STOP/counter1__12_carry__1/O[0]
                         net (fo=1, routed)           0.442     9.972    U_STOPWATCH/U_STOP/counter1__12_carry__1_n_7
    SLICE_X55Y17         LUT2 (Prop_lut2_I1_O)        0.295    10.267 r  U_STOPWATCH/U_STOP/counter1__30_carry__1_i_1/O
                         net (fo=1, routed)           0.000    10.267    U_STOPWATCH/U_STOP/counter1__30_carry__1_i_1_n_0
    SLICE_X55Y17         CARRY4 (Prop_carry4_S[2]_O[2])
                                                      0.248    10.515 r  U_STOPWATCH/U_STOP/counter1__30_carry__1/O[2]
                         net (fo=1, routed)           0.664    11.179    U_STOPWATCH/U_STOP/counter1__30_carry__1_n_5
    SLICE_X57Y16         LUT6 (Prop_lut6_I5_O)        0.302    11.481 r  U_STOPWATCH/U_STOP/counter[8]_i_5/O
                         net (fo=3, routed)           0.491    11.971    U_STOPWATCH/U_STOP/p_0_out[8]
    SLICE_X54Y14         LUT2 (Prop_lut2_I1_O)        0.124    12.095 r  U_STOPWATCH/U_STOP/counter[4]_i_3/O
                         net (fo=1, routed)           0.000    12.095    U_STOPWATCH/U_STOP/counter[4]_i_3_n_0
    SLICE_X54Y14         CARRY4 (Prop_carry4_S[3]_CO[3])
                                                      0.376    12.471 r  U_STOPWATCH/U_STOP/counter_reg[4]_i_2/CO[3]
                         net (fo=1, routed)           0.000    12.471    U_STOPWATCH/U_STOP/counter_reg[4]_i_2_n_0
    SLICE_X54Y15         CARRY4 (Prop_carry4_CI_O[2])
                                                      0.239    12.710 r  U_STOPWATCH/U_STOP/counter_reg[8]_i_2/O[2]
                         net (fo=1, routed)           0.314    13.025    U_BTN_CU/counter_reg[8][2]
    SLICE_X56Y15         LUT5 (Prop_lut5_I1_O)        0.301    13.326 r  U_BTN_CU/counter[7]_i_1/O
                         net (fo=1, routed)           0.000    13.326    U_STOPWATCH/U_STOP/counter_reg[13]_4[7]
    SLICE_X56Y15         FDCE                                         r  U_STOPWATCH/U_STOP/counter_reg[7]/D
  -------------------------------------------------------------------    -------------------

                         (clock sys_clk_pin rise edge)
                                                     10.000    10.000 r  
    W5                                                0.000    10.000 r  clk (IN)
                         net (fo=0)                   0.000    10.000    clk
    W5                   IBUF (Prop_ibuf_I_O)         1.388    11.388 r  clk_IBUF_inst/O
                         net (fo=1, routed)           1.862    13.250    clk_IBUF
    BUFGCTRL_X0Y0        BUFG (Prop_bufg_I_O)         0.091    13.341 r  clk_IBUF_BUFG_inst/O
                         net (fo=209, routed)         1.447    14.788    U_STOPWATCH/U_STOP/clk_IBUF_BUFG
    SLICE_X56Y15         FDCE                                         r  U_STOPWATCH/U_STOP/counter_reg[7]/C
                         clock pessimism              0.273    15.061    
                         clock uncertainty           -0.035    15.026    
    SLICE_X56Y15         FDCE (Setup_fdce_C_D)        0.081    15.107    U_STOPWATCH/U_STOP/counter_reg[7]
  -------------------------------------------------------------------
                         required time                         15.107    
                         arrival time                         -13.326    
  -------------------------------------------------------------------
                         slack                                  1.781    

Slack (MET) :             1.891ns  (required time - arrival time)
  Source:                 U_STOPWATCH/U_STOP/counter_reg[12]/C
                            (rising edge-triggered cell FDCE clocked by sys_clk_pin  {rise@0.000ns fall@5.000ns period=10.000ns})
  Destination:            U_STOPWATCH/U_STOP/counter_reg[4]/D
                            (rising edge-triggered cell FDCE clocked by sys_clk_pin  {rise@0.000ns fall@5.000ns period=10.000ns})
  Path Group:             sys_clk_pin
  Path Type:              Setup (Max at Slow Process Corner)
  Requirement:            10.000ns  (sys_clk_pin rise@10.000ns - sys_clk_pin rise@0.000ns)
  Data Path Delay:        8.070ns  (logic 3.617ns (44.820%)  route 4.453ns (55.180%))
  Logic Levels:           12  (CARRY4=5 LUT2=2 LUT3=2 LUT4=1 LUT5=1 LUT6=1)
  Clock Path Skew:        -0.036ns (DCD - SCD + CPR)
    Destination Clock Delay (DCD):    4.788ns = ( 14.788 - 10.000 ) 
    Source Clock Delay      (SCD):    5.084ns
    Clock Pessimism Removal (CPR):    0.260ns
  Clock Uncertainty:      0.035ns  ((TSJ^2 + TIJ^2)^1/2 + DJ) / 2 + PE
    Total System Jitter     (TSJ):    0.071ns
    Total Input Jitter      (TIJ):    0.000ns
    Discrete Jitter          (DJ):    0.000ns
    Phase Error              (PE):    0.000ns

    Location             Delay type                Incr(ns)  Path(ns)    Netlist Resource(s)
  -------------------------------------------------------------------    -------------------
                         (clock sys_clk_pin rise edge)
                                                      0.000     0.000 r  
    W5                                                0.000     0.000 r  clk (IN)
                         net (fo=0)                   0.000     0.000    clk
    W5                   IBUF (Prop_ibuf_I_O)         1.458     1.458 r  clk_IBUF_inst/O
                         net (fo=1, routed)           1.967     3.425    clk_IBUF
    BUFGCTRL_X0Y0        BUFG (Prop_bufg_I_O)         0.096     3.521 r  clk_IBUF_BUFG_inst/O
                         net (fo=209, routed)         1.563     5.084    U_STOPWATCH/U_STOP/clk_IBUF_BUFG
    SLICE_X57Y16         FDCE                                         r  U_STOPWATCH/U_STOP/counter_reg[12]/C
  -------------------------------------------------------------------    -------------------
    SLICE_X57Y16         FDCE (Prop_fdce_C_Q)         0.456     5.540 r  U_STOPWATCH/U_STOP/counter_reg[12]/Q
                         net (fo=40, routed)          1.040     6.580    U_STOPWATCH/U_STOP/Q[12]
    SLICE_X54Y18         LUT3 (Prop_lut3_I0_O)        0.153     6.733 r  U_STOPWATCH/U_STOP/counter1_carry_i_1/O
                         net (fo=4, routed)           0.679     7.413    U_STOPWATCH/U_STOP/counter1_carry_i_1_n_0
    SLICE_X54Y18         LUT4 (Prop_lut4_I3_O)        0.331     7.744 r  U_STOPWATCH/U_STOP/counter1_carry_i_5/O
                         net (fo=1, routed)           0.000     7.744    U_STOPWATCH/U_STOP/counter1_carry_i_5_n_0
    SLICE_X54Y18         CARRY4 (Prop_carry4_S[2]_O[2])
                                                      0.250     7.994 r  U_STOPWATCH/U_STOP/counter1_carry/O[2]
                         net (fo=3, routed)           0.640     8.634    U_STOPWATCH/U_STOP/counter1_carry_n_5
    SLICE_X56Y17         LUT3 (Prop_lut3_I0_O)        0.301     8.935 r  U_STOPWATCH/U_STOP/counter1__12_carry__0_i_2/O
                         net (fo=1, routed)           0.000     8.935    U_STOPWATCH/U_STOP/counter1__12_carry__0_i_2_n_0
    SLICE_X56Y17         CARRY4 (Prop_carry4_S[3]_CO[3])
                                                      0.376     9.311 r  U_STOPWATCH/U_STOP/counter1__12_carry__0/CO[3]
                         net (fo=1, routed)           0.000     9.311    U_STOPWATCH/U_STOP/counter1__12_carry__0_n_0
    SLICE_X56Y18         CARRY4 (Prop_carry4_CI_O[0])
                                                      0.219     9.530 r  U_STOPWATCH/U_STOP/counter1__12_carry__1/O[0]
                         net (fo=1, routed)           0.442     9.972    U_STOPWATCH/U_STOP/counter1__12_carry__1_n_7
    SLICE_X55Y17         LUT2 (Prop_lut2_I1_O)        0.295    10.267 r  U_STOPWATCH/U_STOP/counter1__30_carry__1_i_1/O
                         net (fo=1, routed)           0.000    10.267    U_STOPWATCH/U_STOP/counter1__30_carry__1_i_1_n_0
    SLICE_X55Y17         CARRY4 (Prop_carry4_S[2]_O[2])
                                                      0.248    10.515 r  U_STOPWATCH/U_STOP/counter1__30_carry__1/O[2]
                         net (fo=1, routed)           0.664    11.179    U_STOPWATCH/U_STOP/counter1__30_carry__1_n_5
    SLICE_X57Y16         LUT6 (Prop_lut6_I5_O)        0.302    11.481 r  U_STOPWATCH/U_STOP/counter[8]_i_5/O
                         net (fo=3, routed)           0.491    11.971    U_STOPWATCH/U_STOP/p_0_out[8]
    SLICE_X54Y14         LUT2 (Prop_lut2_I1_O)        0.124    12.095 r  U_STOPWATCH/U_STOP/counter[4]_i_3/O
                         net (fo=1, routed)           0.000    12.095    U_STOPWATCH/U_STOP/counter[4]_i_3_n_0
    SLICE_X54Y14         CARRY4 (Prop_carry4_S[3]_O[3])
                                                      0.255    12.350 r  U_STOPWATCH/U_STOP/counter_reg[4]_i_2/O[3]
                         net (fo=1, routed)           0.497    12.847    U_BTN_CU/counter_reg[4][3]
    SLICE_X55Y14         LUT5 (Prop_lut5_I1_O)        0.307    13.154 r  U_BTN_CU/counter[4]_i_1/O
                         net (fo=1, routed)           0.000    13.154    U_STOPWATCH/U_STOP/counter_reg[13]_4[4]
    SLICE_X55Y14         FDCE                                         r  U_STOPWATCH/U_STOP/counter_reg[4]/D
  -------------------------------------------------------------------    -------------------

                         (clock sys_clk_pin rise edge)
                                                     10.000    10.000 r  
    W5                                                0.000    10.000 r  clk (IN)
                         net (fo=0)                   0.000    10.000    clk
    W5                   IBUF (Prop_ibuf_I_O)         1.388    11.388 r  clk_IBUF_inst/O
                         net (fo=1, routed)           1.862    13.250    clk_IBUF
    BUFGCTRL_X0Y0        BUFG (Prop_bufg_I_O)         0.091    13.341 r  clk_IBUF_BUFG_inst/O
                         net (fo=209, routed)         1.447    14.788    U_STOPWATCH/U_STOP/clk_IBUF_BUFG
    SLICE_X55Y14         FDCE                                         r  U_STOPWATCH/U_STOP/counter_reg[4]/C
                         clock pessimism              0.260    15.048    
                         clock uncertainty           -0.035    15.013    
    SLICE_X55Y14         FDCE (Setup_fdce_C_D)        0.032    15.045    U_STOPWATCH/U_STOP/counter_reg[4]
  -------------------------------------------------------------------
                         required time                         15.045    
                         arrival time                         -13.154    
  -------------------------------------------------------------------
                         slack                                  1.891    





Min Delay Paths
--------------------------------------------------------------------------------------
Slack (MET) :             0.201ns  (arrival time - required time)
  Source:                 U_Uart/U_Baud/br_counter_reg[2]/C
                            (rising edge-triggered cell FDCE clocked by sys_clk_pin  {rise@0.000ns fall@5.000ns period=10.000ns})
  Destination:            U_Uart/U_Baud/br_counter_reg[4]/D
                            (rising edge-triggered cell FDCE clocked by sys_clk_pin  {rise@0.000ns fall@5.000ns period=10.000ns})
  Path Group:             sys_clk_pin
  Path Type:              Hold (Min at Fast Process Corner)
  Requirement:            0.000ns  (sys_clk_pin rise@0.000ns - sys_clk_pin rise@0.000ns)
  Data Path Delay:        0.305ns  (logic 0.186ns (61.010%)  route 0.119ns (38.990%))
  Logic Levels:           1  (LUT6=1)
  Clock Path Skew:        0.013ns (DCD - SCD - CPR)
    Destination Clock Delay (DCD):    1.975ns
    Source Clock Delay      (SCD):    1.464ns
    Clock Pessimism Removal (CPR):    0.498ns

    Location             Delay type                Incr(ns)  Path(ns)    Netlist Resource(s)
  -------------------------------------------------------------------    -------------------
                         (clock sys_clk_pin rise edge)
                                                      0.000     0.000 r  
    W5                                                0.000     0.000 r  clk (IN)
                         net (fo=0)                   0.000     0.000    clk
    W5                   IBUF (Prop_ibuf_I_O)         0.226     0.226 r  clk_IBUF_inst/O
                         net (fo=1, routed)           0.631     0.858    clk_IBUF
    BUFGCTRL_X0Y0        BUFG (Prop_bufg_I_O)         0.026     0.884 r  clk_IBUF_BUFG_inst/O
                         net (fo=209, routed)         0.581     1.464    U_Uart/U_Baud/clk_IBUF_BUFG
    SLICE_X59Y25         FDCE                                         r  U_Uart/U_Baud/br_counter_reg[2]/C
  -------------------------------------------------------------------    -------------------
    SLICE_X59Y25         FDCE (Prop_fdce_C_Q)         0.141     1.605 r  U_Uart/U_Baud/br_counter_reg[2]/Q
                         net (fo=8, routed)           0.119     1.724    U_Uart/U_Baud/br_counter[2]
    SLICE_X58Y25         LUT6 (Prop_lut6_I3_O)        0.045     1.769 r  U_Uart/U_Baud/br_counter[4]_i_1/O
                         net (fo=1, routed)           0.000     1.769    U_Uart/U_Baud/br_counter_0[4]
    SLICE_X58Y25         FDCE                                         r  U_Uart/U_Baud/br_counter_reg[4]/D
  -------------------------------------------------------------------    -------------------

                         (clock sys_clk_pin rise edge)
                                                      0.000     0.000 r  
    W5                                                0.000     0.000 r  clk (IN)
                         net (fo=0)                   0.000     0.000    clk
    W5                   IBUF (Prop_ibuf_I_O)         0.414     0.414 r  clk_IBUF_inst/O
                         net (fo=1, routed)           0.685     1.099    clk_IBUF
    BUFGCTRL_X0Y0        BUFG (Prop_bufg_I_O)         0.029     1.128 r  clk_IBUF_BUFG_inst/O
                         net (fo=209, routed)         0.848     1.975    U_Uart/U_Baud/clk_IBUF_BUFG
    SLICE_X58Y25         FDCE                                         r  U_Uart/U_Baud/br_counter_reg[4]/C
                         clock pessimism             -0.498     1.477    
    SLICE_X58Y25         FDCE (Hold_fdce_C_D)         0.091     1.568    U_Uart/U_Baud/br_counter_reg[4]
  -------------------------------------------------------------------
                         required time                         -1.568    
                         arrival time                           1.769    
  -------------------------------------------------------------------
                         slack                                  0.201    

Slack (MET) :             0.212ns  (arrival time - required time)
  Source:                 U_Uart/U_Baud/br_counter_reg[8]/C
                            (rising edge-triggered cell FDCE clocked by sys_clk_pin  {rise@0.000ns fall@5.000ns period=10.000ns})
  Destination:            U_Uart/U_Baud/br_counter_reg[9]/D
                            (rising edge-triggered cell FDCE clocked by sys_clk_pin  {rise@0.000ns fall@5.000ns period=10.000ns})
  Path Group:             sys_clk_pin
  Path Type:              Hold (Min at Fast Process Corner)
  Requirement:            0.000ns  (sys_clk_pin rise@0.000ns - sys_clk_pin rise@0.000ns)
  Data Path Delay:        0.333ns  (logic 0.246ns (73.853%)  route 0.087ns (26.147%))
  Logic Levels:           1  (LUT6=1)
  Clock Path Skew:        0.000ns (DCD - SCD - CPR)
    Destination Clock Delay (DCD):    1.976ns
    Source Clock Delay      (SCD):    1.465ns
    Clock Pessimism Removal (CPR):    0.511ns

    Location             Delay type                Incr(ns)  Path(ns)    Netlist Resource(s)
  -------------------------------------------------------------------    -------------------
                         (clock sys_clk_pin rise edge)
                                                      0.000     0.000 r  
    W5                                                0.000     0.000 r  clk (IN)
                         net (fo=0)                   0.000     0.000    clk
    W5                   IBUF (Prop_ibuf_I_O)         0.226     0.226 r  clk_IBUF_inst/O
                         net (fo=1, routed)           0.631     0.858    clk_IBUF
    BUFGCTRL_X0Y0        BUFG (Prop_bufg_I_O)         0.026     0.884 r  clk_IBUF_BUFG_inst/O
                         net (fo=209, routed)         0.582     1.465    U_Uart/U_Baud/clk_IBUF_BUFG
    SLICE_X60Y26         FDCE                                         r  U_Uart/U_Baud/br_counter_reg[8]/C
  -------------------------------------------------------------------    -------------------
    SLICE_X60Y26         FDCE (Prop_fdce_C_Q)         0.148     1.613 r  U_Uart/U_Baud/br_counter_reg[8]/Q
                         net (fo=5, routed)           0.087     1.700    U_Uart/U_Baud/br_counter[8]
    SLICE_X60Y26         LUT6 (Prop_lut6_I3_O)        0.098     1.798 r  U_Uart/U_Baud/br_counter[9]_i_1/O
                         net (fo=1, routed)           0.000     1.798    U_Uart/U_Baud/br_counter_0[9]
    SLICE_X60Y26         FDCE                                         r  U_Uart/U_Baud/br_counter_reg[9]/D
  -------------------------------------------------------------------    -------------------

                         (clock sys_clk_pin rise edge)
                                                      0.000     0.000 r  
    W5                                                0.000     0.000 r  clk (IN)
                         net (fo=0)                   0.000     0.000    clk
    W5                   IBUF (Prop_ibuf_I_O)         0.414     0.414 r  clk_IBUF_inst/O
                         net (fo=1, routed)           0.685     1.099    clk_IBUF
    BUFGCTRL_X0Y0        BUFG (Prop_bufg_I_O)         0.029     1.128 r  clk_IBUF_BUFG_inst/O
                         net (fo=209, routed)         0.849     1.976    U_Uart/U_Baud/clk_IBUF_BUFG
    SLICE_X60Y26         FDCE                                         r  U_Uart/U_Baud/br_counter_reg[9]/C
                         clock pessimism             -0.511     1.465    
    SLICE_X60Y26         FDCE (Hold_fdce_C_D)         0.121     1.586    U_Uart/U_Baud/br_counter_reg[9]
  -------------------------------------------------------------------
                         required time                         -1.586    
                         arrival time                           1.798    
  -------------------------------------------------------------------
                         slack                                  0.212    

Slack (MET) :             0.214ns  (arrival time - required time)
  Source:                 U_Uart/U_RX/tick_counter_reg_reg[2]/C
                            (rising edge-triggered cell FDCE clocked by sys_clk_pin  {rise@0.000ns fall@5.000ns period=10.000ns})
  Destination:            U_Uart/U_RX/tick_counter_reg_reg[2]/D
                            (rising edge-triggered cell FDCE clocked by sys_clk_pin  {rise@0.000ns fall@5.000ns period=10.000ns})
  Path Group:             sys_clk_pin
  Path Type:              Hold (Min at Fast Process Corner)
  Requirement:            0.000ns  (sys_clk_pin rise@0.000ns - sys_clk_pin rise@0.000ns)
  Data Path Delay:        0.335ns  (logic 0.209ns (62.414%)  route 0.126ns (37.586%))
  Logic Levels:           1  (LUT6=1)
  Clock Path Skew:        0.000ns (DCD - SCD - CPR)
    Destination Clock Delay (DCD):    1.948ns
    Source Clock Delay      (SCD):    1.436ns
    Clock Pessimism Removal (CPR):    0.512ns

    Location             Delay type                Incr(ns)  Path(ns)    Netlist Resource(s)
  -------------------------------------------------------------------    -------------------
                         (clock sys_clk_pin rise edge)
                                                      0.000     0.000 r  
    W5                                                0.000     0.000 r  clk (IN)
                         net (fo=0)                   0.000     0.000    clk
    W5                   IBUF (Prop_ibuf_I_O)         0.226     0.226 r  clk_IBUF_inst/O
                         net (fo=1, routed)           0.631     0.858    clk_IBUF
    BUFGCTRL_X0Y0        BUFG (Prop_bufg_I_O)         0.026     0.884 r  clk_IBUF_BUFG_inst/O
                         net (fo=209, routed)         0.553     1.436    U_Uart/U_RX/clk_IBUF_BUFG
    SLICE_X54Y25         FDCE                                         r  U_Uart/U_RX/tick_counter_reg_reg[2]/C
  -------------------------------------------------------------------    -------------------
    SLICE_X54Y25         FDCE (Prop_fdce_C_Q)         0.164     1.600 r  U_Uart/U_RX/tick_counter_reg_reg[2]/Q
                         net (fo=2, routed)           0.126     1.726    U_Uart/U_RX/tick_counter_reg[2]
    SLICE_X54Y25         LUT6 (Prop_lut6_I5_O)        0.045     1.771 r  U_Uart/U_RX/tick_counter_reg[2]_i_1__0/O
                         net (fo=1, routed)           0.000     1.771    U_Uart/U_RX/tick_counter_next[2]
    SLICE_X54Y25         FDCE                                         r  U_Uart/U_RX/tick_counter_reg_reg[2]/D
  -------------------------------------------------------------------    -------------------

                         (clock sys_clk_pin rise edge)
                                                      0.000     0.000 r  
    W5                                                0.000     0.000 r  clk (IN)
                         net (fo=0)                   0.000     0.000    clk
    W5                   IBUF (Prop_ibuf_I_O)         0.414     0.414 r  clk_IBUF_inst/O
                         net (fo=1, routed)           0.685     1.099    clk_IBUF
    BUFGCTRL_X0Y0        BUFG (Prop_bufg_I_O)         0.029     1.128 r  clk_IBUF_BUFG_inst/O
                         net (fo=209, routed)         0.821     1.948    U_Uart/U_RX/clk_IBUF_BUFG
    SLICE_X54Y25         FDCE                                         r  U_Uart/U_RX/tick_counter_reg_reg[2]/C
                         clock pessimism             -0.512     1.436    
    SLICE_X54Y25         FDCE (Hold_fdce_C_D)         0.121     1.557    U_Uart/U_RX/tick_counter_reg_reg[2]
  -------------------------------------------------------------------
                         required time                         -1.557    
                         arrival time                           1.771    
  -------------------------------------------------------------------
                         slack                                  0.214    

Slack (MET) :             0.239ns  (arrival time - required time)
  Source:                 U_Uart/U_Baud/br_counter_reg[6]/C
                            (rising edge-triggered cell FDCE clocked by sys_clk_pin  {rise@0.000ns fall@5.000ns period=10.000ns})
  Destination:            U_Uart/U_Baud/br_tick_reg/D
                            (rising edge-triggered cell FDCE clocked by sys_clk_pin  {rise@0.000ns fall@5.000ns period=10.000ns})
  Path Group:             sys_clk_pin
  Path Type:              Hold (Min at Fast Process Corner)
  Requirement:            0.000ns  (sys_clk_pin rise@0.000ns - sys_clk_pin rise@0.000ns)
  Data Path Delay:        0.373ns  (logic 0.226ns (60.586%)  route 0.147ns (39.414%))
  Logic Levels:           1  (LUT5=1)
  Clock Path Skew:        0.013ns (DCD - SCD - CPR)
    Destination Clock Delay (DCD):    1.975ns
    Source Clock Delay      (SCD):    1.464ns
    Clock Pessimism Removal (CPR):    0.498ns

    Location             Delay type                Incr(ns)  Path(ns)    Netlist Resource(s)
  -------------------------------------------------------------------    -------------------
                         (clock sys_clk_pin rise edge)
                                                      0.000     0.000 r  
    W5                                                0.000     0.000 r  clk (IN)
                         net (fo=0)                   0.000     0.000    clk
    W5                   IBUF (Prop_ibuf_I_O)         0.226     0.226 r  clk_IBUF_inst/O
                         net (fo=1, routed)           0.631     0.858    clk_IBUF
    BUFGCTRL_X0Y0        BUFG (Prop_bufg_I_O)         0.026     0.884 r  clk_IBUF_BUFG_inst/O
                         net (fo=209, routed)         0.581     1.464    U_Uart/U_Baud/clk_IBUF_BUFG
    SLICE_X58Y25         FDCE                                         r  U_Uart/U_Baud/br_counter_reg[6]/C
  -------------------------------------------------------------------    -------------------
    SLICE_X58Y25         FDCE (Prop_fdce_C_Q)         0.128     1.592 f  U_Uart/U_Baud/br_counter_reg[6]/Q
                         net (fo=7, routed)           0.147     1.739    U_Uart/U_Baud/br_counter[6]
    SLICE_X60Y25         LUT5 (Prop_lut5_I3_O)        0.098     1.837 r  U_Uart/U_Baud/br_tick_i_1/O
                         net (fo=1, routed)           0.000     1.837    U_Uart/U_Baud/br_tick
    SLICE_X60Y25         FDCE                                         r  U_Uart/U_Baud/br_tick_reg/D
  -------------------------------------------------------------------    -------------------

                         (clock sys_clk_pin rise edge)
                                                      0.000     0.000 r  
    W5                                                0.000     0.000 r  clk (IN)
                         net (fo=0)                   0.000     0.000    clk
    W5                   IBUF (Prop_ibuf_I_O)         0.414     0.414 r  clk_IBUF_inst/O
                         net (fo=1, routed)           0.685     1.099    clk_IBUF
    BUFGCTRL_X0Y0        BUFG (Prop_bufg_I_O)         0.029     1.128 r  clk_IBUF_BUFG_inst/O
                         net (fo=209, routed)         0.848     1.975    U_Uart/U_Baud/clk_IBUF_BUFG
    SLICE_X60Y25         FDCE                                         r  U_Uart/U_Baud/br_tick_reg/C
                         clock pessimism             -0.498     1.477    
    SLICE_X60Y25         FDCE (Hold_fdce_C_D)         0.121     1.598    U_Uart/U_Baud/br_tick_reg
  -------------------------------------------------------------------
                         required time                         -1.598    
                         arrival time                           1.837    
  -------------------------------------------------------------------
                         slack                                  0.239    

Slack (MET) :             0.240ns  (arrival time - required time)
  Source:                 U_Uart/U_TX/FSM_sequential_state_reg[1]/C
                            (rising edge-triggered cell FDCE clocked by sys_clk_pin  {rise@0.000ns fall@5.000ns period=10.000ns})
  Destination:            U_Uart/U_TX/bit_counter_reg_reg[2]/D
                            (rising edge-triggered cell FDCE clocked by sys_clk_pin  {rise@0.000ns fall@5.000ns period=10.000ns})
  Path Group:             sys_clk_pin
  Path Type:              Hold (Min at Fast Process Corner)
  Requirement:            0.000ns  (sys_clk_pin rise@0.000ns - sys_clk_pin rise@0.000ns)
  Data Path Delay:        0.384ns  (logic 0.188ns (48.897%)  route 0.196ns (51.103%))
  Logic Levels:           1  (LUT5=1)
  Clock Path Skew:        0.013ns (DCD - SCD - CPR)
    Destination Clock Delay (DCD):    1.949ns
    Source Clock Delay      (SCD):    1.437ns
    Clock Pessimism Removal (CPR):    0.499ns

    Location             Delay type                Incr(ns)  Path(ns)    Netlist Resource(s)
  -------------------------------------------------------------------    -------------------
                         (clock sys_clk_pin rise edge)
                                                      0.000     0.000 r  
    W5                                                0.000     0.000 r  clk (IN)
                         net (fo=0)                   0.000     0.000    clk
    W5                   IBUF (Prop_ibuf_I_O)         0.226     0.226 r  clk_IBUF_inst/O
                         net (fo=1, routed)           0.631     0.858    clk_IBUF
    BUFGCTRL_X0Y0        BUFG (Prop_bufg_I_O)         0.026     0.884 r  clk_IBUF_BUFG_inst/O
                         net (fo=209, routed)         0.554     1.437    U_Uart/U_TX/clk_IBUF_BUFG
    SLICE_X55Y26         FDCE                                         r  U_Uart/U_TX/FSM_sequential_state_reg[1]/C
  -------------------------------------------------------------------    -------------------
    SLICE_X55Y26         FDCE (Prop_fdce_C_Q)         0.141     1.578 r  U_Uart/U_TX/FSM_sequential_state_reg[1]/Q
                         net (fo=20, routed)          0.196     1.775    U_Uart/U_TX/FSM_sequential_state_reg[1]_0
    SLICE_X54Y26         LUT5 (Prop_lut5_I0_O)        0.047     1.822 r  U_Uart/U_TX/bit_counter_reg[2]_i_1/O
                         net (fo=1, routed)           0.000     1.822    U_Uart/U_TX/bit_counter_reg[2]_i_1_n_0
    SLICE_X54Y26         FDCE                                         r  U_Uart/U_TX/bit_counter_reg_reg[2]/D
  -------------------------------------------------------------------    -------------------

                         (clock sys_clk_pin rise edge)
                                                      0.000     0.000 r  
    W5                                                0.000     0.000 r  clk (IN)
                         net (fo=0)                   0.000     0.000    clk
    W5                   IBUF (Prop_ibuf_I_O)         0.414     0.414 r  clk_IBUF_inst/O
                         net (fo=1, routed)           0.685     1.099    clk_IBUF
    BUFGCTRL_X0Y0        BUFG (Prop_bufg_I_O)         0.029     1.128 r  clk_IBUF_BUFG_inst/O
                         net (fo=209, routed)         0.822     1.949    U_Uart/U_TX/clk_IBUF_BUFG
    SLICE_X54Y26         FDCE                                         r  U_Uart/U_TX/bit_counter_reg_reg[2]/C
                         clock pessimism             -0.499     1.450    
    SLICE_X54Y26         FDCE (Hold_fdce_C_D)         0.131     1.581    U_Uart/U_TX/bit_counter_reg_reg[2]
  -------------------------------------------------------------------
                         required time                         -1.581    
                         arrival time                           1.822    
  -------------------------------------------------------------------
                         slack                                  0.240    

Slack (MET) :             0.242ns  (arrival time - required time)
  Source:                 U_Uart/U_Baud/br_counter_reg[6]/C
                            (rising edge-triggered cell FDCE clocked by sys_clk_pin  {rise@0.000ns fall@5.000ns period=10.000ns})
  Destination:            U_Uart/U_Baud/br_counter_reg[0]/D
                            (rising edge-triggered cell FDCE clocked by sys_clk_pin  {rise@0.000ns fall@5.000ns period=10.000ns})
  Path Group:             sys_clk_pin
  Path Type:              Hold (Min at Fast Process Corner)
  Requirement:            0.000ns  (sys_clk_pin rise@0.000ns - sys_clk_pin rise@0.000ns)
  Data Path Delay:        0.375ns  (logic 0.226ns (60.263%)  route 0.149ns (39.737%))
  Logic Levels:           1  (LUT6=1)
  Clock Path Skew:        0.013ns (DCD - SCD - CPR)
    Destination Clock Delay (DCD):    1.975ns
    Source Clock Delay      (SCD):    1.464ns
    Clock Pessimism Removal (CPR):    0.498ns

    Location             Delay type                Incr(ns)  Path(ns)    Netlist Resource(s)
  -------------------------------------------------------------------    -------------------
                         (clock sys_clk_pin rise edge)
                                                      0.000     0.000 r  
    W5                                                0.000     0.000 r  clk (IN)
                         net (fo=0)                   0.000     0.000    clk
    W5                   IBUF (Prop_ibuf_I_O)         0.226     0.226 r  clk_IBUF_inst/O
                         net (fo=1, routed)           0.631     0.858    clk_IBUF
    BUFGCTRL_X0Y0        BUFG (Prop_bufg_I_O)         0.026     0.884 r  clk_IBUF_BUFG_inst/O
                         net (fo=209, routed)         0.581     1.464    U_Uart/U_Baud/clk_IBUF_BUFG
    SLICE_X58Y25         FDCE                                         r  U_Uart/U_Baud/br_counter_reg[6]/C
  -------------------------------------------------------------------    -------------------
    SLICE_X58Y25         FDCE (Prop_fdce_C_Q)         0.128     1.592 r  U_Uart/U_Baud/br_counter_reg[6]/Q
                         net (fo=7, routed)           0.149     1.741    U_Uart/U_Baud/br_counter[6]
    SLICE_X60Y25         LUT6 (Prop_lut6_I0_O)        0.098     1.839 r  U_Uart/U_Baud/br_counter[0]_i_1/O
                         net (fo=1, routed)           0.000     1.839    U_Uart/U_Baud/br_counter_0[0]
    SLICE_X60Y25         FDCE                                         r  U_Uart/U_Baud/br_counter_reg[0]/D
  -------------------------------------------------------------------    -------------------

                         (clock sys_clk_pin rise edge)
                                                      0.000     0.000 r  
    W5                                                0.000     0.000 r  clk (IN)
                         net (fo=0)                   0.000     0.000    clk
    W5                   IBUF (Prop_ibuf_I_O)         0.414     0.414 r  clk_IBUF_inst/O
                         net (fo=1, routed)           0.685     1.099    clk_IBUF
    BUFGCTRL_X0Y0        BUFG (Prop_bufg_I_O)         0.029     1.128 r  clk_IBUF_BUFG_inst/O
                         net (fo=209, routed)         0.848     1.975    U_Uart/U_Baud/clk_IBUF_BUFG
    SLICE_X60Y25         FDCE                                         r  U_Uart/U_Baud/br_counter_reg[0]/C
                         clock pessimism             -0.498     1.477    
    SLICE_X60Y25         FDCE (Hold_fdce_C_D)         0.120     1.597    U_Uart/U_Baud/br_counter_reg[0]
  -------------------------------------------------------------------
                         required time                         -1.597    
                         arrival time                           1.839    
  -------------------------------------------------------------------
                         slack                                  0.242    

Slack (MET) :             0.242ns  (arrival time - required time)
  Source:                 U_Uart/U_TX/FSM_sequential_state_reg[1]/C
                            (rising edge-triggered cell FDCE clocked by sys_clk_pin  {rise@0.000ns fall@5.000ns period=10.000ns})
  Destination:            U_Uart/U_TX/tx_done_reg_reg/D
                            (rising edge-triggered cell FDCE clocked by sys_clk_pin  {rise@0.000ns fall@5.000ns period=10.000ns})
  Path Group:             sys_clk_pin
  Path Type:              Hold (Min at Fast Process Corner)
  Requirement:            0.000ns  (sys_clk_pin rise@0.000ns - sys_clk_pin rise@0.000ns)
  Data Path Delay:        0.396ns  (logic 0.186ns (46.961%)  route 0.210ns (53.039%))
  Logic Levels:           1  (LUT5=1)
  Clock Path Skew:        0.034ns (DCD - SCD - CPR)
    Destination Clock Delay (DCD):    1.949ns
    Source Clock Delay      (SCD):    1.437ns
    Clock Pessimism Removal (CPR):    0.478ns

    Location             Delay type                Incr(ns)  Path(ns)    Netlist Resource(s)
  -------------------------------------------------------------------    -------------------
                         (clock sys_clk_pin rise edge)
                                                      0.000     0.000 r  
    W5                                                0.000     0.000 r  clk (IN)
                         net (fo=0)                   0.000     0.000    clk
    W5                   IBUF (Prop_ibuf_I_O)         0.226     0.226 r  clk_IBUF_inst/O
                         net (fo=1, routed)           0.631     0.858    clk_IBUF
    BUFGCTRL_X0Y0        BUFG (Prop_bufg_I_O)         0.026     0.884 r  clk_IBUF_BUFG_inst/O
                         net (fo=209, routed)         0.554     1.437    U_Uart/U_TX/clk_IBUF_BUFG
    SLICE_X55Y26         FDCE                                         r  U_Uart/U_TX/FSM_sequential_state_reg[1]/C
  -------------------------------------------------------------------    -------------------
    SLICE_X55Y26         FDCE (Prop_fdce_C_Q)         0.141     1.578 r  U_Uart/U_TX/FSM_sequential_state_reg[1]/Q
                         net (fo=20, routed)          0.210     1.788    U_Uart/U_TX/FSM_sequential_state_reg[1]_0
    SLICE_X56Y26         LUT5 (Prop_lut5_I1_O)        0.045     1.833 r  U_Uart/U_TX/tx_done_reg_i_1/O
                         net (fo=1, routed)           0.000     1.833    U_Uart/U_TX/tx_done_reg_i_1_n_0
    SLICE_X56Y26         FDCE                                         r  U_Uart/U_TX/tx_done_reg_reg/D
  -------------------------------------------------------------------    -------------------

                         (clock sys_clk_pin rise edge)
                                                      0.000     0.000 r  
    W5                                                0.000     0.000 r  clk (IN)
                         net (fo=0)                   0.000     0.000    clk
    W5                   IBUF (Prop_ibuf_I_O)         0.414     0.414 r  clk_IBUF_inst/O
                         net (fo=1, routed)           0.685     1.099    clk_IBUF
    BUFGCTRL_X0Y0        BUFG (Prop_bufg_I_O)         0.029     1.128 r  clk_IBUF_BUFG_inst/O
                         net (fo=209, routed)         0.822     1.949    U_Uart/U_TX/clk_IBUF_BUFG
    SLICE_X56Y26         FDCE                                         r  U_Uart/U_TX/tx_done_reg_reg/C
                         clock pessimism             -0.478     1.471    
    SLICE_X56Y26         FDCE (Hold_fdce_C_D)         0.120     1.591    U_Uart/U_TX/tx_done_reg_reg
  -------------------------------------------------------------------
                         required time                         -1.591    
                         arrival time                           1.833    
  -------------------------------------------------------------------
                         slack                                  0.242    

Slack (MET) :             0.248ns  (arrival time - required time)
  Source:                 U_ControlUnit/FSM_onehot_state_reg[1]/C
                            (rising edge-triggered cell FDCE clocked by sys_clk_pin  {rise@0.000ns fall@5.000ns period=10.000ns})
  Destination:            U_ControlUnit/FSM_onehot_state_reg[0]/D
                            (rising edge-triggered cell FDPE clocked by sys_clk_pin  {rise@0.000ns fall@5.000ns period=10.000ns})
  Path Group:             sys_clk_pin
  Path Type:              Hold (Min at Fast Process Corner)
  Requirement:            0.000ns  (sys_clk_pin rise@0.000ns - sys_clk_pin rise@0.000ns)
  Data Path Delay:        0.383ns  (logic 0.209ns (54.521%)  route 0.174ns (45.479%))
  Logic Levels:           1  (LUT4=1)
  Clock Path Skew:        0.015ns (DCD - SCD - CPR)
    Destination Clock Delay (DCD):    1.953ns
    Source Clock Delay      (SCD):    1.439ns
    Clock Pessimism Removal (CPR):    0.499ns

    Location             Delay type                Incr(ns)  Path(ns)    Netlist Resource(s)
  -------------------------------------------------------------------    -------------------
                         (clock sys_clk_pin rise edge)
                                                      0.000     0.000 r  
    W5                                                0.000     0.000 r  clk (IN)
                         net (fo=0)                   0.000     0.000    clk
    W5                   IBUF (Prop_ibuf_I_O)         0.226     0.226 r  clk_IBUF_inst/O
                         net (fo=1, routed)           0.631     0.858    clk_IBUF
    BUFGCTRL_X0Y0        BUFG (Prop_bufg_I_O)         0.026     0.884 r  clk_IBUF_BUFG_inst/O
                         net (fo=209, routed)         0.556     1.439    U_ControlUnit/clk_IBUF_BUFG
    SLICE_X54Y21         FDCE                                         r  U_ControlUnit/FSM_onehot_state_reg[1]/C
  -------------------------------------------------------------------    -------------------
    SLICE_X54Y21         FDCE (Prop_fdce_C_Q)         0.164     1.603 r  U_ControlUnit/FSM_onehot_state_reg[1]/Q
                         net (fo=7, routed)           0.174     1.777    U_ControlUnit/uart_en
    SLICE_X54Y20         LUT4 (Prop_lut4_I0_O)        0.045     1.822 r  U_ControlUnit/FSM_onehot_state[0]_i_1/O
                         net (fo=1, routed)           0.000     1.822    U_ControlUnit/FSM_onehot_state[0]_i_1_n_0
    SLICE_X54Y20         FDPE                                         r  U_ControlUnit/FSM_onehot_state_reg[0]/D
  -------------------------------------------------------------------    -------------------

                         (clock sys_clk_pin rise edge)
                                                      0.000     0.000 r  
    W5                                                0.000     0.000 r  clk (IN)
                         net (fo=0)                   0.000     0.000    clk
    W5                   IBUF (Prop_ibuf_I_O)         0.414     0.414 r  clk_IBUF_inst/O
                         net (fo=1, routed)           0.685     1.099    clk_IBUF
    BUFGCTRL_X0Y0        BUFG (Prop_bufg_I_O)         0.029     1.128 r  clk_IBUF_BUFG_inst/O
                         net (fo=209, routed)         0.826     1.953    U_ControlUnit/clk_IBUF_BUFG
    SLICE_X54Y20         FDPE                                         r  U_ControlUnit/FSM_onehot_state_reg[0]/C
                         clock pessimism             -0.499     1.454    
    SLICE_X54Y20         FDPE (Hold_fdpe_C_D)         0.120     1.574    U_ControlUnit/FSM_onehot_state_reg[0]
  -------------------------------------------------------------------
                         required time                         -1.574    
                         arrival time                           1.822    
  -------------------------------------------------------------------
                         slack                                  0.248    

Slack (MET) :             0.248ns  (arrival time - required time)
  Source:                 U_ControlUnit/FSM_onehot_state_reg[0]/C
                            (rising edge-triggered cell FDPE clocked by sys_clk_pin  {rise@0.000ns fall@5.000ns period=10.000ns})
  Destination:            U_ControlUnit/FSM_onehot_state_reg[1]/D
                            (rising edge-triggered cell FDCE clocked by sys_clk_pin  {rise@0.000ns fall@5.000ns period=10.000ns})
  Path Group:             sys_clk_pin
  Path Type:              Hold (Min at Fast Process Corner)
  Requirement:            0.000ns  (sys_clk_pin rise@0.000ns - sys_clk_pin rise@0.000ns)
  Data Path Delay:        0.381ns  (logic 0.209ns (54.805%)  route 0.172ns (45.195%))
  Logic Levels:           1  (LUT6=1)
  Clock Path Skew:        0.013ns (DCD - SCD - CPR)
    Destination Clock Delay (DCD):    1.952ns
    Source Clock Delay      (SCD):    1.440ns
    Clock Pessimism Removal (CPR):    0.499ns

    Location             Delay type                Incr(ns)  Path(ns)    Netlist Resource(s)
  -------------------------------------------------------------------    -------------------
                         (clock sys_clk_pin rise edge)
                                                      0.000     0.000 r  
    W5                                                0.000     0.000 r  clk (IN)
                         net (fo=0)                   0.000     0.000    clk
    W5                   IBUF (Prop_ibuf_I_O)         0.226     0.226 r  clk_IBUF_inst/O
                         net (fo=1, routed)           0.631     0.858    clk_IBUF
    BUFGCTRL_X0Y0        BUFG (Prop_bufg_I_O)         0.026     0.884 r  clk_IBUF_BUFG_inst/O
                         net (fo=209, routed)         0.557     1.440    U_ControlUnit/clk_IBUF_BUFG
    SLICE_X54Y20         FDPE                                         r  U_ControlUnit/FSM_onehot_state_reg[0]/C
  -------------------------------------------------------------------    -------------------
    SLICE_X54Y20         FDPE (Prop_fdpe_C_Q)         0.164     1.604 r  U_ControlUnit/FSM_onehot_state_reg[0]/Q
                         net (fo=4, routed)           0.172     1.776    U_Uart/U_RX/FSM_onehot_state_reg[1]
    SLICE_X54Y21         LUT6 (Prop_lut6_I0_O)        0.045     1.821 r  U_Uart/U_RX/FSM_onehot_state[1]_i_1/O
                         net (fo=1, routed)           0.000     1.821    U_ControlUnit/FSM_onehot_state_reg[1]_0
    SLICE_X54Y21         FDCE                                         r  U_ControlUnit/FSM_onehot_state_reg[1]/D
  -------------------------------------------------------------------    -------------------

                         (clock sys_clk_pin rise edge)
                                                      0.000     0.000 r  
    W5                                                0.000     0.000 r  clk (IN)
                         net (fo=0)                   0.000     0.000    clk
    W5                   IBUF (Prop_ibuf_I_O)         0.414     0.414 r  clk_IBUF_inst/O
                         net (fo=1, routed)           0.685     1.099    clk_IBUF
    BUFGCTRL_X0Y0        BUFG (Prop_bufg_I_O)         0.029     1.128 r  clk_IBUF_BUFG_inst/O
                         net (fo=209, routed)         0.825     1.952    U_ControlUnit/clk_IBUF_BUFG
    SLICE_X54Y21         FDCE                                         r  U_ControlUnit/FSM_onehot_state_reg[1]/C
                         clock pessimism             -0.499     1.453    
    SLICE_X54Y21         FDCE (Hold_fdce_C_D)         0.120     1.573    U_ControlUnit/FSM_onehot_state_reg[1]
  -------------------------------------------------------------------
                         required time                         -1.573    
                         arrival time                           1.821    
  -------------------------------------------------------------------
                         slack                                  0.248    

Slack (MET) :             0.248ns  (arrival time - required time)
  Source:                 U_Uart/U_TX/FSM_sequential_state_reg[1]/C
                            (rising edge-triggered cell FDCE clocked by sys_clk_pin  {rise@0.000ns fall@5.000ns period=10.000ns})
  Destination:            U_Uart/U_TX/bit_counter_reg_reg[1]/D
                            (rising edge-triggered cell FDCE clocked by sys_clk_pin  {rise@0.000ns fall@5.000ns period=10.000ns})
  Path Group:             sys_clk_pin
  Path Type:              Hold (Min at Fast Process Corner)
  Requirement:            0.000ns  (sys_clk_pin rise@0.000ns - sys_clk_pin rise@0.000ns)
  Data Path Delay:        0.382ns  (logic 0.186ns (48.630%)  route 0.196ns (51.370%))
  Logic Levels:           1  (LUT4=1)
  Clock Path Skew:        0.013ns (DCD - SCD - CPR)
    Destination Clock Delay (DCD):    1.949ns
    Source Clock Delay      (SCD):    1.437ns
    Clock Pessimism Removal (CPR):    0.499ns

    Location             Delay type                Incr(ns)  Path(ns)    Netlist Resource(s)
  -------------------------------------------------------------------    -------------------
                         (clock sys_clk_pin rise edge)
                                                      0.000     0.000 r  
    W5                                                0.000     0.000 r  clk (IN)
                         net (fo=0)                   0.000     0.000    clk
    W5                   IBUF (Prop_ibuf_I_O)         0.226     0.226 r  clk_IBUF_inst/O
                         net (fo=1, routed)           0.631     0.858    clk_IBUF
    BUFGCTRL_X0Y0        BUFG (Prop_bufg_I_O)         0.026     0.884 r  clk_IBUF_BUFG_inst/O
                         net (fo=209, routed)         0.554     1.437    U_Uart/U_TX/clk_IBUF_BUFG
    SLICE_X55Y26         FDCE                                         r  U_Uart/U_TX/FSM_sequential_state_reg[1]/C
  -------------------------------------------------------------------    -------------------
    SLICE_X55Y26         FDCE (Prop_fdce_C_Q)         0.141     1.578 r  U_Uart/U_TX/FSM_sequential_state_reg[1]/Q
                         net (fo=20, routed)          0.196     1.775    U_Uart/U_TX/FSM_sequential_state_reg[1]_0
    SLICE_X54Y26         LUT4 (Prop_lut4_I0_O)        0.045     1.820 r  U_Uart/U_TX/bit_counter_reg[1]_i_1/O
                         net (fo=1, routed)           0.000     1.820    U_Uart/U_TX/bit_counter_reg[1]_i_1_n_0
    SLICE_X54Y26         FDCE                                         r  U_Uart/U_TX/bit_counter_reg_reg[1]/D
  -------------------------------------------------------------------    -------------------

                         (clock sys_clk_pin rise edge)
                                                      0.000     0.000 r  
    W5                                                0.000     0.000 r  clk (IN)
                         net (fo=0)                   0.000     0.000    clk
    W5                   IBUF (Prop_ibuf_I_O)         0.414     0.414 r  clk_IBUF_inst/O
                         net (fo=1, routed)           0.685     1.099    clk_IBUF
    BUFGCTRL_X0Y0        BUFG (Prop_bufg_I_O)         0.029     1.128 r  clk_IBUF_BUFG_inst/O
                         net (fo=209, routed)         0.822     1.949    U_Uart/U_TX/clk_IBUF_BUFG
    SLICE_X54Y26         FDCE                                         r  U_Uart/U_TX/bit_counter_reg_reg[1]/C
                         clock pessimism             -0.499     1.450    
    SLICE_X54Y26         FDCE (Hold_fdce_C_D)         0.121     1.571    U_Uart/U_TX/bit_counter_reg_reg[1]
  -------------------------------------------------------------------
                         required time                         -1.571    
                         arrival time                           1.820    
  -------------------------------------------------------------------
                         slack                                  0.248    





Pulse Width Checks
--------------------------------------------------------------------------------------
Clock Name:         sys_clk_pin
Waveform(ns):       { 0.000 5.000 }
Period(ns):         10.000
Sources:            { clk }

Check Type        Corner  Lib Pin  Reference Pin  Required(ns)  Actual(ns)  Slack(ns)  Location       Pin
Min Period        n/a     BUFG/I   n/a            2.155         10.000      7.845      BUFGCTRL_X0Y0  clk_IBUF_BUFG_inst/I
Min Period        n/a     FDCE/C   n/a            1.000         10.000      9.000      SLICE_X52Y9    U_BTN_CU/FSM_sequential_state_reg[0]/C
Min Period        n/a     FDCE/C   n/a            1.000         10.000      9.000      SLICE_X52Y9    U_BTN_CU/FSM_sequential_state_reg[1]/C
Min Period        n/a     FDCE/C   n/a            1.000         10.000      9.000      SLICE_X59Y14   U_Counter_Up_Down/U_Counter/counter_reg[0]/C
Min Period        n/a     FDCE/C   n/a            1.000         10.000      9.000      SLICE_X63Y10   U_FndController/U_Clk_Div_1Khz/div_counter_reg[0]/C
Min Period        n/a     FDCE/C   n/a            1.000         10.000      9.000      SLICE_X62Y12   U_FndController/U_Clk_Div_1Khz/div_counter_reg[10]/C
Min Period        n/a     FDCE/C   n/a            1.000         10.000      9.000      SLICE_X62Y12   U_FndController/U_Clk_Div_1Khz/div_counter_reg[11]/C
Min Period        n/a     FDCE/C   n/a            1.000         10.000      9.000      SLICE_X62Y12   U_FndController/U_Clk_Div_1Khz/div_counter_reg[12]/C
Min Period        n/a     FDCE/C   n/a            1.000         10.000      9.000      SLICE_X62Y13   U_FndController/U_Clk_Div_1Khz/div_counter_reg[13]/C
Min Period        n/a     FDCE/C   n/a            1.000         10.000      9.000      SLICE_X62Y13   U_FndController/U_Clk_Div_1Khz/div_counter_reg[14]/C
Low Pulse Width   Slow    FDCE/C   n/a            0.500         5.000       4.500      SLICE_X57Y16   U_STOPWATCH/U_STOP/counter_reg[12]/C
Low Pulse Width   Slow    FDCE/C   n/a            0.500         5.000       4.500      SLICE_X55Y14   U_STOPWATCH/U_STOP/counter_reg[1]/C
Low Pulse Width   Slow    FDCE/C   n/a            0.500         5.000       4.500      SLICE_X55Y14   U_STOPWATCH/U_STOP/counter_reg[2]/C
Low Pulse Width   Slow    FDCE/C   n/a            0.500         5.000       4.500      SLICE_X55Y14   U_STOPWATCH/U_STOP/counter_reg[3]/C
Low Pulse Width   Slow    FDCE/C   n/a            0.500         5.000       4.500      SLICE_X50Y13   U_Counter_Up_Down/U_Clk_Div_10Hz/div_counter_reg[17]/C
Low Pulse Width   Slow    FDCE/C   n/a            0.500         5.000       4.500      SLICE_X50Y13   U_Counter_Up_Down/U_Clk_Div_10Hz/div_counter_reg[18]/C
Low Pulse Width   Slow    FDCE/C   n/a            0.500         5.000       4.500      SLICE_X50Y13   U_Counter_Up_Down/U_Clk_Div_10Hz/div_counter_reg[19]/C
Low Pulse Width   Slow    FDCE/C   n/a            0.500         5.000       4.500      SLICE_X50Y13   U_Counter_Up_Down/U_Clk_Div_10Hz/div_counter_reg[20]/C
Low Pulse Width   Slow    FDCE/C   n/a            0.500         5.000       4.500      SLICE_X52Y13   U_Counter_Up_Down/U_Clk_Div_10Hz/div_counter_reg[21]/C
Low Pulse Width   Slow    FDCE/C   n/a            0.500         5.000       4.500      SLICE_X52Y13   U_Counter_Up_Down/U_Clk_Div_10Hz/div_counter_reg[22]/C
High Pulse Width  Slow    FDCE/C   n/a            0.500         5.000       4.500      SLICE_X52Y9    U_BTN_CU/FSM_sequential_state_reg[0]/C
High Pulse Width  Slow    FDCE/C   n/a            0.500         5.000       4.500      SLICE_X52Y9    U_BTN_CU/FSM_sequential_state_reg[1]/C
High Pulse Width  Slow    FDCE/C   n/a            0.500         5.000       4.500      SLICE_X53Y10   U_STOPWATCH/U_Clk_Div_10Hz/div_counter_reg[0]/C
High Pulse Width  Slow    FDCE/C   n/a            0.500         5.000       4.500      SLICE_X55Y11   U_STOPWATCH/U_Clk_Div_10Hz/div_counter_reg[10]/C
High Pulse Width  Slow    FDCE/C   n/a            0.500         5.000       4.500      SLICE_X55Y11   U_STOPWATCH/U_Clk_Div_10Hz/div_counter_reg[11]/C
High Pulse Width  Slow    FDCE/C   n/a            0.500         5.000       4.500      SLICE_X57Y11   U_STOPWATCH/U_Clk_Div_10Hz/div_counter_reg[12]/C
High Pulse Width  Slow    FDCE/C   n/a            0.500         5.000       4.500      SLICE_X55Y12   U_STOPWATCH/U_Clk_Div_10Hz/div_counter_reg[13]/C
High Pulse Width  Slow    FDCE/C   n/a            0.500         5.000       4.500      SLICE_X57Y12   U_STOPWATCH/U_Clk_Div_10Hz/div_counter_reg[14]/C
High Pulse Width  Slow    FDCE/C   n/a            0.500         5.000       4.500      SLICE_X57Y12   U_STOPWATCH/U_Clk_Div_10Hz/div_counter_reg[15]/C
High Pulse Width  Slow    FDCE/C   n/a            0.500         5.000       4.500      SLICE_X55Y12   U_STOPWATCH/U_Clk_Div_10Hz/div_counter_reg[16]/C



