Copyright 1986-2020 Xilinx, Inc. All Rights Reserved.
-----------------------------------------------------------------------------------------------------------------------------------------------------------------------------------------------------------------------
| Tool Version : Vivado v.2020.2 (win64) Build 3064766 Wed Nov 18 09:12:45 MST 2020
| Date         : Wed May 14 21:34:41 2025
| Host         : DESKTOP-5KDKKP9 running 64-bit major release  (build 9200)
| Command      : report_timing_summary -max_paths 10 -file design_1_wrapper_timing_summary_routed.rpt -pb design_1_wrapper_timing_summary_routed.pb -rpx design_1_wrapper_timing_summary_routed.rpx -warn_on_violation
| Design       : design_1_wrapper
| Device       : 7a35t-cpg236
| Speed File   : -1  PRODUCTION 1.23 2018-06-13
-----------------------------------------------------------------------------------------------------------------------------------------------------------------------------------------------------------------------

Timing Summary Report

------------------------------------------------------------------------------------------------
| Timer Settings
| --------------
------------------------------------------------------------------------------------------------

  Enable Multi Corner Analysis               :  Yes
  Enable Pessimism Removal                   :  Yes
  Pessimism Removal Resolution               :  Nearest Common Node
  Enable Input Delay Default Clock           :  No
  Enable Preset / Clear Arcs                 :  No
  Disable Flight Delays                      :  No
  Ignore I/O Paths                           :  No
  Timing Early Launch at Borrowing Latches   :  No
  Borrow Time for Max Delay Exceptions       :  Yes
  Merge Timing Exceptions                    :  Yes

  Corner  Analyze    Analyze    
  Name    Max Paths  Min Paths  
  ------  ---------  ---------  
  Slow    Yes        Yes        
  Fast    Yes        Yes        



check_timing report

Table of Contents
-----------------
1. checking no_clock (0)
2. checking constant_clock (0)
3. checking pulse_width_clock (0)
4. checking unconstrained_internal_endpoints (0)
5. checking no_input_delay (18)
6. checking no_output_delay (1)
7. checking multiple_clock (1516)
8. checking generated_clocks (0)
9. checking loops (0)
10. checking partial_input_delay (0)
11. checking partial_output_delay (0)
12. checking latch_loops (0)

1. checking no_clock (0)
------------------------
 There are 0 register/latch pins with no clock.


2. checking constant_clock (0)
------------------------------
 There are 0 register/latch pins with constant_clock.


3. checking pulse_width_clock (0)
---------------------------------
 There are 0 register/latch pins which need pulse_width check


4. checking unconstrained_internal_endpoints (0)
------------------------------------------------
 There are 0 pins that are not constrained for maximum delay.

 There are 0 pins that are not constrained for maximum delay due to constant clock.


5. checking no_input_delay (18)
-------------------------------
 There are 18 input ports with no input delay specified. (HIGH)

 There are 0 input ports with no input delay but user has a false path constraint.


6. checking no_output_delay (1)
-------------------------------
 There is 1 port with no output delay specified. (HIGH)

 There are 0 ports with no output delay but user has a false path constraint

 There are 0 ports with no output delay but with a timing clock defined on it or propagating through it


7. checking multiple_clock (1516)
---------------------------------
 There are 1516 register/latch pins with multiple clocks. (HIGH)


8. checking generated_clocks (0)
--------------------------------
 There are 0 generated clocks that are not connected to a clock source.


9. checking loops (0)
---------------------
 There are 0 combinational loops in the design.


10. checking partial_input_delay (0)
------------------------------------
 There are 0 input ports with partial input delay specified.


11. checking partial_output_delay (0)
-------------------------------------
 There are 0 ports with partial output delay specified.


12. checking latch_loops (0)
----------------------------
 There are 0 combinational latch loops in the design through latch input



------------------------------------------------------------------------------------------------
| Design Timing Summary
| ---------------------
------------------------------------------------------------------------------------------------

    WNS(ns)      TNS(ns)  TNS Failing Endpoints  TNS Total Endpoints      WHS(ns)      THS(ns)  THS Failing Endpoints  THS Total Endpoints     WPWS(ns)     TPWS(ns)  TPWS Failing Endpoints  TPWS Total Endpoints  
    -------      -------  ---------------------  -------------------      -------      -------  ---------------------  -------------------     --------     --------  ----------------------  --------------------  
      2.114        0.000                      0                 5353        0.032        0.000                      0                 5353        3.000        0.000                       0                  1795  


All user specified timing constraints are met.


------------------------------------------------------------------------------------------------
| Clock Summary
| -------------
------------------------------------------------------------------------------------------------

Clock                                                       Waveform(ns)       Period(ns)      Frequency(MHz)
-----                                                       ------------       ----------      --------------
design_1_i/mdm_1/U0/Use_E2.BSCAN_I/Use_E2.BSCANE2_I/DRCK    {0.000 16.666}     33.333          30.000          
design_1_i/mdm_1/U0/Use_E2.BSCAN_I/Use_E2.BSCANE2_I/UPDATE  {0.000 16.666}     33.333          30.000          
sys_clk_pin                                                 {0.000 5.000}      10.000          100.000         
  clk_out1_design_1_clk_wiz_1_0_1                           {0.000 5.000}      10.000          100.000         
  clkfbout_design_1_clk_wiz_1_0_1                           {0.000 5.000}      10.000          100.000         
sys_clock                                                   {0.000 5.000}      10.000          100.000         
  clk_out1_design_1_clk_wiz_1_0                             {0.000 5.000}      10.000          100.000         
  clkfbout_design_1_clk_wiz_1_0                             {0.000 5.000}      10.000          100.000         


------------------------------------------------------------------------------------------------
| Intra Clock Table
| -----------------
------------------------------------------------------------------------------------------------

Clock                                                           WNS(ns)      TNS(ns)  TNS Failing Endpoints  TNS Total Endpoints      WHS(ns)      THS(ns)  THS Failing Endpoints  THS Total Endpoints     WPWS(ns)     TPWS(ns)  TPWS Failing Endpoints  TPWS Total Endpoints  
-----                                                           -------      -------  ---------------------  -------------------      -------      -------  ---------------------  -------------------     --------     --------  ----------------------  --------------------  
design_1_i/mdm_1/U0/Use_E2.BSCAN_I/Use_E2.BSCANE2_I/DRCK         13.298        0.000                      0                  222        0.118        0.000                      0                  222       15.686        0.000                       0                   233  
design_1_i/mdm_1/U0/Use_E2.BSCAN_I/Use_E2.BSCANE2_I/UPDATE       10.863        0.000                      0                   46        0.264        0.000                      0                   46       16.166        0.000                       0                    40  
sys_clk_pin                                                                                                                                                                                                   3.000        0.000                       0                     1  
  clk_out1_design_1_clk_wiz_1_0_1                                 2.114        0.000                      0                 5085        0.106        0.000                      0                 5085        3.750        0.000                       0                  1518  
  clkfbout_design_1_clk_wiz_1_0_1                                                                                                                                                                             7.845        0.000                       0                     3  
sys_clock                                                                                                                                                                                                     3.000        0.000                       0                     1  
  clk_out1_design_1_clk_wiz_1_0                                   2.114        0.000                      0                 5085        0.106        0.000                      0                 5085        3.750        0.000                       0                  1518  
  clkfbout_design_1_clk_wiz_1_0                                                                                                                                                                               7.845        0.000                       0                     3  


------------------------------------------------------------------------------------------------
| Inter Clock Table
| -----------------
------------------------------------------------------------------------------------------------

From Clock                       To Clock                             WNS(ns)      TNS(ns)  TNS Failing Endpoints  TNS Total Endpoints      WHS(ns)      THS(ns)  THS Failing Endpoints  THS Total Endpoints  
----------                       --------                             -------      -------  ---------------------  -------------------      -------      -------  ---------------------  -------------------  
clk_out1_design_1_clk_wiz_1_0    clk_out1_design_1_clk_wiz_1_0_1        2.114        0.000                      0                 5085        0.032        0.000                      0                 5085  
clk_out1_design_1_clk_wiz_1_0_1  clk_out1_design_1_clk_wiz_1_0          2.114        0.000                      0                 5085        0.032        0.000                      0                 5085  


------------------------------------------------------------------------------------------------
| Other Path Groups Table
| -----------------------
------------------------------------------------------------------------------------------------

Path Group    From Clock    To Clock          WNS(ns)      TNS(ns)  TNS Failing Endpoints  TNS Total Endpoints      WHS(ns)      THS(ns)  THS Failing Endpoints  THS Total Endpoints  
----------    ----------    --------          -------      -------  ---------------------  -------------------      -------      -------  ---------------------  -------------------  


------------------------------------------------------------------------------------------------
| Timing Details
| --------------
------------------------------------------------------------------------------------------------


---------------------------------------------------------------------------------------------------
From Clock:  design_1_i/mdm_1/U0/Use_E2.BSCAN_I/Use_E2.BSCANE2_I/DRCK
  To Clock:  design_1_i/mdm_1/U0/Use_E2.BSCAN_I/Use_E2.BSCANE2_I/DRCK

Setup :            0  Failing Endpoints,  Worst Slack       13.298ns,  Total Violation        0.000ns
Hold  :            0  Failing Endpoints,  Worst Slack        0.118ns,  Total Violation        0.000ns
PW    :            0  Failing Endpoints,  Worst Slack       15.686ns,  Total Violation        0.000ns
---------------------------------------------------------------------------------------------------


Max Delay Paths
--------------------------------------------------------------------------------------
Slack (MET) :             13.298ns  (required time - arrival time)
  Source:                 design_1_i/mdm_1/U0/MDM_Core_I1/JTAG_CONTROL_I/Use_Serial_Unified_Completion.completion_block_reg/C
                            (rising edge-triggered cell FDRE clocked by design_1_i/mdm_1/U0/Use_E2.BSCAN_I/Use_E2.BSCANE2_I/DRCK  {rise@0.000ns fall@16.667ns period=33.333ns})
  Destination:            design_1_i/mdm_1/U0/MDM_Core_I1/JTAG_CONTROL_I/Use_BSCAN.SYNC_FDRE/Using_FPGA.Native/CE
                            (falling edge-triggered cell FDRE clocked by design_1_i/mdm_1/U0/Use_E2.BSCAN_I/Use_E2.BSCANE2_I/DRCK  {rise@0.000ns fall@16.667ns period=33.333ns})
  Path Group:             design_1_i/mdm_1/U0/Use_E2.BSCAN_I/Use_E2.BSCANE2_I/DRCK
  Path Type:              Setup (Max at Slow Process Corner)
  Requirement:            16.667ns  (design_1_i/mdm_1/U0/Use_E2.BSCAN_I/Use_E2.BSCANE2_I/DRCK fall@16.667ns - design_1_i/mdm_1/U0/Use_E2.BSCAN_I/Use_E2.BSCANE2_I/DRCK rise@0.000ns)
  Data Path Delay:        3.058ns  (logic 0.766ns (25.046%)  route 2.292ns (74.954%))
  Logic Levels:           2  (LUT5=1 LUT6=1)
  Clock Path Skew:        -0.111ns (DCD - SCD + CPR)
    Destination Clock Delay (DCD):    3.173ns = ( 19.839 - 16.667 ) 
    Source Clock Delay      (SCD):    3.566ns
    Clock Pessimism Removal (CPR):    0.282ns
  Clock Uncertainty:      0.035ns  ((TSJ^2 + TIJ^2)^1/2 + DJ) / 2 + PE
    Total System Jitter     (TSJ):    0.071ns
    Total Input Jitter      (TIJ):    0.000ns
    Discrete Jitter          (DJ):    0.000ns
    Phase Error              (PE):    0.000ns

    Location             Delay type                Incr(ns)  Path(ns)    Netlist Resource(s)
  -------------------------------------------------------------------    -------------------
                         (clock design_1_i/mdm_1/U0/Use_E2.BSCAN_I/Use_E2.BSCANE2_I/DRCK rise edge)
                                                      0.000     0.000 r  
    BSCAN_X0Y1           BSCANE2                      0.000     0.000 r  design_1_i/mdm_1/U0/Use_E2.BSCAN_I/Use_E2.BSCANE2_I/DRCK
                         net (fo=1, routed)           1.905     1.905    design_1_i/mdm_1/U0/No_Dbg_Reg_Access.BUFG_DRCK/DRCK
    BUFGCTRL_X0Y1        BUFG (Prop_bufg_I_O)         0.096     2.001 r  design_1_i/mdm_1/U0/No_Dbg_Reg_Access.BUFG_DRCK/Using_FPGA.Native/O
                         net (fo=232, routed)         1.564     3.566    design_1_i/mdm_1/U0/MDM_Core_I1/JTAG_CONTROL_I/Using_FPGA.Native
    SLICE_X34Y44         FDRE                                         r  design_1_i/mdm_1/U0/MDM_Core_I1/JTAG_CONTROL_I/Use_Serial_Unified_Completion.completion_block_reg/C
  -------------------------------------------------------------------    -------------------
    SLICE_X34Y44         FDRE (Prop_fdre_C_Q)         0.518     4.084 f  design_1_i/mdm_1/U0/MDM_Core_I1/JTAG_CONTROL_I/Use_Serial_Unified_Completion.completion_block_reg/Q
                         net (fo=13, routed)          1.304     5.388    design_1_i/mdm_1/U0/MDM_Core_I1/JTAG_CONTROL_I/Use_BSCAN.FDC_I/Use_Serial_Unified_Completion.completion_block_reg_0
    SLICE_X38Y44         LUT6 (Prop_lut6_I4_O)        0.124     5.512 r  design_1_i/mdm_1/U0/MDM_Core_I1/JTAG_CONTROL_I/Use_BSCAN.FDC_I/Using_FPGA.Native_i_2/O
                         net (fo=1, routed)           0.466     5.978    design_1_i/mdm_1/U0/MDM_Core_I1/JTAG_CONTROL_I/Use_BSCAN.FDC_I/Using_FPGA.Native_i_2_n_0
    SLICE_X38Y44         LUT5 (Prop_lut5_I0_O)        0.124     6.102 r  design_1_i/mdm_1/U0/MDM_Core_I1/JTAG_CONTROL_I/Use_BSCAN.FDC_I/Using_FPGA.Native_i_1/O
                         net (fo=1, routed)           0.522     6.624    design_1_i/mdm_1/U0/MDM_Core_I1/JTAG_CONTROL_I/Use_BSCAN.SYNC_FDRE/CE
    SLICE_X38Y46         FDRE                                         r  design_1_i/mdm_1/U0/MDM_Core_I1/JTAG_CONTROL_I/Use_BSCAN.SYNC_FDRE/Using_FPGA.Native/CE
  -------------------------------------------------------------------    -------------------

                         (clock design_1_i/mdm_1/U0/Use_E2.BSCAN_I/Use_E2.BSCANE2_I/DRCK fall edge)
                                                     16.667    16.667 f  
    BSCAN_X0Y1           BSCANE2                      0.000    16.667 f  design_1_i/mdm_1/U0/Use_E2.BSCAN_I/Use_E2.BSCANE2_I/DRCK
                         net (fo=1, routed)           1.636    18.303    design_1_i/mdm_1/U0/No_Dbg_Reg_Access.BUFG_DRCK/DRCK
    BUFGCTRL_X0Y1        BUFG (Prop_bufg_I_O)         0.091    18.394 f  design_1_i/mdm_1/U0/No_Dbg_Reg_Access.BUFG_DRCK/Using_FPGA.Native/O
                         net (fo=232, routed)         1.445    19.839    design_1_i/mdm_1/U0/MDM_Core_I1/JTAG_CONTROL_I/Use_BSCAN.SYNC_FDRE/Using_FPGA.Native_0
    SLICE_X38Y46         FDRE                                         r  design_1_i/mdm_1/U0/MDM_Core_I1/JTAG_CONTROL_I/Use_BSCAN.SYNC_FDRE/Using_FPGA.Native/C  (IS_INVERTED)
                         clock pessimism              0.282    20.121    
                         clock uncertainty           -0.035    20.086    
    SLICE_X38Y46         FDRE (Setup_fdre_C_CE)      -0.164    19.922    design_1_i/mdm_1/U0/MDM_Core_I1/JTAG_CONTROL_I/Use_BSCAN.SYNC_FDRE/Using_FPGA.Native
  -------------------------------------------------------------------
                         required time                         19.922    
                         arrival time                          -6.624    
  -------------------------------------------------------------------
                         slack                                 13.298    

Slack (MET) :             13.616ns  (required time - arrival time)
  Source:                 design_1_i/mdm_1/U0/MDM_Core_I1/JTAG_CONTROL_I/Use_BSCAN.SYNC_FDRE/Using_FPGA.Native/C
                            (falling edge-triggered cell FDRE clocked by design_1_i/mdm_1/U0/Use_E2.BSCAN_I/Use_E2.BSCANE2_I/DRCK  {rise@0.000ns fall@16.667ns period=33.333ns})
  Destination:            design_1_i/microblaze_0/U0/MicroBlaze_Core_I/Performance.Core/Use_Debug_Logic.Master_Core.Debug_Perf/Serial_Dbg_Intf.shift_count_reg[1]/D
                            (rising edge-triggered cell FDRE clocked by design_1_i/mdm_1/U0/Use_E2.BSCAN_I/Use_E2.BSCANE2_I/DRCK  {rise@0.000ns fall@16.667ns period=33.333ns})
  Path Group:             design_1_i/mdm_1/U0/Use_E2.BSCAN_I/Use_E2.BSCANE2_I/DRCK
  Path Type:              Setup (Max at Slow Process Corner)
  Requirement:            16.667ns  (design_1_i/mdm_1/U0/Use_E2.BSCAN_I/Use_E2.BSCANE2_I/DRCK rise@33.333ns - design_1_i/mdm_1/U0/Use_E2.BSCAN_I/Use_E2.BSCANE2_I/DRCK fall@16.667ns)
  Data Path Delay:        2.929ns  (logic 0.772ns (26.358%)  route 2.157ns (73.642%))
  Logic Levels:           2  (LUT3=1 LUT6=1)
  Clock Path Skew:        -0.115ns (DCD - SCD + CPR)
    Destination Clock Delay (DCD):    3.170ns = ( 36.503 - 33.333 ) 
    Source Clock Delay      (SCD):    3.567ns = ( 20.233 - 16.667 ) 
    Clock Pessimism Removal (CPR):    0.282ns
  Clock Uncertainty:      0.035ns  ((TSJ^2 + TIJ^2)^1/2 + DJ) / 2 + PE
    Total System Jitter     (TSJ):    0.071ns
    Total Input Jitter      (TIJ):    0.000ns
    Discrete Jitter          (DJ):    0.000ns
    Phase Error              (PE):    0.000ns

    Location             Delay type                Incr(ns)  Path(ns)    Netlist Resource(s)
  -------------------------------------------------------------------    -------------------
                         (clock design_1_i/mdm_1/U0/Use_E2.BSCAN_I/Use_E2.BSCANE2_I/DRCK fall edge)
                                                     16.667    16.667 f  
    BSCAN_X0Y1           BSCANE2                      0.000    16.667 f  design_1_i/mdm_1/U0/Use_E2.BSCAN_I/Use_E2.BSCANE2_I/DRCK
                         net (fo=1, routed)           1.905    18.572    design_1_i/mdm_1/U0/No_Dbg_Reg_Access.BUFG_DRCK/DRCK
    BUFGCTRL_X0Y1        BUFG (Prop_bufg_I_O)         0.096    18.668 f  design_1_i/mdm_1/U0/No_Dbg_Reg_Access.BUFG_DRCK/Using_FPGA.Native/O
                         net (fo=232, routed)         1.565    20.233    design_1_i/mdm_1/U0/MDM_Core_I1/JTAG_CONTROL_I/Use_BSCAN.SYNC_FDRE/Using_FPGA.Native_0
    SLICE_X38Y46         FDRE                                         r  design_1_i/mdm_1/U0/MDM_Core_I1/JTAG_CONTROL_I/Use_BSCAN.SYNC_FDRE/Using_FPGA.Native/C  (IS_INVERTED)
  -------------------------------------------------------------------    -------------------
    SLICE_X38Y46         FDRE (Prop_fdre_C_Q)         0.524    20.757 r  design_1_i/mdm_1/U0/MDM_Core_I1/JTAG_CONTROL_I/Use_BSCAN.SYNC_FDRE/Using_FPGA.Native/Q
                         net (fo=4, routed)           1.023    21.780    design_1_i/mdm_1/U0/MDM_Core_I1/JTAG_CONTROL_I/Use_BSCAN.SYNC_FDRE/sync
    SLICE_X35Y43         LUT6 (Prop_lut6_I0_O)        0.124    21.904 r  design_1_i/mdm_1/U0/MDM_Core_I1/JTAG_CONTROL_I/Use_BSCAN.SYNC_FDRE/Dbg_Shift_0_INST_0/O
                         net (fo=8, routed)           1.134    23.038    design_1_i/microblaze_0/U0/MicroBlaze_Core_I/Performance.Core/Use_Debug_Logic.Master_Core.Debug_Perf/Dbg_Shift
    SLICE_X35Y40         LUT3 (Prop_lut3_I2_O)        0.124    23.162 r  design_1_i/microblaze_0/U0/MicroBlaze_Core_I/Performance.Core/Use_Debug_Logic.Master_Core.Debug_Perf/Serial_Dbg_Intf.shift_count[1]_i_1/O
                         net (fo=1, routed)           0.000    23.162    design_1_i/microblaze_0/U0/MicroBlaze_Core_I/Performance.Core/Use_Debug_Logic.Master_Core.Debug_Perf/p_0_in[1]
    SLICE_X35Y40         FDRE                                         r  design_1_i/microblaze_0/U0/MicroBlaze_Core_I/Performance.Core/Use_Debug_Logic.Master_Core.Debug_Perf/Serial_Dbg_Intf.shift_count_reg[1]/D
  -------------------------------------------------------------------    -------------------

                         (clock design_1_i/mdm_1/U0/Use_E2.BSCAN_I/Use_E2.BSCANE2_I/DRCK rise edge)
                                                     33.333    33.333 r  
    BSCAN_X0Y1           BSCANE2                      0.000    33.333 r  design_1_i/mdm_1/U0/Use_E2.BSCAN_I/Use_E2.BSCANE2_I/DRCK
                         net (fo=1, routed)           1.636    34.969    design_1_i/mdm_1/U0/No_Dbg_Reg_Access.BUFG_DRCK/DRCK
    BUFGCTRL_X0Y1        BUFG (Prop_bufg_I_O)         0.091    35.060 r  design_1_i/mdm_1/U0/No_Dbg_Reg_Access.BUFG_DRCK/Using_FPGA.Native/O
                         net (fo=232, routed)         1.442    36.503    design_1_i/microblaze_0/U0/MicroBlaze_Core_I/Performance.Core/Use_Debug_Logic.Master_Core.Debug_Perf/Dbg_Clk
    SLICE_X35Y40         FDRE                                         r  design_1_i/microblaze_0/U0/MicroBlaze_Core_I/Performance.Core/Use_Debug_Logic.Master_Core.Debug_Perf/Serial_Dbg_Intf.shift_count_reg[1]/C
                         clock pessimism              0.282    36.785    
                         clock uncertainty           -0.035    36.750    
    SLICE_X35Y40         FDRE (Setup_fdre_C_D)        0.029    36.779    design_1_i/microblaze_0/U0/MicroBlaze_Core_I/Performance.Core/Use_Debug_Logic.Master_Core.Debug_Perf/Serial_Dbg_Intf.shift_count_reg[1]
  -------------------------------------------------------------------
                         required time                         36.779    
                         arrival time                         -23.162    
  -------------------------------------------------------------------
                         slack                                 13.616    

Slack (MET) :             13.616ns  (required time - arrival time)
  Source:                 design_1_i/mdm_1/U0/MDM_Core_I1/JTAG_CONTROL_I/Use_BSCAN.SYNC_FDRE/Using_FPGA.Native/C
                            (falling edge-triggered cell FDRE clocked by design_1_i/mdm_1/U0/Use_E2.BSCAN_I/Use_E2.BSCANE2_I/DRCK  {rise@0.000ns fall@16.667ns period=33.333ns})
  Destination:            design_1_i/microblaze_0/U0/MicroBlaze_Core_I/Performance.Core/Use_Debug_Logic.Master_Core.Debug_Perf/Serial_Dbg_Intf.shift_count_reg[2]/D
                            (rising edge-triggered cell FDRE clocked by design_1_i/mdm_1/U0/Use_E2.BSCAN_I/Use_E2.BSCANE2_I/DRCK  {rise@0.000ns fall@16.667ns period=33.333ns})
  Path Group:             design_1_i/mdm_1/U0/Use_E2.BSCAN_I/Use_E2.BSCANE2_I/DRCK
  Path Type:              Setup (Max at Slow Process Corner)
  Requirement:            16.667ns  (design_1_i/mdm_1/U0/Use_E2.BSCAN_I/Use_E2.BSCANE2_I/DRCK rise@33.333ns - design_1_i/mdm_1/U0/Use_E2.BSCAN_I/Use_E2.BSCANE2_I/DRCK fall@16.667ns)
  Data Path Delay:        2.931ns  (logic 0.772ns (26.340%)  route 2.159ns (73.660%))
  Logic Levels:           2  (LUT4=1 LUT6=1)
  Clock Path Skew:        -0.115ns (DCD - SCD + CPR)
    Destination Clock Delay (DCD):    3.170ns = ( 36.503 - 33.333 ) 
    Source Clock Delay      (SCD):    3.567ns = ( 20.233 - 16.667 ) 
    Clock Pessimism Removal (CPR):    0.282ns
  Clock Uncertainty:      0.035ns  ((TSJ^2 + TIJ^2)^1/2 + DJ) / 2 + PE
    Total System Jitter     (TSJ):    0.071ns
    Total Input Jitter      (TIJ):    0.000ns
    Discrete Jitter          (DJ):    0.000ns
    Phase Error              (PE):    0.000ns

    Location             Delay type                Incr(ns)  Path(ns)    Netlist Resource(s)
  -------------------------------------------------------------------    -------------------
                         (clock design_1_i/mdm_1/U0/Use_E2.BSCAN_I/Use_E2.BSCANE2_I/DRCK fall edge)
                                                     16.667    16.667 f  
    BSCAN_X0Y1           BSCANE2                      0.000    16.667 f  design_1_i/mdm_1/U0/Use_E2.BSCAN_I/Use_E2.BSCANE2_I/DRCK
                         net (fo=1, routed)           1.905    18.572    design_1_i/mdm_1/U0/No_Dbg_Reg_Access.BUFG_DRCK/DRCK
    BUFGCTRL_X0Y1        BUFG (Prop_bufg_I_O)         0.096    18.668 f  design_1_i/mdm_1/U0/No_Dbg_Reg_Access.BUFG_DRCK/Using_FPGA.Native/O
                         net (fo=232, routed)         1.565    20.233    design_1_i/mdm_1/U0/MDM_Core_I1/JTAG_CONTROL_I/Use_BSCAN.SYNC_FDRE/Using_FPGA.Native_0
    SLICE_X38Y46         FDRE                                         r  design_1_i/mdm_1/U0/MDM_Core_I1/JTAG_CONTROL_I/Use_BSCAN.SYNC_FDRE/Using_FPGA.Native/C  (IS_INVERTED)
  -------------------------------------------------------------------    -------------------
    SLICE_X38Y46         FDRE (Prop_fdre_C_Q)         0.524    20.757 r  design_1_i/mdm_1/U0/MDM_Core_I1/JTAG_CONTROL_I/Use_BSCAN.SYNC_FDRE/Using_FPGA.Native/Q
                         net (fo=4, routed)           1.023    21.780    design_1_i/mdm_1/U0/MDM_Core_I1/JTAG_CONTROL_I/Use_BSCAN.SYNC_FDRE/sync
    SLICE_X35Y43         LUT6 (Prop_lut6_I0_O)        0.124    21.904 r  design_1_i/mdm_1/U0/MDM_Core_I1/JTAG_CONTROL_I/Use_BSCAN.SYNC_FDRE/Dbg_Shift_0_INST_0/O
                         net (fo=8, routed)           1.136    23.040    design_1_i/microblaze_0/U0/MicroBlaze_Core_I/Performance.Core/Use_Debug_Logic.Master_Core.Debug_Perf/Dbg_Shift
    SLICE_X35Y40         LUT4 (Prop_lut4_I2_O)        0.124    23.164 r  design_1_i/microblaze_0/U0/MicroBlaze_Core_I/Performance.Core/Use_Debug_Logic.Master_Core.Debug_Perf/Serial_Dbg_Intf.shift_count[2]_i_1/O
                         net (fo=1, routed)           0.000    23.164    design_1_i/microblaze_0/U0/MicroBlaze_Core_I/Performance.Core/Use_Debug_Logic.Master_Core.Debug_Perf/p_0_in[2]
    SLICE_X35Y40         FDRE                                         r  design_1_i/microblaze_0/U0/MicroBlaze_Core_I/Performance.Core/Use_Debug_Logic.Master_Core.Debug_Perf/Serial_Dbg_Intf.shift_count_reg[2]/D
  -------------------------------------------------------------------    -------------------

                         (clock design_1_i/mdm_1/U0/Use_E2.BSCAN_I/Use_E2.BSCANE2_I/DRCK rise edge)
                                                     33.333    33.333 r  
    BSCAN_X0Y1           BSCANE2                      0.000    33.333 r  design_1_i/mdm_1/U0/Use_E2.BSCAN_I/Use_E2.BSCANE2_I/DRCK
                         net (fo=1, routed)           1.636    34.969    design_1_i/mdm_1/U0/No_Dbg_Reg_Access.BUFG_DRCK/DRCK
    BUFGCTRL_X0Y1        BUFG (Prop_bufg_I_O)         0.091    35.060 r  design_1_i/mdm_1/U0/No_Dbg_Reg_Access.BUFG_DRCK/Using_FPGA.Native/O
                         net (fo=232, routed)         1.442    36.503    design_1_i/microblaze_0/U0/MicroBlaze_Core_I/Performance.Core/Use_Debug_Logic.Master_Core.Debug_Perf/Dbg_Clk
    SLICE_X35Y40         FDRE                                         r  design_1_i/microblaze_0/U0/MicroBlaze_Core_I/Performance.Core/Use_Debug_Logic.Master_Core.Debug_Perf/Serial_Dbg_Intf.shift_count_reg[2]/C
                         clock pessimism              0.282    36.785    
                         clock uncertainty           -0.035    36.750    
    SLICE_X35Y40         FDRE (Setup_fdre_C_D)        0.031    36.781    design_1_i/microblaze_0/U0/MicroBlaze_Core_I/Performance.Core/Use_Debug_Logic.Master_Core.Debug_Perf/Serial_Dbg_Intf.shift_count_reg[2]
  -------------------------------------------------------------------
                         required time                         36.781    
                         arrival time                         -23.164    
  -------------------------------------------------------------------
                         slack                                 13.616    

Slack (MET) :             13.632ns  (required time - arrival time)
  Source:                 design_1_i/mdm_1/U0/MDM_Core_I1/JTAG_CONTROL_I/Use_BSCAN.SYNC_FDRE/Using_FPGA.Native/C
                            (falling edge-triggered cell FDRE clocked by design_1_i/mdm_1/U0/Use_E2.BSCAN_I/Use_E2.BSCANE2_I/DRCK  {rise@0.000ns fall@16.667ns period=33.333ns})
  Destination:            design_1_i/microblaze_0/U0/MicroBlaze_Core_I/Performance.Core/Use_Debug_Logic.Master_Core.Debug_Perf/Serial_Dbg_Intf.shift_count_reg[3]/D
                            (rising edge-triggered cell FDRE clocked by design_1_i/mdm_1/U0/Use_E2.BSCAN_I/Use_E2.BSCANE2_I/DRCK  {rise@0.000ns fall@16.667ns period=33.333ns})
  Path Group:             design_1_i/mdm_1/U0/Use_E2.BSCAN_I/Use_E2.BSCANE2_I/DRCK
  Path Type:              Setup (Max at Slow Process Corner)
  Requirement:            16.667ns  (design_1_i/mdm_1/U0/Use_E2.BSCAN_I/Use_E2.BSCANE2_I/DRCK rise@33.333ns - design_1_i/mdm_1/U0/Use_E2.BSCAN_I/Use_E2.BSCANE2_I/DRCK fall@16.667ns)
  Data Path Delay:        2.959ns  (logic 0.800ns (27.037%)  route 2.159ns (72.963%))
  Logic Levels:           2  (LUT5=1 LUT6=1)
  Clock Path Skew:        -0.115ns (DCD - SCD + CPR)
    Destination Clock Delay (DCD):    3.170ns = ( 36.503 - 33.333 ) 
    Source Clock Delay      (SCD):    3.567ns = ( 20.233 - 16.667 ) 
    Clock Pessimism Removal (CPR):    0.282ns
  Clock Uncertainty:      0.035ns  ((TSJ^2 + TIJ^2)^1/2 + DJ) / 2 + PE
    Total System Jitter     (TSJ):    0.071ns
    Total Input Jitter      (TIJ):    0.000ns
    Discrete Jitter          (DJ):    0.000ns
    Phase Error              (PE):    0.000ns

    Location             Delay type                Incr(ns)  Path(ns)    Netlist Resource(s)
  -------------------------------------------------------------------    -------------------
                         (clock design_1_i/mdm_1/U0/Use_E2.BSCAN_I/Use_E2.BSCANE2_I/DRCK fall edge)
                                                     16.667    16.667 f  
    BSCAN_X0Y1           BSCANE2                      0.000    16.667 f  design_1_i/mdm_1/U0/Use_E2.BSCAN_I/Use_E2.BSCANE2_I/DRCK
                         net (fo=1, routed)           1.905    18.572    design_1_i/mdm_1/U0/No_Dbg_Reg_Access.BUFG_DRCK/DRCK
    BUFGCTRL_X0Y1        BUFG (Prop_bufg_I_O)         0.096    18.668 f  design_1_i/mdm_1/U0/No_Dbg_Reg_Access.BUFG_DRCK/Using_FPGA.Native/O
                         net (fo=232, routed)         1.565    20.233    design_1_i/mdm_1/U0/MDM_Core_I1/JTAG_CONTROL_I/Use_BSCAN.SYNC_FDRE/Using_FPGA.Native_0
    SLICE_X38Y46         FDRE                                         r  design_1_i/mdm_1/U0/MDM_Core_I1/JTAG_CONTROL_I/Use_BSCAN.SYNC_FDRE/Using_FPGA.Native/C  (IS_INVERTED)
  -------------------------------------------------------------------    -------------------
    SLICE_X38Y46         FDRE (Prop_fdre_C_Q)         0.524    20.757 r  design_1_i/mdm_1/U0/MDM_Core_I1/JTAG_CONTROL_I/Use_BSCAN.SYNC_FDRE/Using_FPGA.Native/Q
                         net (fo=4, routed)           1.023    21.780    design_1_i/mdm_1/U0/MDM_Core_I1/JTAG_CONTROL_I/Use_BSCAN.SYNC_FDRE/sync
    SLICE_X35Y43         LUT6 (Prop_lut6_I0_O)        0.124    21.904 r  design_1_i/mdm_1/U0/MDM_Core_I1/JTAG_CONTROL_I/Use_BSCAN.SYNC_FDRE/Dbg_Shift_0_INST_0/O
                         net (fo=8, routed)           1.136    23.040    design_1_i/microblaze_0/U0/MicroBlaze_Core_I/Performance.Core/Use_Debug_Logic.Master_Core.Debug_Perf/Dbg_Shift
    SLICE_X35Y40         LUT5 (Prop_lut5_I3_O)        0.152    23.192 r  design_1_i/microblaze_0/U0/MicroBlaze_Core_I/Performance.Core/Use_Debug_Logic.Master_Core.Debug_Perf/Serial_Dbg_Intf.shift_count[3]_i_1/O
                         net (fo=1, routed)           0.000    23.192    design_1_i/microblaze_0/U0/MicroBlaze_Core_I/Performance.Core/Use_Debug_Logic.Master_Core.Debug_Perf/p_0_in[3]
    SLICE_X35Y40         FDRE                                         r  design_1_i/microblaze_0/U0/MicroBlaze_Core_I/Performance.Core/Use_Debug_Logic.Master_Core.Debug_Perf/Serial_Dbg_Intf.shift_count_reg[3]/D
  -------------------------------------------------------------------    -------------------

                         (clock design_1_i/mdm_1/U0/Use_E2.BSCAN_I/Use_E2.BSCANE2_I/DRCK rise edge)
                                                     33.333    33.333 r  
    BSCAN_X0Y1           BSCANE2                      0.000    33.333 r  design_1_i/mdm_1/U0/Use_E2.BSCAN_I/Use_E2.BSCANE2_I/DRCK
                         net (fo=1, routed)           1.636    34.969    design_1_i/mdm_1/U0/No_Dbg_Reg_Access.BUFG_DRCK/DRCK
    BUFGCTRL_X0Y1        BUFG (Prop_bufg_I_O)         0.091    35.060 r  design_1_i/mdm_1/U0/No_Dbg_Reg_Access.BUFG_DRCK/Using_FPGA.Native/O
                         net (fo=232, routed)         1.442    36.503    design_1_i/microblaze_0/U0/MicroBlaze_Core_I/Performance.Core/Use_Debug_Logic.Master_Core.Debug_Perf/Dbg_Clk
    SLICE_X35Y40         FDRE                                         r  design_1_i/microblaze_0/U0/MicroBlaze_Core_I/Performance.Core/Use_Debug_Logic.Master_Core.Debug_Perf/Serial_Dbg_Intf.shift_count_reg[3]/C
                         clock pessimism              0.282    36.785    
                         clock uncertainty           -0.035    36.750    
    SLICE_X35Y40         FDRE (Setup_fdre_C_D)        0.075    36.825    design_1_i/microblaze_0/U0/MicroBlaze_Core_I/Performance.Core/Use_Debug_Logic.Master_Core.Debug_Perf/Serial_Dbg_Intf.shift_count_reg[3]
  -------------------------------------------------------------------
                         required time                         36.825    
                         arrival time                         -23.192    
  -------------------------------------------------------------------
                         slack                                 13.632    

Slack (MET) :             13.783ns  (required time - arrival time)
  Source:                 design_1_i/mdm_1/U0/MDM_Core_I1/JTAG_CONTROL_I/Use_BSCAN.SYNC_FDRE/Using_FPGA.Native/C
                            (falling edge-triggered cell FDRE clocked by design_1_i/mdm_1/U0/Use_E2.BSCAN_I/Use_E2.BSCANE2_I/DRCK  {rise@0.000ns fall@16.667ns period=33.333ns})
  Destination:            design_1_i/microblaze_0/U0/MicroBlaze_Core_I/Performance.Core/Use_Debug_Logic.Master_Core.Debug_Perf/Serial_Dbg_Intf.shift_count_reg[5]/D
                            (rising edge-triggered cell FDRE clocked by design_1_i/mdm_1/U0/Use_E2.BSCAN_I/Use_E2.BSCANE2_I/DRCK  {rise@0.000ns fall@16.667ns period=33.333ns})
  Path Group:             design_1_i/mdm_1/U0/Use_E2.BSCAN_I/Use_E2.BSCANE2_I/DRCK
  Path Type:              Setup (Max at Slow Process Corner)
  Requirement:            16.667ns  (design_1_i/mdm_1/U0/Use_E2.BSCAN_I/Use_E2.BSCANE2_I/DRCK rise@33.333ns - design_1_i/mdm_1/U0/Use_E2.BSCAN_I/Use_E2.BSCANE2_I/DRCK fall@16.667ns)
  Data Path Delay:        2.764ns  (logic 0.772ns (27.931%)  route 1.992ns (72.069%))
  Logic Levels:           2  (LUT6=2)
  Clock Path Skew:        -0.115ns (DCD - SCD + CPR)
    Destination Clock Delay (DCD):    3.170ns = ( 36.503 - 33.333 ) 
    Source Clock Delay      (SCD):    3.567ns = ( 20.233 - 16.667 ) 
    Clock Pessimism Removal (CPR):    0.282ns
  Clock Uncertainty:      0.035ns  ((TSJ^2 + TIJ^2)^1/2 + DJ) / 2 + PE
    Total System Jitter     (TSJ):    0.071ns
    Total Input Jitter      (TIJ):    0.000ns
    Discrete Jitter          (DJ):    0.000ns
    Phase Error              (PE):    0.000ns

    Location             Delay type                Incr(ns)  Path(ns)    Netlist Resource(s)
  -------------------------------------------------------------------    -------------------
                         (clock design_1_i/mdm_1/U0/Use_E2.BSCAN_I/Use_E2.BSCANE2_I/DRCK fall edge)
                                                     16.667    16.667 f  
    BSCAN_X0Y1           BSCANE2                      0.000    16.667 f  design_1_i/mdm_1/U0/Use_E2.BSCAN_I/Use_E2.BSCANE2_I/DRCK
                         net (fo=1, routed)           1.905    18.572    design_1_i/mdm_1/U0/No_Dbg_Reg_Access.BUFG_DRCK/DRCK
    BUFGCTRL_X0Y1        BUFG (Prop_bufg_I_O)         0.096    18.668 f  design_1_i/mdm_1/U0/No_Dbg_Reg_Access.BUFG_DRCK/Using_FPGA.Native/O
                         net (fo=232, routed)         1.565    20.233    design_1_i/mdm_1/U0/MDM_Core_I1/JTAG_CONTROL_I/Use_BSCAN.SYNC_FDRE/Using_FPGA.Native_0
    SLICE_X38Y46         FDRE                                         r  design_1_i/mdm_1/U0/MDM_Core_I1/JTAG_CONTROL_I/Use_BSCAN.SYNC_FDRE/Using_FPGA.Native/C  (IS_INVERTED)
  -------------------------------------------------------------------    -------------------
    SLICE_X38Y46         FDRE (Prop_fdre_C_Q)         0.524    20.757 r  design_1_i/mdm_1/U0/MDM_Core_I1/JTAG_CONTROL_I/Use_BSCAN.SYNC_FDRE/Using_FPGA.Native/Q
                         net (fo=4, routed)           1.023    21.780    design_1_i/mdm_1/U0/MDM_Core_I1/JTAG_CONTROL_I/Use_BSCAN.SYNC_FDRE/sync
    SLICE_X35Y43         LUT6 (Prop_lut6_I0_O)        0.124    21.904 r  design_1_i/mdm_1/U0/MDM_Core_I1/JTAG_CONTROL_I/Use_BSCAN.SYNC_FDRE/Dbg_Shift_0_INST_0/O
                         net (fo=8, routed)           0.969    22.873    design_1_i/microblaze_0/U0/MicroBlaze_Core_I/Performance.Core/Use_Debug_Logic.Master_Core.Debug_Perf/Dbg_Shift
    SLICE_X35Y40         LUT6 (Prop_lut6_I4_O)        0.124    22.997 r  design_1_i/microblaze_0/U0/MicroBlaze_Core_I/Performance.Core/Use_Debug_Logic.Master_Core.Debug_Perf/Serial_Dbg_Intf.shift_count[5]_i_1/O
                         net (fo=1, routed)           0.000    22.997    design_1_i/microblaze_0/U0/MicroBlaze_Core_I/Performance.Core/Use_Debug_Logic.Master_Core.Debug_Perf/p_0_in[5]
    SLICE_X35Y40         FDRE                                         r  design_1_i/microblaze_0/U0/MicroBlaze_Core_I/Performance.Core/Use_Debug_Logic.Master_Core.Debug_Perf/Serial_Dbg_Intf.shift_count_reg[5]/D
  -------------------------------------------------------------------    -------------------

                         (clock design_1_i/mdm_1/U0/Use_E2.BSCAN_I/Use_E2.BSCANE2_I/DRCK rise edge)
                                                     33.333    33.333 r  
    BSCAN_X0Y1           BSCANE2                      0.000    33.333 r  design_1_i/mdm_1/U0/Use_E2.BSCAN_I/Use_E2.BSCANE2_I/DRCK
                         net (fo=1, routed)           1.636    34.969    design_1_i/mdm_1/U0/No_Dbg_Reg_Access.BUFG_DRCK/DRCK
    BUFGCTRL_X0Y1        BUFG (Prop_bufg_I_O)         0.091    35.060 r  design_1_i/mdm_1/U0/No_Dbg_Reg_Access.BUFG_DRCK/Using_FPGA.Native/O
                         net (fo=232, routed)         1.442    36.503    design_1_i/microblaze_0/U0/MicroBlaze_Core_I/Performance.Core/Use_Debug_Logic.Master_Core.Debug_Perf/Dbg_Clk
    SLICE_X35Y40         FDRE                                         r  design_1_i/microblaze_0/U0/MicroBlaze_Core_I/Performance.Core/Use_Debug_Logic.Master_Core.Debug_Perf/Serial_Dbg_Intf.shift_count_reg[5]/C
                         clock pessimism              0.282    36.785    
                         clock uncertainty           -0.035    36.750    
    SLICE_X35Y40         FDRE (Setup_fdre_C_D)        0.031    36.781    design_1_i/microblaze_0/U0/MicroBlaze_Core_I/Performance.Core/Use_Debug_Logic.Master_Core.Debug_Perf/Serial_Dbg_Intf.shift_count_reg[5]
  -------------------------------------------------------------------
                         required time                         36.781    
                         arrival time                         -22.997    
  -------------------------------------------------------------------
                         slack                                 13.783    

Slack (MET) :             13.791ns  (required time - arrival time)
  Source:                 design_1_i/mdm_1/U0/MDM_Core_I1/JTAG_CONTROL_I/Use_BSCAN.SYNC_FDRE/Using_FPGA.Native/C
                            (falling edge-triggered cell FDRE clocked by design_1_i/mdm_1/U0/Use_E2.BSCAN_I/Use_E2.BSCANE2_I/DRCK  {rise@0.000ns fall@16.667ns period=33.333ns})
  Destination:            design_1_i/mdm_1/U0/MDM_Core_I1/JTAG_CONTROL_I/Use_Serial_Unified_Completion.mb_instr_error_reg/D
                            (rising edge-triggered cell FDRE clocked by design_1_i/mdm_1/U0/Use_E2.BSCAN_I/Use_E2.BSCANE2_I/DRCK  {rise@0.000ns fall@16.667ns period=33.333ns})
  Path Group:             design_1_i/mdm_1/U0/Use_E2.BSCAN_I/Use_E2.BSCANE2_I/DRCK
  Path Type:              Setup (Max at Slow Process Corner)
  Requirement:            16.667ns  (design_1_i/mdm_1/U0/Use_E2.BSCAN_I/Use_E2.BSCANE2_I/DRCK rise@33.333ns - design_1_i/mdm_1/U0/Use_E2.BSCAN_I/Use_E2.BSCANE2_I/DRCK fall@16.667ns)
  Data Path Delay:        2.757ns  (logic 0.772ns (27.999%)  route 1.985ns (72.001%))
  Logic Levels:           2  (LUT6=2)
  Clock Path Skew:        -0.112ns (DCD - SCD + CPR)
    Destination Clock Delay (DCD):    3.173ns = ( 36.506 - 33.333 ) 
    Source Clock Delay      (SCD):    3.567ns = ( 20.233 - 16.667 ) 
    Clock Pessimism Removal (CPR):    0.282ns
  Clock Uncertainty:      0.035ns  ((TSJ^2 + TIJ^2)^1/2 + DJ) / 2 + PE
    Total System Jitter     (TSJ):    0.071ns
    Total Input Jitter      (TIJ):    0.000ns
    Discrete Jitter          (DJ):    0.000ns
    Phase Error              (PE):    0.000ns

    Location             Delay type                Incr(ns)  Path(ns)    Netlist Resource(s)
  -------------------------------------------------------------------    -------------------
                         (clock design_1_i/mdm_1/U0/Use_E2.BSCAN_I/Use_E2.BSCANE2_I/DRCK fall edge)
                                                     16.667    16.667 f  
    BSCAN_X0Y1           BSCANE2                      0.000    16.667 f  design_1_i/mdm_1/U0/Use_E2.BSCAN_I/Use_E2.BSCANE2_I/DRCK
                         net (fo=1, routed)           1.905    18.572    design_1_i/mdm_1/U0/No_Dbg_Reg_Access.BUFG_DRCK/DRCK
    BUFGCTRL_X0Y1        BUFG (Prop_bufg_I_O)         0.096    18.668 f  design_1_i/mdm_1/U0/No_Dbg_Reg_Access.BUFG_DRCK/Using_FPGA.Native/O
                         net (fo=232, routed)         1.565    20.233    design_1_i/mdm_1/U0/MDM_Core_I1/JTAG_CONTROL_I/Use_BSCAN.SYNC_FDRE/Using_FPGA.Native_0
    SLICE_X38Y46         FDRE                                         r  design_1_i/mdm_1/U0/MDM_Core_I1/JTAG_CONTROL_I/Use_BSCAN.SYNC_FDRE/Using_FPGA.Native/C  (IS_INVERTED)
  -------------------------------------------------------------------    -------------------
    SLICE_X38Y46         FDRE (Prop_fdre_C_Q)         0.524    20.757 r  design_1_i/mdm_1/U0/MDM_Core_I1/JTAG_CONTROL_I/Use_BSCAN.SYNC_FDRE/Using_FPGA.Native/Q
                         net (fo=4, routed)           0.953    21.711    design_1_i/mdm_1/U0/MDM_Core_I1/JTAG_CONTROL_I/Use_BSCAN.FDC_I/sync
    SLICE_X34Y43         LUT6 (Prop_lut6_I4_O)        0.124    21.835 r  design_1_i/mdm_1/U0/MDM_Core_I1/JTAG_CONTROL_I/Use_BSCAN.FDC_I/Use_Serial_Unified_Completion.mb_instr_overrun_i_3/O
                         net (fo=2, routed)           1.032    22.867    design_1_i/mdm_1/U0/MDM_Core_I1/JTAG_CONTROL_I/Use_BSCAN.FDC_I/mb_instr_overrun1__0
    SLICE_X32Y43         LUT6 (Prop_lut6_I1_O)        0.124    22.991 r  design_1_i/mdm_1/U0/MDM_Core_I1/JTAG_CONTROL_I/Use_BSCAN.FDC_I/Use_Serial_Unified_Completion.mb_instr_error_i_1/O
                         net (fo=1, routed)           0.000    22.991    design_1_i/mdm_1/U0/MDM_Core_I1/JTAG_CONTROL_I/Use_BSCAN.FDC_I_n_31
    SLICE_X32Y43         FDRE                                         r  design_1_i/mdm_1/U0/MDM_Core_I1/JTAG_CONTROL_I/Use_Serial_Unified_Completion.mb_instr_error_reg/D
  -------------------------------------------------------------------    -------------------

                         (clock design_1_i/mdm_1/U0/Use_E2.BSCAN_I/Use_E2.BSCANE2_I/DRCK rise edge)
                                                     33.333    33.333 r  
    BSCAN_X0Y1           BSCANE2                      0.000    33.333 r  design_1_i/mdm_1/U0/Use_E2.BSCAN_I/Use_E2.BSCANE2_I/DRCK
                         net (fo=1, routed)           1.636    34.969    design_1_i/mdm_1/U0/No_Dbg_Reg_Access.BUFG_DRCK/DRCK
    BUFGCTRL_X0Y1        BUFG (Prop_bufg_I_O)         0.091    35.060 r  design_1_i/mdm_1/U0/No_Dbg_Reg_Access.BUFG_DRCK/Using_FPGA.Native/O
                         net (fo=232, routed)         1.445    36.506    design_1_i/mdm_1/U0/MDM_Core_I1/JTAG_CONTROL_I/Using_FPGA.Native
    SLICE_X32Y43         FDRE                                         r  design_1_i/mdm_1/U0/MDM_Core_I1/JTAG_CONTROL_I/Use_Serial_Unified_Completion.mb_instr_error_reg/C
                         clock pessimism              0.282    36.788    
                         clock uncertainty           -0.035    36.753    
    SLICE_X32Y43         FDRE (Setup_fdre_C_D)        0.029    36.782    design_1_i/mdm_1/U0/MDM_Core_I1/JTAG_CONTROL_I/Use_Serial_Unified_Completion.mb_instr_error_reg
  -------------------------------------------------------------------
                         required time                         36.782    
                         arrival time                         -22.991    
  -------------------------------------------------------------------
                         slack                                 13.791    

Slack (MET) :             13.808ns  (required time - arrival time)
  Source:                 design_1_i/mdm_1/U0/MDM_Core_I1/JTAG_CONTROL_I/Use_BSCAN.SYNC_FDRE/Using_FPGA.Native/C
                            (falling edge-triggered cell FDRE clocked by design_1_i/mdm_1/U0/Use_E2.BSCAN_I/Use_E2.BSCANE2_I/DRCK  {rise@0.000ns fall@16.667ns period=33.333ns})
  Destination:            design_1_i/microblaze_0/U0/MicroBlaze_Core_I/Performance.Core/Use_Debug_Logic.Master_Core.Debug_Perf/Serial_Dbg_Intf.shift_count_reg[6]/D
                            (rising edge-triggered cell FDRE clocked by design_1_i/mdm_1/U0/Use_E2.BSCAN_I/Use_E2.BSCANE2_I/DRCK  {rise@0.000ns fall@16.667ns period=33.333ns})
  Path Group:             design_1_i/mdm_1/U0/Use_E2.BSCAN_I/Use_E2.BSCANE2_I/DRCK
  Path Type:              Setup (Max at Slow Process Corner)
  Requirement:            16.667ns  (design_1_i/mdm_1/U0/Use_E2.BSCAN_I/Use_E2.BSCANE2_I/DRCK rise@33.333ns - design_1_i/mdm_1/U0/Use_E2.BSCAN_I/Use_E2.BSCANE2_I/DRCK fall@16.667ns)
  Data Path Delay:        2.786ns  (logic 0.772ns (27.712%)  route 2.014ns (72.288%))
  Logic Levels:           2  (LUT3=1 LUT6=1)
  Clock Path Skew:        -0.114ns (DCD - SCD + CPR)
    Destination Clock Delay (DCD):    3.171ns = ( 36.504 - 33.333 ) 
    Source Clock Delay      (SCD):    3.567ns = ( 20.233 - 16.667 ) 
    Clock Pessimism Removal (CPR):    0.282ns
  Clock Uncertainty:      0.035ns  ((TSJ^2 + TIJ^2)^1/2 + DJ) / 2 + PE
    Total System Jitter     (TSJ):    0.071ns
    Total Input Jitter      (TIJ):    0.000ns
    Discrete Jitter          (DJ):    0.000ns
    Phase Error              (PE):    0.000ns

    Location             Delay type                Incr(ns)  Path(ns)    Netlist Resource(s)
  -------------------------------------------------------------------    -------------------
                         (clock design_1_i/mdm_1/U0/Use_E2.BSCAN_I/Use_E2.BSCANE2_I/DRCK fall edge)
                                                     16.667    16.667 f  
    BSCAN_X0Y1           BSCANE2                      0.000    16.667 f  design_1_i/mdm_1/U0/Use_E2.BSCAN_I/Use_E2.BSCANE2_I/DRCK
                         net (fo=1, routed)           1.905    18.572    design_1_i/mdm_1/U0/No_Dbg_Reg_Access.BUFG_DRCK/DRCK
    BUFGCTRL_X0Y1        BUFG (Prop_bufg_I_O)         0.096    18.668 f  design_1_i/mdm_1/U0/No_Dbg_Reg_Access.BUFG_DRCK/Using_FPGA.Native/O
                         net (fo=232, routed)         1.565    20.233    design_1_i/mdm_1/U0/MDM_Core_I1/JTAG_CONTROL_I/Use_BSCAN.SYNC_FDRE/Using_FPGA.Native_0
    SLICE_X38Y46         FDRE                                         r  design_1_i/mdm_1/U0/MDM_Core_I1/JTAG_CONTROL_I/Use_BSCAN.SYNC_FDRE/Using_FPGA.Native/C  (IS_INVERTED)
  -------------------------------------------------------------------    -------------------
    SLICE_X38Y46         FDRE (Prop_fdre_C_Q)         0.524    20.757 r  design_1_i/mdm_1/U0/MDM_Core_I1/JTAG_CONTROL_I/Use_BSCAN.SYNC_FDRE/Using_FPGA.Native/Q
                         net (fo=4, routed)           1.023    21.780    design_1_i/mdm_1/U0/MDM_Core_I1/JTAG_CONTROL_I/Use_BSCAN.SYNC_FDRE/sync
    SLICE_X35Y43         LUT6 (Prop_lut6_I0_O)        0.124    21.904 r  design_1_i/mdm_1/U0/MDM_Core_I1/JTAG_CONTROL_I/Use_BSCAN.SYNC_FDRE/Dbg_Shift_0_INST_0/O
                         net (fo=8, routed)           0.991    22.895    design_1_i/microblaze_0/U0/MicroBlaze_Core_I/Performance.Core/Use_Debug_Logic.Master_Core.Debug_Perf/Dbg_Shift
    SLICE_X34Y41         LUT3 (Prop_lut3_I1_O)        0.124    23.019 r  design_1_i/microblaze_0/U0/MicroBlaze_Core_I/Performance.Core/Use_Debug_Logic.Master_Core.Debug_Perf/Serial_Dbg_Intf.shift_count[6]_i_1/O
                         net (fo=1, routed)           0.000    23.019    design_1_i/microblaze_0/U0/MicroBlaze_Core_I/Performance.Core/Use_Debug_Logic.Master_Core.Debug_Perf/p_0_in[6]
    SLICE_X34Y41         FDRE                                         r  design_1_i/microblaze_0/U0/MicroBlaze_Core_I/Performance.Core/Use_Debug_Logic.Master_Core.Debug_Perf/Serial_Dbg_Intf.shift_count_reg[6]/D
  -------------------------------------------------------------------    -------------------

                         (clock design_1_i/mdm_1/U0/Use_E2.BSCAN_I/Use_E2.BSCANE2_I/DRCK rise edge)
                                                     33.333    33.333 r  
    BSCAN_X0Y1           BSCANE2                      0.000    33.333 r  design_1_i/mdm_1/U0/Use_E2.BSCAN_I/Use_E2.BSCANE2_I/DRCK
                         net (fo=1, routed)           1.636    34.969    design_1_i/mdm_1/U0/No_Dbg_Reg_Access.BUFG_DRCK/DRCK
    BUFGCTRL_X0Y1        BUFG (Prop_bufg_I_O)         0.091    35.060 r  design_1_i/mdm_1/U0/No_Dbg_Reg_Access.BUFG_DRCK/Using_FPGA.Native/O
                         net (fo=232, routed)         1.443    36.504    design_1_i/microblaze_0/U0/MicroBlaze_Core_I/Performance.Core/Use_Debug_Logic.Master_Core.Debug_Perf/Dbg_Clk
    SLICE_X34Y41         FDRE                                         r  design_1_i/microblaze_0/U0/MicroBlaze_Core_I/Performance.Core/Use_Debug_Logic.Master_Core.Debug_Perf/Serial_Dbg_Intf.shift_count_reg[6]/C
                         clock pessimism              0.282    36.786    
                         clock uncertainty           -0.035    36.751    
    SLICE_X34Y41         FDRE (Setup_fdre_C_D)        0.077    36.828    design_1_i/microblaze_0/U0/MicroBlaze_Core_I/Performance.Core/Use_Debug_Logic.Master_Core.Debug_Perf/Serial_Dbg_Intf.shift_count_reg[6]
  -------------------------------------------------------------------
                         required time                         36.828    
                         arrival time                         -23.019    
  -------------------------------------------------------------------
                         slack                                 13.808    

Slack (MET) :             13.823ns  (required time - arrival time)
  Source:                 design_1_i/mdm_1/U0/MDM_Core_I1/JTAG_CONTROL_I/Use_BSCAN.SYNC_FDRE/Using_FPGA.Native/C
                            (falling edge-triggered cell FDRE clocked by design_1_i/mdm_1/U0/Use_E2.BSCAN_I/Use_E2.BSCANE2_I/DRCK  {rise@0.000ns fall@16.667ns period=33.333ns})
  Destination:            design_1_i/microblaze_0/U0/MicroBlaze_Core_I/Performance.Core/Use_Debug_Logic.Master_Core.Debug_Perf/Serial_Dbg_Intf.shift_count_reg[7]/D
                            (rising edge-triggered cell FDRE clocked by design_1_i/mdm_1/U0/Use_E2.BSCAN_I/Use_E2.BSCANE2_I/DRCK  {rise@0.000ns fall@16.667ns period=33.333ns})
  Path Group:             design_1_i/mdm_1/U0/Use_E2.BSCAN_I/Use_E2.BSCANE2_I/DRCK
  Path Type:              Setup (Max at Slow Process Corner)
  Requirement:            16.667ns  (design_1_i/mdm_1/U0/Use_E2.BSCAN_I/Use_E2.BSCANE2_I/DRCK rise@33.333ns - design_1_i/mdm_1/U0/Use_E2.BSCAN_I/Use_E2.BSCANE2_I/DRCK fall@16.667ns)
  Data Path Delay:        2.812ns  (logic 0.798ns (28.380%)  route 2.014ns (71.620%))
  Logic Levels:           2  (LUT4=1 LUT6=1)
  Clock Path Skew:        -0.114ns (DCD - SCD + CPR)
    Destination Clock Delay (DCD):    3.171ns = ( 36.504 - 33.333 ) 
    Source Clock Delay      (SCD):    3.567ns = ( 20.233 - 16.667 ) 
    Clock Pessimism Removal (CPR):    0.282ns
  Clock Uncertainty:      0.035ns  ((TSJ^2 + TIJ^2)^1/2 + DJ) / 2 + PE
    Total System Jitter     (TSJ):    0.071ns
    Total Input Jitter      (TIJ):    0.000ns
    Discrete Jitter          (DJ):    0.000ns
    Phase Error              (PE):    0.000ns

    Location             Delay type                Incr(ns)  Path(ns)    Netlist Resource(s)
  -------------------------------------------------------------------    -------------------
                         (clock design_1_i/mdm_1/U0/Use_E2.BSCAN_I/Use_E2.BSCANE2_I/DRCK fall edge)
                                                     16.667    16.667 f  
    BSCAN_X0Y1           BSCANE2                      0.000    16.667 f  design_1_i/mdm_1/U0/Use_E2.BSCAN_I/Use_E2.BSCANE2_I/DRCK
                         net (fo=1, routed)           1.905    18.572    design_1_i/mdm_1/U0/No_Dbg_Reg_Access.BUFG_DRCK/DRCK
    BUFGCTRL_X0Y1        BUFG (Prop_bufg_I_O)         0.096    18.668 f  design_1_i/mdm_1/U0/No_Dbg_Reg_Access.BUFG_DRCK/Using_FPGA.Native/O
                         net (fo=232, routed)         1.565    20.233    design_1_i/mdm_1/U0/MDM_Core_I1/JTAG_CONTROL_I/Use_BSCAN.SYNC_FDRE/Using_FPGA.Native_0
    SLICE_X38Y46         FDRE                                         r  design_1_i/mdm_1/U0/MDM_Core_I1/JTAG_CONTROL_I/Use_BSCAN.SYNC_FDRE/Using_FPGA.Native/C  (IS_INVERTED)
  -------------------------------------------------------------------    -------------------
    SLICE_X38Y46         FDRE (Prop_fdre_C_Q)         0.524    20.757 r  design_1_i/mdm_1/U0/MDM_Core_I1/JTAG_CONTROL_I/Use_BSCAN.SYNC_FDRE/Using_FPGA.Native/Q
                         net (fo=4, routed)           1.023    21.780    design_1_i/mdm_1/U0/MDM_Core_I1/JTAG_CONTROL_I/Use_BSCAN.SYNC_FDRE/sync
    SLICE_X35Y43         LUT6 (Prop_lut6_I0_O)        0.124    21.904 r  design_1_i/mdm_1/U0/MDM_Core_I1/JTAG_CONTROL_I/Use_BSCAN.SYNC_FDRE/Dbg_Shift_0_INST_0/O
                         net (fo=8, routed)           0.991    22.895    design_1_i/microblaze_0/U0/MicroBlaze_Core_I/Performance.Core/Use_Debug_Logic.Master_Core.Debug_Perf/Dbg_Shift
    SLICE_X34Y41         LUT4 (Prop_lut4_I2_O)        0.150    23.045 r  design_1_i/microblaze_0/U0/MicroBlaze_Core_I/Performance.Core/Use_Debug_Logic.Master_Core.Debug_Perf/Serial_Dbg_Intf.shift_count[7]_i_1/O
                         net (fo=1, routed)           0.000    23.045    design_1_i/microblaze_0/U0/MicroBlaze_Core_I/Performance.Core/Use_Debug_Logic.Master_Core.Debug_Perf/p_0_in[7]
    SLICE_X34Y41         FDRE                                         r  design_1_i/microblaze_0/U0/MicroBlaze_Core_I/Performance.Core/Use_Debug_Logic.Master_Core.Debug_Perf/Serial_Dbg_Intf.shift_count_reg[7]/D
  -------------------------------------------------------------------    -------------------

                         (clock design_1_i/mdm_1/U0/Use_E2.BSCAN_I/Use_E2.BSCANE2_I/DRCK rise edge)
                                                     33.333    33.333 r  
    BSCAN_X0Y1           BSCANE2                      0.000    33.333 r  design_1_i/mdm_1/U0/Use_E2.BSCAN_I/Use_E2.BSCANE2_I/DRCK
                         net (fo=1, routed)           1.636    34.969    design_1_i/mdm_1/U0/No_Dbg_Reg_Access.BUFG_DRCK/DRCK
    BUFGCTRL_X0Y1        BUFG (Prop_bufg_I_O)         0.091    35.060 r  design_1_i/mdm_1/U0/No_Dbg_Reg_Access.BUFG_DRCK/Using_FPGA.Native/O
                         net (fo=232, routed)         1.443    36.504    design_1_i/microblaze_0/U0/MicroBlaze_Core_I/Performance.Core/Use_Debug_Logic.Master_Core.Debug_Perf/Dbg_Clk
    SLICE_X34Y41         FDRE                                         r  design_1_i/microblaze_0/U0/MicroBlaze_Core_I/Performance.Core/Use_Debug_Logic.Master_Core.Debug_Perf/Serial_Dbg_Intf.shift_count_reg[7]/C
                         clock pessimism              0.282    36.786    
                         clock uncertainty           -0.035    36.751    
    SLICE_X34Y41         FDRE (Setup_fdre_C_D)        0.118    36.869    design_1_i/microblaze_0/U0/MicroBlaze_Core_I/Performance.Core/Use_Debug_Logic.Master_Core.Debug_Perf/Serial_Dbg_Intf.shift_count_reg[7]
  -------------------------------------------------------------------
                         required time                         36.869    
                         arrival time                         -23.045    
  -------------------------------------------------------------------
                         slack                                 13.823    

Slack (MET) :             13.855ns  (required time - arrival time)
  Source:                 design_1_i/mdm_1/U0/MDM_Core_I1/JTAG_CONTROL_I/Use_BSCAN.SYNC_FDRE/Using_FPGA.Native/C
                            (falling edge-triggered cell FDRE clocked by design_1_i/mdm_1/U0/Use_E2.BSCAN_I/Use_E2.BSCANE2_I/DRCK  {rise@0.000ns fall@16.667ns period=33.333ns})
  Destination:            design_1_i/microblaze_0/U0/MicroBlaze_Core_I/Performance.Core/Use_Debug_Logic.Master_Core.Debug_Perf/Serial_Dbg_Intf.shift_count_reg[4]/D
                            (rising edge-triggered cell FDRE clocked by design_1_i/mdm_1/U0/Use_E2.BSCAN_I/Use_E2.BSCANE2_I/DRCK  {rise@0.000ns fall@16.667ns period=33.333ns})
  Path Group:             design_1_i/mdm_1/U0/Use_E2.BSCAN_I/Use_E2.BSCANE2_I/DRCK
  Path Type:              Setup (Max at Slow Process Corner)
  Requirement:            16.667ns  (design_1_i/mdm_1/U0/Use_E2.BSCAN_I/Use_E2.BSCANE2_I/DRCK rise@33.333ns - design_1_i/mdm_1/U0/Use_E2.BSCAN_I/Use_E2.BSCANE2_I/DRCK fall@16.667ns)
  Data Path Delay:        2.694ns  (logic 0.772ns (28.657%)  route 1.922ns (71.343%))
  Logic Levels:           2  (LUT6=2)
  Clock Path Skew:        -0.113ns (DCD - SCD + CPR)
    Destination Clock Delay (DCD):    3.172ns = ( 36.505 - 33.333 ) 
    Source Clock Delay      (SCD):    3.567ns = ( 20.233 - 16.667 ) 
    Clock Pessimism Removal (CPR):    0.282ns
  Clock Uncertainty:      0.035ns  ((TSJ^2 + TIJ^2)^1/2 + DJ) / 2 + PE
    Total System Jitter     (TSJ):    0.071ns
    Total Input Jitter      (TIJ):    0.000ns
    Discrete Jitter          (DJ):    0.000ns
    Phase Error              (PE):    0.000ns

    Location             Delay type                Incr(ns)  Path(ns)    Netlist Resource(s)
  -------------------------------------------------------------------    -------------------
                         (clock design_1_i/mdm_1/U0/Use_E2.BSCAN_I/Use_E2.BSCANE2_I/DRCK fall edge)
                                                     16.667    16.667 f  
    BSCAN_X0Y1           BSCANE2                      0.000    16.667 f  design_1_i/mdm_1/U0/Use_E2.BSCAN_I/Use_E2.BSCANE2_I/DRCK
                         net (fo=1, routed)           1.905    18.572    design_1_i/mdm_1/U0/No_Dbg_Reg_Access.BUFG_DRCK/DRCK
    BUFGCTRL_X0Y1        BUFG (Prop_bufg_I_O)         0.096    18.668 f  design_1_i/mdm_1/U0/No_Dbg_Reg_Access.BUFG_DRCK/Using_FPGA.Native/O
                         net (fo=232, routed)         1.565    20.233    design_1_i/mdm_1/U0/MDM_Core_I1/JTAG_CONTROL_I/Use_BSCAN.SYNC_FDRE/Using_FPGA.Native_0
    SLICE_X38Y46         FDRE                                         r  design_1_i/mdm_1/U0/MDM_Core_I1/JTAG_CONTROL_I/Use_BSCAN.SYNC_FDRE/Using_FPGA.Native/C  (IS_INVERTED)
  -------------------------------------------------------------------    -------------------
    SLICE_X38Y46         FDRE (Prop_fdre_C_Q)         0.524    20.757 r  design_1_i/mdm_1/U0/MDM_Core_I1/JTAG_CONTROL_I/Use_BSCAN.SYNC_FDRE/Using_FPGA.Native/Q
                         net (fo=4, routed)           1.023    21.780    design_1_i/mdm_1/U0/MDM_Core_I1/JTAG_CONTROL_I/Use_BSCAN.SYNC_FDRE/sync
    SLICE_X35Y43         LUT6 (Prop_lut6_I0_O)        0.124    21.904 r  design_1_i/mdm_1/U0/MDM_Core_I1/JTAG_CONTROL_I/Use_BSCAN.SYNC_FDRE/Dbg_Shift_0_INST_0/O
                         net (fo=8, routed)           0.899    22.803    design_1_i/microblaze_0/U0/MicroBlaze_Core_I/Performance.Core/Use_Debug_Logic.Master_Core.Debug_Perf/Dbg_Shift
    SLICE_X33Y41         LUT6 (Prop_lut6_I4_O)        0.124    22.927 r  design_1_i/microblaze_0/U0/MicroBlaze_Core_I/Performance.Core/Use_Debug_Logic.Master_Core.Debug_Perf/Serial_Dbg_Intf.shift_count[4]_i_1/O
                         net (fo=1, routed)           0.000    22.927    design_1_i/microblaze_0/U0/MicroBlaze_Core_I/Performance.Core/Use_Debug_Logic.Master_Core.Debug_Perf/p_0_in[4]
    SLICE_X33Y41         FDRE                                         r  design_1_i/microblaze_0/U0/MicroBlaze_Core_I/Performance.Core/Use_Debug_Logic.Master_Core.Debug_Perf/Serial_Dbg_Intf.shift_count_reg[4]/D
  -------------------------------------------------------------------    -------------------

                         (clock design_1_i/mdm_1/U0/Use_E2.BSCAN_I/Use_E2.BSCANE2_I/DRCK rise edge)
                                                     33.333    33.333 r  
    BSCAN_X0Y1           BSCANE2                      0.000    33.333 r  design_1_i/mdm_1/U0/Use_E2.BSCAN_I/Use_E2.BSCANE2_I/DRCK
                         net (fo=1, routed)           1.636    34.969    design_1_i/mdm_1/U0/No_Dbg_Reg_Access.BUFG_DRCK/DRCK
    BUFGCTRL_X0Y1        BUFG (Prop_bufg_I_O)         0.091    35.060 r  design_1_i/mdm_1/U0/No_Dbg_Reg_Access.BUFG_DRCK/Using_FPGA.Native/O
                         net (fo=232, routed)         1.444    36.505    design_1_i/microblaze_0/U0/MicroBlaze_Core_I/Performance.Core/Use_Debug_Logic.Master_Core.Debug_Perf/Dbg_Clk
    SLICE_X33Y41         FDRE                                         r  design_1_i/microblaze_0/U0/MicroBlaze_Core_I/Performance.Core/Use_Debug_Logic.Master_Core.Debug_Perf/Serial_Dbg_Intf.shift_count_reg[4]/C
                         clock pessimism              0.282    36.787    
                         clock uncertainty           -0.035    36.752    
    SLICE_X33Y41         FDRE (Setup_fdre_C_D)        0.031    36.783    design_1_i/microblaze_0/U0/MicroBlaze_Core_I/Performance.Core/Use_Debug_Logic.Master_Core.Debug_Perf/Serial_Dbg_Intf.shift_count_reg[4]
  -------------------------------------------------------------------
                         required time                         36.783    
                         arrival time                         -22.927    
  -------------------------------------------------------------------
                         slack                                 13.855    

Slack (MET) :             13.951ns  (required time - arrival time)
  Source:                 design_1_i/mdm_1/U0/MDM_Core_I1/JTAG_CONTROL_I/Use_BSCAN.SYNC_FDRE/Using_FPGA.Native/C
                            (falling edge-triggered cell FDRE clocked by design_1_i/mdm_1/U0/Use_E2.BSCAN_I/Use_E2.BSCANE2_I/DRCK  {rise@0.000ns fall@16.667ns period=33.333ns})
  Destination:            design_1_i/mdm_1/U0/MDM_Core_I1/JTAG_CONTROL_I/Use_Serial_Unified_Completion.mb_instr_overrun_reg/D
                            (rising edge-triggered cell FDRE clocked by design_1_i/mdm_1/U0/Use_E2.BSCAN_I/Use_E2.BSCANE2_I/DRCK  {rise@0.000ns fall@16.667ns period=33.333ns})
  Path Group:             design_1_i/mdm_1/U0/Use_E2.BSCAN_I/Use_E2.BSCANE2_I/DRCK
  Path Type:              Setup (Max at Slow Process Corner)
  Requirement:            16.667ns  (design_1_i/mdm_1/U0/Use_E2.BSCAN_I/Use_E2.BSCANE2_I/DRCK rise@33.333ns - design_1_i/mdm_1/U0/Use_E2.BSCAN_I/Use_E2.BSCANE2_I/DRCK fall@16.667ns)
  Data Path Delay:        2.599ns  (logic 0.772ns (29.701%)  route 1.827ns (70.299%))
  Logic Levels:           2  (LUT6=2)
  Clock Path Skew:        -0.112ns (DCD - SCD + CPR)
    Destination Clock Delay (DCD):    3.173ns = ( 36.506 - 33.333 ) 
    Source Clock Delay      (SCD):    3.567ns = ( 20.233 - 16.667 ) 
    Clock Pessimism Removal (CPR):    0.282ns
  Clock Uncertainty:      0.035ns  ((TSJ^2 + TIJ^2)^1/2 + DJ) / 2 + PE
    Total System Jitter     (TSJ):    0.071ns
    Total Input Jitter      (TIJ):    0.000ns
    Discrete Jitter          (DJ):    0.000ns
    Phase Error              (PE):    0.000ns

    Location             Delay type                Incr(ns)  Path(ns)    Netlist Resource(s)
  -------------------------------------------------------------------    -------------------
                         (clock design_1_i/mdm_1/U0/Use_E2.BSCAN_I/Use_E2.BSCANE2_I/DRCK fall edge)
                                                     16.667    16.667 f  
    BSCAN_X0Y1           BSCANE2                      0.000    16.667 f  design_1_i/mdm_1/U0/Use_E2.BSCAN_I/Use_E2.BSCANE2_I/DRCK
                         net (fo=1, routed)           1.905    18.572    design_1_i/mdm_1/U0/No_Dbg_Reg_Access.BUFG_DRCK/DRCK
    BUFGCTRL_X0Y1        BUFG (Prop_bufg_I_O)         0.096    18.668 f  design_1_i/mdm_1/U0/No_Dbg_Reg_Access.BUFG_DRCK/Using_FPGA.Native/O
                         net (fo=232, routed)         1.565    20.233    design_1_i/mdm_1/U0/MDM_Core_I1/JTAG_CONTROL_I/Use_BSCAN.SYNC_FDRE/Using_FPGA.Native_0
    SLICE_X38Y46         FDRE                                         r  design_1_i/mdm_1/U0/MDM_Core_I1/JTAG_CONTROL_I/Use_BSCAN.SYNC_FDRE/Using_FPGA.Native/C  (IS_INVERTED)
  -------------------------------------------------------------------    -------------------
    SLICE_X38Y46         FDRE (Prop_fdre_C_Q)         0.524    20.757 r  design_1_i/mdm_1/U0/MDM_Core_I1/JTAG_CONTROL_I/Use_BSCAN.SYNC_FDRE/Using_FPGA.Native/Q
                         net (fo=4, routed)           0.953    21.711    design_1_i/mdm_1/U0/MDM_Core_I1/JTAG_CONTROL_I/Use_BSCAN.FDC_I/sync
    SLICE_X34Y43         LUT6 (Prop_lut6_I4_O)        0.124    21.835 r  design_1_i/mdm_1/U0/MDM_Core_I1/JTAG_CONTROL_I/Use_BSCAN.FDC_I/Use_Serial_Unified_Completion.mb_instr_overrun_i_3/O
                         net (fo=2, routed)           0.874    22.709    design_1_i/mdm_1/U0/MDM_Core_I1/JTAG_CONTROL_I/Use_BSCAN.FDC_I/mb_instr_overrun1__0
    SLICE_X32Y43         LUT6 (Prop_lut6_I1_O)        0.124    22.833 r  design_1_i/mdm_1/U0/MDM_Core_I1/JTAG_CONTROL_I/Use_BSCAN.FDC_I/Use_Serial_Unified_Completion.mb_instr_overrun_i_1/O
                         net (fo=1, routed)           0.000    22.833    design_1_i/mdm_1/U0/MDM_Core_I1/JTAG_CONTROL_I/Use_BSCAN.FDC_I_n_30
    SLICE_X32Y43         FDRE                                         r  design_1_i/mdm_1/U0/MDM_Core_I1/JTAG_CONTROL_I/Use_Serial_Unified_Completion.mb_instr_overrun_reg/D
  -------------------------------------------------------------------    -------------------

                         (clock design_1_i/mdm_1/U0/Use_E2.BSCAN_I/Use_E2.BSCANE2_I/DRCK rise edge)
                                                     33.333    33.333 r  
    BSCAN_X0Y1           BSCANE2                      0.000    33.333 r  design_1_i/mdm_1/U0/Use_E2.BSCAN_I/Use_E2.BSCANE2_I/DRCK
                         net (fo=1, routed)           1.636    34.969    design_1_i/mdm_1/U0/No_Dbg_Reg_Access.BUFG_DRCK/DRCK
    BUFGCTRL_X0Y1        BUFG (Prop_bufg_I_O)         0.091    35.060 r  design_1_i/mdm_1/U0/No_Dbg_Reg_Access.BUFG_DRCK/Using_FPGA.Native/O
                         net (fo=232, routed)         1.445    36.506    design_1_i/mdm_1/U0/MDM_Core_I1/JTAG_CONTROL_I/Using_FPGA.Native
    SLICE_X32Y43         FDRE                                         r  design_1_i/mdm_1/U0/MDM_Core_I1/JTAG_CONTROL_I/Use_Serial_Unified_Completion.mb_instr_overrun_reg/C
                         clock pessimism              0.282    36.788    
                         clock uncertainty           -0.035    36.753    
    SLICE_X32Y43         FDRE (Setup_fdre_C_D)        0.031    36.784    design_1_i/mdm_1/U0/MDM_Core_I1/JTAG_CONTROL_I/Use_Serial_Unified_Completion.mb_instr_overrun_reg
  -------------------------------------------------------------------
                         required time                         36.784    
                         arrival time                         -22.833    
  -------------------------------------------------------------------
                         slack                                 13.951    





Min Delay Paths
--------------------------------------------------------------------------------------
Slack (MET) :             0.118ns  (arrival time - required time)
  Source:                 design_1_i/microblaze_0/U0/MicroBlaze_Core_I/Performance.Core/Use_Debug_Logic.Master_Core.Debug_Perf/Serial_Dbg_Intf.shift_datain_reg[19]/C
                            (rising edge-triggered cell FDRE clocked by design_1_i/mdm_1/U0/Use_E2.BSCAN_I/Use_E2.BSCANE2_I/DRCK  {rise@0.000ns fall@16.667ns period=33.333ns})
  Destination:            design_1_i/microblaze_0/U0/MicroBlaze_Core_I/Performance.Core/Use_Debug_Logic.Master_Core.Debug_Perf/Serial_Dbg_Intf.New_Instr_Reg_TCK_reg[18]/D
                            (rising edge-triggered cell FDRE clocked by design_1_i/mdm_1/U0/Use_E2.BSCAN_I/Use_E2.BSCANE2_I/DRCK  {rise@0.000ns fall@16.667ns period=33.333ns})
  Path Group:             design_1_i/mdm_1/U0/Use_E2.BSCAN_I/Use_E2.BSCANE2_I/DRCK
  Path Type:              Hold (Min at Fast Process Corner)
  Requirement:            0.000ns  (design_1_i/mdm_1/U0/Use_E2.BSCAN_I/Use_E2.BSCANE2_I/DRCK rise@0.000ns - design_1_i/mdm_1/U0/Use_E2.BSCAN_I/Use_E2.BSCANE2_I/DRCK rise@0.000ns)
  Data Path Delay:        0.207ns  (logic 0.141ns (68.017%)  route 0.066ns (31.983%))
  Logic Levels:           0  
  Clock Path Skew:        0.013ns (DCD - SCD - CPR)
    Destination Clock Delay (DCD):    1.743ns
    Source Clock Delay      (SCD):    1.349ns
    Clock Pessimism Removal (CPR):    0.381ns

    Location             Delay type                Incr(ns)  Path(ns)    Netlist Resource(s)
  -------------------------------------------------------------------    -------------------
                         (clock design_1_i/mdm_1/U0/Use_E2.BSCAN_I/Use_E2.BSCANE2_I/DRCK rise edge)
                                                      0.000     0.000 r  
    BSCAN_X0Y1           BSCANE2                      0.000     0.000 r  design_1_i/mdm_1/U0/Use_E2.BSCAN_I/Use_E2.BSCANE2_I/DRCK
                         net (fo=1, routed)           0.759     0.759    design_1_i/mdm_1/U0/No_Dbg_Reg_Access.BUFG_DRCK/DRCK
    BUFGCTRL_X0Y1        BUFG (Prop_bufg_I_O)         0.026     0.785 r  design_1_i/mdm_1/U0/No_Dbg_Reg_Access.BUFG_DRCK/Using_FPGA.Native/O
                         net (fo=232, routed)         0.564     1.349    design_1_i/microblaze_0/U0/MicroBlaze_Core_I/Performance.Core/Use_Debug_Logic.Master_Core.Debug_Perf/Dbg_Clk
    SLICE_X53Y38         FDRE                                         r  design_1_i/microblaze_0/U0/MicroBlaze_Core_I/Performance.Core/Use_Debug_Logic.Master_Core.Debug_Perf/Serial_Dbg_Intf.shift_datain_reg[19]/C
  -------------------------------------------------------------------    -------------------
    SLICE_X53Y38         FDRE (Prop_fdre_C_Q)         0.141     1.490 r  design_1_i/microblaze_0/U0/MicroBlaze_Core_I/Performance.Core/Use_Debug_Logic.Master_Core.Debug_Perf/Serial_Dbg_Intf.shift_datain_reg[19]/Q
                         net (fo=2, routed)           0.066     1.556    design_1_i/microblaze_0/U0/MicroBlaze_Core_I/Performance.Core/Use_Debug_Logic.Master_Core.Debug_Perf/Serial_Dbg_Intf.shift_datain_reg_n_0_[19]
    SLICE_X52Y38         FDRE                                         r  design_1_i/microblaze_0/U0/MicroBlaze_Core_I/Performance.Core/Use_Debug_Logic.Master_Core.Debug_Perf/Serial_Dbg_Intf.New_Instr_Reg_TCK_reg[18]/D
  -------------------------------------------------------------------    -------------------

                         (clock design_1_i/mdm_1/U0/Use_E2.BSCAN_I/Use_E2.BSCANE2_I/DRCK rise edge)
                                                      0.000     0.000 r  
    BSCAN_X0Y1           BSCANE2                      0.000     0.000 r  design_1_i/mdm_1/U0/Use_E2.BSCAN_I/Use_E2.BSCANE2_I/DRCK
                         net (fo=1, routed)           0.879     0.879    design_1_i/mdm_1/U0/No_Dbg_Reg_Access.BUFG_DRCK/DRCK
    BUFGCTRL_X0Y1        BUFG (Prop_bufg_I_O)         0.029     0.908 r  design_1_i/mdm_1/U0/No_Dbg_Reg_Access.BUFG_DRCK/Using_FPGA.Native/O
                         net (fo=232, routed)         0.835     1.743    design_1_i/microblaze_0/U0/MicroBlaze_Core_I/Performance.Core/Use_Debug_Logic.Master_Core.Debug_Perf/Dbg_Clk
    SLICE_X52Y38         FDRE                                         r  design_1_i/microblaze_0/U0/MicroBlaze_Core_I/Performance.Core/Use_Debug_Logic.Master_Core.Debug_Perf/Serial_Dbg_Intf.New_Instr_Reg_TCK_reg[18]/C
                         clock pessimism             -0.381     1.362    
    SLICE_X52Y38         FDRE (Hold_fdre_C_D)         0.076     1.438    design_1_i/microblaze_0/U0/MicroBlaze_Core_I/Performance.Core/Use_Debug_Logic.Master_Core.Debug_Perf/Serial_Dbg_Intf.New_Instr_Reg_TCK_reg[18]
  -------------------------------------------------------------------
                         required time                         -1.438    
                         arrival time                           1.556    
  -------------------------------------------------------------------
                         slack                                  0.118    

Slack (MET) :             0.118ns  (arrival time - required time)
  Source:                 design_1_i/microblaze_0/U0/MicroBlaze_Core_I/Performance.Core/Use_Debug_Logic.Master_Core.Debug_Perf/Serial_Dbg_Intf.shift_datain_reg[12]/C
                            (rising edge-triggered cell FDRE clocked by design_1_i/mdm_1/U0/Use_E2.BSCAN_I/Use_E2.BSCANE2_I/DRCK  {rise@0.000ns fall@16.667ns period=33.333ns})
  Destination:            design_1_i/microblaze_0/U0/MicroBlaze_Core_I/Performance.Core/Use_Debug_Logic.Master_Core.Debug_Perf/Serial_Dbg_Intf.New_Instr_Reg_TCK_reg[11]/D
                            (rising edge-triggered cell FDRE clocked by design_1_i/mdm_1/U0/Use_E2.BSCAN_I/Use_E2.BSCANE2_I/DRCK  {rise@0.000ns fall@16.667ns period=33.333ns})
  Path Group:             design_1_i/mdm_1/U0/Use_E2.BSCAN_I/Use_E2.BSCANE2_I/DRCK
  Path Type:              Hold (Min at Fast Process Corner)
  Requirement:            0.000ns  (design_1_i/mdm_1/U0/Use_E2.BSCAN_I/Use_E2.BSCANE2_I/DRCK rise@0.000ns - design_1_i/mdm_1/U0/Use_E2.BSCAN_I/Use_E2.BSCANE2_I/DRCK rise@0.000ns)
  Data Path Delay:        0.207ns  (logic 0.141ns (68.017%)  route 0.066ns (31.983%))
  Logic Levels:           0  
  Clock Path Skew:        0.013ns (DCD - SCD - CPR)
    Destination Clock Delay (DCD):    1.739ns
    Source Clock Delay      (SCD):    1.347ns
    Clock Pessimism Removal (CPR):    0.379ns

    Location             Delay type                Incr(ns)  Path(ns)    Netlist Resource(s)
  -------------------------------------------------------------------    -------------------
                         (clock design_1_i/mdm_1/U0/Use_E2.BSCAN_I/Use_E2.BSCANE2_I/DRCK rise edge)
                                                      0.000     0.000 r  
    BSCAN_X0Y1           BSCANE2                      0.000     0.000 r  design_1_i/mdm_1/U0/Use_E2.BSCAN_I/Use_E2.BSCANE2_I/DRCK
                         net (fo=1, routed)           0.759     0.759    design_1_i/mdm_1/U0/No_Dbg_Reg_Access.BUFG_DRCK/DRCK
    BUFGCTRL_X0Y1        BUFG (Prop_bufg_I_O)         0.026     0.785 r  design_1_i/mdm_1/U0/No_Dbg_Reg_Access.BUFG_DRCK/Using_FPGA.Native/O
                         net (fo=232, routed)         0.562     1.347    design_1_i/microblaze_0/U0/MicroBlaze_Core_I/Performance.Core/Use_Debug_Logic.Master_Core.Debug_Perf/Dbg_Clk
    SLICE_X55Y34         FDRE                                         r  design_1_i/microblaze_0/U0/MicroBlaze_Core_I/Performance.Core/Use_Debug_Logic.Master_Core.Debug_Perf/Serial_Dbg_Intf.shift_datain_reg[12]/C
  -------------------------------------------------------------------    -------------------
    SLICE_X55Y34         FDRE (Prop_fdre_C_Q)         0.141     1.488 r  design_1_i/microblaze_0/U0/MicroBlaze_Core_I/Performance.Core/Use_Debug_Logic.Master_Core.Debug_Perf/Serial_Dbg_Intf.shift_datain_reg[12]/Q
                         net (fo=2, routed)           0.066     1.554    design_1_i/microblaze_0/U0/MicroBlaze_Core_I/Performance.Core/Use_Debug_Logic.Master_Core.Debug_Perf/Serial_Dbg_Intf.shift_datain_reg_n_0_[12]
    SLICE_X54Y34         FDRE                                         r  design_1_i/microblaze_0/U0/MicroBlaze_Core_I/Performance.Core/Use_Debug_Logic.Master_Core.Debug_Perf/Serial_Dbg_Intf.New_Instr_Reg_TCK_reg[11]/D
  -------------------------------------------------------------------    -------------------

                         (clock design_1_i/mdm_1/U0/Use_E2.BSCAN_I/Use_E2.BSCANE2_I/DRCK rise edge)
                                                      0.000     0.000 r  
    BSCAN_X0Y1           BSCANE2                      0.000     0.000 r  design_1_i/mdm_1/U0/Use_E2.BSCAN_I/Use_E2.BSCANE2_I/DRCK
                         net (fo=1, routed)           0.879     0.879    design_1_i/mdm_1/U0/No_Dbg_Reg_Access.BUFG_DRCK/DRCK
    BUFGCTRL_X0Y1        BUFG (Prop_bufg_I_O)         0.029     0.908 r  design_1_i/mdm_1/U0/No_Dbg_Reg_Access.BUFG_DRCK/Using_FPGA.Native/O
                         net (fo=232, routed)         0.831     1.739    design_1_i/microblaze_0/U0/MicroBlaze_Core_I/Performance.Core/Use_Debug_Logic.Master_Core.Debug_Perf/Dbg_Clk
    SLICE_X54Y34         FDRE                                         r  design_1_i/microblaze_0/U0/MicroBlaze_Core_I/Performance.Core/Use_Debug_Logic.Master_Core.Debug_Perf/Serial_Dbg_Intf.New_Instr_Reg_TCK_reg[11]/C
                         clock pessimism             -0.379     1.360    
    SLICE_X54Y34         FDRE (Hold_fdre_C_D)         0.076     1.436    design_1_i/microblaze_0/U0/MicroBlaze_Core_I/Performance.Core/Use_Debug_Logic.Master_Core.Debug_Perf/Serial_Dbg_Intf.New_Instr_Reg_TCK_reg[11]
  -------------------------------------------------------------------
                         required time                         -1.436    
                         arrival time                           1.554    
  -------------------------------------------------------------------
                         slack                                  0.118    

Slack (MET) :             0.122ns  (arrival time - required time)
  Source:                 design_1_i/mdm_1/U0/MDM_Core_I1/Use_BSCAN.Config_Reg_reg[26]/C
                            (rising edge-triggered cell FDCE clocked by design_1_i/mdm_1/U0/Use_E2.BSCAN_I/Use_E2.BSCANE2_I/DRCK  {rise@0.000ns fall@16.667ns period=33.333ns})
  Destination:            design_1_i/mdm_1/U0/MDM_Core_I1/Use_BSCAN.Config_Reg_reg[25]/D
                            (rising edge-triggered cell FDPE clocked by design_1_i/mdm_1/U0/Use_E2.BSCAN_I/Use_E2.BSCANE2_I/DRCK  {rise@0.000ns fall@16.667ns period=33.333ns})
  Path Group:             design_1_i/mdm_1/U0/Use_E2.BSCAN_I/Use_E2.BSCANE2_I/DRCK
  Path Type:              Hold (Min at Fast Process Corner)
  Requirement:            0.000ns  (design_1_i/mdm_1/U0/Use_E2.BSCAN_I/Use_E2.BSCANE2_I/DRCK rise@0.000ns - design_1_i/mdm_1/U0/Use_E2.BSCAN_I/Use_E2.BSCANE2_I/DRCK rise@0.000ns)
  Data Path Delay:        0.197ns  (logic 0.141ns (71.611%)  route 0.056ns (28.389%))
  Logic Levels:           0  
  Clock Path Skew:        0.000ns (DCD - SCD - CPR)
    Destination Clock Delay (DCD):    1.739ns
    Source Clock Delay      (SCD):    1.347ns
    Clock Pessimism Removal (CPR):    0.392ns

    Location             Delay type                Incr(ns)  Path(ns)    Netlist Resource(s)
  -------------------------------------------------------------------    -------------------
                         (clock design_1_i/mdm_1/U0/Use_E2.BSCAN_I/Use_E2.BSCANE2_I/DRCK rise edge)
                                                      0.000     0.000 r  
    BSCAN_X0Y1           BSCANE2                      0.000     0.000 r  design_1_i/mdm_1/U0/Use_E2.BSCAN_I/Use_E2.BSCANE2_I/DRCK
                         net (fo=1, routed)           0.759     0.759    design_1_i/mdm_1/U0/No_Dbg_Reg_Access.BUFG_DRCK/DRCK
    BUFGCTRL_X0Y1        BUFG (Prop_bufg_I_O)         0.026     0.785 r  design_1_i/mdm_1/U0/No_Dbg_Reg_Access.BUFG_DRCK/Using_FPGA.Native/O
                         net (fo=232, routed)         0.562     1.347    design_1_i/mdm_1/U0/MDM_Core_I1/Using_FPGA.Native
    SLICE_X31Y41         FDCE                                         r  design_1_i/mdm_1/U0/MDM_Core_I1/Use_BSCAN.Config_Reg_reg[26]/C
  -------------------------------------------------------------------    -------------------
    SLICE_X31Y41         FDCE (Prop_fdce_C_Q)         0.141     1.488 r  design_1_i/mdm_1/U0/MDM_Core_I1/Use_BSCAN.Config_Reg_reg[26]/Q
                         net (fo=1, routed)           0.056     1.544    design_1_i/mdm_1/U0/MDM_Core_I1/Use_BSCAN.Config_Reg_reg_n_0_[26]
    SLICE_X31Y41         FDPE                                         r  design_1_i/mdm_1/U0/MDM_Core_I1/Use_BSCAN.Config_Reg_reg[25]/D
  -------------------------------------------------------------------    -------------------

                         (clock design_1_i/mdm_1/U0/Use_E2.BSCAN_I/Use_E2.BSCANE2_I/DRCK rise edge)
                                                      0.000     0.000 r  
    BSCAN_X0Y1           BSCANE2                      0.000     0.000 r  design_1_i/mdm_1/U0/Use_E2.BSCAN_I/Use_E2.BSCANE2_I/DRCK
                         net (fo=1, routed)           0.879     0.879    design_1_i/mdm_1/U0/No_Dbg_Reg_Access.BUFG_DRCK/DRCK
    BUFGCTRL_X0Y1        BUFG (Prop_bufg_I_O)         0.029     0.908 r  design_1_i/mdm_1/U0/No_Dbg_Reg_Access.BUFG_DRCK/Using_FPGA.Native/O
                         net (fo=232, routed)         0.831     1.739    design_1_i/mdm_1/U0/MDM_Core_I1/Using_FPGA.Native
    SLICE_X31Y41         FDPE                                         r  design_1_i/mdm_1/U0/MDM_Core_I1/Use_BSCAN.Config_Reg_reg[25]/C
                         clock pessimism             -0.392     1.347    
    SLICE_X31Y41         FDPE (Hold_fdpe_C_D)         0.075     1.422    design_1_i/mdm_1/U0/MDM_Core_I1/Use_BSCAN.Config_Reg_reg[25]
  -------------------------------------------------------------------
                         required time                         -1.422    
                         arrival time                           1.544    
  -------------------------------------------------------------------
                         slack                                  0.122    

Slack (MET) :             0.129ns  (arrival time - required time)
  Source:                 design_1_i/mdm_1/U0/MDM_Core_I1/Use_BSCAN.Config_Reg_reg[30]/C
                            (rising edge-triggered cell FDPE clocked by design_1_i/mdm_1/U0/Use_E2.BSCAN_I/Use_E2.BSCANE2_I/DRCK  {rise@0.000ns fall@16.667ns period=33.333ns})
  Destination:            design_1_i/mdm_1/U0/MDM_Core_I1/Use_BSCAN.Config_Reg_reg[28]_srl2_MDM_Core_I1_Use_BSCAN.Config_Reg_reg_c_0/D
                            (rising edge-triggered cell SRL16E clocked by design_1_i/mdm_1/U0/Use_E2.BSCAN_I/Use_E2.BSCANE2_I/DRCK  {rise@0.000ns fall@16.667ns period=33.333ns})
  Path Group:             design_1_i/mdm_1/U0/Use_E2.BSCAN_I/Use_E2.BSCANE2_I/DRCK
  Path Type:              Hold (Min at Fast Process Corner)
  Requirement:            0.000ns  (design_1_i/mdm_1/U0/Use_E2.BSCAN_I/Use_E2.BSCANE2_I/DRCK rise@0.000ns - design_1_i/mdm_1/U0/Use_E2.BSCAN_I/Use_E2.BSCANE2_I/DRCK rise@0.000ns)
  Data Path Delay:        0.257ns  (logic 0.141ns (54.828%)  route 0.116ns (45.172%))
  Logic Levels:           0  
  Clock Path Skew:        0.013ns (DCD - SCD - CPR)
    Destination Clock Delay (DCD):    1.739ns
    Source Clock Delay      (SCD):    1.347ns
    Clock Pessimism Removal (CPR):    0.379ns

    Location             Delay type                Incr(ns)  Path(ns)    Netlist Resource(s)
  -------------------------------------------------------------------    -------------------
                         (clock design_1_i/mdm_1/U0/Use_E2.BSCAN_I/Use_E2.BSCANE2_I/DRCK rise edge)
                                                      0.000     0.000 r  
    BSCAN_X0Y1           BSCANE2                      0.000     0.000 r  design_1_i/mdm_1/U0/Use_E2.BSCAN_I/Use_E2.BSCANE2_I/DRCK
                         net (fo=1, routed)           0.759     0.759    design_1_i/mdm_1/U0/No_Dbg_Reg_Access.BUFG_DRCK/DRCK
    BUFGCTRL_X0Y1        BUFG (Prop_bufg_I_O)         0.026     0.785 r  design_1_i/mdm_1/U0/No_Dbg_Reg_Access.BUFG_DRCK/Using_FPGA.Native/O
                         net (fo=232, routed)         0.562     1.347    design_1_i/mdm_1/U0/MDM_Core_I1/Using_FPGA.Native
    SLICE_X31Y41         FDPE                                         r  design_1_i/mdm_1/U0/MDM_Core_I1/Use_BSCAN.Config_Reg_reg[30]/C
  -------------------------------------------------------------------    -------------------
    SLICE_X31Y41         FDPE (Prop_fdpe_C_Q)         0.141     1.488 r  design_1_i/mdm_1/U0/MDM_Core_I1/Use_BSCAN.Config_Reg_reg[30]/Q
                         net (fo=1, routed)           0.116     1.604    design_1_i/mdm_1/U0/MDM_Core_I1/Use_BSCAN.Config_Reg_reg_n_0_[30]
    SLICE_X30Y41         SRL16E                                       r  design_1_i/mdm_1/U0/MDM_Core_I1/Use_BSCAN.Config_Reg_reg[28]_srl2_MDM_Core_I1_Use_BSCAN.Config_Reg_reg_c_0/D
  -------------------------------------------------------------------    -------------------

                         (clock design_1_i/mdm_1/U0/Use_E2.BSCAN_I/Use_E2.BSCANE2_I/DRCK rise edge)
                                                      0.000     0.000 r  
    BSCAN_X0Y1           BSCANE2                      0.000     0.000 r  design_1_i/mdm_1/U0/Use_E2.BSCAN_I/Use_E2.BSCANE2_I/DRCK
                         net (fo=1, routed)           0.879     0.879    design_1_i/mdm_1/U0/No_Dbg_Reg_Access.BUFG_DRCK/DRCK
    BUFGCTRL_X0Y1        BUFG (Prop_bufg_I_O)         0.029     0.908 r  design_1_i/mdm_1/U0/No_Dbg_Reg_Access.BUFG_DRCK/Using_FPGA.Native/O
                         net (fo=232, routed)         0.831     1.739    design_1_i/mdm_1/U0/MDM_Core_I1/Using_FPGA.Native
    SLICE_X30Y41         SRL16E                                       r  design_1_i/mdm_1/U0/MDM_Core_I1/Use_BSCAN.Config_Reg_reg[28]_srl2_MDM_Core_I1_Use_BSCAN.Config_Reg_reg_c_0/CLK
                         clock pessimism             -0.379     1.360    
    SLICE_X30Y41         SRL16E (Hold_srl16e_CLK_D)
                                                      0.115     1.475    design_1_i/mdm_1/U0/MDM_Core_I1/Use_BSCAN.Config_Reg_reg[28]_srl2_MDM_Core_I1_Use_BSCAN.Config_Reg_reg_c_0
  -------------------------------------------------------------------
                         required time                         -1.475    
                         arrival time                           1.604    
  -------------------------------------------------------------------
                         slack                                  0.129    

Slack (MET) :             0.158ns  (arrival time - required time)
  Source:                 design_1_i/microblaze_0/U0/MicroBlaze_Core_I/Performance.Core/Use_Debug_Logic.Master_Core.Debug_Perf/Serial_Dbg_Intf.sync_stop_CPU/Single_Synchronize.use_async_reset.sync_reg/C
                            (rising edge-triggered cell FDRE clocked by design_1_i/mdm_1/U0/Use_E2.BSCAN_I/Use_E2.BSCANE2_I/DRCK  {rise@0.000ns fall@16.667ns period=33.333ns})
  Destination:            design_1_i/microblaze_0/U0/MicroBlaze_Core_I/Performance.Core/Use_Debug_Logic.Master_Core.Debug_Perf/Serial_Dbg_Intf.status_reg_reg[16]/D
                            (rising edge-triggered cell FDRE clocked by design_1_i/mdm_1/U0/Use_E2.BSCAN_I/Use_E2.BSCANE2_I/DRCK  {rise@0.000ns fall@16.667ns period=33.333ns})
  Path Group:             design_1_i/mdm_1/U0/Use_E2.BSCAN_I/Use_E2.BSCANE2_I/DRCK
  Path Type:              Hold (Min at Fast Process Corner)
  Requirement:            0.000ns  (design_1_i/mdm_1/U0/Use_E2.BSCAN_I/Use_E2.BSCANE2_I/DRCK rise@0.000ns - design_1_i/mdm_1/U0/Use_E2.BSCAN_I/Use_E2.BSCANE2_I/DRCK rise@0.000ns)
  Data Path Delay:        0.190ns  (logic 0.128ns (67.295%)  route 0.062ns (32.705%))
  Logic Levels:           0  
  Clock Path Skew:        0.013ns (DCD - SCD - CPR)
    Destination Clock Delay (DCD):    1.739ns
    Source Clock Delay      (SCD):    1.347ns
    Clock Pessimism Removal (CPR):    0.379ns

    Location             Delay type                Incr(ns)  Path(ns)    Netlist Resource(s)
  -------------------------------------------------------------------    -------------------
                         (clock design_1_i/mdm_1/U0/Use_E2.BSCAN_I/Use_E2.BSCANE2_I/DRCK rise edge)
                                                      0.000     0.000 r  
    BSCAN_X0Y1           BSCANE2                      0.000     0.000 r  design_1_i/mdm_1/U0/Use_E2.BSCAN_I/Use_E2.BSCANE2_I/DRCK
                         net (fo=1, routed)           0.759     0.759    design_1_i/mdm_1/U0/No_Dbg_Reg_Access.BUFG_DRCK/DRCK
    BUFGCTRL_X0Y1        BUFG (Prop_bufg_I_O)         0.026     0.785 r  design_1_i/mdm_1/U0/No_Dbg_Reg_Access.BUFG_DRCK/Using_FPGA.Native/O
                         net (fo=232, routed)         0.562     1.347    design_1_i/microblaze_0/U0/MicroBlaze_Core_I/Performance.Core/Use_Debug_Logic.Master_Core.Debug_Perf/Serial_Dbg_Intf.sync_stop_CPU/Dbg_Clk
    SLICE_X37Y41         FDRE                                         r  design_1_i/microblaze_0/U0/MicroBlaze_Core_I/Performance.Core/Use_Debug_Logic.Master_Core.Debug_Perf/Serial_Dbg_Intf.sync_stop_CPU/Single_Synchronize.use_async_reset.sync_reg/C
  -------------------------------------------------------------------    -------------------
    SLICE_X37Y41         FDRE (Prop_fdre_C_Q)         0.128     1.475 r  design_1_i/microblaze_0/U0/MicroBlaze_Core_I/Performance.Core/Use_Debug_Logic.Master_Core.Debug_Perf/Serial_Dbg_Intf.sync_stop_CPU/Single_Synchronize.use_async_reset.sync_reg/Q
                         net (fo=1, routed)           0.062     1.537    design_1_i/microblaze_0/U0/MicroBlaze_Core_I/Performance.Core/Use_Debug_Logic.Master_Core.Debug_Perf/Serial_Dbg_Intf.sync_stop_CPU_n_0
    SLICE_X36Y41         FDRE                                         r  design_1_i/microblaze_0/U0/MicroBlaze_Core_I/Performance.Core/Use_Debug_Logic.Master_Core.Debug_Perf/Serial_Dbg_Intf.status_reg_reg[16]/D
  -------------------------------------------------------------------    -------------------

                         (clock design_1_i/mdm_1/U0/Use_E2.BSCAN_I/Use_E2.BSCANE2_I/DRCK rise edge)
                                                      0.000     0.000 r  
    BSCAN_X0Y1           BSCANE2                      0.000     0.000 r  design_1_i/mdm_1/U0/Use_E2.BSCAN_I/Use_E2.BSCANE2_I/DRCK
                         net (fo=1, routed)           0.879     0.879    design_1_i/mdm_1/U0/No_Dbg_Reg_Access.BUFG_DRCK/DRCK
    BUFGCTRL_X0Y1        BUFG (Prop_bufg_I_O)         0.029     0.908 r  design_1_i/mdm_1/U0/No_Dbg_Reg_Access.BUFG_DRCK/Using_FPGA.Native/O
                         net (fo=232, routed)         0.831     1.739    design_1_i/microblaze_0/U0/MicroBlaze_Core_I/Performance.Core/Use_Debug_Logic.Master_Core.Debug_Perf/Dbg_Clk
    SLICE_X36Y41         FDRE                                         r  design_1_i/microblaze_0/U0/MicroBlaze_Core_I/Performance.Core/Use_Debug_Logic.Master_Core.Debug_Perf/Serial_Dbg_Intf.status_reg_reg[16]/C
                         clock pessimism             -0.379     1.360    
    SLICE_X36Y41         FDRE (Hold_fdre_C_D)         0.019     1.379    design_1_i/microblaze_0/U0/MicroBlaze_Core_I/Performance.Core/Use_Debug_Logic.Master_Core.Debug_Perf/Serial_Dbg_Intf.status_reg_reg[16]
  -------------------------------------------------------------------
                         required time                         -1.379    
                         arrival time                           1.537    
  -------------------------------------------------------------------
                         slack                                  0.158    

Slack (MET) :             0.160ns  (arrival time - required time)
  Source:                 design_1_i/microblaze_0/U0/MicroBlaze_Core_I/Performance.Core/Use_Debug_Logic.Master_Core.Debug_Perf/Serial_Dbg_Intf.sync_sleep/Single_Synchronize.use_async_reset.sync_reg/C
                            (rising edge-triggered cell FDRE clocked by design_1_i/mdm_1/U0/Use_E2.BSCAN_I/Use_E2.BSCANE2_I/DRCK  {rise@0.000ns fall@16.667ns period=33.333ns})
  Destination:            design_1_i/microblaze_0/U0/MicroBlaze_Core_I/Performance.Core/Use_Debug_Logic.Master_Core.Debug_Perf/Serial_Dbg_Intf.status_reg_reg[27]/D
                            (rising edge-triggered cell FDRE clocked by design_1_i/mdm_1/U0/Use_E2.BSCAN_I/Use_E2.BSCANE2_I/DRCK  {rise@0.000ns fall@16.667ns period=33.333ns})
  Path Group:             design_1_i/mdm_1/U0/Use_E2.BSCAN_I/Use_E2.BSCANE2_I/DRCK
  Path Type:              Hold (Min at Fast Process Corner)
  Requirement:            0.000ns  (design_1_i/mdm_1/U0/Use_E2.BSCAN_I/Use_E2.BSCANE2_I/DRCK rise@0.000ns - design_1_i/mdm_1/U0/Use_E2.BSCAN_I/Use_E2.BSCANE2_I/DRCK rise@0.000ns)
  Data Path Delay:        0.251ns  (logic 0.141ns (56.174%)  route 0.110ns (43.826%))
  Logic Levels:           0  
  Clock Path Skew:        0.016ns (DCD - SCD - CPR)
    Destination Clock Delay (DCD):    1.740ns
    Source Clock Delay      (SCD):    1.347ns
    Clock Pessimism Removal (CPR):    0.377ns

    Location             Delay type                Incr(ns)  Path(ns)    Netlist Resource(s)
  -------------------------------------------------------------------    -------------------
                         (clock design_1_i/mdm_1/U0/Use_E2.BSCAN_I/Use_E2.BSCANE2_I/DRCK rise edge)
                                                      0.000     0.000 r  
    BSCAN_X0Y1           BSCANE2                      0.000     0.000 r  design_1_i/mdm_1/U0/Use_E2.BSCAN_I/Use_E2.BSCANE2_I/DRCK
                         net (fo=1, routed)           0.759     0.759    design_1_i/mdm_1/U0/No_Dbg_Reg_Access.BUFG_DRCK/DRCK
    BUFGCTRL_X0Y1        BUFG (Prop_bufg_I_O)         0.026     0.785 r  design_1_i/mdm_1/U0/No_Dbg_Reg_Access.BUFG_DRCK/Using_FPGA.Native/O
                         net (fo=232, routed)         0.562     1.347    design_1_i/microblaze_0/U0/MicroBlaze_Core_I/Performance.Core/Use_Debug_Logic.Master_Core.Debug_Perf/Serial_Dbg_Intf.sync_sleep/Dbg_Clk
    SLICE_X41Y41         FDRE                                         r  design_1_i/microblaze_0/U0/MicroBlaze_Core_I/Performance.Core/Use_Debug_Logic.Master_Core.Debug_Perf/Serial_Dbg_Intf.sync_sleep/Single_Synchronize.use_async_reset.sync_reg/C
  -------------------------------------------------------------------    -------------------
    SLICE_X41Y41         FDRE (Prop_fdre_C_Q)         0.141     1.488 r  design_1_i/microblaze_0/U0/MicroBlaze_Core_I/Performance.Core/Use_Debug_Logic.Master_Core.Debug_Perf/Serial_Dbg_Intf.sync_sleep/Single_Synchronize.use_async_reset.sync_reg/Q
                         net (fo=1, routed)           0.110     1.598    design_1_i/microblaze_0/U0/MicroBlaze_Core_I/Performance.Core/Use_Debug_Logic.Master_Core.Debug_Perf/sleep_synced
    SLICE_X41Y40         FDRE                                         r  design_1_i/microblaze_0/U0/MicroBlaze_Core_I/Performance.Core/Use_Debug_Logic.Master_Core.Debug_Perf/Serial_Dbg_Intf.status_reg_reg[27]/D
  -------------------------------------------------------------------    -------------------

                         (clock design_1_i/mdm_1/U0/Use_E2.BSCAN_I/Use_E2.BSCANE2_I/DRCK rise edge)
                                                      0.000     0.000 r  
    BSCAN_X0Y1           BSCANE2                      0.000     0.000 r  design_1_i/mdm_1/U0/Use_E2.BSCAN_I/Use_E2.BSCANE2_I/DRCK
                         net (fo=1, routed)           0.879     0.879    design_1_i/mdm_1/U0/No_Dbg_Reg_Access.BUFG_DRCK/DRCK
    BUFGCTRL_X0Y1        BUFG (Prop_bufg_I_O)         0.029     0.908 r  design_1_i/mdm_1/U0/No_Dbg_Reg_Access.BUFG_DRCK/Using_FPGA.Native/O
                         net (fo=232, routed)         0.832     1.740    design_1_i/microblaze_0/U0/MicroBlaze_Core_I/Performance.Core/Use_Debug_Logic.Master_Core.Debug_Perf/Dbg_Clk
    SLICE_X41Y40         FDRE                                         r  design_1_i/microblaze_0/U0/MicroBlaze_Core_I/Performance.Core/Use_Debug_Logic.Master_Core.Debug_Perf/Serial_Dbg_Intf.status_reg_reg[27]/C
                         clock pessimism             -0.377     1.363    
    SLICE_X41Y40         FDRE (Hold_fdre_C_D)         0.075     1.438    design_1_i/microblaze_0/U0/MicroBlaze_Core_I/Performance.Core/Use_Debug_Logic.Master_Core.Debug_Perf/Serial_Dbg_Intf.status_reg_reg[27]
  -------------------------------------------------------------------
                         required time                         -1.438    
                         arrival time                           1.598    
  -------------------------------------------------------------------
                         slack                                  0.160    

Slack (MET) :             0.164ns  (arrival time - required time)
  Source:                 design_1_i/microblaze_0/U0/MicroBlaze_Core_I/Performance.Core/Use_Debug_Logic.Master_Core.Debug_Perf/Serial_Dbg_Intf.sync_dbg_brk_hit/Single_Synchronize.use_async_reset.sync_reg/C
                            (rising edge-triggered cell FDRE clocked by design_1_i/mdm_1/U0/Use_E2.BSCAN_I/Use_E2.BSCANE2_I/DRCK  {rise@0.000ns fall@16.667ns period=33.333ns})
  Destination:            design_1_i/microblaze_0/U0/MicroBlaze_Core_I/Performance.Core/Use_Debug_Logic.Master_Core.Debug_Perf/Serial_Dbg_Intf.status_reg_reg[23]/D
                            (rising edge-triggered cell FDRE clocked by design_1_i/mdm_1/U0/Use_E2.BSCAN_I/Use_E2.BSCANE2_I/DRCK  {rise@0.000ns fall@16.667ns period=33.333ns})
  Path Group:             design_1_i/mdm_1/U0/Use_E2.BSCAN_I/Use_E2.BSCANE2_I/DRCK
  Path Type:              Hold (Min at Fast Process Corner)
  Requirement:            0.000ns  (design_1_i/mdm_1/U0/Use_E2.BSCAN_I/Use_E2.BSCANE2_I/DRCK rise@0.000ns - design_1_i/mdm_1/U0/Use_E2.BSCAN_I/Use_E2.BSCANE2_I/DRCK rise@0.000ns)
  Data Path Delay:        0.243ns  (logic 0.141ns (58.024%)  route 0.102ns (41.976%))
  Logic Levels:           0  
  Clock Path Skew:        0.016ns (DCD - SCD - CPR)
    Destination Clock Delay (DCD):    1.739ns
    Source Clock Delay      (SCD):    1.347ns
    Clock Pessimism Removal (CPR):    0.376ns

    Location             Delay type                Incr(ns)  Path(ns)    Netlist Resource(s)
  -------------------------------------------------------------------    -------------------
                         (clock design_1_i/mdm_1/U0/Use_E2.BSCAN_I/Use_E2.BSCANE2_I/DRCK rise edge)
                                                      0.000     0.000 r  
    BSCAN_X0Y1           BSCANE2                      0.000     0.000 r  design_1_i/mdm_1/U0/Use_E2.BSCAN_I/Use_E2.BSCANE2_I/DRCK
                         net (fo=1, routed)           0.759     0.759    design_1_i/mdm_1/U0/No_Dbg_Reg_Access.BUFG_DRCK/DRCK
    BUFGCTRL_X0Y1        BUFG (Prop_bufg_I_O)         0.026     0.785 r  design_1_i/mdm_1/U0/No_Dbg_Reg_Access.BUFG_DRCK/Using_FPGA.Native/O
                         net (fo=232, routed)         0.562     1.347    design_1_i/microblaze_0/U0/MicroBlaze_Core_I/Performance.Core/Use_Debug_Logic.Master_Core.Debug_Perf/Serial_Dbg_Intf.sync_dbg_brk_hit/Dbg_Clk
    SLICE_X37Y41         FDRE                                         r  design_1_i/microblaze_0/U0/MicroBlaze_Core_I/Performance.Core/Use_Debug_Logic.Master_Core.Debug_Perf/Serial_Dbg_Intf.sync_dbg_brk_hit/Single_Synchronize.use_async_reset.sync_reg/C
  -------------------------------------------------------------------    -------------------
    SLICE_X37Y41         FDRE (Prop_fdre_C_Q)         0.141     1.488 r  design_1_i/microblaze_0/U0/MicroBlaze_Core_I/Performance.Core/Use_Debug_Logic.Master_Core.Debug_Perf/Serial_Dbg_Intf.sync_dbg_brk_hit/Single_Synchronize.use_async_reset.sync_reg/Q
                         net (fo=1, routed)           0.102     1.590    design_1_i/microblaze_0/U0/MicroBlaze_Core_I/Performance.Core/Use_Debug_Logic.Master_Core.Debug_Perf/dbg_brki_hit_synced
    SLICE_X38Y41         FDRE                                         r  design_1_i/microblaze_0/U0/MicroBlaze_Core_I/Performance.Core/Use_Debug_Logic.Master_Core.Debug_Perf/Serial_Dbg_Intf.status_reg_reg[23]/D
  -------------------------------------------------------------------    -------------------

                         (clock design_1_i/mdm_1/U0/Use_E2.BSCAN_I/Use_E2.BSCANE2_I/DRCK rise edge)
                                                      0.000     0.000 r  
    BSCAN_X0Y1           BSCANE2                      0.000     0.000 r  design_1_i/mdm_1/U0/Use_E2.BSCAN_I/Use_E2.BSCANE2_I/DRCK
                         net (fo=1, routed)           0.879     0.879    design_1_i/mdm_1/U0/No_Dbg_Reg_Access.BUFG_DRCK/DRCK
    BUFGCTRL_X0Y1        BUFG (Prop_bufg_I_O)         0.029     0.908 r  design_1_i/mdm_1/U0/No_Dbg_Reg_Access.BUFG_DRCK/Using_FPGA.Native/O
                         net (fo=232, routed)         0.831     1.739    design_1_i/microblaze_0/U0/MicroBlaze_Core_I/Performance.Core/Use_Debug_Logic.Master_Core.Debug_Perf/Dbg_Clk
    SLICE_X38Y41         FDRE                                         r  design_1_i/microblaze_0/U0/MicroBlaze_Core_I/Performance.Core/Use_Debug_Logic.Master_Core.Debug_Perf/Serial_Dbg_Intf.status_reg_reg[23]/C
                         clock pessimism             -0.376     1.363    
    SLICE_X38Y41         FDRE (Hold_fdre_C_D)         0.063     1.426    design_1_i/microblaze_0/U0/MicroBlaze_Core_I/Performance.Core/Use_Debug_Logic.Master_Core.Debug_Perf/Serial_Dbg_Intf.status_reg_reg[23]
  -------------------------------------------------------------------
                         required time                         -1.426    
                         arrival time                           1.590    
  -------------------------------------------------------------------
                         slack                                  0.164    

Slack (MET) :             0.167ns  (arrival time - required time)
  Source:                 design_1_i/mdm_1/U0/MDM_Core_I1/Use_BSCAN.Config_Reg_reg[9]/C
                            (rising edge-triggered cell FDPE clocked by design_1_i/mdm_1/U0/Use_E2.BSCAN_I/Use_E2.BSCANE2_I/DRCK  {rise@0.000ns fall@16.667ns period=33.333ns})
  Destination:            design_1_i/mdm_1/U0/MDM_Core_I1/Use_BSCAN.Config_Reg_reg[5]_srl4_MDM_Core_I1_Use_BSCAN.Config_Reg_reg_c_2/D
                            (rising edge-triggered cell SRL16E clocked by design_1_i/mdm_1/U0/Use_E2.BSCAN_I/Use_E2.BSCANE2_I/DRCK  {rise@0.000ns fall@16.667ns period=33.333ns})
  Path Group:             design_1_i/mdm_1/U0/Use_E2.BSCAN_I/Use_E2.BSCANE2_I/DRCK
  Path Type:              Hold (Min at Fast Process Corner)
  Requirement:            0.000ns  (design_1_i/mdm_1/U0/Use_E2.BSCAN_I/Use_E2.BSCANE2_I/DRCK rise@0.000ns - design_1_i/mdm_1/U0/Use_E2.BSCAN_I/Use_E2.BSCANE2_I/DRCK rise@0.000ns)
  Data Path Delay:        0.311ns  (logic 0.141ns (45.288%)  route 0.170ns (54.712%))
  Logic Levels:           0  
  Clock Path Skew:        0.035ns (DCD - SCD - CPR)
    Destination Clock Delay (DCD):    1.739ns
    Source Clock Delay      (SCD):    1.347ns
    Clock Pessimism Removal (CPR):    0.357ns

    Location             Delay type                Incr(ns)  Path(ns)    Netlist Resource(s)
  -------------------------------------------------------------------    -------------------
                         (clock design_1_i/mdm_1/U0/Use_E2.BSCAN_I/Use_E2.BSCANE2_I/DRCK rise edge)
                                                      0.000     0.000 r  
    BSCAN_X0Y1           BSCANE2                      0.000     0.000 r  design_1_i/mdm_1/U0/Use_E2.BSCAN_I/Use_E2.BSCANE2_I/DRCK
                         net (fo=1, routed)           0.759     0.759    design_1_i/mdm_1/U0/No_Dbg_Reg_Access.BUFG_DRCK/DRCK
    BUFGCTRL_X0Y1        BUFG (Prop_bufg_I_O)         0.026     0.785 r  design_1_i/mdm_1/U0/No_Dbg_Reg_Access.BUFG_DRCK/Using_FPGA.Native/O
                         net (fo=232, routed)         0.562     1.347    design_1_i/mdm_1/U0/MDM_Core_I1/Using_FPGA.Native
    SLICE_X28Y41         FDPE                                         r  design_1_i/mdm_1/U0/MDM_Core_I1/Use_BSCAN.Config_Reg_reg[9]/C
  -------------------------------------------------------------------    -------------------
    SLICE_X28Y41         FDPE (Prop_fdpe_C_Q)         0.141     1.488 r  design_1_i/mdm_1/U0/MDM_Core_I1/Use_BSCAN.Config_Reg_reg[9]/Q
                         net (fo=1, routed)           0.170     1.658    design_1_i/mdm_1/U0/MDM_Core_I1/Use_BSCAN.Config_Reg_reg_n_0_[9]
    SLICE_X30Y41         SRL16E                                       r  design_1_i/mdm_1/U0/MDM_Core_I1/Use_BSCAN.Config_Reg_reg[5]_srl4_MDM_Core_I1_Use_BSCAN.Config_Reg_reg_c_2/D
  -------------------------------------------------------------------    -------------------

                         (clock design_1_i/mdm_1/U0/Use_E2.BSCAN_I/Use_E2.BSCANE2_I/DRCK rise edge)
                                                      0.000     0.000 r  
    BSCAN_X0Y1           BSCANE2                      0.000     0.000 r  design_1_i/mdm_1/U0/Use_E2.BSCAN_I/Use_E2.BSCANE2_I/DRCK
                         net (fo=1, routed)           0.879     0.879    design_1_i/mdm_1/U0/No_Dbg_Reg_Access.BUFG_DRCK/DRCK
    BUFGCTRL_X0Y1        BUFG (Prop_bufg_I_O)         0.029     0.908 r  design_1_i/mdm_1/U0/No_Dbg_Reg_Access.BUFG_DRCK/Using_FPGA.Native/O
                         net (fo=232, routed)         0.831     1.739    design_1_i/mdm_1/U0/MDM_Core_I1/Using_FPGA.Native
    SLICE_X30Y41         SRL16E                                       r  design_1_i/mdm_1/U0/MDM_Core_I1/Use_BSCAN.Config_Reg_reg[5]_srl4_MDM_Core_I1_Use_BSCAN.Config_Reg_reg_c_2/CLK
                         clock pessimism             -0.357     1.382    
    SLICE_X30Y41         SRL16E (Hold_srl16e_CLK_D)
                                                      0.109     1.491    design_1_i/mdm_1/U0/MDM_Core_I1/Use_BSCAN.Config_Reg_reg[5]_srl4_MDM_Core_I1_Use_BSCAN.Config_Reg_reg_c_2
  -------------------------------------------------------------------
                         required time                         -1.491    
                         arrival time                           1.658    
  -------------------------------------------------------------------
                         slack                                  0.167    

Slack (MET) :             0.169ns  (arrival time - required time)
  Source:                 design_1_i/mdm_1/U0/MDM_Core_I1/Use_BSCAN.Config_Reg_reg[25]/C
                            (rising edge-triggered cell FDPE clocked by design_1_i/mdm_1/U0/Use_E2.BSCAN_I/Use_E2.BSCANE2_I/DRCK  {rise@0.000ns fall@16.667ns period=33.333ns})
  Destination:            design_1_i/mdm_1/U0/MDM_Core_I1/Use_BSCAN.Config_Reg_reg[12]_srl13_MDM_Core_I1_Use_BSCAN.Config_Reg_reg_c_11/D
                            (rising edge-triggered cell SRL16E clocked by design_1_i/mdm_1/U0/Use_E2.BSCAN_I/Use_E2.BSCANE2_I/DRCK  {rise@0.000ns fall@16.667ns period=33.333ns})
  Path Group:             design_1_i/mdm_1/U0/Use_E2.BSCAN_I/Use_E2.BSCANE2_I/DRCK
  Path Type:              Hold (Min at Fast Process Corner)
  Requirement:            0.000ns  (design_1_i/mdm_1/U0/Use_E2.BSCAN_I/Use_E2.BSCANE2_I/DRCK rise@0.000ns - design_1_i/mdm_1/U0/Use_E2.BSCAN_I/Use_E2.BSCANE2_I/DRCK rise@0.000ns)
  Data Path Delay:        0.245ns  (logic 0.128ns (52.327%)  route 0.117ns (47.673%))
  Logic Levels:           0  
  Clock Path Skew:        0.013ns (DCD - SCD - CPR)
    Destination Clock Delay (DCD):    1.739ns
    Source Clock Delay      (SCD):    1.347ns
    Clock Pessimism Removal (CPR):    0.379ns

    Location             Delay type                Incr(ns)  Path(ns)    Netlist Resource(s)
  -------------------------------------------------------------------    -------------------
                         (clock design_1_i/mdm_1/U0/Use_E2.BSCAN_I/Use_E2.BSCANE2_I/DRCK rise edge)
                                                      0.000     0.000 r  
    BSCAN_X0Y1           BSCANE2                      0.000     0.000 r  design_1_i/mdm_1/U0/Use_E2.BSCAN_I/Use_E2.BSCANE2_I/DRCK
                         net (fo=1, routed)           0.759     0.759    design_1_i/mdm_1/U0/No_Dbg_Reg_Access.BUFG_DRCK/DRCK
    BUFGCTRL_X0Y1        BUFG (Prop_bufg_I_O)         0.026     0.785 r  design_1_i/mdm_1/U0/No_Dbg_Reg_Access.BUFG_DRCK/Using_FPGA.Native/O
                         net (fo=232, routed)         0.562     1.347    design_1_i/mdm_1/U0/MDM_Core_I1/Using_FPGA.Native
    SLICE_X31Y41         FDPE                                         r  design_1_i/mdm_1/U0/MDM_Core_I1/Use_BSCAN.Config_Reg_reg[25]/C
  -------------------------------------------------------------------    -------------------
    SLICE_X31Y41         FDPE (Prop_fdpe_C_Q)         0.128     1.475 r  design_1_i/mdm_1/U0/MDM_Core_I1/Use_BSCAN.Config_Reg_reg[25]/Q
                         net (fo=1, routed)           0.117     1.592    design_1_i/mdm_1/U0/MDM_Core_I1/Use_BSCAN.Config_Reg_reg_n_0_[25]
    SLICE_X30Y41         SRL16E                                       r  design_1_i/mdm_1/U0/MDM_Core_I1/Use_BSCAN.Config_Reg_reg[12]_srl13_MDM_Core_I1_Use_BSCAN.Config_Reg_reg_c_11/D
  -------------------------------------------------------------------    -------------------

                         (clock design_1_i/mdm_1/U0/Use_E2.BSCAN_I/Use_E2.BSCANE2_I/DRCK rise edge)
                                                      0.000     0.000 r  
    BSCAN_X0Y1           BSCANE2                      0.000     0.000 r  design_1_i/mdm_1/U0/Use_E2.BSCAN_I/Use_E2.BSCANE2_I/DRCK
                         net (fo=1, routed)           0.879     0.879    design_1_i/mdm_1/U0/No_Dbg_Reg_Access.BUFG_DRCK/DRCK
    BUFGCTRL_X0Y1        BUFG (Prop_bufg_I_O)         0.029     0.908 r  design_1_i/mdm_1/U0/No_Dbg_Reg_Access.BUFG_DRCK/Using_FPGA.Native/O
                         net (fo=232, routed)         0.831     1.739    design_1_i/mdm_1/U0/MDM_Core_I1/Using_FPGA.Native
    SLICE_X30Y41         SRL16E                                       r  design_1_i/mdm_1/U0/MDM_Core_I1/Use_BSCAN.Config_Reg_reg[12]_srl13_MDM_Core_I1_Use_BSCAN.Config_Reg_reg_c_11/CLK
                         clock pessimism             -0.379     1.360    
    SLICE_X30Y41         SRL16E (Hold_srl16e_CLK_D)
                                                      0.063     1.423    design_1_i/mdm_1/U0/MDM_Core_I1/Use_BSCAN.Config_Reg_reg[12]_srl13_MDM_Core_I1_Use_BSCAN.Config_Reg_reg_c_11
  -------------------------------------------------------------------
                         required time                         -1.423    
                         arrival time                           1.592    
  -------------------------------------------------------------------
                         slack                                  0.169    

Slack (MET) :             0.169ns  (arrival time - required time)
  Source:                 design_1_i/mdm_1/U0/MDM_Core_I1/JTAG_CONTROL_I/Use_Serial_Unified_Completion._Data_Read_Status.count_reg[4]/C
                            (rising edge-triggered cell FDRE clocked by design_1_i/mdm_1/U0/Use_E2.BSCAN_I/Use_E2.BSCANE2_I/DRCK  {rise@0.000ns fall@16.667ns period=33.333ns})
  Destination:            design_1_i/mdm_1/U0/MDM_Core_I1/JTAG_CONTROL_I/Use_Serial_Unified_Completion._Data_Read_Status.count_reg[1]/D
                            (rising edge-triggered cell FDRE clocked by design_1_i/mdm_1/U0/Use_E2.BSCAN_I/Use_E2.BSCANE2_I/DRCK  {rise@0.000ns fall@16.667ns period=33.333ns})
  Path Group:             design_1_i/mdm_1/U0/Use_E2.BSCAN_I/Use_E2.BSCANE2_I/DRCK
  Path Type:              Hold (Min at Fast Process Corner)
  Requirement:            0.000ns  (design_1_i/mdm_1/U0/Use_E2.BSCAN_I/Use_E2.BSCANE2_I/DRCK rise@0.000ns - design_1_i/mdm_1/U0/Use_E2.BSCAN_I/Use_E2.BSCANE2_I/DRCK rise@0.000ns)
  Data Path Delay:        0.273ns  (logic 0.186ns (68.168%)  route 0.087ns (31.832%))
  Logic Levels:           1  (LUT6=1)
  Clock Path Skew:        0.013ns (DCD - SCD - CPR)
    Destination Clock Delay (DCD):    1.741ns
    Source Clock Delay      (SCD):    1.348ns
    Clock Pessimism Removal (CPR):    0.380ns

    Location             Delay type                Incr(ns)  Path(ns)    Netlist Resource(s)
  -------------------------------------------------------------------    -------------------
                         (clock design_1_i/mdm_1/U0/Use_E2.BSCAN_I/Use_E2.BSCANE2_I/DRCK rise edge)
                                                      0.000     0.000 r  
    BSCAN_X0Y1           BSCANE2                      0.000     0.000 r  design_1_i/mdm_1/U0/Use_E2.BSCAN_I/Use_E2.BSCANE2_I/DRCK
                         net (fo=1, routed)           0.759     0.759    design_1_i/mdm_1/U0/No_Dbg_Reg_Access.BUFG_DRCK/DRCK
    BUFGCTRL_X0Y1        BUFG (Prop_bufg_I_O)         0.026     0.785 r  design_1_i/mdm_1/U0/No_Dbg_Reg_Access.BUFG_DRCK/Using_FPGA.Native/O
                         net (fo=232, routed)         0.563     1.348    design_1_i/mdm_1/U0/MDM_Core_I1/JTAG_CONTROL_I/Using_FPGA.Native
    SLICE_X28Y44         FDRE                                         r  design_1_i/mdm_1/U0/MDM_Core_I1/JTAG_CONTROL_I/Use_Serial_Unified_Completion._Data_Read_Status.count_reg[4]/C
  -------------------------------------------------------------------    -------------------
    SLICE_X28Y44         FDRE (Prop_fdre_C_Q)         0.141     1.489 r  design_1_i/mdm_1/U0/MDM_Core_I1/JTAG_CONTROL_I/Use_Serial_Unified_Completion._Data_Read_Status.count_reg[4]/Q
                         net (fo=6, routed)           0.087     1.576    design_1_i/mdm_1/U0/MDM_Core_I1/JTAG_CONTROL_I/Use_Serial_Unified_Completion._Data_Read_Status.count_reg[4]
    SLICE_X29Y44         LUT6 (Prop_lut6_I1_O)        0.045     1.621 r  design_1_i/mdm_1/U0/MDM_Core_I1/JTAG_CONTROL_I/Use_Serial_Unified_Completion._Data_Read_Status.count[1]_i_1/O
                         net (fo=1, routed)           0.000     1.621    design_1_i/mdm_1/U0/MDM_Core_I1/JTAG_CONTROL_I/p_0_in[4]
    SLICE_X29Y44         FDRE                                         r  design_1_i/mdm_1/U0/MDM_Core_I1/JTAG_CONTROL_I/Use_Serial_Unified_Completion._Data_Read_Status.count_reg[1]/D
  -------------------------------------------------------------------    -------------------

                         (clock design_1_i/mdm_1/U0/Use_E2.BSCAN_I/Use_E2.BSCANE2_I/DRCK rise edge)
                                                      0.000     0.000 r  
    BSCAN_X0Y1           BSCANE2                      0.000     0.000 r  design_1_i/mdm_1/U0/Use_E2.BSCAN_I/Use_E2.BSCANE2_I/DRCK
                         net (fo=1, routed)           0.879     0.879    design_1_i/mdm_1/U0/No_Dbg_Reg_Access.BUFG_DRCK/DRCK
    BUFGCTRL_X0Y1        BUFG (Prop_bufg_I_O)         0.029     0.908 r  design_1_i/mdm_1/U0/No_Dbg_Reg_Access.BUFG_DRCK/Using_FPGA.Native/O
                         net (fo=232, routed)         0.833     1.741    design_1_i/mdm_1/U0/MDM_Core_I1/JTAG_CONTROL_I/Using_FPGA.Native
    SLICE_X29Y44         FDRE                                         r  design_1_i/mdm_1/U0/MDM_Core_I1/JTAG_CONTROL_I/Use_Serial_Unified_Completion._Data_Read_Status.count_reg[1]/C
                         clock pessimism             -0.380     1.361    
    SLICE_X29Y44         FDRE (Hold_fdre_C_D)         0.091     1.452    design_1_i/mdm_1/U0/MDM_Core_I1/JTAG_CONTROL_I/Use_Serial_Unified_Completion._Data_Read_Status.count_reg[1]
  -------------------------------------------------------------------
                         required time                         -1.452    
                         arrival time                           1.621    
  -------------------------------------------------------------------
                         slack                                  0.169    





Pulse Width Checks
--------------------------------------------------------------------------------------
Clock Name:         design_1_i/mdm_1/U0/Use_E2.BSCAN_I/Use_E2.BSCANE2_I/DRCK
Waveform(ns):       { 0.000 16.667 }
Period(ns):         33.333
Sources:            { design_1_i/mdm_1/U0/Use_E2.BSCAN_I/Use_E2.BSCANE2_I/DRCK }

Check Type        Corner  Lib Pin      Reference Pin  Required(ns)  Actual(ns)  Slack(ns)  Location       Pin
Min Period        n/a     BUFG/I       n/a            2.155         33.333      31.178     BUFGCTRL_X0Y1  design_1_i/mdm_1/U0/No_Dbg_Reg_Access.BUFG_DRCK/Using_FPGA.Native/I
Min Period        n/a     FDRE/C       n/a            1.000         33.333      32.333     SLICE_X38Y46   design_1_i/mdm_1/U0/MDM_Core_I1/JTAG_CONTROL_I/Use_BSCAN.SYNC_FDRE/Using_FPGA.Native/C
Min Period        n/a     FDRE/C       n/a            1.000         33.333      32.333     SLICE_X31Y45   design_1_i/mdm_1/U0/MDM_Core_I1/JTAG_CONTROL_I/Use_Serial_Unified_Completion._Completion_Status_Register.sample_1_reg[10]/C
Min Period        n/a     FDRE/C       n/a            1.000         33.333      32.333     SLICE_X33Y45   design_1_i/mdm_1/U0/MDM_Core_I1/JTAG_CONTROL_I/Use_Serial_Unified_Completion._Completion_Status_Register.sample_1_reg[11]/C
Min Period        n/a     FDRE/C       n/a            1.000         33.333      32.333     SLICE_X33Y45   design_1_i/mdm_1/U0/MDM_Core_I1/JTAG_CONTROL_I/Use_Serial_Unified_Completion._Completion_Status_Register.sample_1_reg[12]/C
Min Period        n/a     FDRE/C       n/a            1.000         33.333      32.333     SLICE_X33Y45   design_1_i/mdm_1/U0/MDM_Core_I1/JTAG_CONTROL_I/Use_Serial_Unified_Completion._Completion_Status_Register.sample_1_reg[13]/C
Min Period        n/a     FDRE/C       n/a            1.000         33.333      32.333     SLICE_X33Y45   design_1_i/mdm_1/U0/MDM_Core_I1/JTAG_CONTROL_I/Use_Serial_Unified_Completion._Completion_Status_Register.sample_1_reg[14]/C
Min Period        n/a     FDRE/C       n/a            1.000         33.333      32.333     SLICE_X30Y45   design_1_i/mdm_1/U0/MDM_Core_I1/JTAG_CONTROL_I/Use_Serial_Unified_Completion._Completion_Status_Register.sample_1_reg[15]/C
Min Period        n/a     FDRE/C       n/a            1.000         33.333      32.333     SLICE_X32Y45   design_1_i/mdm_1/U0/MDM_Core_I1/JTAG_CONTROL_I/Use_Serial_Unified_Completion._Completion_Status_Register.sample_reg[13]/C
Min Period        n/a     FDRE/C       n/a            1.000         33.333      32.333     SLICE_X32Y45   design_1_i/mdm_1/U0/MDM_Core_I1/JTAG_CONTROL_I/Use_Serial_Unified_Completion._Completion_Status_Register.sample_reg[14]/C
Low Pulse Width   Fast    SRLC16E/CLK  n/a            0.980         16.666      15.686     SLICE_X34Y32   design_1_i/microblaze_0/U0/MicroBlaze_Core_I/Performance.Core/Use_Debug_Logic.Master_Core.Debug_Perf/Using_PC_Breakpoints.All_PC_Brks[0].Serial_Interface_1.address_hit_I/Compare[4].SRLC16E_I/Use_unisim.MB_SRL16CE_I1/CLK
Low Pulse Width   Fast    SRLC16E/CLK  n/a            0.980         16.666      15.686     SLICE_X34Y34   design_1_i/microblaze_0/U0/MicroBlaze_Core_I/Performance.Core/Use_Debug_Logic.Master_Core.Debug_Perf/Using_PC_Breakpoints.All_PC_Brks[0].Serial_Interface_1.address_hit_I/Compare[6].SRLC16E_I/Use_unisim.MB_SRL16CE_I1/CLK
Low Pulse Width   Fast    SRLC16E/CLK  n/a            0.980         16.666      15.686     SLICE_X34Y35   design_1_i/microblaze_0/U0/MicroBlaze_Core_I/Performance.Core/Use_Debug_Logic.Master_Core.Debug_Perf/Using_PC_Breakpoints.All_PC_Brks[0].Serial_Interface_1.address_hit_I/Compare[7].SRLC16E_I/Use_unisim.MB_SRL16CE_I1/CLK
Low Pulse Width   Fast    SRL16E/CLK   n/a            0.980         16.666      15.686     SLICE_X34Y43   design_1_i/mdm_1/U0/MDM_Core_I1/JTAG_CONTROL_I/Use_Config_SRL16E.SRL16E_2/Use_unisim.MB_SRL16E_I1/CLK
Low Pulse Width   Fast    SRL16E/CLK   n/a            0.980         16.666      15.686     SLICE_X34Y43   design_1_i/mdm_1/U0/MDM_Core_I1/JTAG_CONTROL_I/Use_ID_SRL16E.SRL16E_ID_1/Use_unisim.MB_SRL16E_I1/CLK
Low Pulse Width   Fast    SRL16E/CLK   n/a            0.980         16.666      15.686     SLICE_X34Y43   design_1_i/mdm_1/U0/MDM_Core_I1/JTAG_CONTROL_I/Use_ID_SRL16E.SRL16E_ID_2/Use_unisim.MB_SRL16E_I1/CLK
Low Pulse Width   Fast    SRL16E/CLK   n/a            0.980         16.666      15.686     SLICE_X30Y41   design_1_i/mdm_1/U0/MDM_Core_I1/Use_BSCAN.Config_Reg_reg[12]_srl13_MDM_Core_I1_Use_BSCAN.Config_Reg_reg_c_11/CLK
Low Pulse Width   Fast    SRL16E/CLK   n/a            0.980         16.666      15.686     SLICE_X30Y41   design_1_i/mdm_1/U0/MDM_Core_I1/Use_BSCAN.Config_Reg_reg[28]_srl2_MDM_Core_I1_Use_BSCAN.Config_Reg_reg_c_0/CLK
Low Pulse Width   Fast    SRL16E/CLK   n/a            0.980         16.666      15.686     SLICE_X30Y41   design_1_i/mdm_1/U0/MDM_Core_I1/Use_BSCAN.Config_Reg_reg[5]_srl4_MDM_Core_I1_Use_BSCAN.Config_Reg_reg_c_2/CLK
Low Pulse Width   Fast    SRL16E/CLK   n/a            0.980         16.666      15.686     SLICE_X34Y39   design_1_i/microblaze_0/U0/MicroBlaze_Core_I/Performance.Core/Use_Debug_Logic.Master_Core.Debug_Perf/Serial_Dbg_Intf.SRL16E_1/Use_unisim.MB_SRL16E_I1/CLK
High Pulse Width  Slow    SRLC16E/CLK  n/a            0.980         16.666      15.686     SLICE_X34Y32   design_1_i/microblaze_0/U0/MicroBlaze_Core_I/Performance.Core/Use_Debug_Logic.Master_Core.Debug_Perf/Using_PC_Breakpoints.All_PC_Brks[0].Serial_Interface_1.address_hit_I/Compare[4].SRLC16E_I/Use_unisim.MB_SRL16CE_I1/CLK
High Pulse Width  Slow    SRLC16E/CLK  n/a            0.980         16.666      15.686     SLICE_X34Y33   design_1_i/microblaze_0/U0/MicroBlaze_Core_I/Performance.Core/Use_Debug_Logic.Master_Core.Debug_Perf/Using_PC_Breakpoints.All_PC_Brks[0].Serial_Interface_1.address_hit_I/Compare[5].SRLC16E_I/Use_unisim.MB_SRL16CE_I1/CLK
High Pulse Width  Slow    SRLC16E/CLK  n/a            0.980         16.666      15.686     SLICE_X34Y34   design_1_i/microblaze_0/U0/MicroBlaze_Core_I/Performance.Core/Use_Debug_Logic.Master_Core.Debug_Perf/Using_PC_Breakpoints.All_PC_Brks[0].Serial_Interface_1.address_hit_I/Compare[6].SRLC16E_I/Use_unisim.MB_SRL16CE_I1/CLK
High Pulse Width  Slow    SRLC16E/CLK  n/a            0.980         16.666      15.686     SLICE_X34Y35   design_1_i/microblaze_0/U0/MicroBlaze_Core_I/Performance.Core/Use_Debug_Logic.Master_Core.Debug_Perf/Using_PC_Breakpoints.All_PC_Brks[0].Serial_Interface_1.address_hit_I/Compare[7].SRLC16E_I/Use_unisim.MB_SRL16CE_I1/CLK
High Pulse Width  Slow    SRL16E/CLK   n/a            0.980         16.666      15.686     SLICE_X34Y40   design_1_i/mdm_1/U0/MDM_Core_I1/JTAG_CONTROL_I/Use_Config_SRL16E.SRL16E_1/Use_unisim.MB_SRL16E_I1/CLK
High Pulse Width  Slow    SRL16E/CLK   n/a            0.980         16.666      15.686     SLICE_X34Y43   design_1_i/mdm_1/U0/MDM_Core_I1/JTAG_CONTROL_I/Use_Config_SRL16E.SRL16E_2/Use_unisim.MB_SRL16E_I1/CLK
High Pulse Width  Slow    SRL16E/CLK   n/a            0.980         16.666      15.686     SLICE_X34Y43   design_1_i/mdm_1/U0/MDM_Core_I1/JTAG_CONTROL_I/Use_ID_SRL16E.SRL16E_ID_1/Use_unisim.MB_SRL16E_I1/CLK
High Pulse Width  Slow    SRL16E/CLK   n/a            0.980         16.666      15.686     SLICE_X34Y43   design_1_i/mdm_1/U0/MDM_Core_I1/JTAG_CONTROL_I/Use_ID_SRL16E.SRL16E_ID_2/Use_unisim.MB_SRL16E_I1/CLK
High Pulse Width  Slow    SRL16E/CLK   n/a            0.980         16.666      15.686     SLICE_X30Y41   design_1_i/mdm_1/U0/MDM_Core_I1/Use_BSCAN.Config_Reg_reg[12]_srl13_MDM_Core_I1_Use_BSCAN.Config_Reg_reg_c_11/CLK
High Pulse Width  Slow    SRL16E/CLK   n/a            0.980         16.666      15.686     SLICE_X30Y41   design_1_i/mdm_1/U0/MDM_Core_I1/Use_BSCAN.Config_Reg_reg[28]_srl2_MDM_Core_I1_Use_BSCAN.Config_Reg_reg_c_0/CLK



---------------------------------------------------------------------------------------------------
From Clock:  design_1_i/mdm_1/U0/Use_E2.BSCAN_I/Use_E2.BSCANE2_I/UPDATE
  To Clock:  design_1_i/mdm_1/U0/Use_E2.BSCAN_I/Use_E2.BSCANE2_I/UPDATE

Setup :            0  Failing Endpoints,  Worst Slack       10.863ns,  Total Violation        0.000ns
Hold  :            0  Failing Endpoints,  Worst Slack        0.264ns,  Total Violation        0.000ns
PW    :            0  Failing Endpoints,  Worst Slack       16.166ns,  Total Violation        0.000ns
---------------------------------------------------------------------------------------------------


Max Delay Paths
--------------------------------------------------------------------------------------
Slack (MET) :             10.863ns  (required time - arrival time)
  Source:                 design_1_i/mdm_1/U0/MDM_Core_I1/JTAG_CONTROL_I/Use_BSCAN.command_reg[2]/C
                            (falling edge-triggered cell FDRE clocked by design_1_i/mdm_1/U0/Use_E2.BSCAN_I/Use_E2.BSCANE2_I/UPDATE  {rise@0.000ns fall@16.667ns period=33.333ns})
  Destination:            design_1_i/microblaze_0/U0/MicroBlaze_Core_I/Performance.Core/Use_Debug_Logic.Master_Core.Debug_Perf/Serial_Dbg_Intf.force_stop_TClk_reg/CE
                            (rising edge-triggered cell FDCE clocked by design_1_i/mdm_1/U0/Use_E2.BSCAN_I/Use_E2.BSCANE2_I/UPDATE  {rise@0.000ns fall@16.667ns period=33.333ns})
  Path Group:             design_1_i/mdm_1/U0/Use_E2.BSCAN_I/Use_E2.BSCANE2_I/UPDATE
  Path Type:              Setup (Max at Slow Process Corner)
  Requirement:            16.667ns  (design_1_i/mdm_1/U0/Use_E2.BSCAN_I/Use_E2.BSCANE2_I/UPDATE rise@33.333ns - design_1_i/mdm_1/U0/Use_E2.BSCAN_I/Use_E2.BSCANE2_I/UPDATE fall@16.667ns)
  Data Path Delay:        5.248ns  (logic 0.827ns (15.759%)  route 4.421ns (84.241%))
  Logic Levels:           3  (LUT3=1 LUT4=1 LUT5=1)
  Clock Path Skew:        -0.112ns (DCD - SCD + CPR)
    Destination Clock Delay (DCD):    2.901ns = ( 36.234 - 33.333 ) 
    Source Clock Delay      (SCD):    3.255ns = ( 19.921 - 16.667 ) 
    Clock Pessimism Removal (CPR):    0.242ns
  Clock Uncertainty:      0.035ns  ((TSJ^2 + TIJ^2)^1/2 + DJ) / 2 + PE
    Total System Jitter     (TSJ):    0.071ns
    Total Input Jitter      (TIJ):    0.000ns
    Discrete Jitter          (DJ):    0.000ns
    Phase Error              (PE):    0.000ns

    Location             Delay type                Incr(ns)  Path(ns)    Netlist Resource(s)
  -------------------------------------------------------------------    -------------------
                         (clock design_1_i/mdm_1/U0/Use_E2.BSCAN_I/Use_E2.BSCANE2_I/UPDATE fall edge)
                                                     16.667    16.667 f  
    BSCAN_X0Y1           BSCANE2                      0.000    16.667 f  design_1_i/mdm_1/U0/Use_E2.BSCAN_I/Use_E2.BSCANE2_I/UPDATE
                         net (fo=1, routed)           1.593    18.260    design_1_i/mdm_1/U0/Use_E2.BSCAN_I/Dbg_Update_0
    BUFGCTRL_X0Y2        BUFG (Prop_bufg_I_O)         0.096    18.356 f  design_1_i/mdm_1/U0/Use_E2.BSCAN_I/Dbg_Update_0_BUFG_inst/O
                         net (fo=39, routed)          1.565    19.921    design_1_i/mdm_1/U0/MDM_Core_I1/JTAG_CONTROL_I/CLK
    SLICE_X36Y43         FDRE                                         r  design_1_i/mdm_1/U0/MDM_Core_I1/JTAG_CONTROL_I/Use_BSCAN.command_reg[2]/C  (IS_INVERTED)
  -------------------------------------------------------------------    -------------------
    SLICE_X36Y43         FDRE (Prop_fdre_C_Q)         0.459    20.380 f  design_1_i/mdm_1/U0/MDM_Core_I1/JTAG_CONTROL_I/Use_BSCAN.command_reg[2]/Q
                         net (fo=12, routed)          1.179    21.559    design_1_i/mdm_1/U0/MDM_Core_I1/JTAG_CONTROL_I/Use_BSCAN.FDC_I/command[2]
    SLICE_X36Y44         LUT3 (Prop_lut3_I2_O)        0.124    21.683 f  design_1_i/mdm_1/U0/MDM_Core_I1/JTAG_CONTROL_I/Use_BSCAN.FDC_I/Dbg_Reg_En_0[2]_INST_0/O
                         net (fo=2, routed)           1.097    22.781    design_1_i/microblaze_0/U0/MicroBlaze_Core_I/Performance.Core/Use_Debug_Logic.Master_Core.Debug_Perf/Dbg_Reg_En[2]
    SLICE_X36Y44         LUT4 (Prop_lut4_I0_O)        0.124    22.905 f  design_1_i/microblaze_0/U0/MicroBlaze_Core_I/Performance.Core/Use_Debug_Logic.Master_Core.Debug_Perf/Dbg_TDO_INST_0_i_18/O
                         net (fo=7, routed)           0.586    23.491    design_1_i/microblaze_0/U0/MicroBlaze_Core_I/Performance.Core/Use_Debug_Logic.Master_Core.Debug_Perf/Dbg_Reg_En_2_sn_1
    SLICE_X35Y42         LUT5 (Prop_lut5_I4_O)        0.120    23.611 r  design_1_i/microblaze_0/U0/MicroBlaze_Core_I/Performance.Core/Use_Debug_Logic.Master_Core.Debug_Perf/Serial_Dbg_Intf.normal_stop_TClk_i_1/O
                         net (fo=8, routed)           1.557    25.169    design_1_i/microblaze_0/U0/MicroBlaze_Core_I/Performance.Core/Use_Debug_Logic.Master_Core.Debug_Perf/Control_Reg_En
    SLICE_X29Y40         FDCE                                         r  design_1_i/microblaze_0/U0/MicroBlaze_Core_I/Performance.Core/Use_Debug_Logic.Master_Core.Debug_Perf/Serial_Dbg_Intf.force_stop_TClk_reg/CE
  -------------------------------------------------------------------    -------------------

                         (clock design_1_i/mdm_1/U0/Use_E2.BSCAN_I/Use_E2.BSCANE2_I/UPDATE rise edge)
                                                     33.333    33.333 r  
    BSCAN_X0Y1           BSCANE2                      0.000    33.333 r  design_1_i/mdm_1/U0/Use_E2.BSCAN_I/Use_E2.BSCANE2_I/UPDATE
                         net (fo=1, routed)           1.364    34.697    design_1_i/mdm_1/U0/Use_E2.BSCAN_I/Dbg_Update_0
    BUFGCTRL_X0Y2        BUFG (Prop_bufg_I_O)         0.091    34.788 r  design_1_i/mdm_1/U0/Use_E2.BSCAN_I/Dbg_Update_0_BUFG_inst/O
                         net (fo=39, routed)          1.445    36.234    design_1_i/microblaze_0/U0/MicroBlaze_Core_I/Performance.Core/Use_Debug_Logic.Master_Core.Debug_Perf/Dbg_Update
    SLICE_X29Y40         FDCE                                         r  design_1_i/microblaze_0/U0/MicroBlaze_Core_I/Performance.Core/Use_Debug_Logic.Master_Core.Debug_Perf/Serial_Dbg_Intf.force_stop_TClk_reg/C
                         clock pessimism              0.242    36.476    
                         clock uncertainty           -0.035    36.440    
    SLICE_X29Y40         FDCE (Setup_fdce_C_CE)      -0.408    36.032    design_1_i/microblaze_0/U0/MicroBlaze_Core_I/Performance.Core/Use_Debug_Logic.Master_Core.Debug_Perf/Serial_Dbg_Intf.force_stop_TClk_reg
  -------------------------------------------------------------------
                         required time                         36.032    
                         arrival time                         -25.169    
  -------------------------------------------------------------------
                         slack                                 10.863    

Slack (MET) :             11.145ns  (required time - arrival time)
  Source:                 design_1_i/mdm_1/U0/MDM_Core_I1/JTAG_CONTROL_I/Use_BSCAN.command_reg[2]/C
                            (falling edge-triggered cell FDRE clocked by design_1_i/mdm_1/U0/Use_E2.BSCAN_I/Use_E2.BSCANE2_I/UPDATE  {rise@0.000ns fall@16.667ns period=33.333ns})
  Destination:            design_1_i/microblaze_0/U0/MicroBlaze_Core_I/Performance.Core/Use_Debug_Logic.Master_Core.Debug_Perf/Serial_Dbg_Intf.single_Step_TClk_reg/CE
                            (rising edge-triggered cell FDCE clocked by design_1_i/mdm_1/U0/Use_E2.BSCAN_I/Use_E2.BSCANE2_I/UPDATE  {rise@0.000ns fall@16.667ns period=33.333ns})
  Path Group:             design_1_i/mdm_1/U0/Use_E2.BSCAN_I/Use_E2.BSCANE2_I/UPDATE
  Path Type:              Setup (Max at Slow Process Corner)
  Requirement:            16.667ns  (design_1_i/mdm_1/U0/Use_E2.BSCAN_I/Use_E2.BSCANE2_I/UPDATE rise@33.333ns - design_1_i/mdm_1/U0/Use_E2.BSCAN_I/Use_E2.BSCANE2_I/UPDATE fall@16.667ns)
  Data Path Delay:        4.965ns  (logic 0.827ns (16.657%)  route 4.138ns (83.343%))
  Logic Levels:           3  (LUT3=1 LUT4=1 LUT5=1)
  Clock Path Skew:        -0.113ns (DCD - SCD + CPR)
    Destination Clock Delay (DCD):    2.900ns = ( 36.233 - 33.333 ) 
    Source Clock Delay      (SCD):    3.255ns = ( 19.921 - 16.667 ) 
    Clock Pessimism Removal (CPR):    0.242ns
  Clock Uncertainty:      0.035ns  ((TSJ^2 + TIJ^2)^1/2 + DJ) / 2 + PE
    Total System Jitter     (TSJ):    0.071ns
    Total Input Jitter      (TIJ):    0.000ns
    Discrete Jitter          (DJ):    0.000ns
    Phase Error              (PE):    0.000ns

    Location             Delay type                Incr(ns)  Path(ns)    Netlist Resource(s)
  -------------------------------------------------------------------    -------------------
                         (clock design_1_i/mdm_1/U0/Use_E2.BSCAN_I/Use_E2.BSCANE2_I/UPDATE fall edge)
                                                     16.667    16.667 f  
    BSCAN_X0Y1           BSCANE2                      0.000    16.667 f  design_1_i/mdm_1/U0/Use_E2.BSCAN_I/Use_E2.BSCANE2_I/UPDATE
                         net (fo=1, routed)           1.593    18.260    design_1_i/mdm_1/U0/Use_E2.BSCAN_I/Dbg_Update_0
    BUFGCTRL_X0Y2        BUFG (Prop_bufg_I_O)         0.096    18.356 f  design_1_i/mdm_1/U0/Use_E2.BSCAN_I/Dbg_Update_0_BUFG_inst/O
                         net (fo=39, routed)          1.565    19.921    design_1_i/mdm_1/U0/MDM_Core_I1/JTAG_CONTROL_I/CLK
    SLICE_X36Y43         FDRE                                         r  design_1_i/mdm_1/U0/MDM_Core_I1/JTAG_CONTROL_I/Use_BSCAN.command_reg[2]/C  (IS_INVERTED)
  -------------------------------------------------------------------    -------------------
    SLICE_X36Y43         FDRE (Prop_fdre_C_Q)         0.459    20.380 f  design_1_i/mdm_1/U0/MDM_Core_I1/JTAG_CONTROL_I/Use_BSCAN.command_reg[2]/Q
                         net (fo=12, routed)          1.179    21.559    design_1_i/mdm_1/U0/MDM_Core_I1/JTAG_CONTROL_I/Use_BSCAN.FDC_I/command[2]
    SLICE_X36Y44         LUT3 (Prop_lut3_I2_O)        0.124    21.683 f  design_1_i/mdm_1/U0/MDM_Core_I1/JTAG_CONTROL_I/Use_BSCAN.FDC_I/Dbg_Reg_En_0[2]_INST_0/O
                         net (fo=2, routed)           1.097    22.781    design_1_i/microblaze_0/U0/MicroBlaze_Core_I/Performance.Core/Use_Debug_Logic.Master_Core.Debug_Perf/Dbg_Reg_En[2]
    SLICE_X36Y44         LUT4 (Prop_lut4_I0_O)        0.124    22.905 f  design_1_i/microblaze_0/U0/MicroBlaze_Core_I/Performance.Core/Use_Debug_Logic.Master_Core.Debug_Perf/Dbg_TDO_INST_0_i_18/O
                         net (fo=7, routed)           0.586    23.491    design_1_i/microblaze_0/U0/MicroBlaze_Core_I/Performance.Core/Use_Debug_Logic.Master_Core.Debug_Perf/Dbg_Reg_En_2_sn_1
    SLICE_X35Y42         LUT5 (Prop_lut5_I4_O)        0.120    23.611 r  design_1_i/microblaze_0/U0/MicroBlaze_Core_I/Performance.Core/Use_Debug_Logic.Master_Core.Debug_Perf/Serial_Dbg_Intf.normal_stop_TClk_i_1/O
                         net (fo=8, routed)           1.275    24.886    design_1_i/microblaze_0/U0/MicroBlaze_Core_I/Performance.Core/Use_Debug_Logic.Master_Core.Debug_Perf/Control_Reg_En
    SLICE_X29Y38         FDCE                                         r  design_1_i/microblaze_0/U0/MicroBlaze_Core_I/Performance.Core/Use_Debug_Logic.Master_Core.Debug_Perf/Serial_Dbg_Intf.single_Step_TClk_reg/CE
  -------------------------------------------------------------------    -------------------

                         (clock design_1_i/mdm_1/U0/Use_E2.BSCAN_I/Use_E2.BSCANE2_I/UPDATE rise edge)
                                                     33.333    33.333 r  
    BSCAN_X0Y1           BSCANE2                      0.000    33.333 r  design_1_i/mdm_1/U0/Use_E2.BSCAN_I/Use_E2.BSCANE2_I/UPDATE
                         net (fo=1, routed)           1.364    34.697    design_1_i/mdm_1/U0/Use_E2.BSCAN_I/Dbg_Update_0
    BUFGCTRL_X0Y2        BUFG (Prop_bufg_I_O)         0.091    34.788 r  design_1_i/mdm_1/U0/Use_E2.BSCAN_I/Dbg_Update_0_BUFG_inst/O
                         net (fo=39, routed)          1.444    36.233    design_1_i/microblaze_0/U0/MicroBlaze_Core_I/Performance.Core/Use_Debug_Logic.Master_Core.Debug_Perf/Dbg_Update
    SLICE_X29Y38         FDCE                                         r  design_1_i/microblaze_0/U0/MicroBlaze_Core_I/Performance.Core/Use_Debug_Logic.Master_Core.Debug_Perf/Serial_Dbg_Intf.single_Step_TClk_reg/C
                         clock pessimism              0.242    36.475    
                         clock uncertainty           -0.035    36.439    
    SLICE_X29Y38         FDCE (Setup_fdce_C_CE)      -0.408    36.031    design_1_i/microblaze_0/U0/MicroBlaze_Core_I/Performance.Core/Use_Debug_Logic.Master_Core.Debug_Perf/Serial_Dbg_Intf.single_Step_TClk_reg
  -------------------------------------------------------------------
                         required time                         36.031    
                         arrival time                         -24.886    
  -------------------------------------------------------------------
                         slack                                 11.145    

Slack (MET) :             11.439ns  (required time - arrival time)
  Source:                 design_1_i/mdm_1/U0/MDM_Core_I1/JTAG_CONTROL_I/Use_BSCAN.command_reg[2]/C
                            (falling edge-triggered cell FDRE clocked by design_1_i/mdm_1/U0/Use_E2.BSCAN_I/Use_E2.BSCANE2_I/UPDATE  {rise@0.000ns fall@16.667ns period=33.333ns})
  Destination:            design_1_i/microblaze_0/U0/MicroBlaze_Core_I/Performance.Core/Use_Debug_Logic.Master_Core.Debug_Perf/Serial_Dbg_Intf.continue_from_brk_TClk_reg/CE
                            (rising edge-triggered cell FDCE clocked by design_1_i/mdm_1/U0/Use_E2.BSCAN_I/Use_E2.BSCANE2_I/UPDATE  {rise@0.000ns fall@16.667ns period=33.333ns})
  Path Group:             design_1_i/mdm_1/U0/Use_E2.BSCAN_I/Use_E2.BSCANE2_I/UPDATE
  Path Type:              Setup (Max at Slow Process Corner)
  Requirement:            16.667ns  (design_1_i/mdm_1/U0/Use_E2.BSCAN_I/Use_E2.BSCANE2_I/UPDATE rise@33.333ns - design_1_i/mdm_1/U0/Use_E2.BSCAN_I/Use_E2.BSCANE2_I/UPDATE fall@16.667ns)
  Data Path Delay:        4.669ns  (logic 0.827ns (17.712%)  route 3.842ns (82.288%))
  Logic Levels:           3  (LUT3=1 LUT4=1 LUT5=1)
  Clock Path Skew:        -0.115ns (DCD - SCD + CPR)
    Destination Clock Delay (DCD):    2.898ns = ( 36.231 - 33.333 ) 
    Source Clock Delay      (SCD):    3.255ns = ( 19.921 - 16.667 ) 
    Clock Pessimism Removal (CPR):    0.242ns
  Clock Uncertainty:      0.035ns  ((TSJ^2 + TIJ^2)^1/2 + DJ) / 2 + PE
    Total System Jitter     (TSJ):    0.071ns
    Total Input Jitter      (TIJ):    0.000ns
    Discrete Jitter          (DJ):    0.000ns
    Phase Error              (PE):    0.000ns

    Location             Delay type                Incr(ns)  Path(ns)    Netlist Resource(s)
  -------------------------------------------------------------------    -------------------
                         (clock design_1_i/mdm_1/U0/Use_E2.BSCAN_I/Use_E2.BSCANE2_I/UPDATE fall edge)
                                                     16.667    16.667 f  
    BSCAN_X0Y1           BSCANE2                      0.000    16.667 f  design_1_i/mdm_1/U0/Use_E2.BSCAN_I/Use_E2.BSCANE2_I/UPDATE
                         net (fo=1, routed)           1.593    18.260    design_1_i/mdm_1/U0/Use_E2.BSCAN_I/Dbg_Update_0
    BUFGCTRL_X0Y2        BUFG (Prop_bufg_I_O)         0.096    18.356 f  design_1_i/mdm_1/U0/Use_E2.BSCAN_I/Dbg_Update_0_BUFG_inst/O
                         net (fo=39, routed)          1.565    19.921    design_1_i/mdm_1/U0/MDM_Core_I1/JTAG_CONTROL_I/CLK
    SLICE_X36Y43         FDRE                                         r  design_1_i/mdm_1/U0/MDM_Core_I1/JTAG_CONTROL_I/Use_BSCAN.command_reg[2]/C  (IS_INVERTED)
  -------------------------------------------------------------------    -------------------
    SLICE_X36Y43         FDRE (Prop_fdre_C_Q)         0.459    20.380 f  design_1_i/mdm_1/U0/MDM_Core_I1/JTAG_CONTROL_I/Use_BSCAN.command_reg[2]/Q
                         net (fo=12, routed)          1.179    21.559    design_1_i/mdm_1/U0/MDM_Core_I1/JTAG_CONTROL_I/Use_BSCAN.FDC_I/command[2]
    SLICE_X36Y44         LUT3 (Prop_lut3_I2_O)        0.124    21.683 f  design_1_i/mdm_1/U0/MDM_Core_I1/JTAG_CONTROL_I/Use_BSCAN.FDC_I/Dbg_Reg_En_0[2]_INST_0/O
                         net (fo=2, routed)           1.097    22.781    design_1_i/microblaze_0/U0/MicroBlaze_Core_I/Performance.Core/Use_Debug_Logic.Master_Core.Debug_Perf/Dbg_Reg_En[2]
    SLICE_X36Y44         LUT4 (Prop_lut4_I0_O)        0.124    22.905 f  design_1_i/microblaze_0/U0/MicroBlaze_Core_I/Performance.Core/Use_Debug_Logic.Master_Core.Debug_Perf/Dbg_TDO_INST_0_i_18/O
                         net (fo=7, routed)           0.586    23.491    design_1_i/microblaze_0/U0/MicroBlaze_Core_I/Performance.Core/Use_Debug_Logic.Master_Core.Debug_Perf/Dbg_Reg_En_2_sn_1
    SLICE_X35Y42         LUT5 (Prop_lut5_I4_O)        0.120    23.611 r  design_1_i/microblaze_0/U0/MicroBlaze_Core_I/Performance.Core/Use_Debug_Logic.Master_Core.Debug_Perf/Serial_Dbg_Intf.normal_stop_TClk_i_1/O
                         net (fo=8, routed)           0.979    24.590    design_1_i/microblaze_0/U0/MicroBlaze_Core_I/Performance.Core/Use_Debug_Logic.Master_Core.Debug_Perf/Control_Reg_En
    SLICE_X31Y38         FDCE                                         r  design_1_i/microblaze_0/U0/MicroBlaze_Core_I/Performance.Core/Use_Debug_Logic.Master_Core.Debug_Perf/Serial_Dbg_Intf.continue_from_brk_TClk_reg/CE
  -------------------------------------------------------------------    -------------------

                         (clock design_1_i/mdm_1/U0/Use_E2.BSCAN_I/Use_E2.BSCANE2_I/UPDATE rise edge)
                                                     33.333    33.333 r  
    BSCAN_X0Y1           BSCANE2                      0.000    33.333 r  design_1_i/mdm_1/U0/Use_E2.BSCAN_I/Use_E2.BSCANE2_I/UPDATE
                         net (fo=1, routed)           1.364    34.697    design_1_i/mdm_1/U0/Use_E2.BSCAN_I/Dbg_Update_0
    BUFGCTRL_X0Y2        BUFG (Prop_bufg_I_O)         0.091    34.788 r  design_1_i/mdm_1/U0/Use_E2.BSCAN_I/Dbg_Update_0_BUFG_inst/O
                         net (fo=39, routed)          1.442    36.231    design_1_i/microblaze_0/U0/MicroBlaze_Core_I/Performance.Core/Use_Debug_Logic.Master_Core.Debug_Perf/Dbg_Update
    SLICE_X31Y38         FDCE                                         r  design_1_i/microblaze_0/U0/MicroBlaze_Core_I/Performance.Core/Use_Debug_Logic.Master_Core.Debug_Perf/Serial_Dbg_Intf.continue_from_brk_TClk_reg/C
                         clock pessimism              0.242    36.473    
                         clock uncertainty           -0.035    36.437    
    SLICE_X31Y38         FDCE (Setup_fdce_C_CE)      -0.408    36.029    design_1_i/microblaze_0/U0/MicroBlaze_Core_I/Performance.Core/Use_Debug_Logic.Master_Core.Debug_Perf/Serial_Dbg_Intf.continue_from_brk_TClk_reg
  -------------------------------------------------------------------
                         required time                         36.029    
                         arrival time                         -24.590    
  -------------------------------------------------------------------
                         slack                                 11.439    

Slack (MET) :             11.444ns  (required time - arrival time)
  Source:                 design_1_i/mdm_1/U0/MDM_Core_I1/JTAG_CONTROL_I/Use_BSCAN.command_reg[2]/C
                            (falling edge-triggered cell FDRE clocked by design_1_i/mdm_1/U0/Use_E2.BSCAN_I/Use_E2.BSCANE2_I/UPDATE  {rise@0.000ns fall@16.667ns period=33.333ns})
  Destination:            design_1_i/microblaze_0/U0/MicroBlaze_Core_I/Performance.Core/Use_Debug_Logic.Master_Core.Debug_Perf/Serial_Dbg_Intf.normal_stop_TClk_reg/CE
                            (rising edge-triggered cell FDCE clocked by design_1_i/mdm_1/U0/Use_E2.BSCAN_I/Use_E2.BSCANE2_I/UPDATE  {rise@0.000ns fall@16.667ns period=33.333ns})
  Path Group:             design_1_i/mdm_1/U0/Use_E2.BSCAN_I/Use_E2.BSCANE2_I/UPDATE
  Path Type:              Setup (Max at Slow Process Corner)
  Requirement:            16.667ns  (design_1_i/mdm_1/U0/Use_E2.BSCAN_I/Use_E2.BSCANE2_I/UPDATE rise@33.333ns - design_1_i/mdm_1/U0/Use_E2.BSCAN_I/Use_E2.BSCANE2_I/UPDATE fall@16.667ns)
  Data Path Delay:        4.665ns  (logic 0.827ns (17.728%)  route 3.838ns (82.272%))
  Logic Levels:           3  (LUT3=1 LUT4=1 LUT5=1)
  Clock Path Skew:        -0.114ns (DCD - SCD + CPR)
    Destination Clock Delay (DCD):    2.899ns = ( 36.232 - 33.333 ) 
    Source Clock Delay      (SCD):    3.255ns = ( 19.921 - 16.667 ) 
    Clock Pessimism Removal (CPR):    0.242ns
  Clock Uncertainty:      0.035ns  ((TSJ^2 + TIJ^2)^1/2 + DJ) / 2 + PE
    Total System Jitter     (TSJ):    0.071ns
    Total Input Jitter      (TIJ):    0.000ns
    Discrete Jitter          (DJ):    0.000ns
    Phase Error              (PE):    0.000ns

    Location             Delay type                Incr(ns)  Path(ns)    Netlist Resource(s)
  -------------------------------------------------------------------    -------------------
                         (clock design_1_i/mdm_1/U0/Use_E2.BSCAN_I/Use_E2.BSCANE2_I/UPDATE fall edge)
                                                     16.667    16.667 f  
    BSCAN_X0Y1           BSCANE2                      0.000    16.667 f  design_1_i/mdm_1/U0/Use_E2.BSCAN_I/Use_E2.BSCANE2_I/UPDATE
                         net (fo=1, routed)           1.593    18.260    design_1_i/mdm_1/U0/Use_E2.BSCAN_I/Dbg_Update_0
    BUFGCTRL_X0Y2        BUFG (Prop_bufg_I_O)         0.096    18.356 f  design_1_i/mdm_1/U0/Use_E2.BSCAN_I/Dbg_Update_0_BUFG_inst/O
                         net (fo=39, routed)          1.565    19.921    design_1_i/mdm_1/U0/MDM_Core_I1/JTAG_CONTROL_I/CLK
    SLICE_X36Y43         FDRE                                         r  design_1_i/mdm_1/U0/MDM_Core_I1/JTAG_CONTROL_I/Use_BSCAN.command_reg[2]/C  (IS_INVERTED)
  -------------------------------------------------------------------    -------------------
    SLICE_X36Y43         FDRE (Prop_fdre_C_Q)         0.459    20.380 f  design_1_i/mdm_1/U0/MDM_Core_I1/JTAG_CONTROL_I/Use_BSCAN.command_reg[2]/Q
                         net (fo=12, routed)          1.179    21.559    design_1_i/mdm_1/U0/MDM_Core_I1/JTAG_CONTROL_I/Use_BSCAN.FDC_I/command[2]
    SLICE_X36Y44         LUT3 (Prop_lut3_I2_O)        0.124    21.683 f  design_1_i/mdm_1/U0/MDM_Core_I1/JTAG_CONTROL_I/Use_BSCAN.FDC_I/Dbg_Reg_En_0[2]_INST_0/O
                         net (fo=2, routed)           1.097    22.781    design_1_i/microblaze_0/U0/MicroBlaze_Core_I/Performance.Core/Use_Debug_Logic.Master_Core.Debug_Perf/Dbg_Reg_En[2]
    SLICE_X36Y44         LUT4 (Prop_lut4_I0_O)        0.124    22.905 f  design_1_i/microblaze_0/U0/MicroBlaze_Core_I/Performance.Core/Use_Debug_Logic.Master_Core.Debug_Perf/Dbg_TDO_INST_0_i_18/O
                         net (fo=7, routed)           0.586    23.491    design_1_i/microblaze_0/U0/MicroBlaze_Core_I/Performance.Core/Use_Debug_Logic.Master_Core.Debug_Perf/Dbg_Reg_En_2_sn_1
    SLICE_X35Y42         LUT5 (Prop_lut5_I4_O)        0.120    23.611 r  design_1_i/microblaze_0/U0/MicroBlaze_Core_I/Performance.Core/Use_Debug_Logic.Master_Core.Debug_Perf/Serial_Dbg_Intf.normal_stop_TClk_i_1/O
                         net (fo=8, routed)           0.975    24.586    design_1_i/microblaze_0/U0/MicroBlaze_Core_I/Performance.Core/Use_Debug_Logic.Master_Core.Debug_Perf/Control_Reg_En
    SLICE_X33Y39         FDCE                                         r  design_1_i/microblaze_0/U0/MicroBlaze_Core_I/Performance.Core/Use_Debug_Logic.Master_Core.Debug_Perf/Serial_Dbg_Intf.normal_stop_TClk_reg/CE
  -------------------------------------------------------------------    -------------------

                         (clock design_1_i/mdm_1/U0/Use_E2.BSCAN_I/Use_E2.BSCANE2_I/UPDATE rise edge)
                                                     33.333    33.333 r  
    BSCAN_X0Y1           BSCANE2                      0.000    33.333 r  design_1_i/mdm_1/U0/Use_E2.BSCAN_I/Use_E2.BSCANE2_I/UPDATE
                         net (fo=1, routed)           1.364    34.697    design_1_i/mdm_1/U0/Use_E2.BSCAN_I/Dbg_Update_0
    BUFGCTRL_X0Y2        BUFG (Prop_bufg_I_O)         0.091    34.788 r  design_1_i/mdm_1/U0/Use_E2.BSCAN_I/Dbg_Update_0_BUFG_inst/O
                         net (fo=39, routed)          1.443    36.232    design_1_i/microblaze_0/U0/MicroBlaze_Core_I/Performance.Core/Use_Debug_Logic.Master_Core.Debug_Perf/Dbg_Update
    SLICE_X33Y39         FDCE                                         r  design_1_i/microblaze_0/U0/MicroBlaze_Core_I/Performance.Core/Use_Debug_Logic.Master_Core.Debug_Perf/Serial_Dbg_Intf.normal_stop_TClk_reg/C
                         clock pessimism              0.242    36.474    
                         clock uncertainty           -0.035    36.438    
    SLICE_X33Y39         FDCE (Setup_fdce_C_CE)      -0.408    36.030    design_1_i/microblaze_0/U0/MicroBlaze_Core_I/Performance.Core/Use_Debug_Logic.Master_Core.Debug_Perf/Serial_Dbg_Intf.normal_stop_TClk_reg
  -------------------------------------------------------------------
                         required time                         36.030    
                         arrival time                         -24.586    
  -------------------------------------------------------------------
                         slack                                 11.444    

Slack (MET) :             11.730ns  (required time - arrival time)
  Source:                 design_1_i/mdm_1/U0/MDM_Core_I1/JTAG_CONTROL_I/Use_BSCAN.command_reg[2]/C
                            (falling edge-triggered cell FDRE clocked by design_1_i/mdm_1/U0/Use_E2.BSCAN_I/Use_E2.BSCANE2_I/UPDATE  {rise@0.000ns fall@16.667ns period=33.333ns})
  Destination:            design_1_i/microblaze_0/U0/MicroBlaze_Core_I/Performance.Core/Use_Debug_Logic.Master_Core.Debug_Perf/Serial_Dbg_Intf.control_reg_reg[0]/CE
                            (rising edge-triggered cell FDRE clocked by design_1_i/mdm_1/U0/Use_E2.BSCAN_I/Use_E2.BSCANE2_I/UPDATE  {rise@0.000ns fall@16.667ns period=33.333ns})
  Path Group:             design_1_i/mdm_1/U0/Use_E2.BSCAN_I/Use_E2.BSCANE2_I/UPDATE
  Path Type:              Setup (Max at Slow Process Corner)
  Requirement:            16.667ns  (design_1_i/mdm_1/U0/Use_E2.BSCAN_I/Use_E2.BSCANE2_I/UPDATE rise@33.333ns - design_1_i/mdm_1/U0/Use_E2.BSCAN_I/Use_E2.BSCANE2_I/UPDATE fall@16.667ns)
  Data Path Delay:        4.377ns  (logic 0.827ns (18.895%)  route 3.550ns (81.105%))
  Logic Levels:           3  (LUT3=1 LUT4=1 LUT5=1)
  Clock Path Skew:        -0.116ns (DCD - SCD + CPR)
    Destination Clock Delay (DCD):    2.897ns = ( 36.230 - 33.333 ) 
    Source Clock Delay      (SCD):    3.255ns = ( 19.921 - 16.667 ) 
    Clock Pessimism Removal (CPR):    0.242ns
  Clock Uncertainty:      0.035ns  ((TSJ^2 + TIJ^2)^1/2 + DJ) / 2 + PE
    Total System Jitter     (TSJ):    0.071ns
    Total Input Jitter      (TIJ):    0.000ns
    Discrete Jitter          (DJ):    0.000ns
    Phase Error              (PE):    0.000ns

    Location             Delay type                Incr(ns)  Path(ns)    Netlist Resource(s)
  -------------------------------------------------------------------    -------------------
                         (clock design_1_i/mdm_1/U0/Use_E2.BSCAN_I/Use_E2.BSCANE2_I/UPDATE fall edge)
                                                     16.667    16.667 f  
    BSCAN_X0Y1           BSCANE2                      0.000    16.667 f  design_1_i/mdm_1/U0/Use_E2.BSCAN_I/Use_E2.BSCANE2_I/UPDATE
                         net (fo=1, routed)           1.593    18.260    design_1_i/mdm_1/U0/Use_E2.BSCAN_I/Dbg_Update_0
    BUFGCTRL_X0Y2        BUFG (Prop_bufg_I_O)         0.096    18.356 f  design_1_i/mdm_1/U0/Use_E2.BSCAN_I/Dbg_Update_0_BUFG_inst/O
                         net (fo=39, routed)          1.565    19.921    design_1_i/mdm_1/U0/MDM_Core_I1/JTAG_CONTROL_I/CLK
    SLICE_X36Y43         FDRE                                         r  design_1_i/mdm_1/U0/MDM_Core_I1/JTAG_CONTROL_I/Use_BSCAN.command_reg[2]/C  (IS_INVERTED)
  -------------------------------------------------------------------    -------------------
    SLICE_X36Y43         FDRE (Prop_fdre_C_Q)         0.459    20.380 f  design_1_i/mdm_1/U0/MDM_Core_I1/JTAG_CONTROL_I/Use_BSCAN.command_reg[2]/Q
                         net (fo=12, routed)          1.179    21.559    design_1_i/mdm_1/U0/MDM_Core_I1/JTAG_CONTROL_I/Use_BSCAN.FDC_I/command[2]
    SLICE_X36Y44         LUT3 (Prop_lut3_I2_O)        0.124    21.683 f  design_1_i/mdm_1/U0/MDM_Core_I1/JTAG_CONTROL_I/Use_BSCAN.FDC_I/Dbg_Reg_En_0[2]_INST_0/O
                         net (fo=2, routed)           1.097    22.781    design_1_i/microblaze_0/U0/MicroBlaze_Core_I/Performance.Core/Use_Debug_Logic.Master_Core.Debug_Perf/Dbg_Reg_En[2]
    SLICE_X36Y44         LUT4 (Prop_lut4_I0_O)        0.124    22.905 f  design_1_i/microblaze_0/U0/MicroBlaze_Core_I/Performance.Core/Use_Debug_Logic.Master_Core.Debug_Perf/Dbg_TDO_INST_0_i_18/O
                         net (fo=7, routed)           0.586    23.491    design_1_i/microblaze_0/U0/MicroBlaze_Core_I/Performance.Core/Use_Debug_Logic.Master_Core.Debug_Perf/Dbg_Reg_En_2_sn_1
    SLICE_X35Y42         LUT5 (Prop_lut5_I4_O)        0.120    23.611 r  design_1_i/microblaze_0/U0/MicroBlaze_Core_I/Performance.Core/Use_Debug_Logic.Master_Core.Debug_Perf/Serial_Dbg_Intf.normal_stop_TClk_i_1/O
                         net (fo=8, routed)           0.687    24.298    design_1_i/microblaze_0/U0/MicroBlaze_Core_I/Performance.Core/Use_Debug_Logic.Master_Core.Debug_Perf/Control_Reg_En
    SLICE_X35Y38         FDRE                                         r  design_1_i/microblaze_0/U0/MicroBlaze_Core_I/Performance.Core/Use_Debug_Logic.Master_Core.Debug_Perf/Serial_Dbg_Intf.control_reg_reg[0]/CE
  -------------------------------------------------------------------    -------------------

                         (clock design_1_i/mdm_1/U0/Use_E2.BSCAN_I/Use_E2.BSCANE2_I/UPDATE rise edge)
                                                     33.333    33.333 r  
    BSCAN_X0Y1           BSCANE2                      0.000    33.333 r  design_1_i/mdm_1/U0/Use_E2.BSCAN_I/Use_E2.BSCANE2_I/UPDATE
                         net (fo=1, routed)           1.364    34.697    design_1_i/mdm_1/U0/Use_E2.BSCAN_I/Dbg_Update_0
    BUFGCTRL_X0Y2        BUFG (Prop_bufg_I_O)         0.091    34.788 r  design_1_i/mdm_1/U0/Use_E2.BSCAN_I/Dbg_Update_0_BUFG_inst/O
                         net (fo=39, routed)          1.441    36.230    design_1_i/microblaze_0/U0/MicroBlaze_Core_I/Performance.Core/Use_Debug_Logic.Master_Core.Debug_Perf/Dbg_Update
    SLICE_X35Y38         FDRE                                         r  design_1_i/microblaze_0/U0/MicroBlaze_Core_I/Performance.Core/Use_Debug_Logic.Master_Core.Debug_Perf/Serial_Dbg_Intf.control_reg_reg[0]/C
                         clock pessimism              0.242    36.472    
                         clock uncertainty           -0.035    36.436    
    SLICE_X35Y38         FDRE (Setup_fdre_C_CE)      -0.408    36.028    design_1_i/microblaze_0/U0/MicroBlaze_Core_I/Performance.Core/Use_Debug_Logic.Master_Core.Debug_Perf/Serial_Dbg_Intf.control_reg_reg[0]
  -------------------------------------------------------------------
                         required time                         36.028    
                         arrival time                         -24.298    
  -------------------------------------------------------------------
                         slack                                 11.730    

Slack (MET) :             11.730ns  (required time - arrival time)
  Source:                 design_1_i/mdm_1/U0/MDM_Core_I1/JTAG_CONTROL_I/Use_BSCAN.command_reg[2]/C
                            (falling edge-triggered cell FDRE clocked by design_1_i/mdm_1/U0/Use_E2.BSCAN_I/Use_E2.BSCANE2_I/UPDATE  {rise@0.000ns fall@16.667ns period=33.333ns})
  Destination:            design_1_i/microblaze_0/U0/MicroBlaze_Core_I/Performance.Core/Use_Debug_Logic.Master_Core.Debug_Perf/Serial_Dbg_Intf.control_reg_reg[4]/CE
                            (rising edge-triggered cell FDRE clocked by design_1_i/mdm_1/U0/Use_E2.BSCAN_I/Use_E2.BSCANE2_I/UPDATE  {rise@0.000ns fall@16.667ns period=33.333ns})
  Path Group:             design_1_i/mdm_1/U0/Use_E2.BSCAN_I/Use_E2.BSCANE2_I/UPDATE
  Path Type:              Setup (Max at Slow Process Corner)
  Requirement:            16.667ns  (design_1_i/mdm_1/U0/Use_E2.BSCAN_I/Use_E2.BSCANE2_I/UPDATE rise@33.333ns - design_1_i/mdm_1/U0/Use_E2.BSCAN_I/Use_E2.BSCANE2_I/UPDATE fall@16.667ns)
  Data Path Delay:        4.377ns  (logic 0.827ns (18.895%)  route 3.550ns (81.105%))
  Logic Levels:           3  (LUT3=1 LUT4=1 LUT5=1)
  Clock Path Skew:        -0.116ns (DCD - SCD + CPR)
    Destination Clock Delay (DCD):    2.897ns = ( 36.230 - 33.333 ) 
    Source Clock Delay      (SCD):    3.255ns = ( 19.921 - 16.667 ) 
    Clock Pessimism Removal (CPR):    0.242ns
  Clock Uncertainty:      0.035ns  ((TSJ^2 + TIJ^2)^1/2 + DJ) / 2 + PE
    Total System Jitter     (TSJ):    0.071ns
    Total Input Jitter      (TIJ):    0.000ns
    Discrete Jitter          (DJ):    0.000ns
    Phase Error              (PE):    0.000ns

    Location             Delay type                Incr(ns)  Path(ns)    Netlist Resource(s)
  -------------------------------------------------------------------    -------------------
                         (clock design_1_i/mdm_1/U0/Use_E2.BSCAN_I/Use_E2.BSCANE2_I/UPDATE fall edge)
                                                     16.667    16.667 f  
    BSCAN_X0Y1           BSCANE2                      0.000    16.667 f  design_1_i/mdm_1/U0/Use_E2.BSCAN_I/Use_E2.BSCANE2_I/UPDATE
                         net (fo=1, routed)           1.593    18.260    design_1_i/mdm_1/U0/Use_E2.BSCAN_I/Dbg_Update_0
    BUFGCTRL_X0Y2        BUFG (Prop_bufg_I_O)         0.096    18.356 f  design_1_i/mdm_1/U0/Use_E2.BSCAN_I/Dbg_Update_0_BUFG_inst/O
                         net (fo=39, routed)          1.565    19.921    design_1_i/mdm_1/U0/MDM_Core_I1/JTAG_CONTROL_I/CLK
    SLICE_X36Y43         FDRE                                         r  design_1_i/mdm_1/U0/MDM_Core_I1/JTAG_CONTROL_I/Use_BSCAN.command_reg[2]/C  (IS_INVERTED)
  -------------------------------------------------------------------    -------------------
    SLICE_X36Y43         FDRE (Prop_fdre_C_Q)         0.459    20.380 f  design_1_i/mdm_1/U0/MDM_Core_I1/JTAG_CONTROL_I/Use_BSCAN.command_reg[2]/Q
                         net (fo=12, routed)          1.179    21.559    design_1_i/mdm_1/U0/MDM_Core_I1/JTAG_CONTROL_I/Use_BSCAN.FDC_I/command[2]
    SLICE_X36Y44         LUT3 (Prop_lut3_I2_O)        0.124    21.683 f  design_1_i/mdm_1/U0/MDM_Core_I1/JTAG_CONTROL_I/Use_BSCAN.FDC_I/Dbg_Reg_En_0[2]_INST_0/O
                         net (fo=2, routed)           1.097    22.781    design_1_i/microblaze_0/U0/MicroBlaze_Core_I/Performance.Core/Use_Debug_Logic.Master_Core.Debug_Perf/Dbg_Reg_En[2]
    SLICE_X36Y44         LUT4 (Prop_lut4_I0_O)        0.124    22.905 f  design_1_i/microblaze_0/U0/MicroBlaze_Core_I/Performance.Core/Use_Debug_Logic.Master_Core.Debug_Perf/Dbg_TDO_INST_0_i_18/O
                         net (fo=7, routed)           0.586    23.491    design_1_i/microblaze_0/U0/MicroBlaze_Core_I/Performance.Core/Use_Debug_Logic.Master_Core.Debug_Perf/Dbg_Reg_En_2_sn_1
    SLICE_X35Y42         LUT5 (Prop_lut5_I4_O)        0.120    23.611 r  design_1_i/microblaze_0/U0/MicroBlaze_Core_I/Performance.Core/Use_Debug_Logic.Master_Core.Debug_Perf/Serial_Dbg_Intf.normal_stop_TClk_i_1/O
                         net (fo=8, routed)           0.687    24.298    design_1_i/microblaze_0/U0/MicroBlaze_Core_I/Performance.Core/Use_Debug_Logic.Master_Core.Debug_Perf/Control_Reg_En
    SLICE_X35Y38         FDRE                                         r  design_1_i/microblaze_0/U0/MicroBlaze_Core_I/Performance.Core/Use_Debug_Logic.Master_Core.Debug_Perf/Serial_Dbg_Intf.control_reg_reg[4]/CE
  -------------------------------------------------------------------    -------------------

                         (clock design_1_i/mdm_1/U0/Use_E2.BSCAN_I/Use_E2.BSCANE2_I/UPDATE rise edge)
                                                     33.333    33.333 r  
    BSCAN_X0Y1           BSCANE2                      0.000    33.333 r  design_1_i/mdm_1/U0/Use_E2.BSCAN_I/Use_E2.BSCANE2_I/UPDATE
                         net (fo=1, routed)           1.364    34.697    design_1_i/mdm_1/U0/Use_E2.BSCAN_I/Dbg_Update_0
    BUFGCTRL_X0Y2        BUFG (Prop_bufg_I_O)         0.091    34.788 r  design_1_i/mdm_1/U0/Use_E2.BSCAN_I/Dbg_Update_0_BUFG_inst/O
                         net (fo=39, routed)          1.441    36.230    design_1_i/microblaze_0/U0/MicroBlaze_Core_I/Performance.Core/Use_Debug_Logic.Master_Core.Debug_Perf/Dbg_Update
    SLICE_X35Y38         FDRE                                         r  design_1_i/microblaze_0/U0/MicroBlaze_Core_I/Performance.Core/Use_Debug_Logic.Master_Core.Debug_Perf/Serial_Dbg_Intf.control_reg_reg[4]/C
                         clock pessimism              0.242    36.472    
                         clock uncertainty           -0.035    36.436    
    SLICE_X35Y38         FDRE (Setup_fdre_C_CE)      -0.408    36.028    design_1_i/microblaze_0/U0/MicroBlaze_Core_I/Performance.Core/Use_Debug_Logic.Master_Core.Debug_Perf/Serial_Dbg_Intf.control_reg_reg[4]
  -------------------------------------------------------------------
                         required time                         36.028    
                         arrival time                         -24.298    
  -------------------------------------------------------------------
                         slack                                 11.730    

Slack (MET) :             11.730ns  (required time - arrival time)
  Source:                 design_1_i/mdm_1/U0/MDM_Core_I1/JTAG_CONTROL_I/Use_BSCAN.command_reg[2]/C
                            (falling edge-triggered cell FDRE clocked by design_1_i/mdm_1/U0/Use_E2.BSCAN_I/Use_E2.BSCANE2_I/UPDATE  {rise@0.000ns fall@16.667ns period=33.333ns})
  Destination:            design_1_i/microblaze_0/U0/MicroBlaze_Core_I/Performance.Core/Use_Debug_Logic.Master_Core.Debug_Perf/Serial_Dbg_Intf.control_reg_reg[5]/CE
                            (rising edge-triggered cell FDRE clocked by design_1_i/mdm_1/U0/Use_E2.BSCAN_I/Use_E2.BSCANE2_I/UPDATE  {rise@0.000ns fall@16.667ns period=33.333ns})
  Path Group:             design_1_i/mdm_1/U0/Use_E2.BSCAN_I/Use_E2.BSCANE2_I/UPDATE
  Path Type:              Setup (Max at Slow Process Corner)
  Requirement:            16.667ns  (design_1_i/mdm_1/U0/Use_E2.BSCAN_I/Use_E2.BSCANE2_I/UPDATE rise@33.333ns - design_1_i/mdm_1/U0/Use_E2.BSCAN_I/Use_E2.BSCANE2_I/UPDATE fall@16.667ns)
  Data Path Delay:        4.377ns  (logic 0.827ns (18.895%)  route 3.550ns (81.105%))
  Logic Levels:           3  (LUT3=1 LUT4=1 LUT5=1)
  Clock Path Skew:        -0.116ns (DCD - SCD + CPR)
    Destination Clock Delay (DCD):    2.897ns = ( 36.230 - 33.333 ) 
    Source Clock Delay      (SCD):    3.255ns = ( 19.921 - 16.667 ) 
    Clock Pessimism Removal (CPR):    0.242ns
  Clock Uncertainty:      0.035ns  ((TSJ^2 + TIJ^2)^1/2 + DJ) / 2 + PE
    Total System Jitter     (TSJ):    0.071ns
    Total Input Jitter      (TIJ):    0.000ns
    Discrete Jitter          (DJ):    0.000ns
    Phase Error              (PE):    0.000ns

    Location             Delay type                Incr(ns)  Path(ns)    Netlist Resource(s)
  -------------------------------------------------------------------    -------------------
                         (clock design_1_i/mdm_1/U0/Use_E2.BSCAN_I/Use_E2.BSCANE2_I/UPDATE fall edge)
                                                     16.667    16.667 f  
    BSCAN_X0Y1           BSCANE2                      0.000    16.667 f  design_1_i/mdm_1/U0/Use_E2.BSCAN_I/Use_E2.BSCANE2_I/UPDATE
                         net (fo=1, routed)           1.593    18.260    design_1_i/mdm_1/U0/Use_E2.BSCAN_I/Dbg_Update_0
    BUFGCTRL_X0Y2        BUFG (Prop_bufg_I_O)         0.096    18.356 f  design_1_i/mdm_1/U0/Use_E2.BSCAN_I/Dbg_Update_0_BUFG_inst/O
                         net (fo=39, routed)          1.565    19.921    design_1_i/mdm_1/U0/MDM_Core_I1/JTAG_CONTROL_I/CLK
    SLICE_X36Y43         FDRE                                         r  design_1_i/mdm_1/U0/MDM_Core_I1/JTAG_CONTROL_I/Use_BSCAN.command_reg[2]/C  (IS_INVERTED)
  -------------------------------------------------------------------    -------------------
    SLICE_X36Y43         FDRE (Prop_fdre_C_Q)         0.459    20.380 f  design_1_i/mdm_1/U0/MDM_Core_I1/JTAG_CONTROL_I/Use_BSCAN.command_reg[2]/Q
                         net (fo=12, routed)          1.179    21.559    design_1_i/mdm_1/U0/MDM_Core_I1/JTAG_CONTROL_I/Use_BSCAN.FDC_I/command[2]
    SLICE_X36Y44         LUT3 (Prop_lut3_I2_O)        0.124    21.683 f  design_1_i/mdm_1/U0/MDM_Core_I1/JTAG_CONTROL_I/Use_BSCAN.FDC_I/Dbg_Reg_En_0[2]_INST_0/O
                         net (fo=2, routed)           1.097    22.781    design_1_i/microblaze_0/U0/MicroBlaze_Core_I/Performance.Core/Use_Debug_Logic.Master_Core.Debug_Perf/Dbg_Reg_En[2]
    SLICE_X36Y44         LUT4 (Prop_lut4_I0_O)        0.124    22.905 f  design_1_i/microblaze_0/U0/MicroBlaze_Core_I/Performance.Core/Use_Debug_Logic.Master_Core.Debug_Perf/Dbg_TDO_INST_0_i_18/O
                         net (fo=7, routed)           0.586    23.491    design_1_i/microblaze_0/U0/MicroBlaze_Core_I/Performance.Core/Use_Debug_Logic.Master_Core.Debug_Perf/Dbg_Reg_En_2_sn_1
    SLICE_X35Y42         LUT5 (Prop_lut5_I4_O)        0.120    23.611 r  design_1_i/microblaze_0/U0/MicroBlaze_Core_I/Performance.Core/Use_Debug_Logic.Master_Core.Debug_Perf/Serial_Dbg_Intf.normal_stop_TClk_i_1/O
                         net (fo=8, routed)           0.687    24.298    design_1_i/microblaze_0/U0/MicroBlaze_Core_I/Performance.Core/Use_Debug_Logic.Master_Core.Debug_Perf/Control_Reg_En
    SLICE_X35Y38         FDRE                                         r  design_1_i/microblaze_0/U0/MicroBlaze_Core_I/Performance.Core/Use_Debug_Logic.Master_Core.Debug_Perf/Serial_Dbg_Intf.control_reg_reg[5]/CE
  -------------------------------------------------------------------    -------------------

                         (clock design_1_i/mdm_1/U0/Use_E2.BSCAN_I/Use_E2.BSCANE2_I/UPDATE rise edge)
                                                     33.333    33.333 r  
    BSCAN_X0Y1           BSCANE2                      0.000    33.333 r  design_1_i/mdm_1/U0/Use_E2.BSCAN_I/Use_E2.BSCANE2_I/UPDATE
                         net (fo=1, routed)           1.364    34.697    design_1_i/mdm_1/U0/Use_E2.BSCAN_I/Dbg_Update_0
    BUFGCTRL_X0Y2        BUFG (Prop_bufg_I_O)         0.091    34.788 r  design_1_i/mdm_1/U0/Use_E2.BSCAN_I/Dbg_Update_0_BUFG_inst/O
                         net (fo=39, routed)          1.441    36.230    design_1_i/microblaze_0/U0/MicroBlaze_Core_I/Performance.Core/Use_Debug_Logic.Master_Core.Debug_Perf/Dbg_Update
    SLICE_X35Y38         FDRE                                         r  design_1_i/microblaze_0/U0/MicroBlaze_Core_I/Performance.Core/Use_Debug_Logic.Master_Core.Debug_Perf/Serial_Dbg_Intf.control_reg_reg[5]/C
                         clock pessimism              0.242    36.472    
                         clock uncertainty           -0.035    36.436    
    SLICE_X35Y38         FDRE (Setup_fdre_C_CE)      -0.408    36.028    design_1_i/microblaze_0/U0/MicroBlaze_Core_I/Performance.Core/Use_Debug_Logic.Master_Core.Debug_Perf/Serial_Dbg_Intf.control_reg_reg[5]
  -------------------------------------------------------------------
                         required time                         36.028    
                         arrival time                         -24.298    
  -------------------------------------------------------------------
                         slack                                 11.730    

Slack (MET) :             11.730ns  (required time - arrival time)
  Source:                 design_1_i/mdm_1/U0/MDM_Core_I1/JTAG_CONTROL_I/Use_BSCAN.command_reg[2]/C
                            (falling edge-triggered cell FDRE clocked by design_1_i/mdm_1/U0/Use_E2.BSCAN_I/Use_E2.BSCANE2_I/UPDATE  {rise@0.000ns fall@16.667ns period=33.333ns})
  Destination:            design_1_i/microblaze_0/U0/MicroBlaze_Core_I/Performance.Core/Use_Debug_Logic.Master_Core.Debug_Perf/Serial_Dbg_Intf.control_reg_reg[8]/CE
                            (rising edge-triggered cell FDRE clocked by design_1_i/mdm_1/U0/Use_E2.BSCAN_I/Use_E2.BSCANE2_I/UPDATE  {rise@0.000ns fall@16.667ns period=33.333ns})
  Path Group:             design_1_i/mdm_1/U0/Use_E2.BSCAN_I/Use_E2.BSCANE2_I/UPDATE
  Path Type:              Setup (Max at Slow Process Corner)
  Requirement:            16.667ns  (design_1_i/mdm_1/U0/Use_E2.BSCAN_I/Use_E2.BSCANE2_I/UPDATE rise@33.333ns - design_1_i/mdm_1/U0/Use_E2.BSCAN_I/Use_E2.BSCANE2_I/UPDATE fall@16.667ns)
  Data Path Delay:        4.377ns  (logic 0.827ns (18.895%)  route 3.550ns (81.105%))
  Logic Levels:           3  (LUT3=1 LUT4=1 LUT5=1)
  Clock Path Skew:        -0.116ns (DCD - SCD + CPR)
    Destination Clock Delay (DCD):    2.897ns = ( 36.230 - 33.333 ) 
    Source Clock Delay      (SCD):    3.255ns = ( 19.921 - 16.667 ) 
    Clock Pessimism Removal (CPR):    0.242ns
  Clock Uncertainty:      0.035ns  ((TSJ^2 + TIJ^2)^1/2 + DJ) / 2 + PE
    Total System Jitter     (TSJ):    0.071ns
    Total Input Jitter      (TIJ):    0.000ns
    Discrete Jitter          (DJ):    0.000ns
    Phase Error              (PE):    0.000ns

    Location             Delay type                Incr(ns)  Path(ns)    Netlist Resource(s)
  -------------------------------------------------------------------    -------------------
                         (clock design_1_i/mdm_1/U0/Use_E2.BSCAN_I/Use_E2.BSCANE2_I/UPDATE fall edge)
                                                     16.667    16.667 f  
    BSCAN_X0Y1           BSCANE2                      0.000    16.667 f  design_1_i/mdm_1/U0/Use_E2.BSCAN_I/Use_E2.BSCANE2_I/UPDATE
                         net (fo=1, routed)           1.593    18.260    design_1_i/mdm_1/U0/Use_E2.BSCAN_I/Dbg_Update_0
    BUFGCTRL_X0Y2        BUFG (Prop_bufg_I_O)         0.096    18.356 f  design_1_i/mdm_1/U0/Use_E2.BSCAN_I/Dbg_Update_0_BUFG_inst/O
                         net (fo=39, routed)          1.565    19.921    design_1_i/mdm_1/U0/MDM_Core_I1/JTAG_CONTROL_I/CLK
    SLICE_X36Y43         FDRE                                         r  design_1_i/mdm_1/U0/MDM_Core_I1/JTAG_CONTROL_I/Use_BSCAN.command_reg[2]/C  (IS_INVERTED)
  -------------------------------------------------------------------    -------------------
    SLICE_X36Y43         FDRE (Prop_fdre_C_Q)         0.459    20.380 f  design_1_i/mdm_1/U0/MDM_Core_I1/JTAG_CONTROL_I/Use_BSCAN.command_reg[2]/Q
                         net (fo=12, routed)          1.179    21.559    design_1_i/mdm_1/U0/MDM_Core_I1/JTAG_CONTROL_I/Use_BSCAN.FDC_I/command[2]
    SLICE_X36Y44         LUT3 (Prop_lut3_I2_O)        0.124    21.683 f  design_1_i/mdm_1/U0/MDM_Core_I1/JTAG_CONTROL_I/Use_BSCAN.FDC_I/Dbg_Reg_En_0[2]_INST_0/O
                         net (fo=2, routed)           1.097    22.781    design_1_i/microblaze_0/U0/MicroBlaze_Core_I/Performance.Core/Use_Debug_Logic.Master_Core.Debug_Perf/Dbg_Reg_En[2]
    SLICE_X36Y44         LUT4 (Prop_lut4_I0_O)        0.124    22.905 f  design_1_i/microblaze_0/U0/MicroBlaze_Core_I/Performance.Core/Use_Debug_Logic.Master_Core.Debug_Perf/Dbg_TDO_INST_0_i_18/O
                         net (fo=7, routed)           0.586    23.491    design_1_i/microblaze_0/U0/MicroBlaze_Core_I/Performance.Core/Use_Debug_Logic.Master_Core.Debug_Perf/Dbg_Reg_En_2_sn_1
    SLICE_X35Y42         LUT5 (Prop_lut5_I4_O)        0.120    23.611 r  design_1_i/microblaze_0/U0/MicroBlaze_Core_I/Performance.Core/Use_Debug_Logic.Master_Core.Debug_Perf/Serial_Dbg_Intf.normal_stop_TClk_i_1/O
                         net (fo=8, routed)           0.687    24.298    design_1_i/microblaze_0/U0/MicroBlaze_Core_I/Performance.Core/Use_Debug_Logic.Master_Core.Debug_Perf/Control_Reg_En
    SLICE_X35Y38         FDRE                                         r  design_1_i/microblaze_0/U0/MicroBlaze_Core_I/Performance.Core/Use_Debug_Logic.Master_Core.Debug_Perf/Serial_Dbg_Intf.control_reg_reg[8]/CE
  -------------------------------------------------------------------    -------------------

                         (clock design_1_i/mdm_1/U0/Use_E2.BSCAN_I/Use_E2.BSCANE2_I/UPDATE rise edge)
                                                     33.333    33.333 r  
    BSCAN_X0Y1           BSCANE2                      0.000    33.333 r  design_1_i/mdm_1/U0/Use_E2.BSCAN_I/Use_E2.BSCANE2_I/UPDATE
                         net (fo=1, routed)           1.364    34.697    design_1_i/mdm_1/U0/Use_E2.BSCAN_I/Dbg_Update_0
    BUFGCTRL_X0Y2        BUFG (Prop_bufg_I_O)         0.091    34.788 r  design_1_i/mdm_1/U0/Use_E2.BSCAN_I/Dbg_Update_0_BUFG_inst/O
                         net (fo=39, routed)          1.441    36.230    design_1_i/microblaze_0/U0/MicroBlaze_Core_I/Performance.Core/Use_Debug_Logic.Master_Core.Debug_Perf/Dbg_Update
    SLICE_X35Y38         FDRE                                         r  design_1_i/microblaze_0/U0/MicroBlaze_Core_I/Performance.Core/Use_Debug_Logic.Master_Core.Debug_Perf/Serial_Dbg_Intf.control_reg_reg[8]/C
                         clock pessimism              0.242    36.472    
                         clock uncertainty           -0.035    36.436    
    SLICE_X35Y38         FDRE (Setup_fdre_C_CE)      -0.408    36.028    design_1_i/microblaze_0/U0/MicroBlaze_Core_I/Performance.Core/Use_Debug_Logic.Master_Core.Debug_Perf/Serial_Dbg_Intf.control_reg_reg[8]
  -------------------------------------------------------------------
                         required time                         36.028    
                         arrival time                         -24.298    
  -------------------------------------------------------------------
                         slack                                 11.730    

Slack (MET) :             11.942ns  (required time - arrival time)
  Source:                 design_1_i/mdm_1/U0/MDM_Core_I1/JTAG_CONTROL_I/Use_BSCAN.command_reg[2]/C
                            (falling edge-triggered cell FDRE clocked by design_1_i/mdm_1/U0/Use_E2.BSCAN_I/Use_E2.BSCANE2_I/UPDATE  {rise@0.000ns fall@16.667ns period=33.333ns})
  Destination:            design_1_i/microblaze_0/U0/MicroBlaze_Core_I/Performance.Core/Use_Debug_Logic.Master_Core.Debug_Perf/Serial_Dbg_Intf.command_reg_reg[0]/CE
                            (rising edge-triggered cell FDCE clocked by design_1_i/mdm_1/U0/Use_E2.BSCAN_I/Use_E2.BSCANE2_I/UPDATE  {rise@0.000ns fall@16.667ns period=33.333ns})
  Path Group:             design_1_i/mdm_1/U0/Use_E2.BSCAN_I/Use_E2.BSCANE2_I/UPDATE
  Path Type:              Setup (Max at Slow Process Corner)
  Requirement:            16.667ns  (design_1_i/mdm_1/U0/Use_E2.BSCAN_I/Use_E2.BSCANE2_I/UPDATE rise@33.333ns - design_1_i/mdm_1/U0/Use_E2.BSCAN_I/Use_E2.BSCANE2_I/UPDATE fall@16.667ns)
  Data Path Delay:        4.369ns  (logic 0.831ns (19.019%)  route 3.538ns (80.981%))
  Logic Levels:           3  (LUT3=1 LUT4=1 LUT5=1)
  Clock Path Skew:        -0.115ns (DCD - SCD + CPR)
    Destination Clock Delay (DCD):    2.898ns = ( 36.231 - 33.333 ) 
    Source Clock Delay      (SCD):    3.255ns = ( 19.921 - 16.667 ) 
    Clock Pessimism Removal (CPR):    0.242ns
  Clock Uncertainty:      0.035ns  ((TSJ^2 + TIJ^2)^1/2 + DJ) / 2 + PE
    Total System Jitter     (TSJ):    0.071ns
    Total Input Jitter      (TIJ):    0.000ns
    Discrete Jitter          (DJ):    0.000ns
    Phase Error              (PE):    0.000ns

    Location             Delay type                Incr(ns)  Path(ns)    Netlist Resource(s)
  -------------------------------------------------------------------    -------------------
                         (clock design_1_i/mdm_1/U0/Use_E2.BSCAN_I/Use_E2.BSCANE2_I/UPDATE fall edge)
                                                     16.667    16.667 f  
    BSCAN_X0Y1           BSCANE2                      0.000    16.667 f  design_1_i/mdm_1/U0/Use_E2.BSCAN_I/Use_E2.BSCANE2_I/UPDATE
                         net (fo=1, routed)           1.593    18.260    design_1_i/mdm_1/U0/Use_E2.BSCAN_I/Dbg_Update_0
    BUFGCTRL_X0Y2        BUFG (Prop_bufg_I_O)         0.096    18.356 f  design_1_i/mdm_1/U0/Use_E2.BSCAN_I/Dbg_Update_0_BUFG_inst/O
                         net (fo=39, routed)          1.565    19.921    design_1_i/mdm_1/U0/MDM_Core_I1/JTAG_CONTROL_I/CLK
    SLICE_X36Y43         FDRE                                         r  design_1_i/mdm_1/U0/MDM_Core_I1/JTAG_CONTROL_I/Use_BSCAN.command_reg[2]/C  (IS_INVERTED)
  -------------------------------------------------------------------    -------------------
    SLICE_X36Y43         FDRE (Prop_fdre_C_Q)         0.459    20.380 f  design_1_i/mdm_1/U0/MDM_Core_I1/JTAG_CONTROL_I/Use_BSCAN.command_reg[2]/Q
                         net (fo=12, routed)          1.179    21.559    design_1_i/mdm_1/U0/MDM_Core_I1/JTAG_CONTROL_I/Use_BSCAN.FDC_I/command[2]
    SLICE_X36Y44         LUT3 (Prop_lut3_I2_O)        0.124    21.683 f  design_1_i/mdm_1/U0/MDM_Core_I1/JTAG_CONTROL_I/Use_BSCAN.FDC_I/Dbg_Reg_En_0[2]_INST_0/O
                         net (fo=2, routed)           1.097    22.781    design_1_i/microblaze_0/U0/MicroBlaze_Core_I/Performance.Core/Use_Debug_Logic.Master_Core.Debug_Perf/Dbg_Reg_En[2]
    SLICE_X36Y44         LUT4 (Prop_lut4_I0_O)        0.124    22.905 f  design_1_i/microblaze_0/U0/MicroBlaze_Core_I/Performance.Core/Use_Debug_Logic.Master_Core.Debug_Perf/Dbg_TDO_INST_0_i_18/O
                         net (fo=7, routed)           0.586    23.491    design_1_i/microblaze_0/U0/MicroBlaze_Core_I/Performance.Core/Use_Debug_Logic.Master_Core.Debug_Perf/Dbg_Reg_En_2_sn_1
    SLICE_X35Y42         LUT5 (Prop_lut5_I4_O)        0.124    23.615 r  design_1_i/microblaze_0/U0/MicroBlaze_Core_I/Performance.Core/Use_Debug_Logic.Master_Core.Debug_Perf/Serial_Dbg_Intf.command_reg[0]_i_1/O
                         net (fo=2, routed)           0.675    24.290    design_1_i/microblaze_0/U0/MicroBlaze_Core_I/Performance.Core/Use_Debug_Logic.Master_Core.Debug_Perf/Command_Reg_En
    SLICE_X32Y38         FDCE                                         r  design_1_i/microblaze_0/U0/MicroBlaze_Core_I/Performance.Core/Use_Debug_Logic.Master_Core.Debug_Perf/Serial_Dbg_Intf.command_reg_reg[0]/CE
  -------------------------------------------------------------------    -------------------

                         (clock design_1_i/mdm_1/U0/Use_E2.BSCAN_I/Use_E2.BSCANE2_I/UPDATE rise edge)
                                                     33.333    33.333 r  
    BSCAN_X0Y1           BSCANE2                      0.000    33.333 r  design_1_i/mdm_1/U0/Use_E2.BSCAN_I/Use_E2.BSCANE2_I/UPDATE
                         net (fo=1, routed)           1.364    34.697    design_1_i/mdm_1/U0/Use_E2.BSCAN_I/Dbg_Update_0
    BUFGCTRL_X0Y2        BUFG (Prop_bufg_I_O)         0.091    34.788 r  design_1_i/mdm_1/U0/Use_E2.BSCAN_I/Dbg_Update_0_BUFG_inst/O
                         net (fo=39, routed)          1.442    36.231    design_1_i/microblaze_0/U0/MicroBlaze_Core_I/Performance.Core/Use_Debug_Logic.Master_Core.Debug_Perf/Dbg_Update
    SLICE_X32Y38         FDCE                                         r  design_1_i/microblaze_0/U0/MicroBlaze_Core_I/Performance.Core/Use_Debug_Logic.Master_Core.Debug_Perf/Serial_Dbg_Intf.command_reg_reg[0]/C
                         clock pessimism              0.242    36.473    
                         clock uncertainty           -0.035    36.437    
    SLICE_X32Y38         FDCE (Setup_fdce_C_CE)      -0.205    36.232    design_1_i/microblaze_0/U0/MicroBlaze_Core_I/Performance.Core/Use_Debug_Logic.Master_Core.Debug_Perf/Serial_Dbg_Intf.command_reg_reg[0]
  -------------------------------------------------------------------
                         required time                         36.232    
                         arrival time                         -24.290    
  -------------------------------------------------------------------
                         slack                                 11.942    

Slack (MET) :             11.942ns  (required time - arrival time)
  Source:                 design_1_i/mdm_1/U0/MDM_Core_I1/JTAG_CONTROL_I/Use_BSCAN.command_reg[2]/C
                            (falling edge-triggered cell FDRE clocked by design_1_i/mdm_1/U0/Use_E2.BSCAN_I/Use_E2.BSCANE2_I/UPDATE  {rise@0.000ns fall@16.667ns period=33.333ns})
  Destination:            design_1_i/microblaze_0/U0/MicroBlaze_Core_I/Performance.Core/Use_Debug_Logic.Master_Core.Debug_Perf/Serial_Dbg_Intf.command_reg_reg[1]/CE
                            (rising edge-triggered cell FDCE clocked by design_1_i/mdm_1/U0/Use_E2.BSCAN_I/Use_E2.BSCANE2_I/UPDATE  {rise@0.000ns fall@16.667ns period=33.333ns})
  Path Group:             design_1_i/mdm_1/U0/Use_E2.BSCAN_I/Use_E2.BSCANE2_I/UPDATE
  Path Type:              Setup (Max at Slow Process Corner)
  Requirement:            16.667ns  (design_1_i/mdm_1/U0/Use_E2.BSCAN_I/Use_E2.BSCANE2_I/UPDATE rise@33.333ns - design_1_i/mdm_1/U0/Use_E2.BSCAN_I/Use_E2.BSCANE2_I/UPDATE fall@16.667ns)
  Data Path Delay:        4.369ns  (logic 0.831ns (19.019%)  route 3.538ns (80.981%))
  Logic Levels:           3  (LUT3=1 LUT4=1 LUT5=1)
  Clock Path Skew:        -0.115ns (DCD - SCD + CPR)
    Destination Clock Delay (DCD):    2.898ns = ( 36.231 - 33.333 ) 
    Source Clock Delay      (SCD):    3.255ns = ( 19.921 - 16.667 ) 
    Clock Pessimism Removal (CPR):    0.242ns
  Clock Uncertainty:      0.035ns  ((TSJ^2 + TIJ^2)^1/2 + DJ) / 2 + PE
    Total System Jitter     (TSJ):    0.071ns
    Total Input Jitter      (TIJ):    0.000ns
    Discrete Jitter          (DJ):    0.000ns
    Phase Error              (PE):    0.000ns

    Location             Delay type                Incr(ns)  Path(ns)    Netlist Resource(s)
  -------------------------------------------------------------------    -------------------
                         (clock design_1_i/mdm_1/U0/Use_E2.BSCAN_I/Use_E2.BSCANE2_I/UPDATE fall edge)
                                                     16.667    16.667 f  
    BSCAN_X0Y1           BSCANE2                      0.000    16.667 f  design_1_i/mdm_1/U0/Use_E2.BSCAN_I/Use_E2.BSCANE2_I/UPDATE
                         net (fo=1, routed)           1.593    18.260    design_1_i/mdm_1/U0/Use_E2.BSCAN_I/Dbg_Update_0
    BUFGCTRL_X0Y2        BUFG (Prop_bufg_I_O)         0.096    18.356 f  design_1_i/mdm_1/U0/Use_E2.BSCAN_I/Dbg_Update_0_BUFG_inst/O
                         net (fo=39, routed)          1.565    19.921    design_1_i/mdm_1/U0/MDM_Core_I1/JTAG_CONTROL_I/CLK
    SLICE_X36Y43         FDRE                                         r  design_1_i/mdm_1/U0/MDM_Core_I1/JTAG_CONTROL_I/Use_BSCAN.command_reg[2]/C  (IS_INVERTED)
  -------------------------------------------------------------------    -------------------
    SLICE_X36Y43         FDRE (Prop_fdre_C_Q)         0.459    20.380 f  design_1_i/mdm_1/U0/MDM_Core_I1/JTAG_CONTROL_I/Use_BSCAN.command_reg[2]/Q
                         net (fo=12, routed)          1.179    21.559    design_1_i/mdm_1/U0/MDM_Core_I1/JTAG_CONTROL_I/Use_BSCAN.FDC_I/command[2]
    SLICE_X36Y44         LUT3 (Prop_lut3_I2_O)        0.124    21.683 f  design_1_i/mdm_1/U0/MDM_Core_I1/JTAG_CONTROL_I/Use_BSCAN.FDC_I/Dbg_Reg_En_0[2]_INST_0/O
                         net (fo=2, routed)           1.097    22.781    design_1_i/microblaze_0/U0/MicroBlaze_Core_I/Performance.Core/Use_Debug_Logic.Master_Core.Debug_Perf/Dbg_Reg_En[2]
    SLICE_X36Y44         LUT4 (Prop_lut4_I0_O)        0.124    22.905 f  design_1_i/microblaze_0/U0/MicroBlaze_Core_I/Performance.Core/Use_Debug_Logic.Master_Core.Debug_Perf/Dbg_TDO_INST_0_i_18/O
                         net (fo=7, routed)           0.586    23.491    design_1_i/microblaze_0/U0/MicroBlaze_Core_I/Performance.Core/Use_Debug_Logic.Master_Core.Debug_Perf/Dbg_Reg_En_2_sn_1
    SLICE_X35Y42         LUT5 (Prop_lut5_I4_O)        0.124    23.615 r  design_1_i/microblaze_0/U0/MicroBlaze_Core_I/Performance.Core/Use_Debug_Logic.Master_Core.Debug_Perf/Serial_Dbg_Intf.command_reg[0]_i_1/O
                         net (fo=2, routed)           0.675    24.290    design_1_i/microblaze_0/U0/MicroBlaze_Core_I/Performance.Core/Use_Debug_Logic.Master_Core.Debug_Perf/Command_Reg_En
    SLICE_X32Y38         FDCE                                         r  design_1_i/microblaze_0/U0/MicroBlaze_Core_I/Performance.Core/Use_Debug_Logic.Master_Core.Debug_Perf/Serial_Dbg_Intf.command_reg_reg[1]/CE
  -------------------------------------------------------------------    -------------------

                         (clock design_1_i/mdm_1/U0/Use_E2.BSCAN_I/Use_E2.BSCANE2_I/UPDATE rise edge)
                                                     33.333    33.333 r  
    BSCAN_X0Y1           BSCANE2                      0.000    33.333 r  design_1_i/mdm_1/U0/Use_E2.BSCAN_I/Use_E2.BSCANE2_I/UPDATE
                         net (fo=1, routed)           1.364    34.697    design_1_i/mdm_1/U0/Use_E2.BSCAN_I/Dbg_Update_0
    BUFGCTRL_X0Y2        BUFG (Prop_bufg_I_O)         0.091    34.788 r  design_1_i/mdm_1/U0/Use_E2.BSCAN_I/Dbg_Update_0_BUFG_inst/O
                         net (fo=39, routed)          1.442    36.231    design_1_i/microblaze_0/U0/MicroBlaze_Core_I/Performance.Core/Use_Debug_Logic.Master_Core.Debug_Perf/Dbg_Update
    SLICE_X32Y38         FDCE                                         r  design_1_i/microblaze_0/U0/MicroBlaze_Core_I/Performance.Core/Use_Debug_Logic.Master_Core.Debug_Perf/Serial_Dbg_Intf.command_reg_reg[1]/C
                         clock pessimism              0.242    36.473    
                         clock uncertainty           -0.035    36.437    
    SLICE_X32Y38         FDCE (Setup_fdce_C_CE)      -0.205    36.232    design_1_i/microblaze_0/U0/MicroBlaze_Core_I/Performance.Core/Use_Debug_Logic.Master_Core.Debug_Perf/Serial_Dbg_Intf.command_reg_reg[1]
  -------------------------------------------------------------------
                         required time                         36.232    
                         arrival time                         -24.290    
  -------------------------------------------------------------------
                         slack                                 11.942    





Min Delay Paths
--------------------------------------------------------------------------------------
Slack (MET) :             0.264ns  (arrival time - required time)
  Source:                 design_1_i/mdm_1/U0/MDM_Core_I1/JTAG_CONTROL_I/completion_ctrl_reg[0]/C
                            (rising edge-triggered cell FDRE clocked by design_1_i/mdm_1/U0/Use_E2.BSCAN_I/Use_E2.BSCANE2_I/UPDATE  {rise@0.000ns fall@16.667ns period=33.333ns})
  Destination:            design_1_i/mdm_1/U0/MDM_Core_I1/JTAG_CONTROL_I/completion_ctrl_reg[0]/D
                            (rising edge-triggered cell FDRE clocked by design_1_i/mdm_1/U0/Use_E2.BSCAN_I/Use_E2.BSCANE2_I/UPDATE  {rise@0.000ns fall@16.667ns period=33.333ns})
  Path Group:             design_1_i/mdm_1/U0/Use_E2.BSCAN_I/Use_E2.BSCANE2_I/UPDATE
  Path Type:              Hold (Min at Fast Process Corner)
  Requirement:            0.000ns  (design_1_i/mdm_1/U0/Use_E2.BSCAN_I/Use_E2.BSCANE2_I/UPDATE rise@0.000ns - design_1_i/mdm_1/U0/Use_E2.BSCAN_I/Use_E2.BSCANE2_I/UPDATE rise@0.000ns)
  Data Path Delay:        0.384ns  (logic 0.209ns (54.393%)  route 0.175ns (45.607%))
  Logic Levels:           1  (LUT3=1)
  Clock Path Skew:        0.000ns (DCD - SCD - CPR)
    Destination Clock Delay (DCD):    1.556ns
    Source Clock Delay      (SCD):    1.184ns
    Clock Pessimism Removal (CPR):    0.372ns

    Location             Delay type                Incr(ns)  Path(ns)    Netlist Resource(s)
  -------------------------------------------------------------------    -------------------
                         (clock design_1_i/mdm_1/U0/Use_E2.BSCAN_I/Use_E2.BSCANE2_I/UPDATE rise edge)
                                                      0.000     0.000 r  
    BSCAN_X0Y1           BSCANE2                      0.000     0.000 r  design_1_i/mdm_1/U0/Use_E2.BSCAN_I/Use_E2.BSCANE2_I/UPDATE
                         net (fo=1, routed)           0.596     0.596    design_1_i/mdm_1/U0/Use_E2.BSCAN_I/Dbg_Update_0
    BUFGCTRL_X0Y2        BUFG (Prop_bufg_I_O)         0.026     0.622 r  design_1_i/mdm_1/U0/Use_E2.BSCAN_I/Dbg_Update_0_BUFG_inst/O
                         net (fo=39, routed)          0.562     1.184    design_1_i/mdm_1/U0/MDM_Core_I1/JTAG_CONTROL_I/CLK
    SLICE_X34Y45         FDRE                                         r  design_1_i/mdm_1/U0/MDM_Core_I1/JTAG_CONTROL_I/completion_ctrl_reg[0]/C
  -------------------------------------------------------------------    -------------------
    SLICE_X34Y45         FDRE (Prop_fdre_C_Q)         0.164     1.348 r  design_1_i/mdm_1/U0/MDM_Core_I1/JTAG_CONTROL_I/completion_ctrl_reg[0]/Q
                         net (fo=2, routed)           0.175     1.523    design_1_i/mdm_1/U0/MDM_Core_I1/JTAG_CONTROL_I/Use_BSCAN.FDC_I/completion_ctrl
    SLICE_X34Y45         LUT3 (Prop_lut3_I2_O)        0.045     1.568 r  design_1_i/mdm_1/U0/MDM_Core_I1/JTAG_CONTROL_I/Use_BSCAN.FDC_I/completion_ctrl[0]_i_1/O
                         net (fo=1, routed)           0.000     1.568    design_1_i/mdm_1/U0/MDM_Core_I1/JTAG_CONTROL_I/Use_BSCAN.FDC_I_n_36
    SLICE_X34Y45         FDRE                                         r  design_1_i/mdm_1/U0/MDM_Core_I1/JTAG_CONTROL_I/completion_ctrl_reg[0]/D
  -------------------------------------------------------------------    -------------------

                         (clock design_1_i/mdm_1/U0/Use_E2.BSCAN_I/Use_E2.BSCANE2_I/UPDATE rise edge)
                                                      0.000     0.000 r  
    BSCAN_X0Y1           BSCANE2                      0.000     0.000 r  design_1_i/mdm_1/U0/Use_E2.BSCAN_I/Use_E2.BSCANE2_I/UPDATE
                         net (fo=1, routed)           0.696     0.696    design_1_i/mdm_1/U0/Use_E2.BSCAN_I/Dbg_Update_0
    BUFGCTRL_X0Y2        BUFG (Prop_bufg_I_O)         0.029     0.725 r  design_1_i/mdm_1/U0/Use_E2.BSCAN_I/Dbg_Update_0_BUFG_inst/O
                         net (fo=39, routed)          0.831     1.556    design_1_i/mdm_1/U0/MDM_Core_I1/JTAG_CONTROL_I/CLK
    SLICE_X34Y45         FDRE                                         r  design_1_i/mdm_1/U0/MDM_Core_I1/JTAG_CONTROL_I/completion_ctrl_reg[0]/C
                         clock pessimism             -0.372     1.184    
    SLICE_X34Y45         FDRE (Hold_fdre_C_D)         0.120     1.304    design_1_i/mdm_1/U0/MDM_Core_I1/JTAG_CONTROL_I/completion_ctrl_reg[0]
  -------------------------------------------------------------------
                         required time                         -1.304    
                         arrival time                           1.568    
  -------------------------------------------------------------------
                         slack                                  0.264    

Slack (MET) :             0.280ns  (arrival time - required time)
  Source:                 design_1_i/mdm_1/U0/MDM_Core_I1/JTAG_CONTROL_I/Debug_Rst_i_reg/C
                            (rising edge-triggered cell FDRE clocked by design_1_i/mdm_1/U0/Use_E2.BSCAN_I/Use_E2.BSCANE2_I/UPDATE  {rise@0.000ns fall@16.667ns period=33.333ns})
  Destination:            design_1_i/mdm_1/U0/MDM_Core_I1/JTAG_CONTROL_I/Debug_Rst_i_reg/D
                            (rising edge-triggered cell FDRE clocked by design_1_i/mdm_1/U0/Use_E2.BSCAN_I/Use_E2.BSCANE2_I/UPDATE  {rise@0.000ns fall@16.667ns period=33.333ns})
  Path Group:             design_1_i/mdm_1/U0/Use_E2.BSCAN_I/Use_E2.BSCANE2_I/UPDATE
  Path Type:              Hold (Min at Fast Process Corner)
  Requirement:            0.000ns  (design_1_i/mdm_1/U0/Use_E2.BSCAN_I/Use_E2.BSCANE2_I/UPDATE rise@0.000ns - design_1_i/mdm_1/U0/Use_E2.BSCAN_I/Use_E2.BSCANE2_I/UPDATE rise@0.000ns)
  Data Path Delay:        0.371ns  (logic 0.186ns (50.162%)  route 0.185ns (49.838%))
  Logic Levels:           1  (LUT6=1)
  Clock Path Skew:        0.000ns (DCD - SCD - CPR)
    Destination Clock Delay (DCD):    1.556ns
    Source Clock Delay      (SCD):    1.184ns
    Clock Pessimism Removal (CPR):    0.372ns

    Location             Delay type                Incr(ns)  Path(ns)    Netlist Resource(s)
  -------------------------------------------------------------------    -------------------
                         (clock design_1_i/mdm_1/U0/Use_E2.BSCAN_I/Use_E2.BSCANE2_I/UPDATE rise edge)
                                                      0.000     0.000 r  
    BSCAN_X0Y1           BSCANE2                      0.000     0.000 r  design_1_i/mdm_1/U0/Use_E2.BSCAN_I/Use_E2.BSCANE2_I/UPDATE
                         net (fo=1, routed)           0.596     0.596    design_1_i/mdm_1/U0/Use_E2.BSCAN_I/Dbg_Update_0
    BUFGCTRL_X0Y2        BUFG (Prop_bufg_I_O)         0.026     0.622 r  design_1_i/mdm_1/U0/Use_E2.BSCAN_I/Dbg_Update_0_BUFG_inst/O
                         net (fo=39, routed)          0.562     1.184    design_1_i/mdm_1/U0/MDM_Core_I1/JTAG_CONTROL_I/CLK
    SLICE_X36Y42         FDRE                                         r  design_1_i/mdm_1/U0/MDM_Core_I1/JTAG_CONTROL_I/Debug_Rst_i_reg/C
  -------------------------------------------------------------------    -------------------
    SLICE_X36Y42         FDRE (Prop_fdre_C_Q)         0.141     1.325 r  design_1_i/mdm_1/U0/MDM_Core_I1/JTAG_CONTROL_I/Debug_Rst_i_reg/Q
                         net (fo=2, routed)           0.185     1.510    design_1_i/mdm_1/U0/MDM_Core_I1/JTAG_CONTROL_I/Use_BSCAN.FDC_I/Dbg_Rst_0
    SLICE_X36Y42         LUT6 (Prop_lut6_I5_O)        0.045     1.555 r  design_1_i/mdm_1/U0/MDM_Core_I1/JTAG_CONTROL_I/Use_BSCAN.FDC_I/Debug_Rst_i_i_1/O
                         net (fo=1, routed)           0.000     1.555    design_1_i/mdm_1/U0/MDM_Core_I1/JTAG_CONTROL_I/Use_BSCAN.FDC_I_n_34
    SLICE_X36Y42         FDRE                                         r  design_1_i/mdm_1/U0/MDM_Core_I1/JTAG_CONTROL_I/Debug_Rst_i_reg/D
  -------------------------------------------------------------------    -------------------

                         (clock design_1_i/mdm_1/U0/Use_E2.BSCAN_I/Use_E2.BSCANE2_I/UPDATE rise edge)
                                                      0.000     0.000 r  
    BSCAN_X0Y1           BSCANE2                      0.000     0.000 r  design_1_i/mdm_1/U0/Use_E2.BSCAN_I/Use_E2.BSCANE2_I/UPDATE
                         net (fo=1, routed)           0.696     0.696    design_1_i/mdm_1/U0/Use_E2.BSCAN_I/Dbg_Update_0
    BUFGCTRL_X0Y2        BUFG (Prop_bufg_I_O)         0.029     0.725 r  design_1_i/mdm_1/U0/Use_E2.BSCAN_I/Dbg_Update_0_BUFG_inst/O
                         net (fo=39, routed)          0.831     1.556    design_1_i/mdm_1/U0/MDM_Core_I1/JTAG_CONTROL_I/CLK
    SLICE_X36Y42         FDRE                                         r  design_1_i/mdm_1/U0/MDM_Core_I1/JTAG_CONTROL_I/Debug_Rst_i_reg/C
                         clock pessimism             -0.372     1.184    
    SLICE_X36Y42         FDRE (Hold_fdre_C_D)         0.091     1.275    design_1_i/mdm_1/U0/MDM_Core_I1/JTAG_CONTROL_I/Debug_Rst_i_reg
  -------------------------------------------------------------------
                         required time                         -1.275    
                         arrival time                           1.555    
  -------------------------------------------------------------------
                         slack                                  0.280    

Slack (MET) :             0.337ns  (arrival time - required time)
  Source:                 design_1_i/mdm_1/U0/MDM_Core_I1/JTAG_CONTROL_I/Debug_SYS_Rst_i_reg/C
                            (rising edge-triggered cell FDRE clocked by design_1_i/mdm_1/U0/Use_E2.BSCAN_I/Use_E2.BSCANE2_I/UPDATE  {rise@0.000ns fall@16.667ns period=33.333ns})
  Destination:            design_1_i/mdm_1/U0/MDM_Core_I1/JTAG_CONTROL_I/Debug_SYS_Rst_i_reg/D
                            (rising edge-triggered cell FDRE clocked by design_1_i/mdm_1/U0/Use_E2.BSCAN_I/Use_E2.BSCANE2_I/UPDATE  {rise@0.000ns fall@16.667ns period=33.333ns})
  Path Group:             design_1_i/mdm_1/U0/Use_E2.BSCAN_I/Use_E2.BSCANE2_I/UPDATE
  Path Type:              Hold (Min at Fast Process Corner)
  Requirement:            0.000ns  (design_1_i/mdm_1/U0/Use_E2.BSCAN_I/Use_E2.BSCANE2_I/UPDATE rise@0.000ns - design_1_i/mdm_1/U0/Use_E2.BSCAN_I/Use_E2.BSCANE2_I/UPDATE rise@0.000ns)
  Data Path Delay:        0.429ns  (logic 0.186ns (43.404%)  route 0.243ns (56.596%))
  Logic Levels:           1  (LUT6=1)
  Clock Path Skew:        0.000ns (DCD - SCD - CPR)
    Destination Clock Delay (DCD):    1.556ns
    Source Clock Delay      (SCD):    1.184ns
    Clock Pessimism Removal (CPR):    0.372ns

    Location             Delay type                Incr(ns)  Path(ns)    Netlist Resource(s)
  -------------------------------------------------------------------    -------------------
                         (clock design_1_i/mdm_1/U0/Use_E2.BSCAN_I/Use_E2.BSCANE2_I/UPDATE rise edge)
                                                      0.000     0.000 r  
    BSCAN_X0Y1           BSCANE2                      0.000     0.000 r  design_1_i/mdm_1/U0/Use_E2.BSCAN_I/Use_E2.BSCANE2_I/UPDATE
                         net (fo=1, routed)           0.596     0.596    design_1_i/mdm_1/U0/Use_E2.BSCAN_I/Dbg_Update_0
    BUFGCTRL_X0Y2        BUFG (Prop_bufg_I_O)         0.026     0.622 r  design_1_i/mdm_1/U0/Use_E2.BSCAN_I/Dbg_Update_0_BUFG_inst/O
                         net (fo=39, routed)          0.562     1.184    design_1_i/mdm_1/U0/MDM_Core_I1/JTAG_CONTROL_I/CLK
    SLICE_X36Y42         FDRE                                         r  design_1_i/mdm_1/U0/MDM_Core_I1/JTAG_CONTROL_I/Debug_SYS_Rst_i_reg/C
  -------------------------------------------------------------------    -------------------
    SLICE_X36Y42         FDRE (Prop_fdre_C_Q)         0.141     1.325 r  design_1_i/mdm_1/U0/MDM_Core_I1/JTAG_CONTROL_I/Debug_SYS_Rst_i_reg/Q
                         net (fo=2, routed)           0.243     1.567    design_1_i/mdm_1/U0/MDM_Core_I1/JTAG_CONTROL_I/Use_BSCAN.FDC_I/Debug_SYS_Rst
    SLICE_X36Y42         LUT6 (Prop_lut6_I5_O)        0.045     1.612 r  design_1_i/mdm_1/U0/MDM_Core_I1/JTAG_CONTROL_I/Use_BSCAN.FDC_I/Debug_SYS_Rst_i_i_1/O
                         net (fo=1, routed)           0.000     1.612    design_1_i/mdm_1/U0/MDM_Core_I1/JTAG_CONTROL_I/Use_BSCAN.FDC_I_n_35
    SLICE_X36Y42         FDRE                                         r  design_1_i/mdm_1/U0/MDM_Core_I1/JTAG_CONTROL_I/Debug_SYS_Rst_i_reg/D
  -------------------------------------------------------------------    -------------------

                         (clock design_1_i/mdm_1/U0/Use_E2.BSCAN_I/Use_E2.BSCANE2_I/UPDATE rise edge)
                                                      0.000     0.000 r  
    BSCAN_X0Y1           BSCANE2                      0.000     0.000 r  design_1_i/mdm_1/U0/Use_E2.BSCAN_I/Use_E2.BSCANE2_I/UPDATE
                         net (fo=1, routed)           0.696     0.696    design_1_i/mdm_1/U0/Use_E2.BSCAN_I/Dbg_Update_0
    BUFGCTRL_X0Y2        BUFG (Prop_bufg_I_O)         0.029     0.725 r  design_1_i/mdm_1/U0/Use_E2.BSCAN_I/Dbg_Update_0_BUFG_inst/O
                         net (fo=39, routed)          0.831     1.556    design_1_i/mdm_1/U0/MDM_Core_I1/JTAG_CONTROL_I/CLK
    SLICE_X36Y42         FDRE                                         r  design_1_i/mdm_1/U0/MDM_Core_I1/JTAG_CONTROL_I/Debug_SYS_Rst_i_reg/C
                         clock pessimism             -0.372     1.184    
    SLICE_X36Y42         FDRE (Hold_fdre_C_D)         0.092     1.276    design_1_i/mdm_1/U0/MDM_Core_I1/JTAG_CONTROL_I/Debug_SYS_Rst_i_reg
  -------------------------------------------------------------------
                         required time                         -1.276    
                         arrival time                           1.612    
  -------------------------------------------------------------------
                         slack                                  0.337    

Slack (MET) :             0.511ns  (arrival time - required time)
  Source:                 design_1_i/mdm_1/U0/MDM_Core_I1/JTAG_CONTROL_I/Use_BSCAN.FDC_I/Using_FPGA.Native/C
                            (falling edge-triggered cell FDCE clocked by design_1_i/mdm_1/U0/Use_E2.BSCAN_I/Use_E2.BSCANE2_I/UPDATE  {rise@0.000ns fall@16.667ns period=33.333ns})
  Destination:            design_1_i/mdm_1/U0/MDM_Core_I1/JTAG_CONTROL_I/Use_BSCAN.FDC_I/Using_FPGA.Native/D
                            (falling edge-triggered cell FDCE clocked by design_1_i/mdm_1/U0/Use_E2.BSCAN_I/Use_E2.BSCANE2_I/UPDATE  {rise@0.000ns fall@16.667ns period=33.333ns})
  Path Group:             design_1_i/mdm_1/U0/Use_E2.BSCAN_I/Use_E2.BSCANE2_I/UPDATE
  Path Type:              Hold (Min at Fast Process Corner)
  Requirement:            0.000ns  (design_1_i/mdm_1/U0/Use_E2.BSCAN_I/Use_E2.BSCANE2_I/UPDATE fall@16.667ns - design_1_i/mdm_1/U0/Use_E2.BSCAN_I/Use_E2.BSCANE2_I/UPDATE fall@16.667ns)
  Data Path Delay:        0.588ns  (logic 0.191ns (32.458%)  route 0.397ns (67.542%))
  Logic Levels:           1  (LUT1=1)
  Clock Path Skew:        0.000ns (DCD - SCD - CPR)
    Destination Clock Delay (DCD):    1.557ns = ( 18.223 - 16.667 ) 
    Source Clock Delay      (SCD):    1.185ns = ( 17.851 - 16.667 ) 
    Clock Pessimism Removal (CPR):    0.372ns

    Location             Delay type                Incr(ns)  Path(ns)    Netlist Resource(s)
  -------------------------------------------------------------------    -------------------
                         (clock design_1_i/mdm_1/U0/Use_E2.BSCAN_I/Use_E2.BSCANE2_I/UPDATE fall edge)
                                                     16.667    16.667 f  
    BSCAN_X0Y1           BSCANE2                      0.000    16.667 f  design_1_i/mdm_1/U0/Use_E2.BSCAN_I/Use_E2.BSCANE2_I/UPDATE
                         net (fo=1, routed)           0.596    17.263    design_1_i/mdm_1/U0/Use_E2.BSCAN_I/Dbg_Update_0
    BUFGCTRL_X0Y2        BUFG (Prop_bufg_I_O)         0.026    17.289 f  design_1_i/mdm_1/U0/Use_E2.BSCAN_I/Dbg_Update_0_BUFG_inst/O
                         net (fo=39, routed)          0.563    17.851    design_1_i/mdm_1/U0/MDM_Core_I1/JTAG_CONTROL_I/Use_BSCAN.FDC_I/CLK
    SLICE_X36Y45         FDCE                                         r  design_1_i/mdm_1/U0/MDM_Core_I1/JTAG_CONTROL_I/Use_BSCAN.FDC_I/Using_FPGA.Native/C  (IS_INVERTED)
  -------------------------------------------------------------------    -------------------
    SLICE_X36Y45         FDCE (Prop_fdce_C_Q)         0.146    17.997 f  design_1_i/mdm_1/U0/MDM_Core_I1/JTAG_CONTROL_I/Use_BSCAN.FDC_I/Using_FPGA.Native/Q
                         net (fo=16, routed)          0.236    18.233    design_1_i/mdm_1/U0/MDM_Core_I1/JTAG_CONTROL_I/Use_BSCAN.FDC_I/Q_0
    SLICE_X38Y45         LUT1 (Prop_lut1_I0_O)        0.045    18.278 r  design_1_i/mdm_1/U0/MDM_Core_I1/JTAG_CONTROL_I/Use_BSCAN.FDC_I/Using_FPGA.Native_i_1__0/O
                         net (fo=2, routed)           0.161    18.440    design_1_i/mdm_1/U0/MDM_Core_I1/JTAG_CONTROL_I/Use_BSCAN.FDC_I/D
    SLICE_X36Y45         FDCE                                         r  design_1_i/mdm_1/U0/MDM_Core_I1/JTAG_CONTROL_I/Use_BSCAN.FDC_I/Using_FPGA.Native/D
  -------------------------------------------------------------------    -------------------

                         (clock design_1_i/mdm_1/U0/Use_E2.BSCAN_I/Use_E2.BSCANE2_I/UPDATE fall edge)
                                                     16.667    16.667 f  
    BSCAN_X0Y1           BSCANE2                      0.000    16.667 f  design_1_i/mdm_1/U0/Use_E2.BSCAN_I/Use_E2.BSCANE2_I/UPDATE
                         net (fo=1, routed)           0.696    17.363    design_1_i/mdm_1/U0/Use_E2.BSCAN_I/Dbg_Update_0
    BUFGCTRL_X0Y2        BUFG (Prop_bufg_I_O)         0.029    17.392 f  design_1_i/mdm_1/U0/Use_E2.BSCAN_I/Dbg_Update_0_BUFG_inst/O
                         net (fo=39, routed)          0.832    18.223    design_1_i/mdm_1/U0/MDM_Core_I1/JTAG_CONTROL_I/Use_BSCAN.FDC_I/CLK
    SLICE_X36Y45         FDCE                                         r  design_1_i/mdm_1/U0/MDM_Core_I1/JTAG_CONTROL_I/Use_BSCAN.FDC_I/Using_FPGA.Native/C  (IS_INVERTED)
                         clock pessimism             -0.372    17.851    
    SLICE_X36Y45         FDCE (Hold_fdce_C_D)         0.077    17.928    design_1_i/mdm_1/U0/MDM_Core_I1/JTAG_CONTROL_I/Use_BSCAN.FDC_I/Using_FPGA.Native
  -------------------------------------------------------------------
                         required time                        -17.928    
                         arrival time                          18.440    
  -------------------------------------------------------------------
                         slack                                  0.511    

Slack (MET) :             0.532ns  (arrival time - required time)
  Source:                 design_1_i/mdm_1/U0/MDM_Core_I1/Use_BSCAN.PORT_Selector_reg[3]/C
                            (falling edge-triggered cell FDCE clocked by design_1_i/mdm_1/U0/Use_E2.BSCAN_I/Use_E2.BSCANE2_I/UPDATE  {rise@0.000ns fall@16.667ns period=33.333ns})
  Destination:            design_1_i/mdm_1/U0/MDM_Core_I1/JTAG_CONTROL_I/Use_BSCAN.command_reg[3]/CE
                            (falling edge-triggered cell FDRE clocked by design_1_i/mdm_1/U0/Use_E2.BSCAN_I/Use_E2.BSCANE2_I/UPDATE  {rise@0.000ns fall@16.667ns period=33.333ns})
  Path Group:             design_1_i/mdm_1/U0/Use_E2.BSCAN_I/Use_E2.BSCANE2_I/UPDATE
  Path Type:              Hold (Min at Fast Process Corner)
  Requirement:            0.000ns  (design_1_i/mdm_1/U0/Use_E2.BSCAN_I/Use_E2.BSCANE2_I/UPDATE fall@16.667ns - design_1_i/mdm_1/U0/Use_E2.BSCAN_I/Use_E2.BSCANE2_I/UPDATE fall@16.667ns)
  Data Path Delay:        0.516ns  (logic 0.212ns (41.090%)  route 0.304ns (58.910%))
  Logic Levels:           1  (LUT5=1)
  Clock Path Skew:        0.016ns (DCD - SCD - CPR)
    Destination Clock Delay (DCD):    1.557ns = ( 18.223 - 16.667 ) 
    Source Clock Delay      (SCD):    1.185ns = ( 17.851 - 16.667 ) 
    Clock Pessimism Removal (CPR):    0.356ns

    Location             Delay type                Incr(ns)  Path(ns)    Netlist Resource(s)
  -------------------------------------------------------------------    -------------------
                         (clock design_1_i/mdm_1/U0/Use_E2.BSCAN_I/Use_E2.BSCANE2_I/UPDATE fall edge)
                                                     16.667    16.667 f  
    BSCAN_X0Y1           BSCANE2                      0.000    16.667 f  design_1_i/mdm_1/U0/Use_E2.BSCAN_I/Use_E2.BSCANE2_I/UPDATE
                         net (fo=1, routed)           0.596    17.263    design_1_i/mdm_1/U0/Use_E2.BSCAN_I/Dbg_Update_0
    BUFGCTRL_X0Y2        BUFG (Prop_bufg_I_O)         0.026    17.289 f  design_1_i/mdm_1/U0/Use_E2.BSCAN_I/Dbg_Update_0_BUFG_inst/O
                         net (fo=39, routed)          0.563    17.851    design_1_i/mdm_1/U0/MDM_Core_I1/CLK
    SLICE_X38Y45         FDCE                                         r  design_1_i/mdm_1/U0/MDM_Core_I1/Use_BSCAN.PORT_Selector_reg[3]/C  (IS_INVERTED)
  -------------------------------------------------------------------    -------------------
    SLICE_X38Y45         FDCE (Prop_fdce_C_Q)         0.167    18.018 f  design_1_i/mdm_1/U0/MDM_Core_I1/Use_BSCAN.PORT_Selector_reg[3]/Q
                         net (fo=8, routed)           0.183    18.201    design_1_i/mdm_1/U0/MDM_Core_I1/JTAG_CONTROL_I/Q[3]
    SLICE_X36Y45         LUT5 (Prop_lut5_I3_O)        0.045    18.246 r  design_1_i/mdm_1/U0/MDM_Core_I1/JTAG_CONTROL_I/Use_BSCAN.command[0]_i_1/O
                         net (fo=8, routed)           0.121    18.367    design_1_i/mdm_1/U0/MDM_Core_I1/JTAG_CONTROL_I/Use_BSCAN.command[0]_i_1_n_0
    SLICE_X36Y44         FDRE                                         r  design_1_i/mdm_1/U0/MDM_Core_I1/JTAG_CONTROL_I/Use_BSCAN.command_reg[3]/CE
  -------------------------------------------------------------------    -------------------

                         (clock design_1_i/mdm_1/U0/Use_E2.BSCAN_I/Use_E2.BSCANE2_I/UPDATE fall edge)
                                                     16.667    16.667 f  
    BSCAN_X0Y1           BSCANE2                      0.000    16.667 f  design_1_i/mdm_1/U0/Use_E2.BSCAN_I/Use_E2.BSCANE2_I/UPDATE
                         net (fo=1, routed)           0.696    17.363    design_1_i/mdm_1/U0/Use_E2.BSCAN_I/Dbg_Update_0
    BUFGCTRL_X0Y2        BUFG (Prop_bufg_I_O)         0.029    17.392 f  design_1_i/mdm_1/U0/Use_E2.BSCAN_I/Dbg_Update_0_BUFG_inst/O
                         net (fo=39, routed)          0.832    18.223    design_1_i/mdm_1/U0/MDM_Core_I1/JTAG_CONTROL_I/CLK
    SLICE_X36Y44         FDRE                                         r  design_1_i/mdm_1/U0/MDM_Core_I1/JTAG_CONTROL_I/Use_BSCAN.command_reg[3]/C  (IS_INVERTED)
                         clock pessimism             -0.356    17.867    
    SLICE_X36Y44         FDRE (Hold_fdre_C_CE)       -0.032    17.835    design_1_i/mdm_1/U0/MDM_Core_I1/JTAG_CONTROL_I/Use_BSCAN.command_reg[3]
  -------------------------------------------------------------------
                         required time                        -17.835    
                         arrival time                          18.367    
  -------------------------------------------------------------------
                         slack                                  0.532    

Slack (MET) :             0.532ns  (arrival time - required time)
  Source:                 design_1_i/mdm_1/U0/MDM_Core_I1/Use_BSCAN.PORT_Selector_reg[3]/C
                            (falling edge-triggered cell FDCE clocked by design_1_i/mdm_1/U0/Use_E2.BSCAN_I/Use_E2.BSCANE2_I/UPDATE  {rise@0.000ns fall@16.667ns period=33.333ns})
  Destination:            design_1_i/mdm_1/U0/MDM_Core_I1/JTAG_CONTROL_I/Use_BSCAN.command_reg[4]/CE
                            (falling edge-triggered cell FDRE clocked by design_1_i/mdm_1/U0/Use_E2.BSCAN_I/Use_E2.BSCANE2_I/UPDATE  {rise@0.000ns fall@16.667ns period=33.333ns})
  Path Group:             design_1_i/mdm_1/U0/Use_E2.BSCAN_I/Use_E2.BSCANE2_I/UPDATE
  Path Type:              Hold (Min at Fast Process Corner)
  Requirement:            0.000ns  (design_1_i/mdm_1/U0/Use_E2.BSCAN_I/Use_E2.BSCANE2_I/UPDATE fall@16.667ns - design_1_i/mdm_1/U0/Use_E2.BSCAN_I/Use_E2.BSCANE2_I/UPDATE fall@16.667ns)
  Data Path Delay:        0.516ns  (logic 0.212ns (41.090%)  route 0.304ns (58.910%))
  Logic Levels:           1  (LUT5=1)
  Clock Path Skew:        0.016ns (DCD - SCD - CPR)
    Destination Clock Delay (DCD):    1.557ns = ( 18.223 - 16.667 ) 
    Source Clock Delay      (SCD):    1.185ns = ( 17.851 - 16.667 ) 
    Clock Pessimism Removal (CPR):    0.356ns

    Location             Delay type                Incr(ns)  Path(ns)    Netlist Resource(s)
  -------------------------------------------------------------------    -------------------
                         (clock design_1_i/mdm_1/U0/Use_E2.BSCAN_I/Use_E2.BSCANE2_I/UPDATE fall edge)
                                                     16.667    16.667 f  
    BSCAN_X0Y1           BSCANE2                      0.000    16.667 f  design_1_i/mdm_1/U0/Use_E2.BSCAN_I/Use_E2.BSCANE2_I/UPDATE
                         net (fo=1, routed)           0.596    17.263    design_1_i/mdm_1/U0/Use_E2.BSCAN_I/Dbg_Update_0
    BUFGCTRL_X0Y2        BUFG (Prop_bufg_I_O)         0.026    17.289 f  design_1_i/mdm_1/U0/Use_E2.BSCAN_I/Dbg_Update_0_BUFG_inst/O
                         net (fo=39, routed)          0.563    17.851    design_1_i/mdm_1/U0/MDM_Core_I1/CLK
    SLICE_X38Y45         FDCE                                         r  design_1_i/mdm_1/U0/MDM_Core_I1/Use_BSCAN.PORT_Selector_reg[3]/C  (IS_INVERTED)
  -------------------------------------------------------------------    -------------------
    SLICE_X38Y45         FDCE (Prop_fdce_C_Q)         0.167    18.018 f  design_1_i/mdm_1/U0/MDM_Core_I1/Use_BSCAN.PORT_Selector_reg[3]/Q
                         net (fo=8, routed)           0.183    18.201    design_1_i/mdm_1/U0/MDM_Core_I1/JTAG_CONTROL_I/Q[3]
    SLICE_X36Y45         LUT5 (Prop_lut5_I3_O)        0.045    18.246 r  design_1_i/mdm_1/U0/MDM_Core_I1/JTAG_CONTROL_I/Use_BSCAN.command[0]_i_1/O
                         net (fo=8, routed)           0.121    18.367    design_1_i/mdm_1/U0/MDM_Core_I1/JTAG_CONTROL_I/Use_BSCAN.command[0]_i_1_n_0
    SLICE_X36Y44         FDRE                                         r  design_1_i/mdm_1/U0/MDM_Core_I1/JTAG_CONTROL_I/Use_BSCAN.command_reg[4]/CE
  -------------------------------------------------------------------    -------------------

                         (clock design_1_i/mdm_1/U0/Use_E2.BSCAN_I/Use_E2.BSCANE2_I/UPDATE fall edge)
                                                     16.667    16.667 f  
    BSCAN_X0Y1           BSCANE2                      0.000    16.667 f  design_1_i/mdm_1/U0/Use_E2.BSCAN_I/Use_E2.BSCANE2_I/UPDATE
                         net (fo=1, routed)           0.696    17.363    design_1_i/mdm_1/U0/Use_E2.BSCAN_I/Dbg_Update_0
    BUFGCTRL_X0Y2        BUFG (Prop_bufg_I_O)         0.029    17.392 f  design_1_i/mdm_1/U0/Use_E2.BSCAN_I/Dbg_Update_0_BUFG_inst/O
                         net (fo=39, routed)          0.832    18.223    design_1_i/mdm_1/U0/MDM_Core_I1/JTAG_CONTROL_I/CLK
    SLICE_X36Y44         FDRE                                         r  design_1_i/mdm_1/U0/MDM_Core_I1/JTAG_CONTROL_I/Use_BSCAN.command_reg[4]/C  (IS_INVERTED)
                         clock pessimism             -0.356    17.867    
    SLICE_X36Y44         FDRE (Hold_fdre_C_CE)       -0.032    17.835    design_1_i/mdm_1/U0/MDM_Core_I1/JTAG_CONTROL_I/Use_BSCAN.command_reg[4]
  -------------------------------------------------------------------
                         required time                        -17.835    
                         arrival time                          18.367    
  -------------------------------------------------------------------
                         slack                                  0.532    

Slack (MET) :             0.532ns  (arrival time - required time)
  Source:                 design_1_i/mdm_1/U0/MDM_Core_I1/Use_BSCAN.PORT_Selector_reg[3]/C
                            (falling edge-triggered cell FDCE clocked by design_1_i/mdm_1/U0/Use_E2.BSCAN_I/Use_E2.BSCANE2_I/UPDATE  {rise@0.000ns fall@16.667ns period=33.333ns})
  Destination:            design_1_i/mdm_1/U0/MDM_Core_I1/JTAG_CONTROL_I/Use_BSCAN.command_reg[5]/CE
                            (falling edge-triggered cell FDRE clocked by design_1_i/mdm_1/U0/Use_E2.BSCAN_I/Use_E2.BSCANE2_I/UPDATE  {rise@0.000ns fall@16.667ns period=33.333ns})
  Path Group:             design_1_i/mdm_1/U0/Use_E2.BSCAN_I/Use_E2.BSCANE2_I/UPDATE
  Path Type:              Hold (Min at Fast Process Corner)
  Requirement:            0.000ns  (design_1_i/mdm_1/U0/Use_E2.BSCAN_I/Use_E2.BSCANE2_I/UPDATE fall@16.667ns - design_1_i/mdm_1/U0/Use_E2.BSCAN_I/Use_E2.BSCANE2_I/UPDATE fall@16.667ns)
  Data Path Delay:        0.516ns  (logic 0.212ns (41.090%)  route 0.304ns (58.910%))
  Logic Levels:           1  (LUT5=1)
  Clock Path Skew:        0.016ns (DCD - SCD - CPR)
    Destination Clock Delay (DCD):    1.557ns = ( 18.223 - 16.667 ) 
    Source Clock Delay      (SCD):    1.185ns = ( 17.851 - 16.667 ) 
    Clock Pessimism Removal (CPR):    0.356ns

    Location             Delay type                Incr(ns)  Path(ns)    Netlist Resource(s)
  -------------------------------------------------------------------    -------------------
                         (clock design_1_i/mdm_1/U0/Use_E2.BSCAN_I/Use_E2.BSCANE2_I/UPDATE fall edge)
                                                     16.667    16.667 f  
    BSCAN_X0Y1           BSCANE2                      0.000    16.667 f  design_1_i/mdm_1/U0/Use_E2.BSCAN_I/Use_E2.BSCANE2_I/UPDATE
                         net (fo=1, routed)           0.596    17.263    design_1_i/mdm_1/U0/Use_E2.BSCAN_I/Dbg_Update_0
    BUFGCTRL_X0Y2        BUFG (Prop_bufg_I_O)         0.026    17.289 f  design_1_i/mdm_1/U0/Use_E2.BSCAN_I/Dbg_Update_0_BUFG_inst/O
                         net (fo=39, routed)          0.563    17.851    design_1_i/mdm_1/U0/MDM_Core_I1/CLK
    SLICE_X38Y45         FDCE                                         r  design_1_i/mdm_1/U0/MDM_Core_I1/Use_BSCAN.PORT_Selector_reg[3]/C  (IS_INVERTED)
  -------------------------------------------------------------------    -------------------
    SLICE_X38Y45         FDCE (Prop_fdce_C_Q)         0.167    18.018 f  design_1_i/mdm_1/U0/MDM_Core_I1/Use_BSCAN.PORT_Selector_reg[3]/Q
                         net (fo=8, routed)           0.183    18.201    design_1_i/mdm_1/U0/MDM_Core_I1/JTAG_CONTROL_I/Q[3]
    SLICE_X36Y45         LUT5 (Prop_lut5_I3_O)        0.045    18.246 r  design_1_i/mdm_1/U0/MDM_Core_I1/JTAG_CONTROL_I/Use_BSCAN.command[0]_i_1/O
                         net (fo=8, routed)           0.121    18.367    design_1_i/mdm_1/U0/MDM_Core_I1/JTAG_CONTROL_I/Use_BSCAN.command[0]_i_1_n_0
    SLICE_X36Y44         FDRE                                         r  design_1_i/mdm_1/U0/MDM_Core_I1/JTAG_CONTROL_I/Use_BSCAN.command_reg[5]/CE
  -------------------------------------------------------------------    -------------------

                         (clock design_1_i/mdm_1/U0/Use_E2.BSCAN_I/Use_E2.BSCANE2_I/UPDATE fall edge)
                                                     16.667    16.667 f  
    BSCAN_X0Y1           BSCANE2                      0.000    16.667 f  design_1_i/mdm_1/U0/Use_E2.BSCAN_I/Use_E2.BSCANE2_I/UPDATE
                         net (fo=1, routed)           0.696    17.363    design_1_i/mdm_1/U0/Use_E2.BSCAN_I/Dbg_Update_0
    BUFGCTRL_X0Y2        BUFG (Prop_bufg_I_O)         0.029    17.392 f  design_1_i/mdm_1/U0/Use_E2.BSCAN_I/Dbg_Update_0_BUFG_inst/O
                         net (fo=39, routed)          0.832    18.223    design_1_i/mdm_1/U0/MDM_Core_I1/JTAG_CONTROL_I/CLK
    SLICE_X36Y44         FDRE                                         r  design_1_i/mdm_1/U0/MDM_Core_I1/JTAG_CONTROL_I/Use_BSCAN.command_reg[5]/C  (IS_INVERTED)
                         clock pessimism             -0.356    17.867    
    SLICE_X36Y44         FDRE (Hold_fdre_C_CE)       -0.032    17.835    design_1_i/mdm_1/U0/MDM_Core_I1/JTAG_CONTROL_I/Use_BSCAN.command_reg[5]
  -------------------------------------------------------------------
                         required time                        -17.835    
                         arrival time                          18.367    
  -------------------------------------------------------------------
                         slack                                  0.532    

Slack (MET) :             0.532ns  (arrival time - required time)
  Source:                 design_1_i/mdm_1/U0/MDM_Core_I1/Use_BSCAN.PORT_Selector_reg[3]/C
                            (falling edge-triggered cell FDCE clocked by design_1_i/mdm_1/U0/Use_E2.BSCAN_I/Use_E2.BSCANE2_I/UPDATE  {rise@0.000ns fall@16.667ns period=33.333ns})
  Destination:            design_1_i/mdm_1/U0/MDM_Core_I1/JTAG_CONTROL_I/Use_BSCAN.command_reg[6]/CE
                            (falling edge-triggered cell FDRE clocked by design_1_i/mdm_1/U0/Use_E2.BSCAN_I/Use_E2.BSCANE2_I/UPDATE  {rise@0.000ns fall@16.667ns period=33.333ns})
  Path Group:             design_1_i/mdm_1/U0/Use_E2.BSCAN_I/Use_E2.BSCANE2_I/UPDATE
  Path Type:              Hold (Min at Fast Process Corner)
  Requirement:            0.000ns  (design_1_i/mdm_1/U0/Use_E2.BSCAN_I/Use_E2.BSCANE2_I/UPDATE fall@16.667ns - design_1_i/mdm_1/U0/Use_E2.BSCAN_I/Use_E2.BSCANE2_I/UPDATE fall@16.667ns)
  Data Path Delay:        0.516ns  (logic 0.212ns (41.090%)  route 0.304ns (58.910%))
  Logic Levels:           1  (LUT5=1)
  Clock Path Skew:        0.016ns (DCD - SCD - CPR)
    Destination Clock Delay (DCD):    1.557ns = ( 18.223 - 16.667 ) 
    Source Clock Delay      (SCD):    1.185ns = ( 17.851 - 16.667 ) 
    Clock Pessimism Removal (CPR):    0.356ns

    Location             Delay type                Incr(ns)  Path(ns)    Netlist Resource(s)
  -------------------------------------------------------------------    -------------------
                         (clock design_1_i/mdm_1/U0/Use_E2.BSCAN_I/Use_E2.BSCANE2_I/UPDATE fall edge)
                                                     16.667    16.667 f  
    BSCAN_X0Y1           BSCANE2                      0.000    16.667 f  design_1_i/mdm_1/U0/Use_E2.BSCAN_I/Use_E2.BSCANE2_I/UPDATE
                         net (fo=1, routed)           0.596    17.263    design_1_i/mdm_1/U0/Use_E2.BSCAN_I/Dbg_Update_0
    BUFGCTRL_X0Y2        BUFG (Prop_bufg_I_O)         0.026    17.289 f  design_1_i/mdm_1/U0/Use_E2.BSCAN_I/Dbg_Update_0_BUFG_inst/O
                         net (fo=39, routed)          0.563    17.851    design_1_i/mdm_1/U0/MDM_Core_I1/CLK
    SLICE_X38Y45         FDCE                                         r  design_1_i/mdm_1/U0/MDM_Core_I1/Use_BSCAN.PORT_Selector_reg[3]/C  (IS_INVERTED)
  -------------------------------------------------------------------    -------------------
    SLICE_X38Y45         FDCE (Prop_fdce_C_Q)         0.167    18.018 f  design_1_i/mdm_1/U0/MDM_Core_I1/Use_BSCAN.PORT_Selector_reg[3]/Q
                         net (fo=8, routed)           0.183    18.201    design_1_i/mdm_1/U0/MDM_Core_I1/JTAG_CONTROL_I/Q[3]
    SLICE_X36Y45         LUT5 (Prop_lut5_I3_O)        0.045    18.246 r  design_1_i/mdm_1/U0/MDM_Core_I1/JTAG_CONTROL_I/Use_BSCAN.command[0]_i_1/O
                         net (fo=8, routed)           0.121    18.367    design_1_i/mdm_1/U0/MDM_Core_I1/JTAG_CONTROL_I/Use_BSCAN.command[0]_i_1_n_0
    SLICE_X36Y44         FDRE                                         r  design_1_i/mdm_1/U0/MDM_Core_I1/JTAG_CONTROL_I/Use_BSCAN.command_reg[6]/CE
  -------------------------------------------------------------------    -------------------

                         (clock design_1_i/mdm_1/U0/Use_E2.BSCAN_I/Use_E2.BSCANE2_I/UPDATE fall edge)
                                                     16.667    16.667 f  
    BSCAN_X0Y1           BSCANE2                      0.000    16.667 f  design_1_i/mdm_1/U0/Use_E2.BSCAN_I/Use_E2.BSCANE2_I/UPDATE
                         net (fo=1, routed)           0.696    17.363    design_1_i/mdm_1/U0/Use_E2.BSCAN_I/Dbg_Update_0
    BUFGCTRL_X0Y2        BUFG (Prop_bufg_I_O)         0.029    17.392 f  design_1_i/mdm_1/U0/Use_E2.BSCAN_I/Dbg_Update_0_BUFG_inst/O
                         net (fo=39, routed)          0.832    18.223    design_1_i/mdm_1/U0/MDM_Core_I1/JTAG_CONTROL_I/CLK
    SLICE_X36Y44         FDRE                                         r  design_1_i/mdm_1/U0/MDM_Core_I1/JTAG_CONTROL_I/Use_BSCAN.command_reg[6]/C  (IS_INVERTED)
                         clock pessimism             -0.356    17.867    
    SLICE_X36Y44         FDRE (Hold_fdre_C_CE)       -0.032    17.835    design_1_i/mdm_1/U0/MDM_Core_I1/JTAG_CONTROL_I/Use_BSCAN.command_reg[6]
  -------------------------------------------------------------------
                         required time                        -17.835    
                         arrival time                          18.367    
  -------------------------------------------------------------------
                         slack                                  0.532    

Slack (MET) :             0.694ns  (arrival time - required time)
  Source:                 design_1_i/mdm_1/U0/MDM_Core_I1/Use_BSCAN.PORT_Selector_reg[3]/C
                            (falling edge-triggered cell FDCE clocked by design_1_i/mdm_1/U0/Use_E2.BSCAN_I/Use_E2.BSCANE2_I/UPDATE  {rise@0.000ns fall@16.667ns period=33.333ns})
  Destination:            design_1_i/mdm_1/U0/MDM_Core_I1/JTAG_CONTROL_I/Use_BSCAN.command_reg[0]/CE
                            (falling edge-triggered cell FDRE clocked by design_1_i/mdm_1/U0/Use_E2.BSCAN_I/Use_E2.BSCANE2_I/UPDATE  {rise@0.000ns fall@16.667ns period=33.333ns})
  Path Group:             design_1_i/mdm_1/U0/Use_E2.BSCAN_I/Use_E2.BSCANE2_I/UPDATE
  Path Type:              Hold (Min at Fast Process Corner)
  Requirement:            0.000ns  (design_1_i/mdm_1/U0/Use_E2.BSCAN_I/Use_E2.BSCANE2_I/UPDATE fall@16.667ns - design_1_i/mdm_1/U0/Use_E2.BSCAN_I/Use_E2.BSCANE2_I/UPDATE fall@16.667ns)
  Data Path Delay:        0.678ns  (logic 0.212ns (31.282%)  route 0.466ns (68.718%))
  Logic Levels:           1  (LUT5=1)
  Clock Path Skew:        0.016ns (DCD - SCD - CPR)
    Destination Clock Delay (DCD):    1.557ns = ( 18.223 - 16.667 ) 
    Source Clock Delay      (SCD):    1.185ns = ( 17.851 - 16.667 ) 
    Clock Pessimism Removal (CPR):    0.356ns

    Location             Delay type                Incr(ns)  Path(ns)    Netlist Resource(s)
  -------------------------------------------------------------------    -------------------
                         (clock design_1_i/mdm_1/U0/Use_E2.BSCAN_I/Use_E2.BSCANE2_I/UPDATE fall edge)
                                                     16.667    16.667 f  
    BSCAN_X0Y1           BSCANE2                      0.000    16.667 f  design_1_i/mdm_1/U0/Use_E2.BSCAN_I/Use_E2.BSCANE2_I/UPDATE
                         net (fo=1, routed)           0.596    17.263    design_1_i/mdm_1/U0/Use_E2.BSCAN_I/Dbg_Update_0
    BUFGCTRL_X0Y2        BUFG (Prop_bufg_I_O)         0.026    17.289 f  design_1_i/mdm_1/U0/Use_E2.BSCAN_I/Dbg_Update_0_BUFG_inst/O
                         net (fo=39, routed)          0.563    17.851    design_1_i/mdm_1/U0/MDM_Core_I1/CLK
    SLICE_X38Y45         FDCE                                         r  design_1_i/mdm_1/U0/MDM_Core_I1/Use_BSCAN.PORT_Selector_reg[3]/C  (IS_INVERTED)
  -------------------------------------------------------------------    -------------------
    SLICE_X38Y45         FDCE (Prop_fdce_C_Q)         0.167    18.018 f  design_1_i/mdm_1/U0/MDM_Core_I1/Use_BSCAN.PORT_Selector_reg[3]/Q
                         net (fo=8, routed)           0.183    18.201    design_1_i/mdm_1/U0/MDM_Core_I1/JTAG_CONTROL_I/Q[3]
    SLICE_X36Y45         LUT5 (Prop_lut5_I3_O)        0.045    18.246 r  design_1_i/mdm_1/U0/MDM_Core_I1/JTAG_CONTROL_I/Use_BSCAN.command[0]_i_1/O
                         net (fo=8, routed)           0.283    18.529    design_1_i/mdm_1/U0/MDM_Core_I1/JTAG_CONTROL_I/Use_BSCAN.command[0]_i_1_n_0
    SLICE_X36Y43         FDRE                                         r  design_1_i/mdm_1/U0/MDM_Core_I1/JTAG_CONTROL_I/Use_BSCAN.command_reg[0]/CE
  -------------------------------------------------------------------    -------------------

                         (clock design_1_i/mdm_1/U0/Use_E2.BSCAN_I/Use_E2.BSCANE2_I/UPDATE fall edge)
                                                     16.667    16.667 f  
    BSCAN_X0Y1           BSCANE2                      0.000    16.667 f  design_1_i/mdm_1/U0/Use_E2.BSCAN_I/Use_E2.BSCANE2_I/UPDATE
                         net (fo=1, routed)           0.696    17.363    design_1_i/mdm_1/U0/Use_E2.BSCAN_I/Dbg_Update_0
    BUFGCTRL_X0Y2        BUFG (Prop_bufg_I_O)         0.029    17.392 f  design_1_i/mdm_1/U0/Use_E2.BSCAN_I/Dbg_Update_0_BUFG_inst/O
                         net (fo=39, routed)          0.832    18.223    design_1_i/mdm_1/U0/MDM_Core_I1/JTAG_CONTROL_I/CLK
    SLICE_X36Y43         FDRE                                         r  design_1_i/mdm_1/U0/MDM_Core_I1/JTAG_CONTROL_I/Use_BSCAN.command_reg[0]/C  (IS_INVERTED)
                         clock pessimism             -0.356    17.867    
    SLICE_X36Y43         FDRE (Hold_fdre_C_CE)       -0.032    17.835    design_1_i/mdm_1/U0/MDM_Core_I1/JTAG_CONTROL_I/Use_BSCAN.command_reg[0]
  -------------------------------------------------------------------
                         required time                        -17.835    
                         arrival time                          18.529    
  -------------------------------------------------------------------
                         slack                                  0.694    

Slack (MET) :             0.694ns  (arrival time - required time)
  Source:                 design_1_i/mdm_1/U0/MDM_Core_I1/Use_BSCAN.PORT_Selector_reg[3]/C
                            (falling edge-triggered cell FDCE clocked by design_1_i/mdm_1/U0/Use_E2.BSCAN_I/Use_E2.BSCANE2_I/UPDATE  {rise@0.000ns fall@16.667ns period=33.333ns})
  Destination:            design_1_i/mdm_1/U0/MDM_Core_I1/JTAG_CONTROL_I/Use_BSCAN.command_reg[1]/CE
                            (falling edge-triggered cell FDRE clocked by design_1_i/mdm_1/U0/Use_E2.BSCAN_I/Use_E2.BSCANE2_I/UPDATE  {rise@0.000ns fall@16.667ns period=33.333ns})
  Path Group:             design_1_i/mdm_1/U0/Use_E2.BSCAN_I/Use_E2.BSCANE2_I/UPDATE
  Path Type:              Hold (Min at Fast Process Corner)
  Requirement:            0.000ns  (design_1_i/mdm_1/U0/Use_E2.BSCAN_I/Use_E2.BSCANE2_I/UPDATE fall@16.667ns - design_1_i/mdm_1/U0/Use_E2.BSCAN_I/Use_E2.BSCANE2_I/UPDATE fall@16.667ns)
  Data Path Delay:        0.678ns  (logic 0.212ns (31.282%)  route 0.466ns (68.718%))
  Logic Levels:           1  (LUT5=1)
  Clock Path Skew:        0.016ns (DCD - SCD - CPR)
    Destination Clock Delay (DCD):    1.557ns = ( 18.223 - 16.667 ) 
    Source Clock Delay      (SCD):    1.185ns = ( 17.851 - 16.667 ) 
    Clock Pessimism Removal (CPR):    0.356ns

    Location             Delay type                Incr(ns)  Path(ns)    Netlist Resource(s)
  -------------------------------------------------------------------    -------------------
                         (clock design_1_i/mdm_1/U0/Use_E2.BSCAN_I/Use_E2.BSCANE2_I/UPDATE fall edge)
                                                     16.667    16.667 f  
    BSCAN_X0Y1           BSCANE2                      0.000    16.667 f  design_1_i/mdm_1/U0/Use_E2.BSCAN_I/Use_E2.BSCANE2_I/UPDATE
                         net (fo=1, routed)           0.596    17.263    design_1_i/mdm_1/U0/Use_E2.BSCAN_I/Dbg_Update_0
    BUFGCTRL_X0Y2        BUFG (Prop_bufg_I_O)         0.026    17.289 f  design_1_i/mdm_1/U0/Use_E2.BSCAN_I/Dbg_Update_0_BUFG_inst/O
                         net (fo=39, routed)          0.563    17.851    design_1_i/mdm_1/U0/MDM_Core_I1/CLK
    SLICE_X38Y45         FDCE                                         r  design_1_i/mdm_1/U0/MDM_Core_I1/Use_BSCAN.PORT_Selector_reg[3]/C  (IS_INVERTED)
  -------------------------------------------------------------------    -------------------
    SLICE_X38Y45         FDCE (Prop_fdce_C_Q)         0.167    18.018 f  design_1_i/mdm_1/U0/MDM_Core_I1/Use_BSCAN.PORT_Selector_reg[3]/Q
                         net (fo=8, routed)           0.183    18.201    design_1_i/mdm_1/U0/MDM_Core_I1/JTAG_CONTROL_I/Q[3]
    SLICE_X36Y45         LUT5 (Prop_lut5_I3_O)        0.045    18.246 r  design_1_i/mdm_1/U0/MDM_Core_I1/JTAG_CONTROL_I/Use_BSCAN.command[0]_i_1/O
                         net (fo=8, routed)           0.283    18.529    design_1_i/mdm_1/U0/MDM_Core_I1/JTAG_CONTROL_I/Use_BSCAN.command[0]_i_1_n_0
    SLICE_X36Y43         FDRE                                         r  design_1_i/mdm_1/U0/MDM_Core_I1/JTAG_CONTROL_I/Use_BSCAN.command_reg[1]/CE
  -------------------------------------------------------------------    -------------------

                         (clock design_1_i/mdm_1/U0/Use_E2.BSCAN_I/Use_E2.BSCANE2_I/UPDATE fall edge)
                                                     16.667    16.667 f  
    BSCAN_X0Y1           BSCANE2                      0.000    16.667 f  design_1_i/mdm_1/U0/Use_E2.BSCAN_I/Use_E2.BSCANE2_I/UPDATE
                         net (fo=1, routed)           0.696    17.363    design_1_i/mdm_1/U0/Use_E2.BSCAN_I/Dbg_Update_0
    BUFGCTRL_X0Y2        BUFG (Prop_bufg_I_O)         0.029    17.392 f  design_1_i/mdm_1/U0/Use_E2.BSCAN_I/Dbg_Update_0_BUFG_inst/O
                         net (fo=39, routed)          0.832    18.223    design_1_i/mdm_1/U0/MDM_Core_I1/JTAG_CONTROL_I/CLK
    SLICE_X36Y43         FDRE                                         r  design_1_i/mdm_1/U0/MDM_Core_I1/JTAG_CONTROL_I/Use_BSCAN.command_reg[1]/C  (IS_INVERTED)
                         clock pessimism             -0.356    17.867    
    SLICE_X36Y43         FDRE (Hold_fdre_C_CE)       -0.032    17.835    design_1_i/mdm_1/U0/MDM_Core_I1/JTAG_CONTROL_I/Use_BSCAN.command_reg[1]
  -------------------------------------------------------------------
                         required time                        -17.835    
                         arrival time                          18.529    
  -------------------------------------------------------------------
                         slack                                  0.694    





Pulse Width Checks
--------------------------------------------------------------------------------------
Clock Name:         design_1_i/mdm_1/U0/Use_E2.BSCAN_I/Use_E2.BSCANE2_I/UPDATE
Waveform(ns):       { 0.000 16.667 }
Period(ns):         33.333
Sources:            { design_1_i/mdm_1/U0/Use_E2.BSCAN_I/Use_E2.BSCANE2_I/UPDATE }

Check Type        Corner  Lib Pin  Reference Pin  Required(ns)  Actual(ns)  Slack(ns)  Location       Pin
Min Period        n/a     BUFG/I   n/a            2.155         33.333      31.178     BUFGCTRL_X0Y2  design_1_i/mdm_1/U0/Use_E2.BSCAN_I/Dbg_Update_0_BUFG_inst/I
Min Period        n/a     FDRE/C   n/a            1.000         33.333      32.333     SLICE_X36Y42   design_1_i/mdm_1/U0/MDM_Core_I1/JTAG_CONTROL_I/Debug_Rst_i_reg/C
Min Period        n/a     FDRE/C   n/a            1.000         33.333      32.333     SLICE_X36Y42   design_1_i/mdm_1/U0/MDM_Core_I1/JTAG_CONTROL_I/Debug_SYS_Rst_i_reg/C
Min Period        n/a     FDCE/C   n/a            1.000         33.333      32.333     SLICE_X36Y45   design_1_i/mdm_1/U0/MDM_Core_I1/JTAG_CONTROL_I/Use_BSCAN.FDC_I/Using_FPGA.Native/C
Min Period        n/a     FDRE/C   n/a            1.000         33.333      32.333     SLICE_X36Y43   design_1_i/mdm_1/U0/MDM_Core_I1/JTAG_CONTROL_I/Use_BSCAN.command_reg[0]/C
Min Period        n/a     FDRE/C   n/a            1.000         33.333      32.333     SLICE_X36Y43   design_1_i/mdm_1/U0/MDM_Core_I1/JTAG_CONTROL_I/Use_BSCAN.command_reg[1]/C
Min Period        n/a     FDRE/C   n/a            1.000         33.333      32.333     SLICE_X36Y43   design_1_i/mdm_1/U0/MDM_Core_I1/JTAG_CONTROL_I/Use_BSCAN.command_reg[2]/C
Min Period        n/a     FDRE/C   n/a            1.000         33.333      32.333     SLICE_X36Y44   design_1_i/mdm_1/U0/MDM_Core_I1/JTAG_CONTROL_I/Use_BSCAN.command_reg[3]/C
Min Period        n/a     FDRE/C   n/a            1.000         33.333      32.333     SLICE_X36Y44   design_1_i/mdm_1/U0/MDM_Core_I1/JTAG_CONTROL_I/Use_BSCAN.command_reg[4]/C
Min Period        n/a     FDRE/C   n/a            1.000         33.333      32.333     SLICE_X36Y44   design_1_i/mdm_1/U0/MDM_Core_I1/JTAG_CONTROL_I/Use_BSCAN.command_reg[5]/C
Low Pulse Width   Fast    FDRE/C   n/a            0.500         16.666      16.166     SLICE_X36Y42   design_1_i/mdm_1/U0/MDM_Core_I1/JTAG_CONTROL_I/Debug_Rst_i_reg/C
Low Pulse Width   Fast    FDRE/C   n/a            0.500         16.666      16.166     SLICE_X36Y42   design_1_i/mdm_1/U0/MDM_Core_I1/JTAG_CONTROL_I/Debug_SYS_Rst_i_reg/C
Low Pulse Width   Slow    FDRE/C   n/a            0.500         16.666      16.166     SLICE_X37Y43   design_1_i/mdm_1/U0/MDM_Core_I1/JTAG_CONTROL_I/command_1_reg[0]/C
Low Pulse Width   Slow    FDRE/C   n/a            0.500         16.666      16.166     SLICE_X37Y43   design_1_i/mdm_1/U0/MDM_Core_I1/JTAG_CONTROL_I/command_1_reg[1]/C
Low Pulse Width   Slow    FDRE/C   n/a            0.500         16.666      16.166     SLICE_X37Y44   design_1_i/mdm_1/U0/MDM_Core_I1/JTAG_CONTROL_I/command_1_reg[2]/C
Low Pulse Width   Slow    FDRE/C   n/a            0.500         16.666      16.166     SLICE_X37Y44   design_1_i/mdm_1/U0/MDM_Core_I1/JTAG_CONTROL_I/command_1_reg[3]/C
Low Pulse Width   Slow    FDRE/C   n/a            0.500         16.666      16.166     SLICE_X37Y44   design_1_i/mdm_1/U0/MDM_Core_I1/JTAG_CONTROL_I/command_1_reg[4]/C
Low Pulse Width   Slow    FDRE/C   n/a            0.500         16.666      16.166     SLICE_X37Y44   design_1_i/mdm_1/U0/MDM_Core_I1/JTAG_CONTROL_I/command_1_reg[5]/C
Low Pulse Width   Slow    FDRE/C   n/a            0.500         16.666      16.166     SLICE_X37Y44   design_1_i/mdm_1/U0/MDM_Core_I1/JTAG_CONTROL_I/command_1_reg[6]/C
Low Pulse Width   Slow    FDRE/C   n/a            0.500         16.666      16.166     SLICE_X37Y44   design_1_i/mdm_1/U0/MDM_Core_I1/JTAG_CONTROL_I/command_1_reg[7]/C
High Pulse Width  Slow    FDCE/C   n/a            0.500         16.666      16.166     SLICE_X36Y45   design_1_i/mdm_1/U0/MDM_Core_I1/JTAG_CONTROL_I/Use_BSCAN.FDC_I/Using_FPGA.Native/C
High Pulse Width  Slow    FDRE/C   n/a            0.500         16.666      16.166     SLICE_X36Y43   design_1_i/mdm_1/U0/MDM_Core_I1/JTAG_CONTROL_I/Use_BSCAN.command_reg[0]/C
High Pulse Width  Slow    FDRE/C   n/a            0.500         16.666      16.166     SLICE_X36Y43   design_1_i/mdm_1/U0/MDM_Core_I1/JTAG_CONTROL_I/Use_BSCAN.command_reg[1]/C
High Pulse Width  Slow    FDRE/C   n/a            0.500         16.666      16.166     SLICE_X36Y43   design_1_i/mdm_1/U0/MDM_Core_I1/JTAG_CONTROL_I/Use_BSCAN.command_reg[2]/C
High Pulse Width  Slow    FDRE/C   n/a            0.500         16.666      16.166     SLICE_X36Y44   design_1_i/mdm_1/U0/MDM_Core_I1/JTAG_CONTROL_I/Use_BSCAN.command_reg[3]/C
High Pulse Width  Slow    FDRE/C   n/a            0.500         16.666      16.166     SLICE_X36Y44   design_1_i/mdm_1/U0/MDM_Core_I1/JTAG_CONTROL_I/Use_BSCAN.command_reg[4]/C
High Pulse Width  Slow    FDRE/C   n/a            0.500         16.666      16.166     SLICE_X36Y44   design_1_i/mdm_1/U0/MDM_Core_I1/JTAG_CONTROL_I/Use_BSCAN.command_reg[5]/C
High Pulse Width  Slow    FDRE/C   n/a            0.500         16.666      16.166     SLICE_X36Y44   design_1_i/mdm_1/U0/MDM_Core_I1/JTAG_CONTROL_I/Use_BSCAN.command_reg[6]/C
High Pulse Width  Slow    FDRE/C   n/a            0.500         16.666      16.166     SLICE_X36Y43   design_1_i/mdm_1/U0/MDM_Core_I1/JTAG_CONTROL_I/Use_BSCAN.command_reg[7]/C
High Pulse Width  Slow    FDCE/C   n/a            0.500         16.666      16.166     SLICE_X38Y45   design_1_i/mdm_1/U0/MDM_Core_I1/Use_BSCAN.PORT_Selector_reg[0]/C



---------------------------------------------------------------------------------------------------
From Clock:  sys_clk_pin
  To Clock:  sys_clk_pin

Setup :           NA  Failing Endpoints,  Worst Slack           NA  ,  Total Violation           NA
Hold  :           NA  Failing Endpoints,  Worst Slack           NA  ,  Total Violation           NA
PW    :            0  Failing Endpoints,  Worst Slack        3.000ns,  Total Violation        0.000ns
---------------------------------------------------------------------------------------------------


Pulse Width Checks
--------------------------------------------------------------------------------------
Clock Name:         sys_clk_pin
Waveform(ns):       { 0.000 5.000 }
Period(ns):         10.000
Sources:            { sys_clock }

Check Type        Corner  Lib Pin            Reference Pin  Required(ns)  Actual(ns)  Slack(ns)  Location         Pin
Min Period        n/a     MMCME2_ADV/CLKIN1  n/a            1.249         10.000      8.751      MMCME2_ADV_X1Y0  design_1_i/clk_wiz_1/inst/mmcm_adv_inst/CLKIN1
Max Period        n/a     MMCME2_ADV/CLKIN1  n/a            100.000       10.000      90.000     MMCME2_ADV_X1Y0  design_1_i/clk_wiz_1/inst/mmcm_adv_inst/CLKIN1
Low Pulse Width   Fast    MMCME2_ADV/CLKIN1  n/a            2.000         5.000       3.000      MMCME2_ADV_X1Y0  design_1_i/clk_wiz_1/inst/mmcm_adv_inst/CLKIN1
Low Pulse Width   Slow    MMCME2_ADV/CLKIN1  n/a            2.000         5.000       3.000      MMCME2_ADV_X1Y0  design_1_i/clk_wiz_1/inst/mmcm_adv_inst/CLKIN1
High Pulse Width  Slow    MMCME2_ADV/CLKIN1  n/a            2.000         5.000       3.000      MMCME2_ADV_X1Y0  design_1_i/clk_wiz_1/inst/mmcm_adv_inst/CLKIN1
High Pulse Width  Fast    MMCME2_ADV/CLKIN1  n/a            2.000         5.000       3.000      MMCME2_ADV_X1Y0  design_1_i/clk_wiz_1/inst/mmcm_adv_inst/CLKIN1



---------------------------------------------------------------------------------------------------
From Clock:  clk_out1_design_1_clk_wiz_1_0_1
  To Clock:  clk_out1_design_1_clk_wiz_1_0_1

Setup :            0  Failing Endpoints,  Worst Slack        2.114ns,  Total Violation        0.000ns
Hold  :            0  Failing Endpoints,  Worst Slack        0.106ns,  Total Violation        0.000ns
PW    :            0  Failing Endpoints,  Worst Slack        3.750ns,  Total Violation        0.000ns
---------------------------------------------------------------------------------------------------


Max Delay Paths
--------------------------------------------------------------------------------------
Slack (MET) :             2.114ns  (required time - arrival time)
  Source:                 design_1_i/microblaze_0/U0/MicroBlaze_Core_I/Performance.Core/Data_Flow_I/Operand_Select_I/EX_Branch_CMP_Op1_reg[24]/C
                            (rising edge-triggered cell FDRE clocked by clk_out1_design_1_clk_wiz_1_0_1  {rise@0.000ns fall@5.000ns period=10.000ns})
  Destination:            design_1_i/microblaze_0_local_memory/lmb_bram/U0/inst_blk_mem_gen/gnbram.gnative_mem_map_bmg.native_mem_map_blk_mem_gen/valid.cstr/ramloop[2].ram.r/prim_noinit.ram/DEVICE_7SERIES.WITH_BMM_INFO.TRUE_DP.SIMPLE_PRIM36.TDP_SP36_NO_ECC_ATTR.ram/ADDRBWRADDR[12]
                            (rising edge-triggered cell RAMB36E1 clocked by clk_out1_design_1_clk_wiz_1_0_1  {rise@0.000ns fall@5.000ns period=10.000ns})
  Path Group:             clk_out1_design_1_clk_wiz_1_0_1
  Path Type:              Setup (Max at Slow Process Corner)
  Requirement:            10.000ns  (clk_out1_design_1_clk_wiz_1_0_1 rise@10.000ns - clk_out1_design_1_clk_wiz_1_0_1 rise@0.000ns)
  Data Path Delay:        6.974ns  (logic 1.913ns (27.432%)  route 5.061ns (72.568%))
  Logic Levels:           5  (CARRY4=3 LUT3=1 LUT6=1)
  Clock Path Skew:        -0.065ns (DCD - SCD + CPR)
    Destination Clock Delay (DCD):    -1.508ns = ( 8.492 - 10.000 ) 
    Source Clock Delay      (SCD):    -0.952ns
    Clock Pessimism Removal (CPR):    0.492ns
  Clock Uncertainty:      0.074ns  ((TSJ^2 + DJ^2)^1/2) / 2 + PE
    Total System Jitter     (TSJ):    0.071ns
    Discrete Jitter          (DJ):    0.129ns
    Phase Error              (PE):    0.000ns

    Location             Delay type                Incr(ns)  Path(ns)    Netlist Resource(s)
  -------------------------------------------------------------------    -------------------
                         (clock clk_out1_design_1_clk_wiz_1_0_1 rise edge)
                                                      0.000     0.000 r  
    W5                                                0.000     0.000 r  sys_clock (IN)
                         net (fo=0)                   0.000     0.000    design_1_i/clk_wiz_1/inst/clk_in1
    W5                   IBUF (Prop_ibuf_I_O)         1.458     1.458 r  design_1_i/clk_wiz_1/inst/clkin1_ibufg/O
                         net (fo=1, routed)           1.233     2.691    design_1_i/clk_wiz_1/inst/clk_in1_design_1_clk_wiz_1_0
    MMCME2_ADV_X1Y0      MMCME2_ADV (Prop_mmcme2_adv_CLKIN1_CLKOUT0)
                                                     -6.961    -4.269 r  design_1_i/clk_wiz_1/inst/mmcm_adv_inst/CLKOUT0
                         net (fo=1, routed)           1.661    -2.608    design_1_i/clk_wiz_1/inst/clk_out1_design_1_clk_wiz_1_0
    BUFGCTRL_X0Y0        BUFG (Prop_bufg_I_O)         0.096    -2.512 r  design_1_i/clk_wiz_1/inst/clkout1_buf/O
                         net (fo=1516, routed)        1.560    -0.952    design_1_i/microblaze_0/U0/MicroBlaze_Core_I/Performance.Core/Data_Flow_I/Operand_Select_I/Clk
    SLICE_X51Y31         FDRE                                         r  design_1_i/microblaze_0/U0/MicroBlaze_Core_I/Performance.Core/Data_Flow_I/Operand_Select_I/EX_Branch_CMP_Op1_reg[24]/C
  -------------------------------------------------------------------    -------------------
    SLICE_X51Y31         FDRE (Prop_fdre_C_Q)         0.456    -0.496 f  design_1_i/microblaze_0/U0/MicroBlaze_Core_I/Performance.Core/Data_Flow_I/Operand_Select_I/EX_Branch_CMP_Op1_reg[24]/Q
                         net (fo=1, routed)           1.342     0.847    design_1_i/microblaze_0/U0/MicroBlaze_Core_I/Performance.Core/Data_Flow_I/Zero_Detect_I/Q[5]
    SLICE_X45Y34         LUT6 (Prop_lut6_I1_O)        0.124     0.971 r  design_1_i/microblaze_0/U0/MicroBlaze_Core_I/Performance.Core/Data_Flow_I/Zero_Detect_I/S0_inferred__0/i_/O
                         net (fo=1, routed)           0.000     0.971    design_1_i/microblaze_0/U0/MicroBlaze_Core_I/Performance.Core/Data_Flow_I/Zero_Detect_I/Zero_Detecting[3].I_Part_Of_Zero_Detect/lopt_2
    SLICE_X45Y34         CARRY4 (Prop_carry4_S[1]_CO[3])
                                                      0.550     1.521 r  design_1_i/microblaze_0/U0/MicroBlaze_Core_I/Performance.Core/Data_Flow_I/Zero_Detect_I/Zero_Detecting[3].I_Part_Of_Zero_Detect/Using_FPGA.Native_CARRY4/CO[3]
                         net (fo=1, routed)           0.000     1.521    design_1_i/microblaze_0/U0/MicroBlaze_Core_I/Performance.Core/Decode_I/jump_logic_I1/MUXCY_JUMP_CARRY2/jump_carry1
    SLICE_X45Y35         CARRY4 (Prop_carry4_CI_CO[3])
                                                      0.114     1.635 r  design_1_i/microblaze_0/U0/MicroBlaze_Core_I/Performance.Core/Decode_I/jump_logic_I1/MUXCY_JUMP_CARRY2/Using_FPGA.Native_CARRY4/CO[3]
                         net (fo=1, routed)           0.000     1.635    design_1_i/microblaze_0/U0/MicroBlaze_Core_I/Performance.Core/Decode_I/jump_logic_I1/MUXCY_JUMP_CARRY6/jump_carry5
    SLICE_X45Y36         CARRY4 (Prop_carry4_CI_CO[0])
                                                      0.271     1.906 r  design_1_i/microblaze_0/U0/MicroBlaze_Core_I/Performance.Core/Decode_I/jump_logic_I1/MUXCY_JUMP_CARRY6/Using_FPGA.Native_CARRY4/CO[0]
                         net (fo=46, routed)          0.898     2.804    design_1_i/microblaze_0/U0/MicroBlaze_Core_I/Performance.Core/Decode_I/jump_logic_I1/MUXCY_JUMP_CARRY6/in0
    SLICE_X40Y30         LUT3 (Prop_lut3_I1_O)        0.398     3.202 r  design_1_i/microblaze_0/U0/MicroBlaze_Core_I/Performance.Core/Decode_I/jump_logic_I1/MUXCY_JUMP_CARRY6/Instr_Addr[17]_INST_0/O
                         net (fo=33, routed)          2.820     6.022    design_1_i/microblaze_0_local_memory/lmb_bram/U0/inst_blk_mem_gen/gnbram.gnative_mem_map_bmg.native_mem_map_blk_mem_gen/valid.cstr/ramloop[2].ram.r/prim_noinit.ram/addrb[12]
    RAMB36_X0Y7          RAMB36E1                                     r  design_1_i/microblaze_0_local_memory/lmb_bram/U0/inst_blk_mem_gen/gnbram.gnative_mem_map_bmg.native_mem_map_blk_mem_gen/valid.cstr/ramloop[2].ram.r/prim_noinit.ram/DEVICE_7SERIES.WITH_BMM_INFO.TRUE_DP.SIMPLE_PRIM36.TDP_SP36_NO_ECC_ATTR.ram/ADDRBWRADDR[12]
  -------------------------------------------------------------------    -------------------

                         (clock clk_out1_design_1_clk_wiz_1_0_1 rise edge)
                                                     10.000    10.000 r  
    W5                                                0.000    10.000 r  sys_clock (IN)
                         net (fo=0)                   0.000    10.000    design_1_i/clk_wiz_1/inst/clk_in1
    W5                   IBUF (Prop_ibuf_I_O)         1.388    11.388 r  design_1_i/clk_wiz_1/inst/clkin1_ibufg/O
                         net (fo=1, routed)           1.162    12.550    design_1_i/clk_wiz_1/inst/clk_in1_design_1_clk_wiz_1_0
    MMCME2_ADV_X1Y0      MMCME2_ADV (Prop_mmcme2_adv_CLKIN1_CLKOUT0)
                                                     -7.217     5.332 r  design_1_i/clk_wiz_1/inst/mmcm_adv_inst/CLKOUT0
                         net (fo=1, routed)           1.581     6.914    design_1_i/clk_wiz_1/inst/clk_out1_design_1_clk_wiz_1_0
    BUFGCTRL_X0Y0        BUFG (Prop_bufg_I_O)         0.091     7.005 r  design_1_i/clk_wiz_1/inst/clkout1_buf/O
                         net (fo=1516, routed)        1.488     8.492    design_1_i/microblaze_0_local_memory/lmb_bram/U0/inst_blk_mem_gen/gnbram.gnative_mem_map_bmg.native_mem_map_blk_mem_gen/valid.cstr/ramloop[2].ram.r/prim_noinit.ram/clkb
    RAMB36_X0Y7          RAMB36E1                                     r  design_1_i/microblaze_0_local_memory/lmb_bram/U0/inst_blk_mem_gen/gnbram.gnative_mem_map_bmg.native_mem_map_blk_mem_gen/valid.cstr/ramloop[2].ram.r/prim_noinit.ram/DEVICE_7SERIES.WITH_BMM_INFO.TRUE_DP.SIMPLE_PRIM36.TDP_SP36_NO_ECC_ATTR.ram/CLKBWRCLK
                         clock pessimism              0.492     8.984    
                         clock uncertainty           -0.074     8.910    
    RAMB36_X0Y7          RAMB36E1 (Setup_ramb36e1_CLKBWRCLK_ADDRBWRADDR[12])
                                                     -0.774     8.136    design_1_i/microblaze_0_local_memory/lmb_bram/U0/inst_blk_mem_gen/gnbram.gnative_mem_map_bmg.native_mem_map_blk_mem_gen/valid.cstr/ramloop[2].ram.r/prim_noinit.ram/DEVICE_7SERIES.WITH_BMM_INFO.TRUE_DP.SIMPLE_PRIM36.TDP_SP36_NO_ECC_ATTR.ram
  -------------------------------------------------------------------
                         required time                          8.136    
                         arrival time                          -6.022    
  -------------------------------------------------------------------
                         slack                                  2.114    

Slack (MET) :             2.118ns  (required time - arrival time)
  Source:                 design_1_i/microblaze_0/U0/MicroBlaze_Core_I/Performance.Core/Data_Flow_I/Operand_Select_I/EX_Branch_CMP_Op1_reg[24]/C
                            (rising edge-triggered cell FDRE clocked by clk_out1_design_1_clk_wiz_1_0_1  {rise@0.000ns fall@5.000ns period=10.000ns})
  Destination:            design_1_i/microblaze_0_local_memory/lmb_bram/U0/inst_blk_mem_gen/gnbram.gnative_mem_map_bmg.native_mem_map_blk_mem_gen/valid.cstr/ramloop[11].ram.r/prim_noinit.ram/DEVICE_7SERIES.WITH_BMM_INFO.TRUE_DP.SIMPLE_PRIM36.TDP_SP36_NO_ECC_ATTR.ram/ENBWREN
                            (rising edge-triggered cell RAMB36E1 clocked by clk_out1_design_1_clk_wiz_1_0_1  {rise@0.000ns fall@5.000ns period=10.000ns})
  Path Group:             clk_out1_design_1_clk_wiz_1_0_1
  Path Type:              Setup (Max at Slow Process Corner)
  Requirement:            10.000ns  (clk_out1_design_1_clk_wiz_1_0_1 rise@10.000ns - clk_out1_design_1_clk_wiz_1_0_1 rise@0.000ns)
  Data Path Delay:        7.306ns  (logic 2.012ns (27.539%)  route 5.294ns (72.461%))
  Logic Levels:           6  (CARRY4=3 LUT6=3)
  Clock Path Skew:        -0.060ns (DCD - SCD + CPR)
    Destination Clock Delay (DCD):    -1.503ns = ( 8.497 - 10.000 ) 
    Source Clock Delay      (SCD):    -0.952ns
    Clock Pessimism Removal (CPR):    0.492ns
  Clock Uncertainty:      0.074ns  ((TSJ^2 + DJ^2)^1/2) / 2 + PE
    Total System Jitter     (TSJ):    0.071ns
    Discrete Jitter          (DJ):    0.129ns
    Phase Error              (PE):    0.000ns

    Location             Delay type                Incr(ns)  Path(ns)    Netlist Resource(s)
  -------------------------------------------------------------------    -------------------
                         (clock clk_out1_design_1_clk_wiz_1_0_1 rise edge)
                                                      0.000     0.000 r  
    W5                                                0.000     0.000 r  sys_clock (IN)
                         net (fo=0)                   0.000     0.000    design_1_i/clk_wiz_1/inst/clk_in1
    W5                   IBUF (Prop_ibuf_I_O)         1.458     1.458 r  design_1_i/clk_wiz_1/inst/clkin1_ibufg/O
                         net (fo=1, routed)           1.233     2.691    design_1_i/clk_wiz_1/inst/clk_in1_design_1_clk_wiz_1_0
    MMCME2_ADV_X1Y0      MMCME2_ADV (Prop_mmcme2_adv_CLKIN1_CLKOUT0)
                                                     -6.961    -4.269 r  design_1_i/clk_wiz_1/inst/mmcm_adv_inst/CLKOUT0
                         net (fo=1, routed)           1.661    -2.608    design_1_i/clk_wiz_1/inst/clk_out1_design_1_clk_wiz_1_0
    BUFGCTRL_X0Y0        BUFG (Prop_bufg_I_O)         0.096    -2.512 r  design_1_i/clk_wiz_1/inst/clkout1_buf/O
                         net (fo=1516, routed)        1.560    -0.952    design_1_i/microblaze_0/U0/MicroBlaze_Core_I/Performance.Core/Data_Flow_I/Operand_Select_I/Clk
    SLICE_X51Y31         FDRE                                         r  design_1_i/microblaze_0/U0/MicroBlaze_Core_I/Performance.Core/Data_Flow_I/Operand_Select_I/EX_Branch_CMP_Op1_reg[24]/C
  -------------------------------------------------------------------    -------------------
    SLICE_X51Y31         FDRE (Prop_fdre_C_Q)         0.456    -0.496 f  design_1_i/microblaze_0/U0/MicroBlaze_Core_I/Performance.Core/Data_Flow_I/Operand_Select_I/EX_Branch_CMP_Op1_reg[24]/Q
                         net (fo=1, routed)           1.342     0.847    design_1_i/microblaze_0/U0/MicroBlaze_Core_I/Performance.Core/Data_Flow_I/Zero_Detect_I/Q[5]
    SLICE_X45Y34         LUT6 (Prop_lut6_I1_O)        0.124     0.971 r  design_1_i/microblaze_0/U0/MicroBlaze_Core_I/Performance.Core/Data_Flow_I/Zero_Detect_I/S0_inferred__0/i_/O
                         net (fo=1, routed)           0.000     0.971    design_1_i/microblaze_0/U0/MicroBlaze_Core_I/Performance.Core/Data_Flow_I/Zero_Detect_I/Zero_Detecting[3].I_Part_Of_Zero_Detect/lopt_2
    SLICE_X45Y34         CARRY4 (Prop_carry4_S[1]_CO[3])
                                                      0.550     1.521 r  design_1_i/microblaze_0/U0/MicroBlaze_Core_I/Performance.Core/Data_Flow_I/Zero_Detect_I/Zero_Detecting[3].I_Part_Of_Zero_Detect/Using_FPGA.Native_CARRY4/CO[3]
                         net (fo=1, routed)           0.000     1.521    design_1_i/microblaze_0/U0/MicroBlaze_Core_I/Performance.Core/Decode_I/jump_logic_I1/MUXCY_JUMP_CARRY2/jump_carry1
    SLICE_X45Y35         CARRY4 (Prop_carry4_CI_CO[3])
                                                      0.114     1.635 r  design_1_i/microblaze_0/U0/MicroBlaze_Core_I/Performance.Core/Decode_I/jump_logic_I1/MUXCY_JUMP_CARRY2/Using_FPGA.Native_CARRY4/CO[3]
                         net (fo=1, routed)           0.000     1.635    design_1_i/microblaze_0/U0/MicroBlaze_Core_I/Performance.Core/Decode_I/jump_logic_I1/MUXCY_JUMP_CARRY6/jump_carry5
    SLICE_X45Y36         CARRY4 (Prop_carry4_CI_CO[0])
                                                      0.271     1.906 r  design_1_i/microblaze_0/U0/MicroBlaze_Core_I/Performance.Core/Decode_I/jump_logic_I1/MUXCY_JUMP_CARRY6/Using_FPGA.Native_CARRY4/CO[0]
                         net (fo=46, routed)          1.006     2.912    design_1_i/microblaze_0/U0/MicroBlaze_Core_I/Performance.Core/Decode_I/PreFetch_Buffer_I1/Gen_Mux_Select_LUT6[2].Gen_Sel_DFF/ex_jump
    SLICE_X42Y40         LUT6 (Prop_lut6_I1_O)        0.373     3.285 r  design_1_i/microblaze_0/U0/MicroBlaze_Core_I/Performance.Core/Decode_I/PreFetch_Buffer_I1/Gen_Mux_Select_LUT6[2].Gen_Sel_DFF/I_AS_INST_0/O
                         net (fo=35, routed)          2.453     5.738    design_1_i/microblaze_0_local_memory/lmb_bram/U0/inst_blk_mem_gen/gnbram.gnative_mem_map_bmg.native_mem_map_blk_mem_gen/valid.cstr/ramloop[11].ram.r/prim_noinit.ram/pwropt_6
    SLICE_X8Y9           LUT6 (Prop_lut6_I3_O)        0.124     5.862 r  design_1_i/microblaze_0_local_memory/lmb_bram/U0/inst_blk_mem_gen/gnbram.gnative_mem_map_bmg.native_mem_map_blk_mem_gen/valid.cstr/ramloop[11].ram.r/prim_noinit.ram/DEVICE_7SERIES.WITH_BMM_INFO.TRUE_DP.SIMPLE_PRIM36.TDP_SP36_NO_ECC_ATTR.ram_ENBWREN_cooolgate_en_gate_5_LOPT_REMAP/O
                         net (fo=1, routed)           0.493     6.354    design_1_i/microblaze_0_local_memory/lmb_bram/U0/inst_blk_mem_gen/gnbram.gnative_mem_map_bmg.native_mem_map_blk_mem_gen/valid.cstr/ramloop[11].ram.r/prim_noinit.ram/DEVICE_7SERIES.WITH_BMM_INFO.TRUE_DP.SIMPLE_PRIM36.TDP_SP36_NO_ECC_ATTR.ram_ENBWREN_cooolgate_en_sig_3
    RAMB36_X0Y1          RAMB36E1                                     r  design_1_i/microblaze_0_local_memory/lmb_bram/U0/inst_blk_mem_gen/gnbram.gnative_mem_map_bmg.native_mem_map_blk_mem_gen/valid.cstr/ramloop[11].ram.r/prim_noinit.ram/DEVICE_7SERIES.WITH_BMM_INFO.TRUE_DP.SIMPLE_PRIM36.TDP_SP36_NO_ECC_ATTR.ram/ENBWREN
  -------------------------------------------------------------------    -------------------

                         (clock clk_out1_design_1_clk_wiz_1_0_1 rise edge)
                                                     10.000    10.000 r  
    W5                                                0.000    10.000 r  sys_clock (IN)
                         net (fo=0)                   0.000    10.000    design_1_i/clk_wiz_1/inst/clk_in1
    W5                   IBUF (Prop_ibuf_I_O)         1.388    11.388 r  design_1_i/clk_wiz_1/inst/clkin1_ibufg/O
                         net (fo=1, routed)           1.162    12.550    design_1_i/clk_wiz_1/inst/clk_in1_design_1_clk_wiz_1_0
    MMCME2_ADV_X1Y0      MMCME2_ADV (Prop_mmcme2_adv_CLKIN1_CLKOUT0)
                                                     -7.217     5.332 r  design_1_i/clk_wiz_1/inst/mmcm_adv_inst/CLKOUT0
                         net (fo=1, routed)           1.581     6.914    design_1_i/clk_wiz_1/inst/clk_out1_design_1_clk_wiz_1_0
    BUFGCTRL_X0Y0        BUFG (Prop_bufg_I_O)         0.091     7.005 r  design_1_i/clk_wiz_1/inst/clkout1_buf/O
                         net (fo=1516, routed)        1.493     8.497    design_1_i/microblaze_0_local_memory/lmb_bram/U0/inst_blk_mem_gen/gnbram.gnative_mem_map_bmg.native_mem_map_blk_mem_gen/valid.cstr/ramloop[11].ram.r/prim_noinit.ram/clkb
    RAMB36_X0Y1          RAMB36E1                                     r  design_1_i/microblaze_0_local_memory/lmb_bram/U0/inst_blk_mem_gen/gnbram.gnative_mem_map_bmg.native_mem_map_blk_mem_gen/valid.cstr/ramloop[11].ram.r/prim_noinit.ram/DEVICE_7SERIES.WITH_BMM_INFO.TRUE_DP.SIMPLE_PRIM36.TDP_SP36_NO_ECC_ATTR.ram/CLKBWRCLK
                         clock pessimism              0.492     8.989    
                         clock uncertainty           -0.074     8.915    
    RAMB36_X0Y1          RAMB36E1 (Setup_ramb36e1_CLKBWRCLK_ENBWREN)
                                                     -0.443     8.472    design_1_i/microblaze_0_local_memory/lmb_bram/U0/inst_blk_mem_gen/gnbram.gnative_mem_map_bmg.native_mem_map_blk_mem_gen/valid.cstr/ramloop[11].ram.r/prim_noinit.ram/DEVICE_7SERIES.WITH_BMM_INFO.TRUE_DP.SIMPLE_PRIM36.TDP_SP36_NO_ECC_ATTR.ram
  -------------------------------------------------------------------
                         required time                          8.472    
                         arrival time                          -6.354    
  -------------------------------------------------------------------
                         slack                                  2.118    

Slack (MET) :             2.186ns  (required time - arrival time)
  Source:                 design_1_i/microblaze_0/U0/MicroBlaze_Core_I/Performance.Core/Data_Flow_I/Operand_Select_I/EX_Branch_CMP_Op1_reg[24]/C
                            (rising edge-triggered cell FDRE clocked by clk_out1_design_1_clk_wiz_1_0_1  {rise@0.000ns fall@5.000ns period=10.000ns})
  Destination:            design_1_i/microblaze_0_local_memory/lmb_bram/U0/inst_blk_mem_gen/gnbram.gnative_mem_map_bmg.native_mem_map_blk_mem_gen/valid.cstr/ramloop[4].ram.r/prim_noinit.ram/DEVICE_7SERIES.WITH_BMM_INFO.TRUE_DP.SIMPLE_PRIM36.TDP_SP36_NO_ECC_ATTR.ram/ADDRBWRADDR[4]
                            (rising edge-triggered cell RAMB36E1 clocked by clk_out1_design_1_clk_wiz_1_0_1  {rise@0.000ns fall@5.000ns period=10.000ns})
  Path Group:             clk_out1_design_1_clk_wiz_1_0_1
  Path Type:              Setup (Max at Slow Process Corner)
  Requirement:            10.000ns  (clk_out1_design_1_clk_wiz_1_0_1 rise@10.000ns - clk_out1_design_1_clk_wiz_1_0_1 rise@0.000ns)
  Data Path Delay:        6.897ns  (logic 1.913ns (27.738%)  route 4.984ns (72.262%))
  Logic Levels:           5  (CARRY4=3 LUT3=1 LUT6=1)
  Clock Path Skew:        -0.070ns (DCD - SCD + CPR)
    Destination Clock Delay (DCD):    -1.513ns = ( 8.487 - 10.000 ) 
    Source Clock Delay      (SCD):    -0.952ns
    Clock Pessimism Removal (CPR):    0.492ns
  Clock Uncertainty:      0.074ns  ((TSJ^2 + DJ^2)^1/2) / 2 + PE
    Total System Jitter     (TSJ):    0.071ns
    Discrete Jitter          (DJ):    0.129ns
    Phase Error              (PE):    0.000ns

    Location             Delay type                Incr(ns)  Path(ns)    Netlist Resource(s)
  -------------------------------------------------------------------    -------------------
                         (clock clk_out1_design_1_clk_wiz_1_0_1 rise edge)
                                                      0.000     0.000 r  
    W5                                                0.000     0.000 r  sys_clock (IN)
                         net (fo=0)                   0.000     0.000    design_1_i/clk_wiz_1/inst/clk_in1
    W5                   IBUF (Prop_ibuf_I_O)         1.458     1.458 r  design_1_i/clk_wiz_1/inst/clkin1_ibufg/O
                         net (fo=1, routed)           1.233     2.691    design_1_i/clk_wiz_1/inst/clk_in1_design_1_clk_wiz_1_0
    MMCME2_ADV_X1Y0      MMCME2_ADV (Prop_mmcme2_adv_CLKIN1_CLKOUT0)
                                                     -6.961    -4.269 r  design_1_i/clk_wiz_1/inst/mmcm_adv_inst/CLKOUT0
                         net (fo=1, routed)           1.661    -2.608    design_1_i/clk_wiz_1/inst/clk_out1_design_1_clk_wiz_1_0
    BUFGCTRL_X0Y0        BUFG (Prop_bufg_I_O)         0.096    -2.512 r  design_1_i/clk_wiz_1/inst/clkout1_buf/O
                         net (fo=1516, routed)        1.560    -0.952    design_1_i/microblaze_0/U0/MicroBlaze_Core_I/Performance.Core/Data_Flow_I/Operand_Select_I/Clk
    SLICE_X51Y31         FDRE                                         r  design_1_i/microblaze_0/U0/MicroBlaze_Core_I/Performance.Core/Data_Flow_I/Operand_Select_I/EX_Branch_CMP_Op1_reg[24]/C
  -------------------------------------------------------------------    -------------------
    SLICE_X51Y31         FDRE (Prop_fdre_C_Q)         0.456    -0.496 f  design_1_i/microblaze_0/U0/MicroBlaze_Core_I/Performance.Core/Data_Flow_I/Operand_Select_I/EX_Branch_CMP_Op1_reg[24]/Q
                         net (fo=1, routed)           1.342     0.847    design_1_i/microblaze_0/U0/MicroBlaze_Core_I/Performance.Core/Data_Flow_I/Zero_Detect_I/Q[5]
    SLICE_X45Y34         LUT6 (Prop_lut6_I1_O)        0.124     0.971 r  design_1_i/microblaze_0/U0/MicroBlaze_Core_I/Performance.Core/Data_Flow_I/Zero_Detect_I/S0_inferred__0/i_/O
                         net (fo=1, routed)           0.000     0.971    design_1_i/microblaze_0/U0/MicroBlaze_Core_I/Performance.Core/Data_Flow_I/Zero_Detect_I/Zero_Detecting[3].I_Part_Of_Zero_Detect/lopt_2
    SLICE_X45Y34         CARRY4 (Prop_carry4_S[1]_CO[3])
                                                      0.550     1.521 r  design_1_i/microblaze_0/U0/MicroBlaze_Core_I/Performance.Core/Data_Flow_I/Zero_Detect_I/Zero_Detecting[3].I_Part_Of_Zero_Detect/Using_FPGA.Native_CARRY4/CO[3]
                         net (fo=1, routed)           0.000     1.521    design_1_i/microblaze_0/U0/MicroBlaze_Core_I/Performance.Core/Decode_I/jump_logic_I1/MUXCY_JUMP_CARRY2/jump_carry1
    SLICE_X45Y35         CARRY4 (Prop_carry4_CI_CO[3])
                                                      0.114     1.635 r  design_1_i/microblaze_0/U0/MicroBlaze_Core_I/Performance.Core/Decode_I/jump_logic_I1/MUXCY_JUMP_CARRY2/Using_FPGA.Native_CARRY4/CO[3]
                         net (fo=1, routed)           0.000     1.635    design_1_i/microblaze_0/U0/MicroBlaze_Core_I/Performance.Core/Decode_I/jump_logic_I1/MUXCY_JUMP_CARRY6/jump_carry5
    SLICE_X45Y36         CARRY4 (Prop_carry4_CI_CO[0])
                                                      0.271     1.906 r  design_1_i/microblaze_0/U0/MicroBlaze_Core_I/Performance.Core/Decode_I/jump_logic_I1/MUXCY_JUMP_CARRY6/Using_FPGA.Native_CARRY4/CO[0]
                         net (fo=46, routed)          1.107     3.012    design_1_i/microblaze_0/U0/MicroBlaze_Core_I/Performance.Core/Decode_I/jump_logic_I1/MUXCY_JUMP_CARRY6/in0
    SLICE_X40Y27         LUT3 (Prop_lut3_I1_O)        0.398     3.410 r  design_1_i/microblaze_0/U0/MicroBlaze_Core_I/Performance.Core/Decode_I/jump_logic_I1/MUXCY_JUMP_CARRY6/Instr_Addr[25]_INST_0/O
                         net (fo=33, routed)          2.535     5.945    design_1_i/microblaze_0_local_memory/lmb_bram/U0/inst_blk_mem_gen/gnbram.gnative_mem_map_bmg.native_mem_map_blk_mem_gen/valid.cstr/ramloop[4].ram.r/prim_noinit.ram/addrb[4]
    RAMB36_X0Y6          RAMB36E1                                     r  design_1_i/microblaze_0_local_memory/lmb_bram/U0/inst_blk_mem_gen/gnbram.gnative_mem_map_bmg.native_mem_map_blk_mem_gen/valid.cstr/ramloop[4].ram.r/prim_noinit.ram/DEVICE_7SERIES.WITH_BMM_INFO.TRUE_DP.SIMPLE_PRIM36.TDP_SP36_NO_ECC_ATTR.ram/ADDRBWRADDR[4]
  -------------------------------------------------------------------    -------------------

                         (clock clk_out1_design_1_clk_wiz_1_0_1 rise edge)
                                                     10.000    10.000 r  
    W5                                                0.000    10.000 r  sys_clock (IN)
                         net (fo=0)                   0.000    10.000    design_1_i/clk_wiz_1/inst/clk_in1
    W5                   IBUF (Prop_ibuf_I_O)         1.388    11.388 r  design_1_i/clk_wiz_1/inst/clkin1_ibufg/O
                         net (fo=1, routed)           1.162    12.550    design_1_i/clk_wiz_1/inst/clk_in1_design_1_clk_wiz_1_0
    MMCME2_ADV_X1Y0      MMCME2_ADV (Prop_mmcme2_adv_CLKIN1_CLKOUT0)
                                                     -7.217     5.332 r  design_1_i/clk_wiz_1/inst/mmcm_adv_inst/CLKOUT0
                         net (fo=1, routed)           1.581     6.914    design_1_i/clk_wiz_1/inst/clk_out1_design_1_clk_wiz_1_0
    BUFGCTRL_X0Y0        BUFG (Prop_bufg_I_O)         0.091     7.005 r  design_1_i/clk_wiz_1/inst/clkout1_buf/O
                         net (fo=1516, routed)        1.483     8.487    design_1_i/microblaze_0_local_memory/lmb_bram/U0/inst_blk_mem_gen/gnbram.gnative_mem_map_bmg.native_mem_map_blk_mem_gen/valid.cstr/ramloop[4].ram.r/prim_noinit.ram/clkb
    RAMB36_X0Y6          RAMB36E1                                     r  design_1_i/microblaze_0_local_memory/lmb_bram/U0/inst_blk_mem_gen/gnbram.gnative_mem_map_bmg.native_mem_map_blk_mem_gen/valid.cstr/ramloop[4].ram.r/prim_noinit.ram/DEVICE_7SERIES.WITH_BMM_INFO.TRUE_DP.SIMPLE_PRIM36.TDP_SP36_NO_ECC_ATTR.ram/CLKBWRCLK
                         clock pessimism              0.492     8.979    
                         clock uncertainty           -0.074     8.905    
    RAMB36_X0Y6          RAMB36E1 (Setup_ramb36e1_CLKBWRCLK_ADDRBWRADDR[4])
                                                     -0.774     8.131    design_1_i/microblaze_0_local_memory/lmb_bram/U0/inst_blk_mem_gen/gnbram.gnative_mem_map_bmg.native_mem_map_blk_mem_gen/valid.cstr/ramloop[4].ram.r/prim_noinit.ram/DEVICE_7SERIES.WITH_BMM_INFO.TRUE_DP.SIMPLE_PRIM36.TDP_SP36_NO_ECC_ATTR.ram
  -------------------------------------------------------------------
                         required time                          8.131    
                         arrival time                          -5.945    
  -------------------------------------------------------------------
                         slack                                  2.186    

Slack (MET) :             2.213ns  (required time - arrival time)
  Source:                 design_1_i/microblaze_0_local_memory/dlmb_bram_if_cntlr/U0/No_ECC.lmb_as_reg/C
                            (rising edge-triggered cell FDRE clocked by clk_out1_design_1_clk_wiz_1_0_1  {rise@0.000ns fall@5.000ns period=10.000ns})
  Destination:            design_1_i/microblaze_0_local_memory/lmb_bram/U0/inst_blk_mem_gen/gnbram.gnative_mem_map_bmg.native_mem_map_blk_mem_gen/valid.cstr/ramloop[11].ram.r/prim_noinit.ram/DEVICE_7SERIES.WITH_BMM_INFO.TRUE_DP.SIMPLE_PRIM36.TDP_SP36_NO_ECC_ATTR.ram/ENARDEN
                            (rising edge-triggered cell RAMB36E1 clocked by clk_out1_design_1_clk_wiz_1_0_1  {rise@0.000ns fall@5.000ns period=10.000ns})
  Path Group:             clk_out1_design_1_clk_wiz_1_0_1
  Path Type:              Setup (Max at Slow Process Corner)
  Requirement:            10.000ns  (clk_out1_design_1_clk_wiz_1_0_1 rise@10.000ns - clk_out1_design_1_clk_wiz_1_0_1 rise@0.000ns)
  Data Path Delay:        7.077ns  (logic 2.261ns (31.947%)  route 4.816ns (68.053%))
  Logic Levels:           5  (AND2B1L=1 CARRY4=1 LUT2=3)
  Clock Path Skew:        0.009ns (DCD - SCD + CPR)
    Destination Clock Delay (DCD):    -1.504ns = ( 8.496 - 10.000 ) 
    Source Clock Delay      (SCD):    -0.950ns
    Clock Pessimism Removal (CPR):    0.564ns
  Clock Uncertainty:      0.074ns  ((TSJ^2 + DJ^2)^1/2) / 2 + PE
    Total System Jitter     (TSJ):    0.071ns
    Discrete Jitter          (DJ):    0.129ns
    Phase Error              (PE):    0.000ns

    Location             Delay type                Incr(ns)  Path(ns)    Netlist Resource(s)
  -------------------------------------------------------------------    -------------------
                         (clock clk_out1_design_1_clk_wiz_1_0_1 rise edge)
                                                      0.000     0.000 r  
    W5                                                0.000     0.000 r  sys_clock (IN)
                         net (fo=0)                   0.000     0.000    design_1_i/clk_wiz_1/inst/clk_in1
    W5                   IBUF (Prop_ibuf_I_O)         1.458     1.458 r  design_1_i/clk_wiz_1/inst/clkin1_ibufg/O
                         net (fo=1, routed)           1.233     2.691    design_1_i/clk_wiz_1/inst/clk_in1_design_1_clk_wiz_1_0
    MMCME2_ADV_X1Y0      MMCME2_ADV (Prop_mmcme2_adv_CLKIN1_CLKOUT0)
                                                     -6.961    -4.269 r  design_1_i/clk_wiz_1/inst/mmcm_adv_inst/CLKOUT0
                         net (fo=1, routed)           1.661    -2.608    design_1_i/clk_wiz_1/inst/clk_out1_design_1_clk_wiz_1_0
    BUFGCTRL_X0Y0        BUFG (Prop_bufg_I_O)         0.096    -2.512 r  design_1_i/clk_wiz_1/inst/clkout1_buf/O
                         net (fo=1516, routed)        1.562    -0.950    design_1_i/microblaze_0_local_memory/dlmb_bram_if_cntlr/U0/LMB_Clk
    SLICE_X35Y39         FDRE                                         r  design_1_i/microblaze_0_local_memory/dlmb_bram_if_cntlr/U0/No_ECC.lmb_as_reg/C
  -------------------------------------------------------------------    -------------------
    SLICE_X35Y39         FDRE (Prop_fdre_C_Q)         0.419    -0.531 r  design_1_i/microblaze_0_local_memory/dlmb_bram_if_cntlr/U0/No_ECC.lmb_as_reg/Q
                         net (fo=1, routed)           0.433    -0.097    design_1_i/microblaze_0_local_memory/dlmb_bram_if_cntlr/U0/lmb_as
    SLICE_X35Y39         LUT2 (Prop_lut2_I0_O)        0.299     0.202 r  design_1_i/microblaze_0_local_memory/dlmb_bram_if_cntlr/U0/Sl_Ready_INST_0/O
                         net (fo=4, routed)           0.754     0.956    design_1_i/microblaze_0/U0/MicroBlaze_Core_I/Performance.Core/Use_DBUS.DAXI_Interface_I1/DReady
    SLICE_X30Y38         LUT2 (Prop_lut2_I0_O)        0.150     1.106 r  design_1_i/microblaze_0/U0/MicroBlaze_Core_I/Performance.Core/Use_DBUS.DAXI_Interface_I1/Using_FPGA.Native_i_2__33/O
                         net (fo=1, routed)           0.690     1.797    design_1_i/microblaze_0/U0/MicroBlaze_Core_I/Performance.Core/Decode_I/mem_wait_on_ready_N_carry_or/MUXCY_I/MEM_DataBus_Ready
    SLICE_X46Y39         CARRY4 (Prop_carry4_CYINIT_CO[1])
                                                      0.770     2.567 r  design_1_i/microblaze_0/U0/MicroBlaze_Core_I/Performance.Core/Decode_I/mem_wait_on_ready_N_carry_or/MUXCY_I/Using_FPGA.Native_CARRY4/CO[1]
                         net (fo=94, routed)          0.000     2.567    design_1_i/microblaze_0/U0/MicroBlaze_Core_I/Performance.Core/Use_DLMB.Using_Latch_AS_Logic.AND2B1L_I1/D_AS_0
    SLICE_X46Y39         AND2B1L (Prop_and2b1l_DI_O)
                                                      0.470     3.037 r  design_1_i/microblaze_0/U0/MicroBlaze_Core_I/Performance.Core/Use_DLMB.Using_Latch_AS_Logic.AND2B1L_I1/Using_FPGA.Native/O
                         net (fo=5, routed)           0.586     3.622    design_1_i/microblaze_0_local_memory/lmb_bram/U0/inst_blk_mem_gen/gnbram.gnative_mem_map_bmg.native_mem_map_blk_mem_gen/valid.cstr/ramloop[31].ram.r/prim_noinit.ram/ena
    SLICE_X45Y39         LUT2 (Prop_lut2_I1_O)        0.153     3.775 r  design_1_i/microblaze_0_local_memory/lmb_bram/U0/inst_blk_mem_gen/gnbram.gnative_mem_map_bmg.native_mem_map_blk_mem_gen/valid.cstr/ramloop[31].ram.r/prim_noinit.ram/DEVICE_7SERIES.WITH_BMM_INFO.TRUE_DP.SIMPLE_PRIM36.TDP_SP36_NO_ECC_ATTR.ram_i_1__0/O
                         net (fo=10, routed)          2.352     6.128    design_1_i/microblaze_0_local_memory/lmb_bram/U0/inst_blk_mem_gen/gnbram.gnative_mem_map_bmg.native_mem_map_blk_mem_gen/valid.cstr/ramloop[11].ram.r/prim_noinit.ram/DEVICE_7SERIES.WITH_BMM_INFO.TRUE_DP.SIMPLE_PRIM36.TDP_SP36_NO_ECC_ATTR.ram_0
    RAMB36_X0Y1          RAMB36E1                                     r  design_1_i/microblaze_0_local_memory/lmb_bram/U0/inst_blk_mem_gen/gnbram.gnative_mem_map_bmg.native_mem_map_blk_mem_gen/valid.cstr/ramloop[11].ram.r/prim_noinit.ram/DEVICE_7SERIES.WITH_BMM_INFO.TRUE_DP.SIMPLE_PRIM36.TDP_SP36_NO_ECC_ATTR.ram/ENARDEN
  -------------------------------------------------------------------    -------------------

                         (clock clk_out1_design_1_clk_wiz_1_0_1 rise edge)
                                                     10.000    10.000 r  
    W5                                                0.000    10.000 r  sys_clock (IN)
                         net (fo=0)                   0.000    10.000    design_1_i/clk_wiz_1/inst/clk_in1
    W5                   IBUF (Prop_ibuf_I_O)         1.388    11.388 r  design_1_i/clk_wiz_1/inst/clkin1_ibufg/O
                         net (fo=1, routed)           1.162    12.550    design_1_i/clk_wiz_1/inst/clk_in1_design_1_clk_wiz_1_0
    MMCME2_ADV_X1Y0      MMCME2_ADV (Prop_mmcme2_adv_CLKIN1_CLKOUT0)
                                                     -7.217     5.332 r  design_1_i/clk_wiz_1/inst/mmcm_adv_inst/CLKOUT0
                         net (fo=1, routed)           1.581     6.914    design_1_i/clk_wiz_1/inst/clk_out1_design_1_clk_wiz_1_0
    BUFGCTRL_X0Y0        BUFG (Prop_bufg_I_O)         0.091     7.005 r  design_1_i/clk_wiz_1/inst/clkout1_buf/O
                         net (fo=1516, routed)        1.492     8.496    design_1_i/microblaze_0_local_memory/lmb_bram/U0/inst_blk_mem_gen/gnbram.gnative_mem_map_bmg.native_mem_map_blk_mem_gen/valid.cstr/ramloop[11].ram.r/prim_noinit.ram/clka
    RAMB36_X0Y1          RAMB36E1                                     r  design_1_i/microblaze_0_local_memory/lmb_bram/U0/inst_blk_mem_gen/gnbram.gnative_mem_map_bmg.native_mem_map_blk_mem_gen/valid.cstr/ramloop[11].ram.r/prim_noinit.ram/DEVICE_7SERIES.WITH_BMM_INFO.TRUE_DP.SIMPLE_PRIM36.TDP_SP36_NO_ECC_ATTR.ram/CLKARDCLK
                         clock pessimism              0.564     9.060    
                         clock uncertainty           -0.074     8.986    
    RAMB36_X0Y1          RAMB36E1 (Setup_ramb36e1_CLKARDCLK_ENARDEN)
                                                     -0.646     8.340    design_1_i/microblaze_0_local_memory/lmb_bram/U0/inst_blk_mem_gen/gnbram.gnative_mem_map_bmg.native_mem_map_blk_mem_gen/valid.cstr/ramloop[11].ram.r/prim_noinit.ram/DEVICE_7SERIES.WITH_BMM_INFO.TRUE_DP.SIMPLE_PRIM36.TDP_SP36_NO_ECC_ATTR.ram
  -------------------------------------------------------------------
                         required time                          8.340    
                         arrival time                          -6.128    
  -------------------------------------------------------------------
                         slack                                  2.213    

Slack (MET) :             2.222ns  (required time - arrival time)
  Source:                 design_1_i/microblaze_0/U0/MicroBlaze_Core_I/Performance.Core/Data_Flow_I/Operand_Select_I/EX_Branch_CMP_Op1_reg[24]/C
                            (rising edge-triggered cell FDRE clocked by clk_out1_design_1_clk_wiz_1_0_1  {rise@0.000ns fall@5.000ns period=10.000ns})
  Destination:            design_1_i/microblaze_0_local_memory/lmb_bram/U0/inst_blk_mem_gen/gnbram.gnative_mem_map_bmg.native_mem_map_blk_mem_gen/valid.cstr/ramloop[3].ram.r/prim_noinit.ram/DEVICE_7SERIES.WITH_BMM_INFO.TRUE_DP.SIMPLE_PRIM36.TDP_SP36_NO_ECC_ATTR.ram/ADDRBWRADDR[2]
                            (rising edge-triggered cell RAMB36E1 clocked by clk_out1_design_1_clk_wiz_1_0_1  {rise@0.000ns fall@5.000ns period=10.000ns})
  Path Group:             clk_out1_design_1_clk_wiz_1_0_1
  Path Type:              Setup (Max at Slow Process Corner)
  Requirement:            10.000ns  (clk_out1_design_1_clk_wiz_1_0_1 rise@10.000ns - clk_out1_design_1_clk_wiz_1_0_1 rise@0.000ns)
  Data Path Delay:        6.859ns  (logic 1.882ns (27.437%)  route 4.977ns (72.563%))
  Logic Levels:           5  (CARRY4=3 LUT3=1 LUT6=1)
  Clock Path Skew:        -0.077ns (DCD - SCD + CPR)
    Destination Clock Delay (DCD):    -1.512ns = ( 8.488 - 10.000 ) 
    Source Clock Delay      (SCD):    -0.952ns
    Clock Pessimism Removal (CPR):    0.484ns
  Clock Uncertainty:      0.074ns  ((TSJ^2 + DJ^2)^1/2) / 2 + PE
    Total System Jitter     (TSJ):    0.071ns
    Discrete Jitter          (DJ):    0.129ns
    Phase Error              (PE):    0.000ns

    Location             Delay type                Incr(ns)  Path(ns)    Netlist Resource(s)
  -------------------------------------------------------------------    -------------------
                         (clock clk_out1_design_1_clk_wiz_1_0_1 rise edge)
                                                      0.000     0.000 r  
    W5                                                0.000     0.000 r  sys_clock (IN)
                         net (fo=0)                   0.000     0.000    design_1_i/clk_wiz_1/inst/clk_in1
    W5                   IBUF (Prop_ibuf_I_O)         1.458     1.458 r  design_1_i/clk_wiz_1/inst/clkin1_ibufg/O
                         net (fo=1, routed)           1.233     2.691    design_1_i/clk_wiz_1/inst/clk_in1_design_1_clk_wiz_1_0
    MMCME2_ADV_X1Y0      MMCME2_ADV (Prop_mmcme2_adv_CLKIN1_CLKOUT0)
                                                     -6.961    -4.269 r  design_1_i/clk_wiz_1/inst/mmcm_adv_inst/CLKOUT0
                         net (fo=1, routed)           1.661    -2.608    design_1_i/clk_wiz_1/inst/clk_out1_design_1_clk_wiz_1_0
    BUFGCTRL_X0Y0        BUFG (Prop_bufg_I_O)         0.096    -2.512 r  design_1_i/clk_wiz_1/inst/clkout1_buf/O
                         net (fo=1516, routed)        1.560    -0.952    design_1_i/microblaze_0/U0/MicroBlaze_Core_I/Performance.Core/Data_Flow_I/Operand_Select_I/Clk
    SLICE_X51Y31         FDRE                                         r  design_1_i/microblaze_0/U0/MicroBlaze_Core_I/Performance.Core/Data_Flow_I/Operand_Select_I/EX_Branch_CMP_Op1_reg[24]/C
  -------------------------------------------------------------------    -------------------
    SLICE_X51Y31         FDRE (Prop_fdre_C_Q)         0.456    -0.496 f  design_1_i/microblaze_0/U0/MicroBlaze_Core_I/Performance.Core/Data_Flow_I/Operand_Select_I/EX_Branch_CMP_Op1_reg[24]/Q
                         net (fo=1, routed)           1.342     0.847    design_1_i/microblaze_0/U0/MicroBlaze_Core_I/Performance.Core/Data_Flow_I/Zero_Detect_I/Q[5]
    SLICE_X45Y34         LUT6 (Prop_lut6_I1_O)        0.124     0.971 r  design_1_i/microblaze_0/U0/MicroBlaze_Core_I/Performance.Core/Data_Flow_I/Zero_Detect_I/S0_inferred__0/i_/O
                         net (fo=1, routed)           0.000     0.971    design_1_i/microblaze_0/U0/MicroBlaze_Core_I/Performance.Core/Data_Flow_I/Zero_Detect_I/Zero_Detecting[3].I_Part_Of_Zero_Detect/lopt_2
    SLICE_X45Y34         CARRY4 (Prop_carry4_S[1]_CO[3])
                                                      0.550     1.521 r  design_1_i/microblaze_0/U0/MicroBlaze_Core_I/Performance.Core/Data_Flow_I/Zero_Detect_I/Zero_Detecting[3].I_Part_Of_Zero_Detect/Using_FPGA.Native_CARRY4/CO[3]
                         net (fo=1, routed)           0.000     1.521    design_1_i/microblaze_0/U0/MicroBlaze_Core_I/Performance.Core/Decode_I/jump_logic_I1/MUXCY_JUMP_CARRY2/jump_carry1
    SLICE_X45Y35         CARRY4 (Prop_carry4_CI_CO[3])
                                                      0.114     1.635 r  design_1_i/microblaze_0/U0/MicroBlaze_Core_I/Performance.Core/Decode_I/jump_logic_I1/MUXCY_JUMP_CARRY2/Using_FPGA.Native_CARRY4/CO[3]
                         net (fo=1, routed)           0.000     1.635    design_1_i/microblaze_0/U0/MicroBlaze_Core_I/Performance.Core/Decode_I/jump_logic_I1/MUXCY_JUMP_CARRY6/jump_carry5
    SLICE_X45Y36         CARRY4 (Prop_carry4_CI_CO[0])
                                                      0.271     1.906 r  design_1_i/microblaze_0/U0/MicroBlaze_Core_I/Performance.Core/Decode_I/jump_logic_I1/MUXCY_JUMP_CARRY6/Using_FPGA.Native_CARRY4/CO[0]
                         net (fo=46, routed)          0.958     2.864    design_1_i/microblaze_0/U0/MicroBlaze_Core_I/Performance.Core/Decode_I/jump_logic_I1/MUXCY_JUMP_CARRY6/in0
    SLICE_X40Y26         LUT3 (Prop_lut3_I1_O)        0.367     3.231 r  design_1_i/microblaze_0/U0/MicroBlaze_Core_I/Performance.Core/Decode_I/jump_logic_I1/MUXCY_JUMP_CARRY6/Instr_Addr[27]_INST_0/O
                         net (fo=33, routed)          2.677     5.908    design_1_i/microblaze_0_local_memory/lmb_bram/U0/inst_blk_mem_gen/gnbram.gnative_mem_map_bmg.native_mem_map_blk_mem_gen/valid.cstr/ramloop[3].ram.r/prim_noinit.ram/addrb[2]
    RAMB36_X0Y10         RAMB36E1                                     r  design_1_i/microblaze_0_local_memory/lmb_bram/U0/inst_blk_mem_gen/gnbram.gnative_mem_map_bmg.native_mem_map_blk_mem_gen/valid.cstr/ramloop[3].ram.r/prim_noinit.ram/DEVICE_7SERIES.WITH_BMM_INFO.TRUE_DP.SIMPLE_PRIM36.TDP_SP36_NO_ECC_ATTR.ram/ADDRBWRADDR[2]
  -------------------------------------------------------------------    -------------------

                         (clock clk_out1_design_1_clk_wiz_1_0_1 rise edge)
                                                     10.000    10.000 r  
    W5                                                0.000    10.000 r  sys_clock (IN)
                         net (fo=0)                   0.000    10.000    design_1_i/clk_wiz_1/inst/clk_in1
    W5                   IBUF (Prop_ibuf_I_O)         1.388    11.388 r  design_1_i/clk_wiz_1/inst/clkin1_ibufg/O
                         net (fo=1, routed)           1.162    12.550    design_1_i/clk_wiz_1/inst/clk_in1_design_1_clk_wiz_1_0
    MMCME2_ADV_X1Y0      MMCME2_ADV (Prop_mmcme2_adv_CLKIN1_CLKOUT0)
                                                     -7.217     5.332 r  design_1_i/clk_wiz_1/inst/mmcm_adv_inst/CLKOUT0
                         net (fo=1, routed)           1.581     6.914    design_1_i/clk_wiz_1/inst/clk_out1_design_1_clk_wiz_1_0
    BUFGCTRL_X0Y0        BUFG (Prop_bufg_I_O)         0.091     7.005 r  design_1_i/clk_wiz_1/inst/clkout1_buf/O
                         net (fo=1516, routed)        1.483     8.488    design_1_i/microblaze_0_local_memory/lmb_bram/U0/inst_blk_mem_gen/gnbram.gnative_mem_map_bmg.native_mem_map_blk_mem_gen/valid.cstr/ramloop[3].ram.r/prim_noinit.ram/clkb
    RAMB36_X0Y10         RAMB36E1                                     r  design_1_i/microblaze_0_local_memory/lmb_bram/U0/inst_blk_mem_gen/gnbram.gnative_mem_map_bmg.native_mem_map_blk_mem_gen/valid.cstr/ramloop[3].ram.r/prim_noinit.ram/DEVICE_7SERIES.WITH_BMM_INFO.TRUE_DP.SIMPLE_PRIM36.TDP_SP36_NO_ECC_ATTR.ram/CLKBWRCLK
                         clock pessimism              0.484     8.971    
                         clock uncertainty           -0.074     8.898    
    RAMB36_X0Y10         RAMB36E1 (Setup_ramb36e1_CLKBWRCLK_ADDRBWRADDR[2])
                                                     -0.768     8.130    design_1_i/microblaze_0_local_memory/lmb_bram/U0/inst_blk_mem_gen/gnbram.gnative_mem_map_bmg.native_mem_map_blk_mem_gen/valid.cstr/ramloop[3].ram.r/prim_noinit.ram/DEVICE_7SERIES.WITH_BMM_INFO.TRUE_DP.SIMPLE_PRIM36.TDP_SP36_NO_ECC_ATTR.ram
  -------------------------------------------------------------------
                         required time                          8.130    
                         arrival time                          -5.908    
  -------------------------------------------------------------------
                         slack                                  2.222    

Slack (MET) :             2.229ns  (required time - arrival time)
  Source:                 design_1_i/microblaze_0/U0/MicroBlaze_Core_I/Performance.Core/Data_Flow_I/Operand_Select_I/EX_Branch_CMP_Op1_reg[24]/C
                            (rising edge-triggered cell FDRE clocked by clk_out1_design_1_clk_wiz_1_0_1  {rise@0.000ns fall@5.000ns period=10.000ns})
  Destination:            design_1_i/microblaze_0_local_memory/lmb_bram/U0/inst_blk_mem_gen/gnbram.gnative_mem_map_bmg.native_mem_map_blk_mem_gen/valid.cstr/ramloop[31].ram.r/prim_noinit.ram/DEVICE_7SERIES.WITH_BMM_INFO.TRUE_DP.SIMPLE_PRIM36.TDP_SP36_NO_ECC_ATTR.ram/ADDRBWRADDR[2]
                            (rising edge-triggered cell RAMB36E1 clocked by clk_out1_design_1_clk_wiz_1_0_1  {rise@0.000ns fall@5.000ns period=10.000ns})
  Path Group:             clk_out1_design_1_clk_wiz_1_0_1
  Path Type:              Setup (Max at Slow Process Corner)
  Requirement:            10.000ns  (clk_out1_design_1_clk_wiz_1_0_1 rise@10.000ns - clk_out1_design_1_clk_wiz_1_0_1 rise@0.000ns)
  Data Path Delay:        6.869ns  (logic 1.882ns (27.400%)  route 4.987ns (72.600%))
  Logic Levels:           5  (CARRY4=3 LUT3=1 LUT6=1)
  Clock Path Skew:        -0.061ns (DCD - SCD + CPR)
    Destination Clock Delay (DCD):    -1.504ns = ( 8.496 - 10.000 ) 
    Source Clock Delay      (SCD):    -0.952ns
    Clock Pessimism Removal (CPR):    0.492ns
  Clock Uncertainty:      0.074ns  ((TSJ^2 + DJ^2)^1/2) / 2 + PE
    Total System Jitter     (TSJ):    0.071ns
    Discrete Jitter          (DJ):    0.129ns
    Phase Error              (PE):    0.000ns

    Location             Delay type                Incr(ns)  Path(ns)    Netlist Resource(s)
  -------------------------------------------------------------------    -------------------
                         (clock clk_out1_design_1_clk_wiz_1_0_1 rise edge)
                                                      0.000     0.000 r  
    W5                                                0.000     0.000 r  sys_clock (IN)
                         net (fo=0)                   0.000     0.000    design_1_i/clk_wiz_1/inst/clk_in1
    W5                   IBUF (Prop_ibuf_I_O)         1.458     1.458 r  design_1_i/clk_wiz_1/inst/clkin1_ibufg/O
                         net (fo=1, routed)           1.233     2.691    design_1_i/clk_wiz_1/inst/clk_in1_design_1_clk_wiz_1_0
    MMCME2_ADV_X1Y0      MMCME2_ADV (Prop_mmcme2_adv_CLKIN1_CLKOUT0)
                                                     -6.961    -4.269 r  design_1_i/clk_wiz_1/inst/mmcm_adv_inst/CLKOUT0
                         net (fo=1, routed)           1.661    -2.608    design_1_i/clk_wiz_1/inst/clk_out1_design_1_clk_wiz_1_0
    BUFGCTRL_X0Y0        BUFG (Prop_bufg_I_O)         0.096    -2.512 r  design_1_i/clk_wiz_1/inst/clkout1_buf/O
                         net (fo=1516, routed)        1.560    -0.952    design_1_i/microblaze_0/U0/MicroBlaze_Core_I/Performance.Core/Data_Flow_I/Operand_Select_I/Clk
    SLICE_X51Y31         FDRE                                         r  design_1_i/microblaze_0/U0/MicroBlaze_Core_I/Performance.Core/Data_Flow_I/Operand_Select_I/EX_Branch_CMP_Op1_reg[24]/C
  -------------------------------------------------------------------    -------------------
    SLICE_X51Y31         FDRE (Prop_fdre_C_Q)         0.456    -0.496 f  design_1_i/microblaze_0/U0/MicroBlaze_Core_I/Performance.Core/Data_Flow_I/Operand_Select_I/EX_Branch_CMP_Op1_reg[24]/Q
                         net (fo=1, routed)           1.342     0.847    design_1_i/microblaze_0/U0/MicroBlaze_Core_I/Performance.Core/Data_Flow_I/Zero_Detect_I/Q[5]
    SLICE_X45Y34         LUT6 (Prop_lut6_I1_O)        0.124     0.971 r  design_1_i/microblaze_0/U0/MicroBlaze_Core_I/Performance.Core/Data_Flow_I/Zero_Detect_I/S0_inferred__0/i_/O
                         net (fo=1, routed)           0.000     0.971    design_1_i/microblaze_0/U0/MicroBlaze_Core_I/Performance.Core/Data_Flow_I/Zero_Detect_I/Zero_Detecting[3].I_Part_Of_Zero_Detect/lopt_2
    SLICE_X45Y34         CARRY4 (Prop_carry4_S[1]_CO[3])
                                                      0.550     1.521 r  design_1_i/microblaze_0/U0/MicroBlaze_Core_I/Performance.Core/Data_Flow_I/Zero_Detect_I/Zero_Detecting[3].I_Part_Of_Zero_Detect/Using_FPGA.Native_CARRY4/CO[3]
                         net (fo=1, routed)           0.000     1.521    design_1_i/microblaze_0/U0/MicroBlaze_Core_I/Performance.Core/Decode_I/jump_logic_I1/MUXCY_JUMP_CARRY2/jump_carry1
    SLICE_X45Y35         CARRY4 (Prop_carry4_CI_CO[3])
                                                      0.114     1.635 r  design_1_i/microblaze_0/U0/MicroBlaze_Core_I/Performance.Core/Decode_I/jump_logic_I1/MUXCY_JUMP_CARRY2/Using_FPGA.Native_CARRY4/CO[3]
                         net (fo=1, routed)           0.000     1.635    design_1_i/microblaze_0/U0/MicroBlaze_Core_I/Performance.Core/Decode_I/jump_logic_I1/MUXCY_JUMP_CARRY6/jump_carry5
    SLICE_X45Y36         CARRY4 (Prop_carry4_CI_CO[0])
                                                      0.271     1.906 r  design_1_i/microblaze_0/U0/MicroBlaze_Core_I/Performance.Core/Decode_I/jump_logic_I1/MUXCY_JUMP_CARRY6/Using_FPGA.Native_CARRY4/CO[0]
                         net (fo=46, routed)          0.958     2.864    design_1_i/microblaze_0/U0/MicroBlaze_Core_I/Performance.Core/Decode_I/jump_logic_I1/MUXCY_JUMP_CARRY6/in0
    SLICE_X40Y26         LUT3 (Prop_lut3_I1_O)        0.367     3.231 r  design_1_i/microblaze_0/U0/MicroBlaze_Core_I/Performance.Core/Decode_I/jump_logic_I1/MUXCY_JUMP_CARRY6/Instr_Addr[27]_INST_0/O
                         net (fo=33, routed)          2.686     5.917    design_1_i/microblaze_0_local_memory/lmb_bram/U0/inst_blk_mem_gen/gnbram.gnative_mem_map_bmg.native_mem_map_blk_mem_gen/valid.cstr/ramloop[31].ram.r/prim_noinit.ram/addrb[2]
    RAMB36_X0Y8          RAMB36E1                                     r  design_1_i/microblaze_0_local_memory/lmb_bram/U0/inst_blk_mem_gen/gnbram.gnative_mem_map_bmg.native_mem_map_blk_mem_gen/valid.cstr/ramloop[31].ram.r/prim_noinit.ram/DEVICE_7SERIES.WITH_BMM_INFO.TRUE_DP.SIMPLE_PRIM36.TDP_SP36_NO_ECC_ATTR.ram/ADDRBWRADDR[2]
  -------------------------------------------------------------------    -------------------

                         (clock clk_out1_design_1_clk_wiz_1_0_1 rise edge)
                                                     10.000    10.000 r  
    W5                                                0.000    10.000 r  sys_clock (IN)
                         net (fo=0)                   0.000    10.000    design_1_i/clk_wiz_1/inst/clk_in1
    W5                   IBUF (Prop_ibuf_I_O)         1.388    11.388 r  design_1_i/clk_wiz_1/inst/clkin1_ibufg/O
                         net (fo=1, routed)           1.162    12.550    design_1_i/clk_wiz_1/inst/clk_in1_design_1_clk_wiz_1_0
    MMCME2_ADV_X1Y0      MMCME2_ADV (Prop_mmcme2_adv_CLKIN1_CLKOUT0)
                                                     -7.217     5.332 r  design_1_i/clk_wiz_1/inst/mmcm_adv_inst/CLKOUT0
                         net (fo=1, routed)           1.581     6.914    design_1_i/clk_wiz_1/inst/clk_out1_design_1_clk_wiz_1_0
    BUFGCTRL_X0Y0        BUFG (Prop_bufg_I_O)         0.091     7.005 r  design_1_i/clk_wiz_1/inst/clkout1_buf/O
                         net (fo=1516, routed)        1.492     8.496    design_1_i/microblaze_0_local_memory/lmb_bram/U0/inst_blk_mem_gen/gnbram.gnative_mem_map_bmg.native_mem_map_blk_mem_gen/valid.cstr/ramloop[31].ram.r/prim_noinit.ram/clkb
    RAMB36_X0Y8          RAMB36E1                                     r  design_1_i/microblaze_0_local_memory/lmb_bram/U0/inst_blk_mem_gen/gnbram.gnative_mem_map_bmg.native_mem_map_blk_mem_gen/valid.cstr/ramloop[31].ram.r/prim_noinit.ram/DEVICE_7SERIES.WITH_BMM_INFO.TRUE_DP.SIMPLE_PRIM36.TDP_SP36_NO_ECC_ATTR.ram/CLKBWRCLK
                         clock pessimism              0.492     8.988    
                         clock uncertainty           -0.074     8.914    
    RAMB36_X0Y8          RAMB36E1 (Setup_ramb36e1_CLKBWRCLK_ADDRBWRADDR[2])
                                                     -0.768     8.146    design_1_i/microblaze_0_local_memory/lmb_bram/U0/inst_blk_mem_gen/gnbram.gnative_mem_map_bmg.native_mem_map_blk_mem_gen/valid.cstr/ramloop[31].ram.r/prim_noinit.ram/DEVICE_7SERIES.WITH_BMM_INFO.TRUE_DP.SIMPLE_PRIM36.TDP_SP36_NO_ECC_ATTR.ram
  -------------------------------------------------------------------
                         required time                          8.146    
                         arrival time                          -5.917    
  -------------------------------------------------------------------
                         slack                                  2.229    

Slack (MET) :             2.233ns  (required time - arrival time)
  Source:                 design_1_i/microblaze_0/U0/MicroBlaze_Core_I/Performance.Core/Data_Flow_I/Operand_Select_I/EX_Branch_CMP_Op1_reg[24]/C
                            (rising edge-triggered cell FDRE clocked by clk_out1_design_1_clk_wiz_1_0_1  {rise@0.000ns fall@5.000ns period=10.000ns})
  Destination:            design_1_i/microblaze_0_local_memory/lmb_bram/U0/inst_blk_mem_gen/gnbram.gnative_mem_map_bmg.native_mem_map_blk_mem_gen/valid.cstr/ramloop[26].ram.r/prim_noinit.ram/DEVICE_7SERIES.WITH_BMM_INFO.TRUE_DP.SIMPLE_PRIM36.TDP_SP36_NO_ECC_ATTR.ram/ADDRBWRADDR[11]
                            (rising edge-triggered cell RAMB36E1 clocked by clk_out1_design_1_clk_wiz_1_0_1  {rise@0.000ns fall@5.000ns period=10.000ns})
  Path Group:             clk_out1_design_1_clk_wiz_1_0_1
  Path Type:              Setup (Max at Slow Process Corner)
  Requirement:            10.000ns  (clk_out1_design_1_clk_wiz_1_0_1 rise@10.000ns - clk_out1_design_1_clk_wiz_1_0_1 rise@0.000ns)
  Data Path Delay:        7.065ns  (logic 1.888ns (26.725%)  route 5.177ns (73.275%))
  Logic Levels:           5  (CARRY4=3 LUT3=1 LUT6=1)
  Clock Path Skew:        -0.063ns (DCD - SCD + CPR)
    Destination Clock Delay (DCD):    -1.506ns = ( 8.494 - 10.000 ) 
    Source Clock Delay      (SCD):    -0.952ns
    Clock Pessimism Removal (CPR):    0.492ns
  Clock Uncertainty:      0.074ns  ((TSJ^2 + DJ^2)^1/2) / 2 + PE
    Total System Jitter     (TSJ):    0.071ns
    Discrete Jitter          (DJ):    0.129ns
    Phase Error              (PE):    0.000ns

    Location             Delay type                Incr(ns)  Path(ns)    Netlist Resource(s)
  -------------------------------------------------------------------    -------------------
                         (clock clk_out1_design_1_clk_wiz_1_0_1 rise edge)
                                                      0.000     0.000 r  
    W5                                                0.000     0.000 r  sys_clock (IN)
                         net (fo=0)                   0.000     0.000    design_1_i/clk_wiz_1/inst/clk_in1
    W5                   IBUF (Prop_ibuf_I_O)         1.458     1.458 r  design_1_i/clk_wiz_1/inst/clkin1_ibufg/O
                         net (fo=1, routed)           1.233     2.691    design_1_i/clk_wiz_1/inst/clk_in1_design_1_clk_wiz_1_0
    MMCME2_ADV_X1Y0      MMCME2_ADV (Prop_mmcme2_adv_CLKIN1_CLKOUT0)
                                                     -6.961    -4.269 r  design_1_i/clk_wiz_1/inst/mmcm_adv_inst/CLKOUT0
                         net (fo=1, routed)           1.661    -2.608    design_1_i/clk_wiz_1/inst/clk_out1_design_1_clk_wiz_1_0
    BUFGCTRL_X0Y0        BUFG (Prop_bufg_I_O)         0.096    -2.512 r  design_1_i/clk_wiz_1/inst/clkout1_buf/O
                         net (fo=1516, routed)        1.560    -0.952    design_1_i/microblaze_0/U0/MicroBlaze_Core_I/Performance.Core/Data_Flow_I/Operand_Select_I/Clk
    SLICE_X51Y31         FDRE                                         r  design_1_i/microblaze_0/U0/MicroBlaze_Core_I/Performance.Core/Data_Flow_I/Operand_Select_I/EX_Branch_CMP_Op1_reg[24]/C
  -------------------------------------------------------------------    -------------------
    SLICE_X51Y31         FDRE (Prop_fdre_C_Q)         0.456    -0.496 f  design_1_i/microblaze_0/U0/MicroBlaze_Core_I/Performance.Core/Data_Flow_I/Operand_Select_I/EX_Branch_CMP_Op1_reg[24]/Q
                         net (fo=1, routed)           1.342     0.847    design_1_i/microblaze_0/U0/MicroBlaze_Core_I/Performance.Core/Data_Flow_I/Zero_Detect_I/Q[5]
    SLICE_X45Y34         LUT6 (Prop_lut6_I1_O)        0.124     0.971 r  design_1_i/microblaze_0/U0/MicroBlaze_Core_I/Performance.Core/Data_Flow_I/Zero_Detect_I/S0_inferred__0/i_/O
                         net (fo=1, routed)           0.000     0.971    design_1_i/microblaze_0/U0/MicroBlaze_Core_I/Performance.Core/Data_Flow_I/Zero_Detect_I/Zero_Detecting[3].I_Part_Of_Zero_Detect/lopt_2
    SLICE_X45Y34         CARRY4 (Prop_carry4_S[1]_CO[3])
                                                      0.550     1.521 r  design_1_i/microblaze_0/U0/MicroBlaze_Core_I/Performance.Core/Data_Flow_I/Zero_Detect_I/Zero_Detecting[3].I_Part_Of_Zero_Detect/Using_FPGA.Native_CARRY4/CO[3]
                         net (fo=1, routed)           0.000     1.521    design_1_i/microblaze_0/U0/MicroBlaze_Core_I/Performance.Core/Decode_I/jump_logic_I1/MUXCY_JUMP_CARRY2/jump_carry1
    SLICE_X45Y35         CARRY4 (Prop_carry4_CI_CO[3])
                                                      0.114     1.635 r  design_1_i/microblaze_0/U0/MicroBlaze_Core_I/Performance.Core/Decode_I/jump_logic_I1/MUXCY_JUMP_CARRY2/Using_FPGA.Native_CARRY4/CO[3]
                         net (fo=1, routed)           0.000     1.635    design_1_i/microblaze_0/U0/MicroBlaze_Core_I/Performance.Core/Decode_I/jump_logic_I1/MUXCY_JUMP_CARRY6/jump_carry5
    SLICE_X45Y36         CARRY4 (Prop_carry4_CI_CO[0])
                                                      0.271     1.906 r  design_1_i/microblaze_0/U0/MicroBlaze_Core_I/Performance.Core/Decode_I/jump_logic_I1/MUXCY_JUMP_CARRY6/Using_FPGA.Native_CARRY4/CO[0]
                         net (fo=46, routed)          1.291     3.197    design_1_i/microblaze_0/U0/MicroBlaze_Core_I/Performance.Core/Decode_I/jump_logic_I1/MUXCY_JUMP_CARRY6/in0
    SLICE_X40Y29         LUT3 (Prop_lut3_I1_O)        0.373     3.570 r  design_1_i/microblaze_0/U0/MicroBlaze_Core_I/Performance.Core/Decode_I/jump_logic_I1/MUXCY_JUMP_CARRY6/Instr_Addr[18]_INST_0/O
                         net (fo=33, routed)          2.543     6.113    design_1_i/microblaze_0_local_memory/lmb_bram/U0/inst_blk_mem_gen/gnbram.gnative_mem_map_bmg.native_mem_map_blk_mem_gen/valid.cstr/ramloop[26].ram.r/prim_noinit.ram/addrb[11]
    RAMB36_X0Y2          RAMB36E1                                     r  design_1_i/microblaze_0_local_memory/lmb_bram/U0/inst_blk_mem_gen/gnbram.gnative_mem_map_bmg.native_mem_map_blk_mem_gen/valid.cstr/ramloop[26].ram.r/prim_noinit.ram/DEVICE_7SERIES.WITH_BMM_INFO.TRUE_DP.SIMPLE_PRIM36.TDP_SP36_NO_ECC_ATTR.ram/ADDRBWRADDR[11]
  -------------------------------------------------------------------    -------------------

                         (clock clk_out1_design_1_clk_wiz_1_0_1 rise edge)
                                                     10.000    10.000 r  
    W5                                                0.000    10.000 r  sys_clock (IN)
                         net (fo=0)                   0.000    10.000    design_1_i/clk_wiz_1/inst/clk_in1
    W5                   IBUF (Prop_ibuf_I_O)         1.388    11.388 r  design_1_i/clk_wiz_1/inst/clkin1_ibufg/O
                         net (fo=1, routed)           1.162    12.550    design_1_i/clk_wiz_1/inst/clk_in1_design_1_clk_wiz_1_0
    MMCME2_ADV_X1Y0      MMCME2_ADV (Prop_mmcme2_adv_CLKIN1_CLKOUT0)
                                                     -7.217     5.332 r  design_1_i/clk_wiz_1/inst/mmcm_adv_inst/CLKOUT0
                         net (fo=1, routed)           1.581     6.914    design_1_i/clk_wiz_1/inst/clk_out1_design_1_clk_wiz_1_0
    BUFGCTRL_X0Y0        BUFG (Prop_bufg_I_O)         0.091     7.005 r  design_1_i/clk_wiz_1/inst/clkout1_buf/O
                         net (fo=1516, routed)        1.490     8.494    design_1_i/microblaze_0_local_memory/lmb_bram/U0/inst_blk_mem_gen/gnbram.gnative_mem_map_bmg.native_mem_map_blk_mem_gen/valid.cstr/ramloop[26].ram.r/prim_noinit.ram/clkb
    RAMB36_X0Y2          RAMB36E1                                     r  design_1_i/microblaze_0_local_memory/lmb_bram/U0/inst_blk_mem_gen/gnbram.gnative_mem_map_bmg.native_mem_map_blk_mem_gen/valid.cstr/ramloop[26].ram.r/prim_noinit.ram/DEVICE_7SERIES.WITH_BMM_INFO.TRUE_DP.SIMPLE_PRIM36.TDP_SP36_NO_ECC_ATTR.ram/CLKBWRCLK
                         clock pessimism              0.492     8.986    
                         clock uncertainty           -0.074     8.912    
    RAMB36_X0Y2          RAMB36E1 (Setup_ramb36e1_CLKBWRCLK_ADDRBWRADDR[11])
                                                     -0.566     8.346    design_1_i/microblaze_0_local_memory/lmb_bram/U0/inst_blk_mem_gen/gnbram.gnative_mem_map_bmg.native_mem_map_blk_mem_gen/valid.cstr/ramloop[26].ram.r/prim_noinit.ram/DEVICE_7SERIES.WITH_BMM_INFO.TRUE_DP.SIMPLE_PRIM36.TDP_SP36_NO_ECC_ATTR.ram
  -------------------------------------------------------------------
                         required time                          8.346    
                         arrival time                          -6.113    
  -------------------------------------------------------------------
                         slack                                  2.233    

Slack (MET) :             2.264ns  (required time - arrival time)
  Source:                 design_1_i/microblaze_0/U0/MicroBlaze_Core_I/Performance.Core/Data_Flow_I/Operand_Select_I/EX_Branch_CMP_Op1_reg[24]/C
                            (rising edge-triggered cell FDRE clocked by clk_out1_design_1_clk_wiz_1_0_1  {rise@0.000ns fall@5.000ns period=10.000ns})
  Destination:            design_1_i/microblaze_0_local_memory/lmb_bram/U0/inst_blk_mem_gen/gnbram.gnative_mem_map_bmg.native_mem_map_blk_mem_gen/valid.cstr/ramloop[12].ram.r/prim_noinit.ram/DEVICE_7SERIES.WITH_BMM_INFO.TRUE_DP.SIMPLE_PRIM36.TDP_SP36_NO_ECC_ATTR.ram/ADDRBWRADDR[0]
                            (rising edge-triggered cell RAMB36E1 clocked by clk_out1_design_1_clk_wiz_1_0_1  {rise@0.000ns fall@5.000ns period=10.000ns})
  Path Group:             clk_out1_design_1_clk_wiz_1_0_1
  Path Type:              Setup (Max at Slow Process Corner)
  Requirement:            10.000ns  (clk_out1_design_1_clk_wiz_1_0_1 rise@10.000ns - clk_out1_design_1_clk_wiz_1_0_1 rise@0.000ns)
  Data Path Delay:        6.820ns  (logic 1.914ns (28.064%)  route 4.906ns (71.936%))
  Logic Levels:           5  (CARRY4=3 LUT3=1 LUT6=1)
  Clock Path Skew:        -0.074ns (DCD - SCD + CPR)
    Destination Clock Delay (DCD):    -1.509ns = ( 8.491 - 10.000 ) 
    Source Clock Delay      (SCD):    -0.952ns
    Clock Pessimism Removal (CPR):    0.484ns
  Clock Uncertainty:      0.074ns  ((TSJ^2 + DJ^2)^1/2) / 2 + PE
    Total System Jitter     (TSJ):    0.071ns
    Discrete Jitter          (DJ):    0.129ns
    Phase Error              (PE):    0.000ns

    Location             Delay type                Incr(ns)  Path(ns)    Netlist Resource(s)
  -------------------------------------------------------------------    -------------------
                         (clock clk_out1_design_1_clk_wiz_1_0_1 rise edge)
                                                      0.000     0.000 r  
    W5                                                0.000     0.000 r  sys_clock (IN)
                         net (fo=0)                   0.000     0.000    design_1_i/clk_wiz_1/inst/clk_in1
    W5                   IBUF (Prop_ibuf_I_O)         1.458     1.458 r  design_1_i/clk_wiz_1/inst/clkin1_ibufg/O
                         net (fo=1, routed)           1.233     2.691    design_1_i/clk_wiz_1/inst/clk_in1_design_1_clk_wiz_1_0
    MMCME2_ADV_X1Y0      MMCME2_ADV (Prop_mmcme2_adv_CLKIN1_CLKOUT0)
                                                     -6.961    -4.269 r  design_1_i/clk_wiz_1/inst/mmcm_adv_inst/CLKOUT0
                         net (fo=1, routed)           1.661    -2.608    design_1_i/clk_wiz_1/inst/clk_out1_design_1_clk_wiz_1_0
    BUFGCTRL_X0Y0        BUFG (Prop_bufg_I_O)         0.096    -2.512 r  design_1_i/clk_wiz_1/inst/clkout1_buf/O
                         net (fo=1516, routed)        1.560    -0.952    design_1_i/microblaze_0/U0/MicroBlaze_Core_I/Performance.Core/Data_Flow_I/Operand_Select_I/Clk
    SLICE_X51Y31         FDRE                                         r  design_1_i/microblaze_0/U0/MicroBlaze_Core_I/Performance.Core/Data_Flow_I/Operand_Select_I/EX_Branch_CMP_Op1_reg[24]/C
  -------------------------------------------------------------------    -------------------
    SLICE_X51Y31         FDRE (Prop_fdre_C_Q)         0.456    -0.496 f  design_1_i/microblaze_0/U0/MicroBlaze_Core_I/Performance.Core/Data_Flow_I/Operand_Select_I/EX_Branch_CMP_Op1_reg[24]/Q
                         net (fo=1, routed)           1.342     0.847    design_1_i/microblaze_0/U0/MicroBlaze_Core_I/Performance.Core/Data_Flow_I/Zero_Detect_I/Q[5]
    SLICE_X45Y34         LUT6 (Prop_lut6_I1_O)        0.124     0.971 r  design_1_i/microblaze_0/U0/MicroBlaze_Core_I/Performance.Core/Data_Flow_I/Zero_Detect_I/S0_inferred__0/i_/O
                         net (fo=1, routed)           0.000     0.971    design_1_i/microblaze_0/U0/MicroBlaze_Core_I/Performance.Core/Data_Flow_I/Zero_Detect_I/Zero_Detecting[3].I_Part_Of_Zero_Detect/lopt_2
    SLICE_X45Y34         CARRY4 (Prop_carry4_S[1]_CO[3])
                                                      0.550     1.521 r  design_1_i/microblaze_0/U0/MicroBlaze_Core_I/Performance.Core/Data_Flow_I/Zero_Detect_I/Zero_Detecting[3].I_Part_Of_Zero_Detect/Using_FPGA.Native_CARRY4/CO[3]
                         net (fo=1, routed)           0.000     1.521    design_1_i/microblaze_0/U0/MicroBlaze_Core_I/Performance.Core/Decode_I/jump_logic_I1/MUXCY_JUMP_CARRY2/jump_carry1
    SLICE_X45Y35         CARRY4 (Prop_carry4_CI_CO[3])
                                                      0.114     1.635 r  design_1_i/microblaze_0/U0/MicroBlaze_Core_I/Performance.Core/Decode_I/jump_logic_I1/MUXCY_JUMP_CARRY2/Using_FPGA.Native_CARRY4/CO[3]
                         net (fo=1, routed)           0.000     1.635    design_1_i/microblaze_0/U0/MicroBlaze_Core_I/Performance.Core/Decode_I/jump_logic_I1/MUXCY_JUMP_CARRY6/jump_carry5
    SLICE_X45Y36         CARRY4 (Prop_carry4_CI_CO[0])
                                                      0.271     1.906 r  design_1_i/microblaze_0/U0/MicroBlaze_Core_I/Performance.Core/Decode_I/jump_logic_I1/MUXCY_JUMP_CARRY6/Using_FPGA.Native_CARRY4/CO[0]
                         net (fo=46, routed)          1.344     3.249    design_1_i/microblaze_0/U0/MicroBlaze_Core_I/Performance.Core/Decode_I/jump_logic_I1/MUXCY_JUMP_CARRY6/in0
    SLICE_X39Y27         LUT3 (Prop_lut3_I1_O)        0.399     3.648 r  design_1_i/microblaze_0/U0/MicroBlaze_Core_I/Performance.Core/Decode_I/jump_logic_I1/MUXCY_JUMP_CARRY6/Instr_Addr[29]_INST_0/O
                         net (fo=33, routed)          2.220     5.869    design_1_i/microblaze_0_local_memory/lmb_bram/U0/inst_blk_mem_gen/gnbram.gnative_mem_map_bmg.native_mem_map_blk_mem_gen/valid.cstr/ramloop[12].ram.r/prim_noinit.ram/addrb[0]
    RAMB36_X2Y10         RAMB36E1                                     r  design_1_i/microblaze_0_local_memory/lmb_bram/U0/inst_blk_mem_gen/gnbram.gnative_mem_map_bmg.native_mem_map_blk_mem_gen/valid.cstr/ramloop[12].ram.r/prim_noinit.ram/DEVICE_7SERIES.WITH_BMM_INFO.TRUE_DP.SIMPLE_PRIM36.TDP_SP36_NO_ECC_ATTR.ram/ADDRBWRADDR[0]
  -------------------------------------------------------------------    -------------------

                         (clock clk_out1_design_1_clk_wiz_1_0_1 rise edge)
                                                     10.000    10.000 r  
    W5                                                0.000    10.000 r  sys_clock (IN)
                         net (fo=0)                   0.000    10.000    design_1_i/clk_wiz_1/inst/clk_in1
    W5                   IBUF (Prop_ibuf_I_O)         1.388    11.388 r  design_1_i/clk_wiz_1/inst/clkin1_ibufg/O
                         net (fo=1, routed)           1.162    12.550    design_1_i/clk_wiz_1/inst/clk_in1_design_1_clk_wiz_1_0
    MMCME2_ADV_X1Y0      MMCME2_ADV (Prop_mmcme2_adv_CLKIN1_CLKOUT0)
                                                     -7.217     5.332 r  design_1_i/clk_wiz_1/inst/mmcm_adv_inst/CLKOUT0
                         net (fo=1, routed)           1.581     6.914    design_1_i/clk_wiz_1/inst/clk_out1_design_1_clk_wiz_1_0
    BUFGCTRL_X0Y0        BUFG (Prop_bufg_I_O)         0.091     7.005 r  design_1_i/clk_wiz_1/inst/clkout1_buf/O
                         net (fo=1516, routed)        1.486     8.491    design_1_i/microblaze_0_local_memory/lmb_bram/U0/inst_blk_mem_gen/gnbram.gnative_mem_map_bmg.native_mem_map_blk_mem_gen/valid.cstr/ramloop[12].ram.r/prim_noinit.ram/clkb
    RAMB36_X2Y10         RAMB36E1                                     r  design_1_i/microblaze_0_local_memory/lmb_bram/U0/inst_blk_mem_gen/gnbram.gnative_mem_map_bmg.native_mem_map_blk_mem_gen/valid.cstr/ramloop[12].ram.r/prim_noinit.ram/DEVICE_7SERIES.WITH_BMM_INFO.TRUE_DP.SIMPLE_PRIM36.TDP_SP36_NO_ECC_ATTR.ram/CLKBWRCLK
                         clock pessimism              0.484     8.974    
                         clock uncertainty           -0.074     8.901    
    RAMB36_X2Y10         RAMB36E1 (Setup_ramb36e1_CLKBWRCLK_ADDRBWRADDR[0])
                                                     -0.768     8.133    design_1_i/microblaze_0_local_memory/lmb_bram/U0/inst_blk_mem_gen/gnbram.gnative_mem_map_bmg.native_mem_map_blk_mem_gen/valid.cstr/ramloop[12].ram.r/prim_noinit.ram/DEVICE_7SERIES.WITH_BMM_INFO.TRUE_DP.SIMPLE_PRIM36.TDP_SP36_NO_ECC_ATTR.ram
  -------------------------------------------------------------------
                         required time                          8.133    
                         arrival time                          -5.869    
  -------------------------------------------------------------------
                         slack                                  2.264    

Slack (MET) :             2.282ns  (required time - arrival time)
  Source:                 design_1_i/microblaze_0/U0/MicroBlaze_Core_I/Performance.Core/Data_Flow_I/Operand_Select_I/EX_Branch_CMP_Op1_reg[24]/C
                            (rising edge-triggered cell FDRE clocked by clk_out1_design_1_clk_wiz_1_0_1  {rise@0.000ns fall@5.000ns period=10.000ns})
  Destination:            design_1_i/microblaze_0_local_memory/lmb_bram/U0/inst_blk_mem_gen/gnbram.gnative_mem_map_bmg.native_mem_map_blk_mem_gen/valid.cstr/ramloop[0].ram.r/prim_noinit.ram/DEVICE_7SERIES.WITH_BMM_INFO.TRUE_DP.SIMPLE_PRIM36.TDP_SP36_NO_ECC_ATTR.ram/ADDRBWRADDR[10]
                            (rising edge-triggered cell RAMB36E1 clocked by clk_out1_design_1_clk_wiz_1_0_1  {rise@0.000ns fall@5.000ns period=10.000ns})
  Path Group:             clk_out1_design_1_clk_wiz_1_0_1
  Path Type:              Setup (Max at Slow Process Corner)
  Requirement:            10.000ns  (clk_out1_design_1_clk_wiz_1_0_1 rise@10.000ns - clk_out1_design_1_clk_wiz_1_0_1 rise@0.000ns)
  Data Path Delay:        6.811ns  (logic 1.916ns (28.130%)  route 4.895ns (71.870%))
  Logic Levels:           5  (CARRY4=3 LUT3=1 LUT6=1)
  Clock Path Skew:        -0.060ns (DCD - SCD + CPR)
    Destination Clock Delay (DCD):    -1.503ns = ( 8.497 - 10.000 ) 
    Source Clock Delay      (SCD):    -0.952ns
    Clock Pessimism Removal (CPR):    0.492ns
  Clock Uncertainty:      0.074ns  ((TSJ^2 + DJ^2)^1/2) / 2 + PE
    Total System Jitter     (TSJ):    0.071ns
    Discrete Jitter          (DJ):    0.129ns
    Phase Error              (PE):    0.000ns

    Location             Delay type                Incr(ns)  Path(ns)    Netlist Resource(s)
  -------------------------------------------------------------------    -------------------
                         (clock clk_out1_design_1_clk_wiz_1_0_1 rise edge)
                                                      0.000     0.000 r  
    W5                                                0.000     0.000 r  sys_clock (IN)
                         net (fo=0)                   0.000     0.000    design_1_i/clk_wiz_1/inst/clk_in1
    W5                   IBUF (Prop_ibuf_I_O)         1.458     1.458 r  design_1_i/clk_wiz_1/inst/clkin1_ibufg/O
                         net (fo=1, routed)           1.233     2.691    design_1_i/clk_wiz_1/inst/clk_in1_design_1_clk_wiz_1_0
    MMCME2_ADV_X1Y0      MMCME2_ADV (Prop_mmcme2_adv_CLKIN1_CLKOUT0)
                                                     -6.961    -4.269 r  design_1_i/clk_wiz_1/inst/mmcm_adv_inst/CLKOUT0
                         net (fo=1, routed)           1.661    -2.608    design_1_i/clk_wiz_1/inst/clk_out1_design_1_clk_wiz_1_0
    BUFGCTRL_X0Y0        BUFG (Prop_bufg_I_O)         0.096    -2.512 r  design_1_i/clk_wiz_1/inst/clkout1_buf/O
                         net (fo=1516, routed)        1.560    -0.952    design_1_i/microblaze_0/U0/MicroBlaze_Core_I/Performance.Core/Data_Flow_I/Operand_Select_I/Clk
    SLICE_X51Y31         FDRE                                         r  design_1_i/microblaze_0/U0/MicroBlaze_Core_I/Performance.Core/Data_Flow_I/Operand_Select_I/EX_Branch_CMP_Op1_reg[24]/C
  -------------------------------------------------------------------    -------------------
    SLICE_X51Y31         FDRE (Prop_fdre_C_Q)         0.456    -0.496 f  design_1_i/microblaze_0/U0/MicroBlaze_Core_I/Performance.Core/Data_Flow_I/Operand_Select_I/EX_Branch_CMP_Op1_reg[24]/Q
                         net (fo=1, routed)           1.342     0.847    design_1_i/microblaze_0/U0/MicroBlaze_Core_I/Performance.Core/Data_Flow_I/Zero_Detect_I/Q[5]
    SLICE_X45Y34         LUT6 (Prop_lut6_I1_O)        0.124     0.971 r  design_1_i/microblaze_0/U0/MicroBlaze_Core_I/Performance.Core/Data_Flow_I/Zero_Detect_I/S0_inferred__0/i_/O
                         net (fo=1, routed)           0.000     0.971    design_1_i/microblaze_0/U0/MicroBlaze_Core_I/Performance.Core/Data_Flow_I/Zero_Detect_I/Zero_Detecting[3].I_Part_Of_Zero_Detect/lopt_2
    SLICE_X45Y34         CARRY4 (Prop_carry4_S[1]_CO[3])
                                                      0.550     1.521 r  design_1_i/microblaze_0/U0/MicroBlaze_Core_I/Performance.Core/Data_Flow_I/Zero_Detect_I/Zero_Detecting[3].I_Part_Of_Zero_Detect/Using_FPGA.Native_CARRY4/CO[3]
                         net (fo=1, routed)           0.000     1.521    design_1_i/microblaze_0/U0/MicroBlaze_Core_I/Performance.Core/Decode_I/jump_logic_I1/MUXCY_JUMP_CARRY2/jump_carry1
    SLICE_X45Y35         CARRY4 (Prop_carry4_CI_CO[3])
                                                      0.114     1.635 r  design_1_i/microblaze_0/U0/MicroBlaze_Core_I/Performance.Core/Decode_I/jump_logic_I1/MUXCY_JUMP_CARRY2/Using_FPGA.Native_CARRY4/CO[3]
                         net (fo=1, routed)           0.000     1.635    design_1_i/microblaze_0/U0/MicroBlaze_Core_I/Performance.Core/Decode_I/jump_logic_I1/MUXCY_JUMP_CARRY6/jump_carry5
    SLICE_X45Y36         CARRY4 (Prop_carry4_CI_CO[0])
                                                      0.271     1.906 r  design_1_i/microblaze_0/U0/MicroBlaze_Core_I/Performance.Core/Decode_I/jump_logic_I1/MUXCY_JUMP_CARRY6/Using_FPGA.Native_CARRY4/CO[0]
                         net (fo=46, routed)          1.291     3.197    design_1_i/microblaze_0/U0/MicroBlaze_Core_I/Performance.Core/Decode_I/jump_logic_I1/MUXCY_JUMP_CARRY6/in0
    SLICE_X40Y29         LUT3 (Prop_lut3_I1_O)        0.401     3.598 r  design_1_i/microblaze_0/U0/MicroBlaze_Core_I/Performance.Core/Decode_I/jump_logic_I1/MUXCY_JUMP_CARRY6/Instr_Addr[19]_INST_0/O
                         net (fo=33, routed)          2.262     5.860    design_1_i/microblaze_0_local_memory/lmb_bram/U0/inst_blk_mem_gen/gnbram.gnative_mem_map_bmg.native_mem_map_blk_mem_gen/valid.cstr/ramloop[0].ram.r/prim_noinit.ram/addrb[10]
    RAMB36_X0Y9          RAMB36E1                                     r  design_1_i/microblaze_0_local_memory/lmb_bram/U0/inst_blk_mem_gen/gnbram.gnative_mem_map_bmg.native_mem_map_blk_mem_gen/valid.cstr/ramloop[0].ram.r/prim_noinit.ram/DEVICE_7SERIES.WITH_BMM_INFO.TRUE_DP.SIMPLE_PRIM36.TDP_SP36_NO_ECC_ATTR.ram/ADDRBWRADDR[10]
  -------------------------------------------------------------------    -------------------

                         (clock clk_out1_design_1_clk_wiz_1_0_1 rise edge)
                                                     10.000    10.000 r  
    W5                                                0.000    10.000 r  sys_clock (IN)
                         net (fo=0)                   0.000    10.000    design_1_i/clk_wiz_1/inst/clk_in1
    W5                   IBUF (Prop_ibuf_I_O)         1.388    11.388 r  design_1_i/clk_wiz_1/inst/clkin1_ibufg/O
                         net (fo=1, routed)           1.162    12.550    design_1_i/clk_wiz_1/inst/clk_in1_design_1_clk_wiz_1_0
    MMCME2_ADV_X1Y0      MMCME2_ADV (Prop_mmcme2_adv_CLKIN1_CLKOUT0)
                                                     -7.217     5.332 r  design_1_i/clk_wiz_1/inst/mmcm_adv_inst/CLKOUT0
                         net (fo=1, routed)           1.581     6.914    design_1_i/clk_wiz_1/inst/clk_out1_design_1_clk_wiz_1_0
    BUFGCTRL_X0Y0        BUFG (Prop_bufg_I_O)         0.091     7.005 r  design_1_i/clk_wiz_1/inst/clkout1_buf/O
                         net (fo=1516, routed)        1.493     8.497    design_1_i/microblaze_0_local_memory/lmb_bram/U0/inst_blk_mem_gen/gnbram.gnative_mem_map_bmg.native_mem_map_blk_mem_gen/valid.cstr/ramloop[0].ram.r/prim_noinit.ram/clkb
    RAMB36_X0Y9          RAMB36E1                                     r  design_1_i/microblaze_0_local_memory/lmb_bram/U0/inst_blk_mem_gen/gnbram.gnative_mem_map_bmg.native_mem_map_blk_mem_gen/valid.cstr/ramloop[0].ram.r/prim_noinit.ram/DEVICE_7SERIES.WITH_BMM_INFO.TRUE_DP.SIMPLE_PRIM36.TDP_SP36_NO_ECC_ATTR.ram/CLKBWRCLK
                         clock pessimism              0.492     8.989    
                         clock uncertainty           -0.074     8.915    
    RAMB36_X0Y9          RAMB36E1 (Setup_ramb36e1_CLKBWRCLK_ADDRBWRADDR[10])
                                                     -0.774     8.141    design_1_i/microblaze_0_local_memory/lmb_bram/U0/inst_blk_mem_gen/gnbram.gnative_mem_map_bmg.native_mem_map_blk_mem_gen/valid.cstr/ramloop[0].ram.r/prim_noinit.ram/DEVICE_7SERIES.WITH_BMM_INFO.TRUE_DP.SIMPLE_PRIM36.TDP_SP36_NO_ECC_ATTR.ram
  -------------------------------------------------------------------
                         required time                          8.141    
                         arrival time                          -5.860    
  -------------------------------------------------------------------
                         slack                                  2.282    

Slack (MET) :             2.291ns  (required time - arrival time)
  Source:                 design_1_i/microblaze_0/U0/MicroBlaze_Core_I/Performance.Core/Data_Flow_I/Operand_Select_I/EX_Branch_CMP_Op1_reg[24]/C
                            (rising edge-triggered cell FDRE clocked by clk_out1_design_1_clk_wiz_1_0_1  {rise@0.000ns fall@5.000ns period=10.000ns})
  Destination:            design_1_i/microblaze_0_local_memory/lmb_bram/U0/inst_blk_mem_gen/gnbram.gnative_mem_map_bmg.native_mem_map_blk_mem_gen/valid.cstr/ramloop[3].ram.r/prim_noinit.ram/DEVICE_7SERIES.WITH_BMM_INFO.TRUE_DP.SIMPLE_PRIM36.TDP_SP36_NO_ECC_ATTR.ram/ADDRBWRADDR[10]
                            (rising edge-triggered cell RAMB36E1 clocked by clk_out1_design_1_clk_wiz_1_0_1  {rise@0.000ns fall@5.000ns period=10.000ns})
  Path Group:             clk_out1_design_1_clk_wiz_1_0_1
  Path Type:              Setup (Max at Slow Process Corner)
  Requirement:            10.000ns  (clk_out1_design_1_clk_wiz_1_0_1 rise@10.000ns - clk_out1_design_1_clk_wiz_1_0_1 rise@0.000ns)
  Data Path Delay:        6.784ns  (logic 1.916ns (28.243%)  route 4.868ns (71.757%))
  Logic Levels:           5  (CARRY4=3 LUT3=1 LUT6=1)
  Clock Path Skew:        -0.077ns (DCD - SCD + CPR)
    Destination Clock Delay (DCD):    -1.512ns = ( 8.488 - 10.000 ) 
    Source Clock Delay      (SCD):    -0.952ns
    Clock Pessimism Removal (CPR):    0.484ns
  Clock Uncertainty:      0.074ns  ((TSJ^2 + DJ^2)^1/2) / 2 + PE
    Total System Jitter     (TSJ):    0.071ns
    Discrete Jitter          (DJ):    0.129ns
    Phase Error              (PE):    0.000ns

    Location             Delay type                Incr(ns)  Path(ns)    Netlist Resource(s)
  -------------------------------------------------------------------    -------------------
                         (clock clk_out1_design_1_clk_wiz_1_0_1 rise edge)
                                                      0.000     0.000 r  
    W5                                                0.000     0.000 r  sys_clock (IN)
                         net (fo=0)                   0.000     0.000    design_1_i/clk_wiz_1/inst/clk_in1
    W5                   IBUF (Prop_ibuf_I_O)         1.458     1.458 r  design_1_i/clk_wiz_1/inst/clkin1_ibufg/O
                         net (fo=1, routed)           1.233     2.691    design_1_i/clk_wiz_1/inst/clk_in1_design_1_clk_wiz_1_0
    MMCME2_ADV_X1Y0      MMCME2_ADV (Prop_mmcme2_adv_CLKIN1_CLKOUT0)
                                                     -6.961    -4.269 r  design_1_i/clk_wiz_1/inst/mmcm_adv_inst/CLKOUT0
                         net (fo=1, routed)           1.661    -2.608    design_1_i/clk_wiz_1/inst/clk_out1_design_1_clk_wiz_1_0
    BUFGCTRL_X0Y0        BUFG (Prop_bufg_I_O)         0.096    -2.512 r  design_1_i/clk_wiz_1/inst/clkout1_buf/O
                         net (fo=1516, routed)        1.560    -0.952    design_1_i/microblaze_0/U0/MicroBlaze_Core_I/Performance.Core/Data_Flow_I/Operand_Select_I/Clk
    SLICE_X51Y31         FDRE                                         r  design_1_i/microblaze_0/U0/MicroBlaze_Core_I/Performance.Core/Data_Flow_I/Operand_Select_I/EX_Branch_CMP_Op1_reg[24]/C
  -------------------------------------------------------------------    -------------------
    SLICE_X51Y31         FDRE (Prop_fdre_C_Q)         0.456    -0.496 f  design_1_i/microblaze_0/U0/MicroBlaze_Core_I/Performance.Core/Data_Flow_I/Operand_Select_I/EX_Branch_CMP_Op1_reg[24]/Q
                         net (fo=1, routed)           1.342     0.847    design_1_i/microblaze_0/U0/MicroBlaze_Core_I/Performance.Core/Data_Flow_I/Zero_Detect_I/Q[5]
    SLICE_X45Y34         LUT6 (Prop_lut6_I1_O)        0.124     0.971 r  design_1_i/microblaze_0/U0/MicroBlaze_Core_I/Performance.Core/Data_Flow_I/Zero_Detect_I/S0_inferred__0/i_/O
                         net (fo=1, routed)           0.000     0.971    design_1_i/microblaze_0/U0/MicroBlaze_Core_I/Performance.Core/Data_Flow_I/Zero_Detect_I/Zero_Detecting[3].I_Part_Of_Zero_Detect/lopt_2
    SLICE_X45Y34         CARRY4 (Prop_carry4_S[1]_CO[3])
                                                      0.550     1.521 r  design_1_i/microblaze_0/U0/MicroBlaze_Core_I/Performance.Core/Data_Flow_I/Zero_Detect_I/Zero_Detecting[3].I_Part_Of_Zero_Detect/Using_FPGA.Native_CARRY4/CO[3]
                         net (fo=1, routed)           0.000     1.521    design_1_i/microblaze_0/U0/MicroBlaze_Core_I/Performance.Core/Decode_I/jump_logic_I1/MUXCY_JUMP_CARRY2/jump_carry1
    SLICE_X45Y35         CARRY4 (Prop_carry4_CI_CO[3])
                                                      0.114     1.635 r  design_1_i/microblaze_0/U0/MicroBlaze_Core_I/Performance.Core/Decode_I/jump_logic_I1/MUXCY_JUMP_CARRY2/Using_FPGA.Native_CARRY4/CO[3]
                         net (fo=1, routed)           0.000     1.635    design_1_i/microblaze_0/U0/MicroBlaze_Core_I/Performance.Core/Decode_I/jump_logic_I1/MUXCY_JUMP_CARRY6/jump_carry5
    SLICE_X45Y36         CARRY4 (Prop_carry4_CI_CO[0])
                                                      0.271     1.906 r  design_1_i/microblaze_0/U0/MicroBlaze_Core_I/Performance.Core/Decode_I/jump_logic_I1/MUXCY_JUMP_CARRY6/Using_FPGA.Native_CARRY4/CO[0]
                         net (fo=46, routed)          1.291     3.197    design_1_i/microblaze_0/U0/MicroBlaze_Core_I/Performance.Core/Decode_I/jump_logic_I1/MUXCY_JUMP_CARRY6/in0
    SLICE_X40Y29         LUT3 (Prop_lut3_I1_O)        0.401     3.598 r  design_1_i/microblaze_0/U0/MicroBlaze_Core_I/Performance.Core/Decode_I/jump_logic_I1/MUXCY_JUMP_CARRY6/Instr_Addr[19]_INST_0/O
                         net (fo=33, routed)          2.234     5.832    design_1_i/microblaze_0_local_memory/lmb_bram/U0/inst_blk_mem_gen/gnbram.gnative_mem_map_bmg.native_mem_map_blk_mem_gen/valid.cstr/ramloop[3].ram.r/prim_noinit.ram/addrb[10]
    RAMB36_X0Y10         RAMB36E1                                     r  design_1_i/microblaze_0_local_memory/lmb_bram/U0/inst_blk_mem_gen/gnbram.gnative_mem_map_bmg.native_mem_map_blk_mem_gen/valid.cstr/ramloop[3].ram.r/prim_noinit.ram/DEVICE_7SERIES.WITH_BMM_INFO.TRUE_DP.SIMPLE_PRIM36.TDP_SP36_NO_ECC_ATTR.ram/ADDRBWRADDR[10]
  -------------------------------------------------------------------    -------------------

                         (clock clk_out1_design_1_clk_wiz_1_0_1 rise edge)
                                                     10.000    10.000 r  
    W5                                                0.000    10.000 r  sys_clock (IN)
                         net (fo=0)                   0.000    10.000    design_1_i/clk_wiz_1/inst/clk_in1
    W5                   IBUF (Prop_ibuf_I_O)         1.388    11.388 r  design_1_i/clk_wiz_1/inst/clkin1_ibufg/O
                         net (fo=1, routed)           1.162    12.550    design_1_i/clk_wiz_1/inst/clk_in1_design_1_clk_wiz_1_0
    MMCME2_ADV_X1Y0      MMCME2_ADV (Prop_mmcme2_adv_CLKIN1_CLKOUT0)
                                                     -7.217     5.332 r  design_1_i/clk_wiz_1/inst/mmcm_adv_inst/CLKOUT0
                         net (fo=1, routed)           1.581     6.914    design_1_i/clk_wiz_1/inst/clk_out1_design_1_clk_wiz_1_0
    BUFGCTRL_X0Y0        BUFG (Prop_bufg_I_O)         0.091     7.005 r  design_1_i/clk_wiz_1/inst/clkout1_buf/O
                         net (fo=1516, routed)        1.483     8.488    design_1_i/microblaze_0_local_memory/lmb_bram/U0/inst_blk_mem_gen/gnbram.gnative_mem_map_bmg.native_mem_map_blk_mem_gen/valid.cstr/ramloop[3].ram.r/prim_noinit.ram/clkb
    RAMB36_X0Y10         RAMB36E1                                     r  design_1_i/microblaze_0_local_memory/lmb_bram/U0/inst_blk_mem_gen/gnbram.gnative_mem_map_bmg.native_mem_map_blk_mem_gen/valid.cstr/ramloop[3].ram.r/prim_noinit.ram/DEVICE_7SERIES.WITH_BMM_INFO.TRUE_DP.SIMPLE_PRIM36.TDP_SP36_NO_ECC_ATTR.ram/CLKBWRCLK
                         clock pessimism              0.484     8.971    
                         clock uncertainty           -0.074     8.898    
    RAMB36_X0Y10         RAMB36E1 (Setup_ramb36e1_CLKBWRCLK_ADDRBWRADDR[10])
                                                     -0.774     8.124    design_1_i/microblaze_0_local_memory/lmb_bram/U0/inst_blk_mem_gen/gnbram.gnative_mem_map_bmg.native_mem_map_blk_mem_gen/valid.cstr/ramloop[3].ram.r/prim_noinit.ram/DEVICE_7SERIES.WITH_BMM_INFO.TRUE_DP.SIMPLE_PRIM36.TDP_SP36_NO_ECC_ATTR.ram
  -------------------------------------------------------------------
                         required time                          8.124    
                         arrival time                          -5.832    
  -------------------------------------------------------------------
                         slack                                  2.291    





Min Delay Paths
--------------------------------------------------------------------------------------
Slack (MET) :             0.106ns  (arrival time - required time)
  Source:                 design_1_i/axi_gpio_0/U0/gpio_core_1/Not_Dual.gpio_OE_reg[1]/C
                            (rising edge-triggered cell FDSE clocked by clk_out1_design_1_clk_wiz_1_0_1  {rise@0.000ns fall@5.000ns period=10.000ns})
  Destination:            design_1_i/axi_gpio_0/U0/gpio_core_1/Not_Dual.ALLIN1_ND.READ_REG_GEN[1].reg1_reg[17]/D
                            (rising edge-triggered cell FDRE clocked by clk_out1_design_1_clk_wiz_1_0_1  {rise@0.000ns fall@5.000ns period=10.000ns})
  Path Group:             clk_out1_design_1_clk_wiz_1_0_1
  Path Type:              Hold (Min at Fast Process Corner)
  Requirement:            0.000ns  (clk_out1_design_1_clk_wiz_1_0_1 rise@0.000ns - clk_out1_design_1_clk_wiz_1_0_1 rise@0.000ns)
  Data Path Delay:        0.240ns  (logic 0.186ns (77.466%)  route 0.054ns (22.534%))
  Logic Levels:           1  (LUT5=1)
  Clock Path Skew:        0.013ns (DCD - SCD - CPR)
    Destination Clock Delay (DCD):    -0.873ns
    Source Clock Delay      (SCD):    -0.630ns
    Clock Pessimism Removal (CPR):    -0.255ns

    Location             Delay type                Incr(ns)  Path(ns)    Netlist Resource(s)
  -------------------------------------------------------------------    -------------------
                         (clock clk_out1_design_1_clk_wiz_1_0_1 rise edge)
                                                      0.000     0.000 r  
    W5                                                0.000     0.000 r  sys_clock (IN)
                         net (fo=0)                   0.000     0.000    design_1_i/clk_wiz_1/inst/clk_in1
    W5                   IBUF (Prop_ibuf_I_O)         0.226     0.226 r  design_1_i/clk_wiz_1/inst/clkin1_ibufg/O
                         net (fo=1, routed)           0.440     0.667    design_1_i/clk_wiz_1/inst/clk_in1_design_1_clk_wiz_1_0
    MMCME2_ADV_X1Y0      MMCME2_ADV (Prop_mmcme2_adv_CLKIN1_CLKOUT0)
                                                     -2.360    -1.693 r  design_1_i/clk_wiz_1/inst/mmcm_adv_inst/CLKOUT0
                         net (fo=1, routed)           0.486    -1.207    design_1_i/clk_wiz_1/inst/clk_out1_design_1_clk_wiz_1_0
    BUFGCTRL_X0Y0        BUFG (Prop_bufg_I_O)         0.026    -1.181 r  design_1_i/clk_wiz_1/inst/clkout1_buf/O
                         net (fo=1516, routed)        0.551    -0.630    design_1_i/axi_gpio_0/U0/gpio_core_1/s_axi_aclk
    SLICE_X31Y26         FDSE                                         r  design_1_i/axi_gpio_0/U0/gpio_core_1/Not_Dual.gpio_OE_reg[1]/C
  -------------------------------------------------------------------    -------------------
    SLICE_X31Y26         FDSE (Prop_fdse_C_Q)         0.141    -0.489 r  design_1_i/axi_gpio_0/U0/gpio_core_1/Not_Dual.gpio_OE_reg[1]/Q
                         net (fo=1, routed)           0.054    -0.435    design_1_i/axi_gpio_0/U0/gpio_core_1/Not_Dual.gpio_OE_reg_n_0_[1]
    SLICE_X30Y26         LUT5 (Prop_lut5_I4_O)        0.045    -0.390 r  design_1_i/axi_gpio_0/U0/gpio_core_1/Not_Dual.ALLIN1_ND.READ_REG_GEN[1].reg1[17]_i_1/O
                         net (fo=1, routed)           0.000    -0.390    design_1_i/axi_gpio_0/U0/gpio_core_1/Read_Reg_In[1]
    SLICE_X30Y26         FDRE                                         r  design_1_i/axi_gpio_0/U0/gpio_core_1/Not_Dual.ALLIN1_ND.READ_REG_GEN[1].reg1_reg[17]/D
  -------------------------------------------------------------------    -------------------

                         (clock clk_out1_design_1_clk_wiz_1_0_1 rise edge)
                                                      0.000     0.000 r  
    W5                                                0.000     0.000 r  sys_clock (IN)
                         net (fo=0)                   0.000     0.000    design_1_i/clk_wiz_1/inst/clk_in1
    W5                   IBUF (Prop_ibuf_I_O)         0.414     0.414 r  design_1_i/clk_wiz_1/inst/clkin1_ibufg/O
                         net (fo=1, routed)           0.480     0.894    design_1_i/clk_wiz_1/inst/clk_in1_design_1_clk_wiz_1_0
    MMCME2_ADV_X1Y0      MMCME2_ADV (Prop_mmcme2_adv_CLKIN1_CLKOUT0)
                                                     -3.142    -2.248 r  design_1_i/clk_wiz_1/inst/mmcm_adv_inst/CLKOUT0
                         net (fo=1, routed)           0.530    -1.718    design_1_i/clk_wiz_1/inst/clk_out1_design_1_clk_wiz_1_0
    BUFGCTRL_X0Y0        BUFG (Prop_bufg_I_O)         0.029    -1.689 r  design_1_i/clk_wiz_1/inst/clkout1_buf/O
                         net (fo=1516, routed)        0.817    -0.873    design_1_i/axi_gpio_0/U0/gpio_core_1/s_axi_aclk
    SLICE_X30Y26         FDRE                                         r  design_1_i/axi_gpio_0/U0/gpio_core_1/Not_Dual.ALLIN1_ND.READ_REG_GEN[1].reg1_reg[17]/C
                         clock pessimism              0.255    -0.617    
    SLICE_X30Y26         FDRE (Hold_fdre_C_D)         0.121    -0.496    design_1_i/axi_gpio_0/U0/gpio_core_1/Not_Dual.ALLIN1_ND.READ_REG_GEN[1].reg1_reg[17]
  -------------------------------------------------------------------
                         required time                          0.496    
                         arrival time                          -0.390    
  -------------------------------------------------------------------
                         slack                                  0.106    

Slack (MET) :             0.112ns  (arrival time - required time)
  Source:                 design_1_i/axi_uartlite_0/U0/UARTLITE_CORE_I/UARTLITE_TX_I/data_shift_reg[0]/C
                            (rising edge-triggered cell FDSE clocked by clk_out1_design_1_clk_wiz_1_0_1  {rise@0.000ns fall@5.000ns period=10.000ns})
  Destination:            design_1_i/axi_uartlite_0/U0/UARTLITE_CORE_I/UARTLITE_TX_I/data_shift_reg[13]_srl13___UARTLITE_CORE_I_UARTLITE_RX_I_data_shift_reg_r_11/D
                            (rising edge-triggered cell SRL16E clocked by clk_out1_design_1_clk_wiz_1_0_1  {rise@0.000ns fall@5.000ns period=10.000ns})
  Path Group:             clk_out1_design_1_clk_wiz_1_0_1
  Path Type:              Hold (Min at Fast Process Corner)
  Requirement:            0.000ns  (clk_out1_design_1_clk_wiz_1_0_1 rise@0.000ns - clk_out1_design_1_clk_wiz_1_0_1 rise@0.000ns)
  Data Path Delay:        0.187ns  (logic 0.128ns (68.470%)  route 0.059ns (31.530%))
  Logic Levels:           0  
  Clock Path Skew:        0.013ns (DCD - SCD - CPR)
    Destination Clock Delay (DCD):    -0.869ns
    Source Clock Delay      (SCD):    -0.627ns
    Clock Pessimism Removal (CPR):    -0.254ns

    Location             Delay type                Incr(ns)  Path(ns)    Netlist Resource(s)
  -------------------------------------------------------------------    -------------------
                         (clock clk_out1_design_1_clk_wiz_1_0_1 rise edge)
                                                      0.000     0.000 r  
    W5                                                0.000     0.000 r  sys_clock (IN)
                         net (fo=0)                   0.000     0.000    design_1_i/clk_wiz_1/inst/clk_in1
    W5                   IBUF (Prop_ibuf_I_O)         0.226     0.226 r  design_1_i/clk_wiz_1/inst/clkin1_ibufg/O
                         net (fo=1, routed)           0.440     0.667    design_1_i/clk_wiz_1/inst/clk_in1_design_1_clk_wiz_1_0
    MMCME2_ADV_X1Y0      MMCME2_ADV (Prop_mmcme2_adv_CLKIN1_CLKOUT0)
                                                     -2.360    -1.693 r  design_1_i/clk_wiz_1/inst/mmcm_adv_inst/CLKOUT0
                         net (fo=1, routed)           0.486    -1.207    design_1_i/clk_wiz_1/inst/clk_out1_design_1_clk_wiz_1_0
    BUFGCTRL_X0Y0        BUFG (Prop_bufg_I_O)         0.026    -1.181 r  design_1_i/clk_wiz_1/inst/clkout1_buf/O
                         net (fo=1516, routed)        0.554    -0.627    design_1_i/axi_uartlite_0/U0/UARTLITE_CORE_I/UARTLITE_TX_I/s_axi_aclk
    SLICE_X31Y20         FDSE                                         r  design_1_i/axi_uartlite_0/U0/UARTLITE_CORE_I/UARTLITE_TX_I/data_shift_reg[0]/C
  -------------------------------------------------------------------    -------------------
    SLICE_X31Y20         FDSE (Prop_fdse_C_Q)         0.128    -0.499 r  design_1_i/axi_uartlite_0/U0/UARTLITE_CORE_I/UARTLITE_TX_I/data_shift_reg[0]/Q
                         net (fo=1, routed)           0.059    -0.440    design_1_i/axi_uartlite_0/U0/UARTLITE_CORE_I/UARTLITE_TX_I/data_shift_reg_n_0_[0]
    SLICE_X30Y20         SRL16E                                       r  design_1_i/axi_uartlite_0/U0/UARTLITE_CORE_I/UARTLITE_TX_I/data_shift_reg[13]_srl13___UARTLITE_CORE_I_UARTLITE_RX_I_data_shift_reg_r_11/D
  -------------------------------------------------------------------    -------------------

                         (clock clk_out1_design_1_clk_wiz_1_0_1 rise edge)
                                                      0.000     0.000 r  
    W5                                                0.000     0.000 r  sys_clock (IN)
                         net (fo=0)                   0.000     0.000    design_1_i/clk_wiz_1/inst/clk_in1
    W5                   IBUF (Prop_ibuf_I_O)         0.414     0.414 r  design_1_i/clk_wiz_1/inst/clkin1_ibufg/O
                         net (fo=1, routed)           0.480     0.894    design_1_i/clk_wiz_1/inst/clk_in1_design_1_clk_wiz_1_0
    MMCME2_ADV_X1Y0      MMCME2_ADV (Prop_mmcme2_adv_CLKIN1_CLKOUT0)
                                                     -3.142    -2.248 r  design_1_i/clk_wiz_1/inst/mmcm_adv_inst/CLKOUT0
                         net (fo=1, routed)           0.530    -1.718    design_1_i/clk_wiz_1/inst/clk_out1_design_1_clk_wiz_1_0
    BUFGCTRL_X0Y0        BUFG (Prop_bufg_I_O)         0.029    -1.689 r  design_1_i/clk_wiz_1/inst/clkout1_buf/O
                         net (fo=1516, routed)        0.821    -0.869    design_1_i/axi_uartlite_0/U0/UARTLITE_CORE_I/UARTLITE_TX_I/s_axi_aclk
    SLICE_X30Y20         SRL16E                                       r  design_1_i/axi_uartlite_0/U0/UARTLITE_CORE_I/UARTLITE_TX_I/data_shift_reg[13]_srl13___UARTLITE_CORE_I_UARTLITE_RX_I_data_shift_reg_r_11/CLK
                         clock pessimism              0.254    -0.614    
    SLICE_X30Y20         SRL16E (Hold_srl16e_CLK_D)
                                                      0.062    -0.552    design_1_i/axi_uartlite_0/U0/UARTLITE_CORE_I/UARTLITE_TX_I/data_shift_reg[13]_srl13___UARTLITE_CORE_I_UARTLITE_RX_I_data_shift_reg_r_11
  -------------------------------------------------------------------
                         required time                          0.552    
                         arrival time                          -0.440    
  -------------------------------------------------------------------
                         slack                                  0.112    

Slack (MET) :             0.114ns  (arrival time - required time)
  Source:                 design_1_i/microblaze_0/U0/MicroBlaze_Core_I/Performance.Core/Decode_I/MEM_DataBus_Addr_reg[29]/C
                            (rising edge-triggered cell FDRE clocked by clk_out1_design_1_clk_wiz_1_0_1  {rise@0.000ns fall@5.000ns period=10.000ns})
  Destination:            design_1_i/microblaze_0_axi_periph/xbar/inst/gen_sasd.crossbar_sasd_0/addr_arbiter_inst/gen_no_arbiter.m_amesg_i_reg[3]/D
                            (rising edge-triggered cell FDRE clocked by clk_out1_design_1_clk_wiz_1_0_1  {rise@0.000ns fall@5.000ns period=10.000ns})
  Path Group:             clk_out1_design_1_clk_wiz_1_0_1
  Path Type:              Hold (Min at Fast Process Corner)
  Requirement:            0.000ns  (clk_out1_design_1_clk_wiz_1_0_1 rise@0.000ns - clk_out1_design_1_clk_wiz_1_0_1 rise@0.000ns)
  Data Path Delay:        0.453ns  (logic 0.141ns (31.116%)  route 0.312ns (68.884%))
  Logic Levels:           0  
  Clock Path Skew:        0.267ns (DCD - SCD - CPR)
    Destination Clock Delay (DCD):    -0.865ns
    Source Clock Delay      (SCD):    -0.628ns
    Clock Pessimism Removal (CPR):    -0.503ns

    Location             Delay type                Incr(ns)  Path(ns)    Netlist Resource(s)
  -------------------------------------------------------------------    -------------------
                         (clock clk_out1_design_1_clk_wiz_1_0_1 rise edge)
                                                      0.000     0.000 r  
    W5                                                0.000     0.000 r  sys_clock (IN)
                         net (fo=0)                   0.000     0.000    design_1_i/clk_wiz_1/inst/clk_in1
    W5                   IBUF (Prop_ibuf_I_O)         0.226     0.226 r  design_1_i/clk_wiz_1/inst/clkin1_ibufg/O
                         net (fo=1, routed)           0.440     0.667    design_1_i/clk_wiz_1/inst/clk_in1_design_1_clk_wiz_1_0
    MMCME2_ADV_X1Y0      MMCME2_ADV (Prop_mmcme2_adv_CLKIN1_CLKOUT0)
                                                     -2.360    -1.693 r  design_1_i/clk_wiz_1/inst/mmcm_adv_inst/CLKOUT0
                         net (fo=1, routed)           0.486    -1.207    design_1_i/clk_wiz_1/inst/clk_out1_design_1_clk_wiz_1_0
    BUFGCTRL_X0Y0        BUFG (Prop_bufg_I_O)         0.026    -1.181 r  design_1_i/clk_wiz_1/inst/clkout1_buf/O
                         net (fo=1516, routed)        0.553    -0.628    design_1_i/microblaze_0/U0/MicroBlaze_Core_I/Performance.Core/Decode_I/Clk
    SLICE_X43Y28         FDRE                                         r  design_1_i/microblaze_0/U0/MicroBlaze_Core_I/Performance.Core/Decode_I/MEM_DataBus_Addr_reg[29]/C
  -------------------------------------------------------------------    -------------------
    SLICE_X43Y28         FDRE (Prop_fdre_C_Q)         0.141    -0.487 r  design_1_i/microblaze_0/U0/MicroBlaze_Core_I/Performance.Core/Decode_I/MEM_DataBus_Addr_reg[29]/Q
                         net (fo=1, routed)           0.312    -0.175    design_1_i/microblaze_0_axi_periph/xbar/inst/gen_sasd.crossbar_sasd_0/addr_arbiter_inst/s_axi_araddr[2]
    SLICE_X29Y32         FDRE                                         r  design_1_i/microblaze_0_axi_periph/xbar/inst/gen_sasd.crossbar_sasd_0/addr_arbiter_inst/gen_no_arbiter.m_amesg_i_reg[3]/D
  -------------------------------------------------------------------    -------------------

                         (clock clk_out1_design_1_clk_wiz_1_0_1 rise edge)
                                                      0.000     0.000 r  
    W5                                                0.000     0.000 r  sys_clock (IN)
                         net (fo=0)                   0.000     0.000    design_1_i/clk_wiz_1/inst/clk_in1
    W5                   IBUF (Prop_ibuf_I_O)         0.414     0.414 r  design_1_i/clk_wiz_1/inst/clkin1_ibufg/O
                         net (fo=1, routed)           0.480     0.894    design_1_i/clk_wiz_1/inst/clk_in1_design_1_clk_wiz_1_0
    MMCME2_ADV_X1Y0      MMCME2_ADV (Prop_mmcme2_adv_CLKIN1_CLKOUT0)
                                                     -3.142    -2.248 r  design_1_i/clk_wiz_1/inst/mmcm_adv_inst/CLKOUT0
                         net (fo=1, routed)           0.530    -1.718    design_1_i/clk_wiz_1/inst/clk_out1_design_1_clk_wiz_1_0
    BUFGCTRL_X0Y0        BUFG (Prop_bufg_I_O)         0.029    -1.689 r  design_1_i/clk_wiz_1/inst/clkout1_buf/O
                         net (fo=1516, routed)        0.825    -0.865    design_1_i/microblaze_0_axi_periph/xbar/inst/gen_sasd.crossbar_sasd_0/addr_arbiter_inst/aclk
    SLICE_X29Y32         FDRE                                         r  design_1_i/microblaze_0_axi_periph/xbar/inst/gen_sasd.crossbar_sasd_0/addr_arbiter_inst/gen_no_arbiter.m_amesg_i_reg[3]/C
                         clock pessimism              0.503    -0.361    
    SLICE_X29Y32         FDRE (Hold_fdre_C_D)         0.072    -0.289    design_1_i/microblaze_0_axi_periph/xbar/inst/gen_sasd.crossbar_sasd_0/addr_arbiter_inst/gen_no_arbiter.m_amesg_i_reg[3]
  -------------------------------------------------------------------
                         required time                          0.289    
                         arrival time                          -0.175    
  -------------------------------------------------------------------
                         slack                                  0.114    

Slack (MET) :             0.116ns  (arrival time - required time)
  Source:                 design_1_i/microblaze_0/U0/MicroBlaze_Core_I/Performance.Core/Decode_I/PC_Module_I/if_pc_reg[31]/C
                            (rising edge-triggered cell FDRE clocked by clk_out1_design_1_clk_wiz_1_0_1  {rise@0.000ns fall@5.000ns period=10.000ns})
  Destination:            design_1_i/microblaze_0/U0/MicroBlaze_Core_I/Performance.Core/Decode_I/PC_Module_I/PC_Buffer_reg[3][31]_srl4/D
                            (rising edge-triggered cell SRL16E clocked by clk_out1_design_1_clk_wiz_1_0_1  {rise@0.000ns fall@5.000ns period=10.000ns})
  Path Group:             clk_out1_design_1_clk_wiz_1_0_1
  Path Type:              Hold (Min at Fast Process Corner)
  Requirement:            0.000ns  (clk_out1_design_1_clk_wiz_1_0_1 rise@0.000ns - clk_out1_design_1_clk_wiz_1_0_1 rise@0.000ns)
  Data Path Delay:        0.258ns  (logic 0.128ns (49.621%)  route 0.130ns (50.379%))
  Logic Levels:           0  
  Clock Path Skew:        0.013ns (DCD - SCD - CPR)
    Destination Clock Delay (DCD):    -0.871ns
    Source Clock Delay      (SCD):    -0.629ns
    Clock Pessimism Removal (CPR):    -0.254ns

    Location             Delay type                Incr(ns)  Path(ns)    Netlist Resource(s)
  -------------------------------------------------------------------    -------------------
                         (clock clk_out1_design_1_clk_wiz_1_0_1 rise edge)
                                                      0.000     0.000 r  
    W5                                                0.000     0.000 r  sys_clock (IN)
                         net (fo=0)                   0.000     0.000    design_1_i/clk_wiz_1/inst/clk_in1
    W5                   IBUF (Prop_ibuf_I_O)         0.226     0.226 r  design_1_i/clk_wiz_1/inst/clkin1_ibufg/O
                         net (fo=1, routed)           0.440     0.667    design_1_i/clk_wiz_1/inst/clk_in1_design_1_clk_wiz_1_0
    MMCME2_ADV_X1Y0      MMCME2_ADV (Prop_mmcme2_adv_CLKIN1_CLKOUT0)
                                                     -2.360    -1.693 r  design_1_i/clk_wiz_1/inst/mmcm_adv_inst/CLKOUT0
                         net (fo=1, routed)           0.486    -1.207    design_1_i/clk_wiz_1/inst/clk_out1_design_1_clk_wiz_1_0
    BUFGCTRL_X0Y0        BUFG (Prop_bufg_I_O)         0.026    -1.181 r  design_1_i/clk_wiz_1/inst/clkout1_buf/O
                         net (fo=1516, routed)        0.552    -0.629    design_1_i/microblaze_0/U0/MicroBlaze_Core_I/Performance.Core/Decode_I/PC_Module_I/Clk
    SLICE_X44Y26         FDRE                                         r  design_1_i/microblaze_0/U0/MicroBlaze_Core_I/Performance.Core/Decode_I/PC_Module_I/if_pc_reg[31]/C
  -------------------------------------------------------------------    -------------------
    SLICE_X44Y26         FDRE (Prop_fdre_C_Q)         0.128    -0.501 r  design_1_i/microblaze_0/U0/MicroBlaze_Core_I/Performance.Core/Decode_I/PC_Module_I/if_pc_reg[31]/Q
                         net (fo=4, routed)           0.130    -0.371    design_1_i/microblaze_0/U0/MicroBlaze_Core_I/Performance.Core/Decode_I/PC_Module_I/Q[0]
    SLICE_X46Y26         SRL16E                                       r  design_1_i/microblaze_0/U0/MicroBlaze_Core_I/Performance.Core/Decode_I/PC_Module_I/PC_Buffer_reg[3][31]_srl4/D
  -------------------------------------------------------------------    -------------------

                         (clock clk_out1_design_1_clk_wiz_1_0_1 rise edge)
                                                      0.000     0.000 r  
    W5                                                0.000     0.000 r  sys_clock (IN)
                         net (fo=0)                   0.000     0.000    design_1_i/clk_wiz_1/inst/clk_in1
    W5                   IBUF (Prop_ibuf_I_O)         0.414     0.414 r  design_1_i/clk_wiz_1/inst/clkin1_ibufg/O
                         net (fo=1, routed)           0.480     0.894    design_1_i/clk_wiz_1/inst/clk_in1_design_1_clk_wiz_1_0
    MMCME2_ADV_X1Y0      MMCME2_ADV (Prop_mmcme2_adv_CLKIN1_CLKOUT0)
                                                     -3.142    -2.248 r  design_1_i/clk_wiz_1/inst/mmcm_adv_inst/CLKOUT0
                         net (fo=1, routed)           0.530    -1.718    design_1_i/clk_wiz_1/inst/clk_out1_design_1_clk_wiz_1_0
    BUFGCTRL_X0Y0        BUFG (Prop_bufg_I_O)         0.029    -1.689 r  design_1_i/clk_wiz_1/inst/clkout1_buf/O
                         net (fo=1516, routed)        0.819    -0.871    design_1_i/microblaze_0/U0/MicroBlaze_Core_I/Performance.Core/Decode_I/PC_Module_I/Clk
    SLICE_X46Y26         SRL16E                                       r  design_1_i/microblaze_0/U0/MicroBlaze_Core_I/Performance.Core/Decode_I/PC_Module_I/PC_Buffer_reg[3][31]_srl4/CLK
                         clock pessimism              0.254    -0.616    
    SLICE_X46Y26         SRL16E (Hold_srl16e_CLK_D)
                                                      0.129    -0.487    design_1_i/microblaze_0/U0/MicroBlaze_Core_I/Performance.Core/Decode_I/PC_Module_I/PC_Buffer_reg[3][31]_srl4
  -------------------------------------------------------------------
                         required time                          0.487    
                         arrival time                          -0.371    
  -------------------------------------------------------------------
                         slack                                  0.116    

Slack (MET) :             0.118ns  (arrival time - required time)
  Source:                 design_1_i/microblaze_0/U0/MicroBlaze_Core_I/Performance.Core/Decode_I/MEM_DataBus_Addr_reg[23]/C
                            (rising edge-triggered cell FDRE clocked by clk_out1_design_1_clk_wiz_1_0_1  {rise@0.000ns fall@5.000ns period=10.000ns})
  Destination:            design_1_i/microblaze_0_axi_periph/xbar/inst/gen_sasd.crossbar_sasd_0/addr_arbiter_inst/gen_no_arbiter.m_amesg_i_reg[9]/D
                            (rising edge-triggered cell FDRE clocked by clk_out1_design_1_clk_wiz_1_0_1  {rise@0.000ns fall@5.000ns period=10.000ns})
  Path Group:             clk_out1_design_1_clk_wiz_1_0_1
  Path Type:              Hold (Min at Fast Process Corner)
  Requirement:            0.000ns  (clk_out1_design_1_clk_wiz_1_0_1 rise@0.000ns - clk_out1_design_1_clk_wiz_1_0_1 rise@0.000ns)
  Data Path Delay:        0.455ns  (logic 0.141ns (30.980%)  route 0.314ns (69.020%))
  Logic Levels:           0  
  Clock Path Skew:        0.266ns (DCD - SCD - CPR)
    Destination Clock Delay (DCD):    -0.865ns
    Source Clock Delay      (SCD):    -0.627ns
    Clock Pessimism Removal (CPR):    -0.503ns

    Location             Delay type                Incr(ns)  Path(ns)    Netlist Resource(s)
  -------------------------------------------------------------------    -------------------
                         (clock clk_out1_design_1_clk_wiz_1_0_1 rise edge)
                                                      0.000     0.000 r  
    W5                                                0.000     0.000 r  sys_clock (IN)
                         net (fo=0)                   0.000     0.000    design_1_i/clk_wiz_1/inst/clk_in1
    W5                   IBUF (Prop_ibuf_I_O)         0.226     0.226 r  design_1_i/clk_wiz_1/inst/clkin1_ibufg/O
                         net (fo=1, routed)           0.440     0.667    design_1_i/clk_wiz_1/inst/clk_in1_design_1_clk_wiz_1_0
    MMCME2_ADV_X1Y0      MMCME2_ADV (Prop_mmcme2_adv_CLKIN1_CLKOUT0)
                                                     -2.360    -1.693 r  design_1_i/clk_wiz_1/inst/mmcm_adv_inst/CLKOUT0
                         net (fo=1, routed)           0.486    -1.207    design_1_i/clk_wiz_1/inst/clk_out1_design_1_clk_wiz_1_0
    BUFGCTRL_X0Y0        BUFG (Prop_bufg_I_O)         0.026    -1.181 r  design_1_i/clk_wiz_1/inst/clkout1_buf/O
                         net (fo=1516, routed)        0.554    -0.627    design_1_i/microblaze_0/U0/MicroBlaze_Core_I/Performance.Core/Decode_I/Clk
    SLICE_X43Y29         FDRE                                         r  design_1_i/microblaze_0/U0/MicroBlaze_Core_I/Performance.Core/Decode_I/MEM_DataBus_Addr_reg[23]/C
  -------------------------------------------------------------------    -------------------
    SLICE_X43Y29         FDRE (Prop_fdre_C_Q)         0.141    -0.486 r  design_1_i/microblaze_0/U0/MicroBlaze_Core_I/Performance.Core/Decode_I/MEM_DataBus_Addr_reg[23]/Q
                         net (fo=1, routed)           0.314    -0.172    design_1_i/microblaze_0_axi_periph/xbar/inst/gen_sasd.crossbar_sasd_0/addr_arbiter_inst/s_axi_araddr[8]
    SLICE_X29Y32         FDRE                                         r  design_1_i/microblaze_0_axi_periph/xbar/inst/gen_sasd.crossbar_sasd_0/addr_arbiter_inst/gen_no_arbiter.m_amesg_i_reg[9]/D
  -------------------------------------------------------------------    -------------------

                         (clock clk_out1_design_1_clk_wiz_1_0_1 rise edge)
                                                      0.000     0.000 r  
    W5                                                0.000     0.000 r  sys_clock (IN)
                         net (fo=0)                   0.000     0.000    design_1_i/clk_wiz_1/inst/clk_in1
    W5                   IBUF (Prop_ibuf_I_O)         0.414     0.414 r  design_1_i/clk_wiz_1/inst/clkin1_ibufg/O
                         net (fo=1, routed)           0.480     0.894    design_1_i/clk_wiz_1/inst/clk_in1_design_1_clk_wiz_1_0
    MMCME2_ADV_X1Y0      MMCME2_ADV (Prop_mmcme2_adv_CLKIN1_CLKOUT0)
                                                     -3.142    -2.248 r  design_1_i/clk_wiz_1/inst/mmcm_adv_inst/CLKOUT0
                         net (fo=1, routed)           0.530    -1.718    design_1_i/clk_wiz_1/inst/clk_out1_design_1_clk_wiz_1_0
    BUFGCTRL_X0Y0        BUFG (Prop_bufg_I_O)         0.029    -1.689 r  design_1_i/clk_wiz_1/inst/clkout1_buf/O
                         net (fo=1516, routed)        0.825    -0.865    design_1_i/microblaze_0_axi_periph/xbar/inst/gen_sasd.crossbar_sasd_0/addr_arbiter_inst/aclk
    SLICE_X29Y32         FDRE                                         r  design_1_i/microblaze_0_axi_periph/xbar/inst/gen_sasd.crossbar_sasd_0/addr_arbiter_inst/gen_no_arbiter.m_amesg_i_reg[9]/C
                         clock pessimism              0.503    -0.361    
    SLICE_X29Y32         FDRE (Hold_fdre_C_D)         0.071    -0.290    design_1_i/microblaze_0_axi_periph/xbar/inst/gen_sasd.crossbar_sasd_0/addr_arbiter_inst/gen_no_arbiter.m_amesg_i_reg[9]
  -------------------------------------------------------------------
                         required time                          0.290    
                         arrival time                          -0.172    
  -------------------------------------------------------------------
                         slack                                  0.118    

Slack (MET) :             0.121ns  (arrival time - required time)
  Source:                 design_1_i/microblaze_0/U0/MicroBlaze_Core_I/Performance.Core/Data_Flow_I/Data_Flow_Logic_I/WB_MEM_Result_reg[9]/C
                            (rising edge-triggered cell FDRE clocked by clk_out1_design_1_clk_wiz_1_0_1  {rise@0.000ns fall@5.000ns period=10.000ns})
  Destination:            design_1_i/microblaze_0/U0/MicroBlaze_Core_I/Performance.Core/Data_Flow_I/Register_File_I/Using_LUT6.All_RAM32M[4].ram32m_i/Using_FPGA.Native/RAMD/I
                            (rising edge-triggered cell RAMS32 clocked by clk_out1_design_1_clk_wiz_1_0_1  {rise@0.000ns fall@5.000ns period=10.000ns})
  Path Group:             clk_out1_design_1_clk_wiz_1_0_1
  Path Type:              Hold (Min at Fast Process Corner)
  Requirement:            0.000ns  (clk_out1_design_1_clk_wiz_1_0_1 rise@0.000ns - clk_out1_design_1_clk_wiz_1_0_1 rise@0.000ns)
  Data Path Delay:        0.527ns  (logic 0.227ns (43.084%)  route 0.300ns (56.916%))
  Logic Levels:           1  (LUT6=1)
  Clock Path Skew:        0.262ns (DCD - SCD - CPR)
    Destination Clock Delay (DCD):    -0.865ns
    Source Clock Delay      (SCD):    -0.623ns
    Clock Pessimism Removal (CPR):    -0.503ns

    Location             Delay type                Incr(ns)  Path(ns)    Netlist Resource(s)
  -------------------------------------------------------------------    -------------------
                         (clock clk_out1_design_1_clk_wiz_1_0_1 rise edge)
                                                      0.000     0.000 r  
    W5                                                0.000     0.000 r  sys_clock (IN)
                         net (fo=0)                   0.000     0.000    design_1_i/clk_wiz_1/inst/clk_in1
    W5                   IBUF (Prop_ibuf_I_O)         0.226     0.226 r  design_1_i/clk_wiz_1/inst/clkin1_ibufg/O
                         net (fo=1, routed)           0.440     0.667    design_1_i/clk_wiz_1/inst/clk_in1_design_1_clk_wiz_1_0
    MMCME2_ADV_X1Y0      MMCME2_ADV (Prop_mmcme2_adv_CLKIN1_CLKOUT0)
                                                     -2.360    -1.693 r  design_1_i/clk_wiz_1/inst/mmcm_adv_inst/CLKOUT0
                         net (fo=1, routed)           0.486    -1.207    design_1_i/clk_wiz_1/inst/clk_out1_design_1_clk_wiz_1_0
    BUFGCTRL_X0Y0        BUFG (Prop_bufg_I_O)         0.026    -1.181 r  design_1_i/clk_wiz_1/inst/clkout1_buf/O
                         net (fo=1516, routed)        0.558    -0.623    design_1_i/microblaze_0/U0/MicroBlaze_Core_I/Performance.Core/Data_Flow_I/Data_Flow_Logic_I/Clk
    SLICE_X32Y33         FDRE                                         r  design_1_i/microblaze_0/U0/MicroBlaze_Core_I/Performance.Core/Data_Flow_I/Data_Flow_Logic_I/WB_MEM_Result_reg[9]/C
  -------------------------------------------------------------------    -------------------
    SLICE_X32Y33         FDRE (Prop_fdre_C_Q)         0.128    -0.495 r  design_1_i/microblaze_0/U0/MicroBlaze_Core_I/Performance.Core/Data_Flow_I/Data_Flow_Logic_I/WB_MEM_Result_reg[9]/Q
                         net (fo=1, routed)           0.061    -0.435    design_1_i/microblaze_0/U0/MicroBlaze_Core_I/Performance.Core/Decode_I/EX_Op3_reg[0]_1[14]
    SLICE_X32Y33         LUT6 (Prop_lut6_I5_O)        0.099    -0.336 r  design_1_i/microblaze_0/U0/MicroBlaze_Core_I/Performance.Core/Decode_I/Using_FPGA.Native_i_2__29/O
                         net (fo=8, routed)           0.239    -0.096    design_1_i/microblaze_0/U0/MicroBlaze_Core_I/Performance.Core/Data_Flow_I/Register_File_I/Using_LUT6.All_RAM32M[4].ram32m_i/Using_FPGA.Native/DID0
    SLICE_X38Y33         RAMS32                                       r  design_1_i/microblaze_0/U0/MicroBlaze_Core_I/Performance.Core/Data_Flow_I/Register_File_I/Using_LUT6.All_RAM32M[4].ram32m_i/Using_FPGA.Native/RAMD/I
  -------------------------------------------------------------------    -------------------

                         (clock clk_out1_design_1_clk_wiz_1_0_1 rise edge)
                                                      0.000     0.000 r  
    W5                                                0.000     0.000 r  sys_clock (IN)
                         net (fo=0)                   0.000     0.000    design_1_i/clk_wiz_1/inst/clk_in1
    W5                   IBUF (Prop_ibuf_I_O)         0.414     0.414 r  design_1_i/clk_wiz_1/inst/clkin1_ibufg/O
                         net (fo=1, routed)           0.480     0.894    design_1_i/clk_wiz_1/inst/clk_in1_design_1_clk_wiz_1_0
    MMCME2_ADV_X1Y0      MMCME2_ADV (Prop_mmcme2_adv_CLKIN1_CLKOUT0)
                                                     -3.142    -2.248 r  design_1_i/clk_wiz_1/inst/mmcm_adv_inst/CLKOUT0
                         net (fo=1, routed)           0.530    -1.718    design_1_i/clk_wiz_1/inst/clk_out1_design_1_clk_wiz_1_0
    BUFGCTRL_X0Y0        BUFG (Prop_bufg_I_O)         0.029    -1.689 r  design_1_i/clk_wiz_1/inst/clkout1_buf/O
                         net (fo=1516, routed)        0.825    -0.865    design_1_i/microblaze_0/U0/MicroBlaze_Core_I/Performance.Core/Data_Flow_I/Register_File_I/Using_LUT6.All_RAM32M[4].ram32m_i/Using_FPGA.Native/WCLK
    SLICE_X38Y33         RAMS32                                       r  design_1_i/microblaze_0/U0/MicroBlaze_Core_I/Performance.Core/Data_Flow_I/Register_File_I/Using_LUT6.All_RAM32M[4].ram32m_i/Using_FPGA.Native/RAMD/CLK
                         clock pessimism              0.503    -0.361    
    SLICE_X38Y33         RAMS32 (Hold_rams32_CLK_I)
                                                      0.144    -0.217    design_1_i/microblaze_0/U0/MicroBlaze_Core_I/Performance.Core/Data_Flow_I/Register_File_I/Using_LUT6.All_RAM32M[4].ram32m_i/Using_FPGA.Native/RAMD
  -------------------------------------------------------------------
                         required time                          0.217    
                         arrival time                          -0.096    
  -------------------------------------------------------------------
                         slack                                  0.121    

Slack (MET) :             0.122ns  (arrival time - required time)
  Source:                 design_1_i/axi_gpio_0/U0/gpio_core_1/Not_Dual.INPUT_DOUBLE_REGS3/GENERATE_LEVEL_P_S_CDC.MULTI_BIT.FOR_CROSS_PLEVEL_IN2SCNDRY_bus_d2[1].CROSS2_PLEVEL_IN2SCNDRY_s_level_out_bus_d2/C
                            (rising edge-triggered cell FDRE clocked by clk_out1_design_1_clk_wiz_1_0_1  {rise@0.000ns fall@5.000ns period=10.000ns})
  Destination:            design_1_i/axi_gpio_0/U0/gpio_core_1/Not_Dual.INPUT_DOUBLE_REGS3/GENERATE_LEVEL_P_S_CDC.MULTI_BIT.FOR_CROSS_PLEVEL_IN2SCNDRY_bus_d3[1].CROSS2_PLEVEL_IN2SCNDRY_s_level_out_bus_d3/D
                            (rising edge-triggered cell FDRE clocked by clk_out1_design_1_clk_wiz_1_0_1  {rise@0.000ns fall@5.000ns period=10.000ns})
  Path Group:             clk_out1_design_1_clk_wiz_1_0_1
  Path Type:              Hold (Min at Fast Process Corner)
  Requirement:            0.000ns  (clk_out1_design_1_clk_wiz_1_0_1 rise@0.000ns - clk_out1_design_1_clk_wiz_1_0_1 rise@0.000ns)
  Data Path Delay:        0.197ns  (logic 0.141ns (71.611%)  route 0.056ns (28.389%))
  Logic Levels:           0  
  Clock Path Skew:        0.000ns (DCD - SCD - CPR)
    Destination Clock Delay (DCD):    -0.865ns
    Source Clock Delay      (SCD):    -0.624ns
    Clock Pessimism Removal (CPR):    -0.240ns

    Location             Delay type                Incr(ns)  Path(ns)    Netlist Resource(s)
  -------------------------------------------------------------------    -------------------
                         (clock clk_out1_design_1_clk_wiz_1_0_1 rise edge)
                                                      0.000     0.000 r  
    W5                                                0.000     0.000 r  sys_clock (IN)
                         net (fo=0)                   0.000     0.000    design_1_i/clk_wiz_1/inst/clk_in1
    W5                   IBUF (Prop_ibuf_I_O)         0.226     0.226 r  design_1_i/clk_wiz_1/inst/clkin1_ibufg/O
                         net (fo=1, routed)           0.440     0.667    design_1_i/clk_wiz_1/inst/clk_in1_design_1_clk_wiz_1_0
    MMCME2_ADV_X1Y0      MMCME2_ADV (Prop_mmcme2_adv_CLKIN1_CLKOUT0)
                                                     -2.360    -1.693 r  design_1_i/clk_wiz_1/inst/mmcm_adv_inst/CLKOUT0
                         net (fo=1, routed)           0.486    -1.207    design_1_i/clk_wiz_1/inst/clk_out1_design_1_clk_wiz_1_0
    BUFGCTRL_X0Y0        BUFG (Prop_bufg_I_O)         0.026    -1.181 r  design_1_i/clk_wiz_1/inst/clkout1_buf/O
                         net (fo=1516, routed)        0.557    -0.624    design_1_i/axi_gpio_0/U0/gpio_core_1/Not_Dual.INPUT_DOUBLE_REGS3/s_axi_aclk
    SLICE_X15Y29         FDRE                                         r  design_1_i/axi_gpio_0/U0/gpio_core_1/Not_Dual.INPUT_DOUBLE_REGS3/GENERATE_LEVEL_P_S_CDC.MULTI_BIT.FOR_CROSS_PLEVEL_IN2SCNDRY_bus_d2[1].CROSS2_PLEVEL_IN2SCNDRY_s_level_out_bus_d2/C
  -------------------------------------------------------------------    -------------------
    SLICE_X15Y29         FDRE (Prop_fdre_C_Q)         0.141    -0.483 r  design_1_i/axi_gpio_0/U0/gpio_core_1/Not_Dual.INPUT_DOUBLE_REGS3/GENERATE_LEVEL_P_S_CDC.MULTI_BIT.FOR_CROSS_PLEVEL_IN2SCNDRY_bus_d2[1].CROSS2_PLEVEL_IN2SCNDRY_s_level_out_bus_d2/Q
                         net (fo=1, routed)           0.056    -0.427    design_1_i/axi_gpio_0/U0/gpio_core_1/Not_Dual.INPUT_DOUBLE_REGS3/s_level_out_bus_d2_1
    SLICE_X15Y29         FDRE                                         r  design_1_i/axi_gpio_0/U0/gpio_core_1/Not_Dual.INPUT_DOUBLE_REGS3/GENERATE_LEVEL_P_S_CDC.MULTI_BIT.FOR_CROSS_PLEVEL_IN2SCNDRY_bus_d3[1].CROSS2_PLEVEL_IN2SCNDRY_s_level_out_bus_d3/D
  -------------------------------------------------------------------    -------------------

                         (clock clk_out1_design_1_clk_wiz_1_0_1 rise edge)
                                                      0.000     0.000 r  
    W5                                                0.000     0.000 r  sys_clock (IN)
                         net (fo=0)                   0.000     0.000    design_1_i/clk_wiz_1/inst/clk_in1
    W5                   IBUF (Prop_ibuf_I_O)         0.414     0.414 r  design_1_i/clk_wiz_1/inst/clkin1_ibufg/O
                         net (fo=1, routed)           0.480     0.894    design_1_i/clk_wiz_1/inst/clk_in1_design_1_clk_wiz_1_0
    MMCME2_ADV_X1Y0      MMCME2_ADV (Prop_mmcme2_adv_CLKIN1_CLKOUT0)
                                                     -3.142    -2.248 r  design_1_i/clk_wiz_1/inst/mmcm_adv_inst/CLKOUT0
                         net (fo=1, routed)           0.530    -1.718    design_1_i/clk_wiz_1/inst/clk_out1_design_1_clk_wiz_1_0
    BUFGCTRL_X0Y0        BUFG (Prop_bufg_I_O)         0.029    -1.689 r  design_1_i/clk_wiz_1/inst/clkout1_buf/O
                         net (fo=1516, routed)        0.825    -0.865    design_1_i/axi_gpio_0/U0/gpio_core_1/Not_Dual.INPUT_DOUBLE_REGS3/s_axi_aclk
    SLICE_X15Y29         FDRE                                         r  design_1_i/axi_gpio_0/U0/gpio_core_1/Not_Dual.INPUT_DOUBLE_REGS3/GENERATE_LEVEL_P_S_CDC.MULTI_BIT.FOR_CROSS_PLEVEL_IN2SCNDRY_bus_d3[1].CROSS2_PLEVEL_IN2SCNDRY_s_level_out_bus_d3/C
                         clock pessimism              0.240    -0.624    
    SLICE_X15Y29         FDRE (Hold_fdre_C_D)         0.075    -0.549    design_1_i/axi_gpio_0/U0/gpio_core_1/Not_Dual.INPUT_DOUBLE_REGS3/GENERATE_LEVEL_P_S_CDC.MULTI_BIT.FOR_CROSS_PLEVEL_IN2SCNDRY_bus_d3[1].CROSS2_PLEVEL_IN2SCNDRY_s_level_out_bus_d3
  -------------------------------------------------------------------
                         required time                          0.549    
                         arrival time                          -0.427    
  -------------------------------------------------------------------
                         slack                                  0.122    

Slack (MET) :             0.122ns  (arrival time - required time)
  Source:                 design_1_i/axi_gpio_0/U0/gpio_core_1/Not_Dual.INPUT_DOUBLE_REGS3/GENERATE_LEVEL_P_S_CDC.MULTI_BIT.FOR_CROSS_PLEVEL_IN2SCNDRY_bus_d2[3].CROSS2_PLEVEL_IN2SCNDRY_s_level_out_bus_d2/C
                            (rising edge-triggered cell FDRE clocked by clk_out1_design_1_clk_wiz_1_0_1  {rise@0.000ns fall@5.000ns period=10.000ns})
  Destination:            design_1_i/axi_gpio_0/U0/gpio_core_1/Not_Dual.INPUT_DOUBLE_REGS3/GENERATE_LEVEL_P_S_CDC.MULTI_BIT.FOR_CROSS_PLEVEL_IN2SCNDRY_bus_d3[3].CROSS2_PLEVEL_IN2SCNDRY_s_level_out_bus_d3/D
                            (rising edge-triggered cell FDRE clocked by clk_out1_design_1_clk_wiz_1_0_1  {rise@0.000ns fall@5.000ns period=10.000ns})
  Path Group:             clk_out1_design_1_clk_wiz_1_0_1
  Path Type:              Hold (Min at Fast Process Corner)
  Requirement:            0.000ns  (clk_out1_design_1_clk_wiz_1_0_1 rise@0.000ns - clk_out1_design_1_clk_wiz_1_0_1 rise@0.000ns)
  Data Path Delay:        0.197ns  (logic 0.141ns (71.611%)  route 0.056ns (28.389%))
  Logic Levels:           0  
  Clock Path Skew:        0.000ns (DCD - SCD - CPR)
    Destination Clock Delay (DCD):    -0.867ns
    Source Clock Delay      (SCD):    -0.626ns
    Clock Pessimism Removal (CPR):    -0.240ns

    Location             Delay type                Incr(ns)  Path(ns)    Netlist Resource(s)
  -------------------------------------------------------------------    -------------------
                         (clock clk_out1_design_1_clk_wiz_1_0_1 rise edge)
                                                      0.000     0.000 r  
    W5                                                0.000     0.000 r  sys_clock (IN)
                         net (fo=0)                   0.000     0.000    design_1_i/clk_wiz_1/inst/clk_in1
    W5                   IBUF (Prop_ibuf_I_O)         0.226     0.226 r  design_1_i/clk_wiz_1/inst/clkin1_ibufg/O
                         net (fo=1, routed)           0.440     0.667    design_1_i/clk_wiz_1/inst/clk_in1_design_1_clk_wiz_1_0
    MMCME2_ADV_X1Y0      MMCME2_ADV (Prop_mmcme2_adv_CLKIN1_CLKOUT0)
                                                     -2.360    -1.693 r  design_1_i/clk_wiz_1/inst/mmcm_adv_inst/CLKOUT0
                         net (fo=1, routed)           0.486    -1.207    design_1_i/clk_wiz_1/inst/clk_out1_design_1_clk_wiz_1_0
    BUFGCTRL_X0Y0        BUFG (Prop_bufg_I_O)         0.026    -1.181 r  design_1_i/clk_wiz_1/inst/clkout1_buf/O
                         net (fo=1516, routed)        0.555    -0.626    design_1_i/axi_gpio_0/U0/gpio_core_1/Not_Dual.INPUT_DOUBLE_REGS3/s_axi_aclk
    SLICE_X29Y19         FDRE                                         r  design_1_i/axi_gpio_0/U0/gpio_core_1/Not_Dual.INPUT_DOUBLE_REGS3/GENERATE_LEVEL_P_S_CDC.MULTI_BIT.FOR_CROSS_PLEVEL_IN2SCNDRY_bus_d2[3].CROSS2_PLEVEL_IN2SCNDRY_s_level_out_bus_d2/C
  -------------------------------------------------------------------    -------------------
    SLICE_X29Y19         FDRE (Prop_fdre_C_Q)         0.141    -0.485 r  design_1_i/axi_gpio_0/U0/gpio_core_1/Not_Dual.INPUT_DOUBLE_REGS3/GENERATE_LEVEL_P_S_CDC.MULTI_BIT.FOR_CROSS_PLEVEL_IN2SCNDRY_bus_d2[3].CROSS2_PLEVEL_IN2SCNDRY_s_level_out_bus_d2/Q
                         net (fo=1, routed)           0.056    -0.429    design_1_i/axi_gpio_0/U0/gpio_core_1/Not_Dual.INPUT_DOUBLE_REGS3/s_level_out_bus_d2_3
    SLICE_X29Y19         FDRE                                         r  design_1_i/axi_gpio_0/U0/gpio_core_1/Not_Dual.INPUT_DOUBLE_REGS3/GENERATE_LEVEL_P_S_CDC.MULTI_BIT.FOR_CROSS_PLEVEL_IN2SCNDRY_bus_d3[3].CROSS2_PLEVEL_IN2SCNDRY_s_level_out_bus_d3/D
  -------------------------------------------------------------------    -------------------

                         (clock clk_out1_design_1_clk_wiz_1_0_1 rise edge)
                                                      0.000     0.000 r  
    W5                                                0.000     0.000 r  sys_clock (IN)
                         net (fo=0)                   0.000     0.000    design_1_i/clk_wiz_1/inst/clk_in1
    W5                   IBUF (Prop_ibuf_I_O)         0.414     0.414 r  design_1_i/clk_wiz_1/inst/clkin1_ibufg/O
                         net (fo=1, routed)           0.480     0.894    design_1_i/clk_wiz_1/inst/clk_in1_design_1_clk_wiz_1_0
    MMCME2_ADV_X1Y0      MMCME2_ADV (Prop_mmcme2_adv_CLKIN1_CLKOUT0)
                                                     -3.142    -2.248 r  design_1_i/clk_wiz_1/inst/mmcm_adv_inst/CLKOUT0
                         net (fo=1, routed)           0.530    -1.718    design_1_i/clk_wiz_1/inst/clk_out1_design_1_clk_wiz_1_0
    BUFGCTRL_X0Y0        BUFG (Prop_bufg_I_O)         0.029    -1.689 r  design_1_i/clk_wiz_1/inst/clkout1_buf/O
                         net (fo=1516, routed)        0.823    -0.867    design_1_i/axi_gpio_0/U0/gpio_core_1/Not_Dual.INPUT_DOUBLE_REGS3/s_axi_aclk
    SLICE_X29Y19         FDRE                                         r  design_1_i/axi_gpio_0/U0/gpio_core_1/Not_Dual.INPUT_DOUBLE_REGS3/GENERATE_LEVEL_P_S_CDC.MULTI_BIT.FOR_CROSS_PLEVEL_IN2SCNDRY_bus_d3[3].CROSS2_PLEVEL_IN2SCNDRY_s_level_out_bus_d3/C
                         clock pessimism              0.240    -0.626    
    SLICE_X29Y19         FDRE (Hold_fdre_C_D)         0.075    -0.551    design_1_i/axi_gpio_0/U0/gpio_core_1/Not_Dual.INPUT_DOUBLE_REGS3/GENERATE_LEVEL_P_S_CDC.MULTI_BIT.FOR_CROSS_PLEVEL_IN2SCNDRY_bus_d3[3].CROSS2_PLEVEL_IN2SCNDRY_s_level_out_bus_d3
  -------------------------------------------------------------------
                         required time                          0.551    
                         arrival time                          -0.429    
  -------------------------------------------------------------------
                         slack                                  0.122    

Slack (MET) :             0.122ns  (arrival time - required time)
  Source:                 design_1_i/axi_gpio_0/U0/gpio_core_1/Not_Dual.INPUT_DOUBLE_REGS3/GENERATE_LEVEL_P_S_CDC.MULTI_BIT.FOR_CROSS_PLEVEL_IN2SCNDRY_bus_d2[5].CROSS2_PLEVEL_IN2SCNDRY_s_level_out_bus_d2/C
                            (rising edge-triggered cell FDRE clocked by clk_out1_design_1_clk_wiz_1_0_1  {rise@0.000ns fall@5.000ns period=10.000ns})
  Destination:            design_1_i/axi_gpio_0/U0/gpio_core_1/Not_Dual.INPUT_DOUBLE_REGS3/GENERATE_LEVEL_P_S_CDC.MULTI_BIT.FOR_CROSS_PLEVEL_IN2SCNDRY_bus_d3[5].CROSS2_PLEVEL_IN2SCNDRY_s_level_out_bus_d3/D
                            (rising edge-triggered cell FDRE clocked by clk_out1_design_1_clk_wiz_1_0_1  {rise@0.000ns fall@5.000ns period=10.000ns})
  Path Group:             clk_out1_design_1_clk_wiz_1_0_1
  Path Type:              Hold (Min at Fast Process Corner)
  Requirement:            0.000ns  (clk_out1_design_1_clk_wiz_1_0_1 rise@0.000ns - clk_out1_design_1_clk_wiz_1_0_1 rise@0.000ns)
  Data Path Delay:        0.197ns  (logic 0.141ns (71.611%)  route 0.056ns (28.389%))
  Logic Levels:           0  
  Clock Path Skew:        0.000ns (DCD - SCD - CPR)
    Destination Clock Delay (DCD):    -0.865ns
    Source Clock Delay      (SCD):    -0.623ns
    Clock Pessimism Removal (CPR):    -0.241ns

    Location             Delay type                Incr(ns)  Path(ns)    Netlist Resource(s)
  -------------------------------------------------------------------    -------------------
                         (clock clk_out1_design_1_clk_wiz_1_0_1 rise edge)
                                                      0.000     0.000 r  
    W5                                                0.000     0.000 r  sys_clock (IN)
                         net (fo=0)                   0.000     0.000    design_1_i/clk_wiz_1/inst/clk_in1
    W5                   IBUF (Prop_ibuf_I_O)         0.226     0.226 r  design_1_i/clk_wiz_1/inst/clkin1_ibufg/O
                         net (fo=1, routed)           0.440     0.667    design_1_i/clk_wiz_1/inst/clk_in1_design_1_clk_wiz_1_0
    MMCME2_ADV_X1Y0      MMCME2_ADV (Prop_mmcme2_adv_CLKIN1_CLKOUT0)
                                                     -2.360    -1.693 r  design_1_i/clk_wiz_1/inst/mmcm_adv_inst/CLKOUT0
                         net (fo=1, routed)           0.486    -1.207    design_1_i/clk_wiz_1/inst/clk_out1_design_1_clk_wiz_1_0
    BUFGCTRL_X0Y0        BUFG (Prop_bufg_I_O)         0.026    -1.181 r  design_1_i/clk_wiz_1/inst/clkout1_buf/O
                         net (fo=1516, routed)        0.558    -0.623    design_1_i/axi_gpio_0/U0/gpio_core_1/Not_Dual.INPUT_DOUBLE_REGS3/s_axi_aclk
    SLICE_X33Y16         FDRE                                         r  design_1_i/axi_gpio_0/U0/gpio_core_1/Not_Dual.INPUT_DOUBLE_REGS3/GENERATE_LEVEL_P_S_CDC.MULTI_BIT.FOR_CROSS_PLEVEL_IN2SCNDRY_bus_d2[5].CROSS2_PLEVEL_IN2SCNDRY_s_level_out_bus_d2/C
  -------------------------------------------------------------------    -------------------
    SLICE_X33Y16         FDRE (Prop_fdre_C_Q)         0.141    -0.482 r  design_1_i/axi_gpio_0/U0/gpio_core_1/Not_Dual.INPUT_DOUBLE_REGS3/GENERATE_LEVEL_P_S_CDC.MULTI_BIT.FOR_CROSS_PLEVEL_IN2SCNDRY_bus_d2[5].CROSS2_PLEVEL_IN2SCNDRY_s_level_out_bus_d2/Q
                         net (fo=1, routed)           0.056    -0.426    design_1_i/axi_gpio_0/U0/gpio_core_1/Not_Dual.INPUT_DOUBLE_REGS3/s_level_out_bus_d2_5
    SLICE_X33Y16         FDRE                                         r  design_1_i/axi_gpio_0/U0/gpio_core_1/Not_Dual.INPUT_DOUBLE_REGS3/GENERATE_LEVEL_P_S_CDC.MULTI_BIT.FOR_CROSS_PLEVEL_IN2SCNDRY_bus_d3[5].CROSS2_PLEVEL_IN2SCNDRY_s_level_out_bus_d3/D
  -------------------------------------------------------------------    -------------------

                         (clock clk_out1_design_1_clk_wiz_1_0_1 rise edge)
                                                      0.000     0.000 r  
    W5                                                0.000     0.000 r  sys_clock (IN)
                         net (fo=0)                   0.000     0.000    design_1_i/clk_wiz_1/inst/clk_in1
    W5                   IBUF (Prop_ibuf_I_O)         0.414     0.414 r  design_1_i/clk_wiz_1/inst/clkin1_ibufg/O
                         net (fo=1, routed)           0.480     0.894    design_1_i/clk_wiz_1/inst/clk_in1_design_1_clk_wiz_1_0
    MMCME2_ADV_X1Y0      MMCME2_ADV (Prop_mmcme2_adv_CLKIN1_CLKOUT0)
                                                     -3.142    -2.248 r  design_1_i/clk_wiz_1/inst/mmcm_adv_inst/CLKOUT0
                         net (fo=1, routed)           0.530    -1.718    design_1_i/clk_wiz_1/inst/clk_out1_design_1_clk_wiz_1_0
    BUFGCTRL_X0Y0        BUFG (Prop_bufg_I_O)         0.029    -1.689 r  design_1_i/clk_wiz_1/inst/clkout1_buf/O
                         net (fo=1516, routed)        0.825    -0.865    design_1_i/axi_gpio_0/U0/gpio_core_1/Not_Dual.INPUT_DOUBLE_REGS3/s_axi_aclk
    SLICE_X33Y16         FDRE                                         r  design_1_i/axi_gpio_0/U0/gpio_core_1/Not_Dual.INPUT_DOUBLE_REGS3/GENERATE_LEVEL_P_S_CDC.MULTI_BIT.FOR_CROSS_PLEVEL_IN2SCNDRY_bus_d3[5].CROSS2_PLEVEL_IN2SCNDRY_s_level_out_bus_d3/C
                         clock pessimism              0.241    -0.623    
    SLICE_X33Y16         FDRE (Hold_fdre_C_D)         0.075    -0.548    design_1_i/axi_gpio_0/U0/gpio_core_1/Not_Dual.INPUT_DOUBLE_REGS3/GENERATE_LEVEL_P_S_CDC.MULTI_BIT.FOR_CROSS_PLEVEL_IN2SCNDRY_bus_d3[5].CROSS2_PLEVEL_IN2SCNDRY_s_level_out_bus_d3
  -------------------------------------------------------------------
                         required time                          0.548    
                         arrival time                          -0.426    
  -------------------------------------------------------------------
                         slack                                  0.122    

Slack (MET) :             0.122ns  (arrival time - required time)
  Source:                 design_1_i/rst_clk_wiz_1_100M/U0/EXT_LPF/ACTIVE_LOW_AUX.ACT_LO_AUX/GENERATE_LEVEL_P_S_CDC.SINGLE_BIT.CROSS_PLEVEL_IN2SCNDRY_IN_cdc_to/C
                            (rising edge-triggered cell FDRE clocked by clk_out1_design_1_clk_wiz_1_0_1  {rise@0.000ns fall@5.000ns period=10.000ns})
  Destination:            design_1_i/rst_clk_wiz_1_100M/U0/EXT_LPF/ACTIVE_LOW_AUX.ACT_LO_AUX/GENERATE_LEVEL_P_S_CDC.SINGLE_BIT.CROSS_PLEVEL_IN2SCNDRY_s_level_out_d2/D
                            (rising edge-triggered cell FDRE clocked by clk_out1_design_1_clk_wiz_1_0_1  {rise@0.000ns fall@5.000ns period=10.000ns})
  Path Group:             clk_out1_design_1_clk_wiz_1_0_1
  Path Type:              Hold (Min at Fast Process Corner)
  Requirement:            0.000ns  (clk_out1_design_1_clk_wiz_1_0_1 rise@0.000ns - clk_out1_design_1_clk_wiz_1_0_1 rise@0.000ns)
  Data Path Delay:        0.197ns  (logic 0.141ns (71.611%)  route 0.056ns (28.389%))
  Logic Levels:           0  
  Clock Path Skew:        0.000ns (DCD - SCD - CPR)
    Destination Clock Delay (DCD):    -0.857ns
    Source Clock Delay      (SCD):    -0.618ns
    Clock Pessimism Removal (CPR):    -0.238ns

    Location             Delay type                Incr(ns)  Path(ns)    Netlist Resource(s)
  -------------------------------------------------------------------    -------------------
                         (clock clk_out1_design_1_clk_wiz_1_0_1 rise edge)
                                                      0.000     0.000 r  
    W5                                                0.000     0.000 r  sys_clock (IN)
                         net (fo=0)                   0.000     0.000    design_1_i/clk_wiz_1/inst/clk_in1
    W5                   IBUF (Prop_ibuf_I_O)         0.226     0.226 r  design_1_i/clk_wiz_1/inst/clkin1_ibufg/O
                         net (fo=1, routed)           0.440     0.667    design_1_i/clk_wiz_1/inst/clk_in1_design_1_clk_wiz_1_0
    MMCME2_ADV_X1Y0      MMCME2_ADV (Prop_mmcme2_adv_CLKIN1_CLKOUT0)
                                                     -2.360    -1.693 r  design_1_i/clk_wiz_1/inst/mmcm_adv_inst/CLKOUT0
                         net (fo=1, routed)           0.486    -1.207    design_1_i/clk_wiz_1/inst/clk_out1_design_1_clk_wiz_1_0
    BUFGCTRL_X0Y0        BUFG (Prop_bufg_I_O)         0.026    -1.181 r  design_1_i/clk_wiz_1/inst/clkout1_buf/O
                         net (fo=1516, routed)        0.563    -0.618    design_1_i/rst_clk_wiz_1_100M/U0/EXT_LPF/ACTIVE_LOW_AUX.ACT_LO_AUX/slowest_sync_clk
    SLICE_X43Y43         FDRE                                         r  design_1_i/rst_clk_wiz_1_100M/U0/EXT_LPF/ACTIVE_LOW_AUX.ACT_LO_AUX/GENERATE_LEVEL_P_S_CDC.SINGLE_BIT.CROSS_PLEVEL_IN2SCNDRY_IN_cdc_to/C
  -------------------------------------------------------------------    -------------------
    SLICE_X43Y43         FDRE (Prop_fdre_C_Q)         0.141    -0.477 r  design_1_i/rst_clk_wiz_1_100M/U0/EXT_LPF/ACTIVE_LOW_AUX.ACT_LO_AUX/GENERATE_LEVEL_P_S_CDC.SINGLE_BIT.CROSS_PLEVEL_IN2SCNDRY_IN_cdc_to/Q
                         net (fo=1, routed)           0.056    -0.421    design_1_i/rst_clk_wiz_1_100M/U0/EXT_LPF/ACTIVE_LOW_AUX.ACT_LO_AUX/s_level_out_d1_cdc_to
    SLICE_X43Y43         FDRE                                         r  design_1_i/rst_clk_wiz_1_100M/U0/EXT_LPF/ACTIVE_LOW_AUX.ACT_LO_AUX/GENERATE_LEVEL_P_S_CDC.SINGLE_BIT.CROSS_PLEVEL_IN2SCNDRY_s_level_out_d2/D
  -------------------------------------------------------------------    -------------------

                         (clock clk_out1_design_1_clk_wiz_1_0_1 rise edge)
                                                      0.000     0.000 r  
    W5                                                0.000     0.000 r  sys_clock (IN)
                         net (fo=0)                   0.000     0.000    design_1_i/clk_wiz_1/inst/clk_in1
    W5                   IBUF (Prop_ibuf_I_O)         0.414     0.414 r  design_1_i/clk_wiz_1/inst/clkin1_ibufg/O
                         net (fo=1, routed)           0.480     0.894    design_1_i/clk_wiz_1/inst/clk_in1_design_1_clk_wiz_1_0
    MMCME2_ADV_X1Y0      MMCME2_ADV (Prop_mmcme2_adv_CLKIN1_CLKOUT0)
                                                     -3.142    -2.248 r  design_1_i/clk_wiz_1/inst/mmcm_adv_inst/CLKOUT0
                         net (fo=1, routed)           0.530    -1.718    design_1_i/clk_wiz_1/inst/clk_out1_design_1_clk_wiz_1_0
    BUFGCTRL_X0Y0        BUFG (Prop_bufg_I_O)         0.029    -1.689 r  design_1_i/clk_wiz_1/inst/clkout1_buf/O
                         net (fo=1516, routed)        0.833    -0.857    design_1_i/rst_clk_wiz_1_100M/U0/EXT_LPF/ACTIVE_LOW_AUX.ACT_LO_AUX/slowest_sync_clk
    SLICE_X43Y43         FDRE                                         r  design_1_i/rst_clk_wiz_1_100M/U0/EXT_LPF/ACTIVE_LOW_AUX.ACT_LO_AUX/GENERATE_LEVEL_P_S_CDC.SINGLE_BIT.CROSS_PLEVEL_IN2SCNDRY_s_level_out_d2/C
                         clock pessimism              0.238    -0.618    
    SLICE_X43Y43         FDRE (Hold_fdre_C_D)         0.075    -0.543    design_1_i/rst_clk_wiz_1_100M/U0/EXT_LPF/ACTIVE_LOW_AUX.ACT_LO_AUX/GENERATE_LEVEL_P_S_CDC.SINGLE_BIT.CROSS_PLEVEL_IN2SCNDRY_s_level_out_d2
  -------------------------------------------------------------------
                         required time                          0.543    
                         arrival time                          -0.421    
  -------------------------------------------------------------------
                         slack                                  0.122    





Pulse Width Checks
--------------------------------------------------------------------------------------
Clock Name:         clk_out1_design_1_clk_wiz_1_0_1
Waveform(ns):       { 0.000 5.000 }
Period(ns):         10.000
Sources:            { design_1_i/clk_wiz_1/inst/mmcm_adv_inst/CLKOUT0 }

Check Type        Corner  Lib Pin             Reference Pin  Required(ns)  Actual(ns)  Slack(ns)  Location         Pin
Min Period        n/a     RAMB36E1/CLKARDCLK  n/a            2.576         10.000      7.424      RAMB36_X0Y1      design_1_i/microblaze_0_local_memory/lmb_bram/U0/inst_blk_mem_gen/gnbram.gnative_mem_map_bmg.native_mem_map_blk_mem_gen/valid.cstr/ramloop[11].ram.r/prim_noinit.ram/DEVICE_7SERIES.WITH_BMM_INFO.TRUE_DP.SIMPLE_PRIM36.TDP_SP36_NO_ECC_ATTR.ram/CLKARDCLK
Min Period        n/a     RAMB36E1/CLKBWRCLK  n/a            2.576         10.000      7.424      RAMB36_X0Y1      design_1_i/microblaze_0_local_memory/lmb_bram/U0/inst_blk_mem_gen/gnbram.gnative_mem_map_bmg.native_mem_map_blk_mem_gen/valid.cstr/ramloop[11].ram.r/prim_noinit.ram/DEVICE_7SERIES.WITH_BMM_INFO.TRUE_DP.SIMPLE_PRIM36.TDP_SP36_NO_ECC_ATTR.ram/CLKBWRCLK
Min Period        n/a     RAMB36E1/CLKARDCLK  n/a            2.576         10.000      7.424      RAMB36_X1Y10     design_1_i/microblaze_0_local_memory/lmb_bram/U0/inst_blk_mem_gen/gnbram.gnative_mem_map_bmg.native_mem_map_blk_mem_gen/valid.cstr/ramloop[14].ram.r/prim_noinit.ram/DEVICE_7SERIES.WITH_BMM_INFO.TRUE_DP.SIMPLE_PRIM36.TDP_SP36_NO_ECC_ATTR.ram/CLKARDCLK
Min Period        n/a     RAMB36E1/CLKBWRCLK  n/a            2.576         10.000      7.424      RAMB36_X1Y10     design_1_i/microblaze_0_local_memory/lmb_bram/U0/inst_blk_mem_gen/gnbram.gnative_mem_map_bmg.native_mem_map_blk_mem_gen/valid.cstr/ramloop[14].ram.r/prim_noinit.ram/DEVICE_7SERIES.WITH_BMM_INFO.TRUE_DP.SIMPLE_PRIM36.TDP_SP36_NO_ECC_ATTR.ram/CLKBWRCLK
Min Period        n/a     RAMB36E1/CLKARDCLK  n/a            2.576         10.000      7.424      RAMB36_X1Y5      design_1_i/microblaze_0_local_memory/lmb_bram/U0/inst_blk_mem_gen/gnbram.gnative_mem_map_bmg.native_mem_map_blk_mem_gen/valid.cstr/ramloop[17].ram.r/prim_noinit.ram/DEVICE_7SERIES.WITH_BMM_INFO.TRUE_DP.SIMPLE_PRIM36.TDP_SP36_NO_ECC_ATTR.ram/CLKARDCLK
Min Period        n/a     RAMB36E1/CLKBWRCLK  n/a            2.576         10.000      7.424      RAMB36_X1Y5      design_1_i/microblaze_0_local_memory/lmb_bram/U0/inst_blk_mem_gen/gnbram.gnative_mem_map_bmg.native_mem_map_blk_mem_gen/valid.cstr/ramloop[17].ram.r/prim_noinit.ram/DEVICE_7SERIES.WITH_BMM_INFO.TRUE_DP.SIMPLE_PRIM36.TDP_SP36_NO_ECC_ATTR.ram/CLKBWRCLK
Min Period        n/a     RAMB36E1/CLKARDCLK  n/a            2.576         10.000      7.424      RAMB36_X1Y7      design_1_i/microblaze_0_local_memory/lmb_bram/U0/inst_blk_mem_gen/gnbram.gnative_mem_map_bmg.native_mem_map_blk_mem_gen/valid.cstr/ramloop[1].ram.r/prim_noinit.ram/DEVICE_7SERIES.WITH_BMM_INFO.TRUE_DP.SIMPLE_PRIM36.TDP_SP36_NO_ECC_ATTR.ram/CLKARDCLK
Min Period        n/a     RAMB36E1/CLKBWRCLK  n/a            2.576         10.000      7.424      RAMB36_X1Y7      design_1_i/microblaze_0_local_memory/lmb_bram/U0/inst_blk_mem_gen/gnbram.gnative_mem_map_bmg.native_mem_map_blk_mem_gen/valid.cstr/ramloop[1].ram.r/prim_noinit.ram/DEVICE_7SERIES.WITH_BMM_INFO.TRUE_DP.SIMPLE_PRIM36.TDP_SP36_NO_ECC_ATTR.ram/CLKBWRCLK
Min Period        n/a     RAMB36E1/CLKARDCLK  n/a            2.576         10.000      7.424      RAMB36_X0Y4      design_1_i/microblaze_0_local_memory/lmb_bram/U0/inst_blk_mem_gen/gnbram.gnative_mem_map_bmg.native_mem_map_blk_mem_gen/valid.cstr/ramloop[22].ram.r/prim_noinit.ram/DEVICE_7SERIES.WITH_BMM_INFO.TRUE_DP.SIMPLE_PRIM36.TDP_SP36_NO_ECC_ATTR.ram/CLKARDCLK
Min Period        n/a     RAMB36E1/CLKBWRCLK  n/a            2.576         10.000      7.424      RAMB36_X0Y4      design_1_i/microblaze_0_local_memory/lmb_bram/U0/inst_blk_mem_gen/gnbram.gnative_mem_map_bmg.native_mem_map_blk_mem_gen/valid.cstr/ramloop[22].ram.r/prim_noinit.ram/DEVICE_7SERIES.WITH_BMM_INFO.TRUE_DP.SIMPLE_PRIM36.TDP_SP36_NO_ECC_ATTR.ram/CLKBWRCLK
Max Period        n/a     MMCME2_ADV/CLKOUT0  n/a            213.360       10.000      203.360    MMCME2_ADV_X1Y0  design_1_i/clk_wiz_1/inst/mmcm_adv_inst/CLKOUT0
Low Pulse Width   Slow    RAMD32/CLK          n/a            1.250         5.000       3.750      SLICE_X38Y27     design_1_i/microblaze_0/U0/MicroBlaze_Core_I/Performance.Core/Data_Flow_I/Register_File_I/Using_LUT6.All_RAM32M[15].ram32m_i/Using_FPGA.Native/RAMA/CLK
Low Pulse Width   Slow    RAMD32/CLK          n/a            1.250         5.000       3.750      SLICE_X38Y27     design_1_i/microblaze_0/U0/MicroBlaze_Core_I/Performance.Core/Data_Flow_I/Register_File_I/Using_LUT6.All_RAM32M[15].ram32m_i/Using_FPGA.Native/RAMA_D1/CLK
Low Pulse Width   Slow    RAMD32/CLK          n/a            1.250         5.000       3.750      SLICE_X38Y27     design_1_i/microblaze_0/U0/MicroBlaze_Core_I/Performance.Core/Data_Flow_I/Register_File_I/Using_LUT6.All_RAM32M[15].ram32m_i/Using_FPGA.Native/RAMB/CLK
Low Pulse Width   Slow    RAMD32/CLK          n/a            1.250         5.000       3.750      SLICE_X38Y27     design_1_i/microblaze_0/U0/MicroBlaze_Core_I/Performance.Core/Data_Flow_I/Register_File_I/Using_LUT6.All_RAM32M[15].ram32m_i/Using_FPGA.Native/RAMB_D1/CLK
Low Pulse Width   Slow    RAMD32/CLK          n/a            1.250         5.000       3.750      SLICE_X38Y27     design_1_i/microblaze_0/U0/MicroBlaze_Core_I/Performance.Core/Data_Flow_I/Register_File_I/Using_LUT6.All_RAM32M[15].ram32m_i/Using_FPGA.Native/RAMC/CLK
Low Pulse Width   Slow    RAMD32/CLK          n/a            1.250         5.000       3.750      SLICE_X38Y27     design_1_i/microblaze_0/U0/MicroBlaze_Core_I/Performance.Core/Data_Flow_I/Register_File_I/Using_LUT6.All_RAM32M[15].ram32m_i/Using_FPGA.Native/RAMC_D1/CLK
Low Pulse Width   Slow    RAMS32/CLK          n/a            1.250         5.000       3.750      SLICE_X38Y27     design_1_i/microblaze_0/U0/MicroBlaze_Core_I/Performance.Core/Data_Flow_I/Register_File_I/Using_LUT6.All_RAM32M[15].ram32m_i/Using_FPGA.Native/RAMD/CLK
Low Pulse Width   Slow    RAMS32/CLK          n/a            1.250         5.000       3.750      SLICE_X38Y27     design_1_i/microblaze_0/U0/MicroBlaze_Core_I/Performance.Core/Data_Flow_I/Register_File_I/Using_LUT6.All_RAM32M[15].ram32m_i/Using_FPGA.Native/RAMD_D1/CLK
Low Pulse Width   Slow    RAMD32/CLK          n/a            1.250         5.000       3.750      SLICE_X38Y33     design_1_i/microblaze_0/U0/MicroBlaze_Core_I/Performance.Core/Data_Flow_I/Register_File_I/Using_LUT6.All_RAM32M[4].ram32m_i/Using_FPGA.Native/RAMA/CLK
Low Pulse Width   Slow    RAMD32/CLK          n/a            1.250         5.000       3.750      SLICE_X38Y33     design_1_i/microblaze_0/U0/MicroBlaze_Core_I/Performance.Core/Data_Flow_I/Register_File_I/Using_LUT6.All_RAM32M[4].ram32m_i/Using_FPGA.Native/RAMA_D1/CLK
High Pulse Width  Slow    RAMD32/CLK          n/a            1.250         5.000       3.750      SLICE_X38Y37     design_1_i/microblaze_0/U0/MicroBlaze_Core_I/Performance.Core/Data_Flow_I/Register_File_I/Using_LUT6.All_RAM32M[0].ram32m_i/Using_FPGA.Native/RAMA/CLK
High Pulse Width  Slow    RAMD32/CLK          n/a            1.250         5.000       3.750      SLICE_X38Y37     design_1_i/microblaze_0/U0/MicroBlaze_Core_I/Performance.Core/Data_Flow_I/Register_File_I/Using_LUT6.All_RAM32M[0].ram32m_i/Using_FPGA.Native/RAMA_D1/CLK
High Pulse Width  Slow    RAMD32/CLK          n/a            1.250         5.000       3.750      SLICE_X38Y37     design_1_i/microblaze_0/U0/MicroBlaze_Core_I/Performance.Core/Data_Flow_I/Register_File_I/Using_LUT6.All_RAM32M[0].ram32m_i/Using_FPGA.Native/RAMB/CLK
High Pulse Width  Slow    RAMD32/CLK          n/a            1.250         5.000       3.750      SLICE_X38Y37     design_1_i/microblaze_0/U0/MicroBlaze_Core_I/Performance.Core/Data_Flow_I/Register_File_I/Using_LUT6.All_RAM32M[0].ram32m_i/Using_FPGA.Native/RAMB_D1/CLK
High Pulse Width  Slow    RAMD32/CLK          n/a            1.250         5.000       3.750      SLICE_X38Y37     design_1_i/microblaze_0/U0/MicroBlaze_Core_I/Performance.Core/Data_Flow_I/Register_File_I/Using_LUT6.All_RAM32M[0].ram32m_i/Using_FPGA.Native/RAMC/CLK
High Pulse Width  Slow    RAMD32/CLK          n/a            1.250         5.000       3.750      SLICE_X38Y37     design_1_i/microblaze_0/U0/MicroBlaze_Core_I/Performance.Core/Data_Flow_I/Register_File_I/Using_LUT6.All_RAM32M[0].ram32m_i/Using_FPGA.Native/RAMC_D1/CLK
High Pulse Width  Slow    RAMS32/CLK          n/a            1.250         5.000       3.750      SLICE_X38Y37     design_1_i/microblaze_0/U0/MicroBlaze_Core_I/Performance.Core/Data_Flow_I/Register_File_I/Using_LUT6.All_RAM32M[0].ram32m_i/Using_FPGA.Native/RAMD/CLK
High Pulse Width  Slow    RAMS32/CLK          n/a            1.250         5.000       3.750      SLICE_X38Y37     design_1_i/microblaze_0/U0/MicroBlaze_Core_I/Performance.Core/Data_Flow_I/Register_File_I/Using_LUT6.All_RAM32M[0].ram32m_i/Using_FPGA.Native/RAMD_D1/CLK
High Pulse Width  Fast    RAMD32/CLK          n/a            1.250         5.000       3.750      SLICE_X46Y29     design_1_i/microblaze_0/U0/MicroBlaze_Core_I/Performance.Core/Data_Flow_I/Register_File_I/Using_LUT6.All_RAM32M[11].ram32m_i/Using_FPGA.Native/RAMA/CLK
High Pulse Width  Fast    RAMD32/CLK          n/a            1.250         5.000       3.750      SLICE_X46Y29     design_1_i/microblaze_0/U0/MicroBlaze_Core_I/Performance.Core/Data_Flow_I/Register_File_I/Using_LUT6.All_RAM32M[11].ram32m_i/Using_FPGA.Native/RAMA_D1/CLK



---------------------------------------------------------------------------------------------------
From Clock:  clkfbout_design_1_clk_wiz_1_0_1
  To Clock:  clkfbout_design_1_clk_wiz_1_0_1

Setup :           NA  Failing Endpoints,  Worst Slack           NA  ,  Total Violation           NA
Hold  :           NA  Failing Endpoints,  Worst Slack           NA  ,  Total Violation           NA
PW    :            0  Failing Endpoints,  Worst Slack        7.845ns,  Total Violation        0.000ns
---------------------------------------------------------------------------------------------------


Pulse Width Checks
--------------------------------------------------------------------------------------
Clock Name:         clkfbout_design_1_clk_wiz_1_0_1
Waveform(ns):       { 0.000 5.000 }
Period(ns):         10.000
Sources:            { design_1_i/clk_wiz_1/inst/mmcm_adv_inst/CLKFBOUT }

Check Type  Corner  Lib Pin              Reference Pin  Required(ns)  Actual(ns)  Slack(ns)  Location         Pin
Min Period  n/a     BUFG/I               n/a            2.155         10.000      7.845      BUFGCTRL_X0Y3    design_1_i/clk_wiz_1/inst/clkf_buf/I
Min Period  n/a     MMCME2_ADV/CLKFBOUT  n/a            1.249         10.000      8.751      MMCME2_ADV_X1Y0  design_1_i/clk_wiz_1/inst/mmcm_adv_inst/CLKFBOUT
Min Period  n/a     MMCME2_ADV/CLKFBIN   n/a            1.249         10.000      8.751      MMCME2_ADV_X1Y0  design_1_i/clk_wiz_1/inst/mmcm_adv_inst/CLKFBIN
Max Period  n/a     MMCME2_ADV/CLKFBIN   n/a            100.000       10.000      90.000     MMCME2_ADV_X1Y0  design_1_i/clk_wiz_1/inst/mmcm_adv_inst/CLKFBIN
Max Period  n/a     MMCME2_ADV/CLKFBOUT  n/a            213.360       10.000      203.360    MMCME2_ADV_X1Y0  design_1_i/clk_wiz_1/inst/mmcm_adv_inst/CLKFBOUT



---------------------------------------------------------------------------------------------------
From Clock:  sys_clock
  To Clock:  sys_clock

Setup :           NA  Failing Endpoints,  Worst Slack           NA  ,  Total Violation           NA
Hold  :           NA  Failing Endpoints,  Worst Slack           NA  ,  Total Violation           NA
PW    :            0  Failing Endpoints,  Worst Slack        3.000ns,  Total Violation        0.000ns
---------------------------------------------------------------------------------------------------


Pulse Width Checks
--------------------------------------------------------------------------------------
Clock Name:         sys_clock
Waveform(ns):       { 0.000 5.000 }
Period(ns):         10.000
Sources:            { sys_clock }

Check Type        Corner  Lib Pin            Reference Pin  Required(ns)  Actual(ns)  Slack(ns)  Location         Pin
Min Period        n/a     MMCME2_ADV/CLKIN1  n/a            1.249         10.000      8.751      MMCME2_ADV_X1Y0  design_1_i/clk_wiz_1/inst/mmcm_adv_inst/CLKIN1
Max Period        n/a     MMCME2_ADV/CLKIN1  n/a            100.000       10.000      90.000     MMCME2_ADV_X1Y0  design_1_i/clk_wiz_1/inst/mmcm_adv_inst/CLKIN1
Low Pulse Width   Fast    MMCME2_ADV/CLKIN1  n/a            2.000         5.000       3.000      MMCME2_ADV_X1Y0  design_1_i/clk_wiz_1/inst/mmcm_adv_inst/CLKIN1
Low Pulse Width   Slow    MMCME2_ADV/CLKIN1  n/a            2.000         5.000       3.000      MMCME2_ADV_X1Y0  design_1_i/clk_wiz_1/inst/mmcm_adv_inst/CLKIN1
High Pulse Width  Slow    MMCME2_ADV/CLKIN1  n/a            2.000         5.000       3.000      MMCME2_ADV_X1Y0  design_1_i/clk_wiz_1/inst/mmcm_adv_inst/CLKIN1
High Pulse Width  Fast    MMCME2_ADV/CLKIN1  n/a            2.000         5.000       3.000      MMCME2_ADV_X1Y0  design_1_i/clk_wiz_1/inst/mmcm_adv_inst/CLKIN1



---------------------------------------------------------------------------------------------------
From Clock:  clk_out1_design_1_clk_wiz_1_0
  To Clock:  clk_out1_design_1_clk_wiz_1_0

Setup :            0  Failing Endpoints,  Worst Slack        2.114ns,  Total Violation        0.000ns
Hold  :            0  Failing Endpoints,  Worst Slack        0.106ns,  Total Violation        0.000ns
PW    :            0  Failing Endpoints,  Worst Slack        3.750ns,  Total Violation        0.000ns
---------------------------------------------------------------------------------------------------


Max Delay Paths
--------------------------------------------------------------------------------------
Slack (MET) :             2.114ns  (required time - arrival time)
  Source:                 design_1_i/microblaze_0/U0/MicroBlaze_Core_I/Performance.Core/Data_Flow_I/Operand_Select_I/EX_Branch_CMP_Op1_reg[24]/C
                            (rising edge-triggered cell FDRE clocked by clk_out1_design_1_clk_wiz_1_0  {rise@0.000ns fall@5.000ns period=10.000ns})
  Destination:            design_1_i/microblaze_0_local_memory/lmb_bram/U0/inst_blk_mem_gen/gnbram.gnative_mem_map_bmg.native_mem_map_blk_mem_gen/valid.cstr/ramloop[2].ram.r/prim_noinit.ram/DEVICE_7SERIES.WITH_BMM_INFO.TRUE_DP.SIMPLE_PRIM36.TDP_SP36_NO_ECC_ATTR.ram/ADDRBWRADDR[12]
                            (rising edge-triggered cell RAMB36E1 clocked by clk_out1_design_1_clk_wiz_1_0  {rise@0.000ns fall@5.000ns period=10.000ns})
  Path Group:             clk_out1_design_1_clk_wiz_1_0
  Path Type:              Setup (Max at Slow Process Corner)
  Requirement:            10.000ns  (clk_out1_design_1_clk_wiz_1_0 rise@10.000ns - clk_out1_design_1_clk_wiz_1_0 rise@0.000ns)
  Data Path Delay:        6.974ns  (logic 1.913ns (27.432%)  route 5.061ns (72.568%))
  Logic Levels:           5  (CARRY4=3 LUT3=1 LUT6=1)
  Clock Path Skew:        -0.065ns (DCD - SCD + CPR)
    Destination Clock Delay (DCD):    -1.508ns = ( 8.492 - 10.000 ) 
    Source Clock Delay      (SCD):    -0.952ns
    Clock Pessimism Removal (CPR):    0.492ns
  Clock Uncertainty:      0.074ns  ((TSJ^2 + DJ^2)^1/2) / 2 + PE
    Total System Jitter     (TSJ):    0.071ns
    Discrete Jitter          (DJ):    0.131ns
    Phase Error              (PE):    0.000ns

    Location             Delay type                Incr(ns)  Path(ns)    Netlist Resource(s)
  -------------------------------------------------------------------    -------------------
                         (clock clk_out1_design_1_clk_wiz_1_0 rise edge)
                                                      0.000     0.000 r  
    W5                                                0.000     0.000 r  sys_clock (IN)
                         net (fo=0)                   0.000     0.000    design_1_i/clk_wiz_1/inst/clk_in1
    W5                   IBUF (Prop_ibuf_I_O)         1.458     1.458 r  design_1_i/clk_wiz_1/inst/clkin1_ibufg/O
                         net (fo=1, routed)           1.233     2.691    design_1_i/clk_wiz_1/inst/clk_in1_design_1_clk_wiz_1_0
    MMCME2_ADV_X1Y0      MMCME2_ADV (Prop_mmcme2_adv_CLKIN1_CLKOUT0)
                                                     -6.961    -4.269 r  design_1_i/clk_wiz_1/inst/mmcm_adv_inst/CLKOUT0
                         net (fo=1, routed)           1.661    -2.608    design_1_i/clk_wiz_1/inst/clk_out1_design_1_clk_wiz_1_0
    BUFGCTRL_X0Y0        BUFG (Prop_bufg_I_O)         0.096    -2.512 r  design_1_i/clk_wiz_1/inst/clkout1_buf/O
                         net (fo=1516, routed)        1.560    -0.952    design_1_i/microblaze_0/U0/MicroBlaze_Core_I/Performance.Core/Data_Flow_I/Operand_Select_I/Clk
    SLICE_X51Y31         FDRE                                         r  design_1_i/microblaze_0/U0/MicroBlaze_Core_I/Performance.Core/Data_Flow_I/Operand_Select_I/EX_Branch_CMP_Op1_reg[24]/C
  -------------------------------------------------------------------    -------------------
    SLICE_X51Y31         FDRE (Prop_fdre_C_Q)         0.456    -0.496 f  design_1_i/microblaze_0/U0/MicroBlaze_Core_I/Performance.Core/Data_Flow_I/Operand_Select_I/EX_Branch_CMP_Op1_reg[24]/Q
                         net (fo=1, routed)           1.342     0.847    design_1_i/microblaze_0/U0/MicroBlaze_Core_I/Performance.Core/Data_Flow_I/Zero_Detect_I/Q[5]
    SLICE_X45Y34         LUT6 (Prop_lut6_I1_O)        0.124     0.971 r  design_1_i/microblaze_0/U0/MicroBlaze_Core_I/Performance.Core/Data_Flow_I/Zero_Detect_I/S0_inferred__0/i_/O
                         net (fo=1, routed)           0.000     0.971    design_1_i/microblaze_0/U0/MicroBlaze_Core_I/Performance.Core/Data_Flow_I/Zero_Detect_I/Zero_Detecting[3].I_Part_Of_Zero_Detect/lopt_2
    SLICE_X45Y34         CARRY4 (Prop_carry4_S[1]_CO[3])
                                                      0.550     1.521 r  design_1_i/microblaze_0/U0/MicroBlaze_Core_I/Performance.Core/Data_Flow_I/Zero_Detect_I/Zero_Detecting[3].I_Part_Of_Zero_Detect/Using_FPGA.Native_CARRY4/CO[3]
                         net (fo=1, routed)           0.000     1.521    design_1_i/microblaze_0/U0/MicroBlaze_Core_I/Performance.Core/Decode_I/jump_logic_I1/MUXCY_JUMP_CARRY2/jump_carry1
    SLICE_X45Y35         CARRY4 (Prop_carry4_CI_CO[3])
                                                      0.114     1.635 r  design_1_i/microblaze_0/U0/MicroBlaze_Core_I/Performance.Core/Decode_I/jump_logic_I1/MUXCY_JUMP_CARRY2/Using_FPGA.Native_CARRY4/CO[3]
                         net (fo=1, routed)           0.000     1.635    design_1_i/microblaze_0/U0/MicroBlaze_Core_I/Performance.Core/Decode_I/jump_logic_I1/MUXCY_JUMP_CARRY6/jump_carry5
    SLICE_X45Y36         CARRY4 (Prop_carry4_CI_CO[0])
                                                      0.271     1.906 r  design_1_i/microblaze_0/U0/MicroBlaze_Core_I/Performance.Core/Decode_I/jump_logic_I1/MUXCY_JUMP_CARRY6/Using_FPGA.Native_CARRY4/CO[0]
                         net (fo=46, routed)          0.898     2.804    design_1_i/microblaze_0/U0/MicroBlaze_Core_I/Performance.Core/Decode_I/jump_logic_I1/MUXCY_JUMP_CARRY6/in0
    SLICE_X40Y30         LUT3 (Prop_lut3_I1_O)        0.398     3.202 r  design_1_i/microblaze_0/U0/MicroBlaze_Core_I/Performance.Core/Decode_I/jump_logic_I1/MUXCY_JUMP_CARRY6/Instr_Addr[17]_INST_0/O
                         net (fo=33, routed)          2.820     6.022    design_1_i/microblaze_0_local_memory/lmb_bram/U0/inst_blk_mem_gen/gnbram.gnative_mem_map_bmg.native_mem_map_blk_mem_gen/valid.cstr/ramloop[2].ram.r/prim_noinit.ram/addrb[12]
    RAMB36_X0Y7          RAMB36E1                                     r  design_1_i/microblaze_0_local_memory/lmb_bram/U0/inst_blk_mem_gen/gnbram.gnative_mem_map_bmg.native_mem_map_blk_mem_gen/valid.cstr/ramloop[2].ram.r/prim_noinit.ram/DEVICE_7SERIES.WITH_BMM_INFO.TRUE_DP.SIMPLE_PRIM36.TDP_SP36_NO_ECC_ATTR.ram/ADDRBWRADDR[12]
  -------------------------------------------------------------------    -------------------

                         (clock clk_out1_design_1_clk_wiz_1_0 rise edge)
                                                     10.000    10.000 r  
    W5                                                0.000    10.000 r  sys_clock (IN)
                         net (fo=0)                   0.000    10.000    design_1_i/clk_wiz_1/inst/clk_in1
    W5                   IBUF (Prop_ibuf_I_O)         1.388    11.388 r  design_1_i/clk_wiz_1/inst/clkin1_ibufg/O
                         net (fo=1, routed)           1.162    12.550    design_1_i/clk_wiz_1/inst/clk_in1_design_1_clk_wiz_1_0
    MMCME2_ADV_X1Y0      MMCME2_ADV (Prop_mmcme2_adv_CLKIN1_CLKOUT0)
                                                     -7.217     5.332 r  design_1_i/clk_wiz_1/inst/mmcm_adv_inst/CLKOUT0
                         net (fo=1, routed)           1.581     6.914    design_1_i/clk_wiz_1/inst/clk_out1_design_1_clk_wiz_1_0
    BUFGCTRL_X0Y0        BUFG (Prop_bufg_I_O)         0.091     7.005 r  design_1_i/clk_wiz_1/inst/clkout1_buf/O
                         net (fo=1516, routed)        1.488     8.492    design_1_i/microblaze_0_local_memory/lmb_bram/U0/inst_blk_mem_gen/gnbram.gnative_mem_map_bmg.native_mem_map_blk_mem_gen/valid.cstr/ramloop[2].ram.r/prim_noinit.ram/clkb
    RAMB36_X0Y7          RAMB36E1                                     r  design_1_i/microblaze_0_local_memory/lmb_bram/U0/inst_blk_mem_gen/gnbram.gnative_mem_map_bmg.native_mem_map_blk_mem_gen/valid.cstr/ramloop[2].ram.r/prim_noinit.ram/DEVICE_7SERIES.WITH_BMM_INFO.TRUE_DP.SIMPLE_PRIM36.TDP_SP36_NO_ECC_ATTR.ram/CLKBWRCLK
                         clock pessimism              0.492     8.984    
                         clock uncertainty           -0.074     8.910    
    RAMB36_X0Y7          RAMB36E1 (Setup_ramb36e1_CLKBWRCLK_ADDRBWRADDR[12])
                                                     -0.774     8.136    design_1_i/microblaze_0_local_memory/lmb_bram/U0/inst_blk_mem_gen/gnbram.gnative_mem_map_bmg.native_mem_map_blk_mem_gen/valid.cstr/ramloop[2].ram.r/prim_noinit.ram/DEVICE_7SERIES.WITH_BMM_INFO.TRUE_DP.SIMPLE_PRIM36.TDP_SP36_NO_ECC_ATTR.ram
  -------------------------------------------------------------------
                         required time                          8.136    
                         arrival time                          -6.022    
  -------------------------------------------------------------------
                         slack                                  2.114    

Slack (MET) :             2.117ns  (required time - arrival time)
  Source:                 design_1_i/microblaze_0/U0/MicroBlaze_Core_I/Performance.Core/Data_Flow_I/Operand_Select_I/EX_Branch_CMP_Op1_reg[24]/C
                            (rising edge-triggered cell FDRE clocked by clk_out1_design_1_clk_wiz_1_0  {rise@0.000ns fall@5.000ns period=10.000ns})
  Destination:            design_1_i/microblaze_0_local_memory/lmb_bram/U0/inst_blk_mem_gen/gnbram.gnative_mem_map_bmg.native_mem_map_blk_mem_gen/valid.cstr/ramloop[11].ram.r/prim_noinit.ram/DEVICE_7SERIES.WITH_BMM_INFO.TRUE_DP.SIMPLE_PRIM36.TDP_SP36_NO_ECC_ATTR.ram/ENBWREN
                            (rising edge-triggered cell RAMB36E1 clocked by clk_out1_design_1_clk_wiz_1_0  {rise@0.000ns fall@5.000ns period=10.000ns})
  Path Group:             clk_out1_design_1_clk_wiz_1_0
  Path Type:              Setup (Max at Slow Process Corner)
  Requirement:            10.000ns  (clk_out1_design_1_clk_wiz_1_0 rise@10.000ns - clk_out1_design_1_clk_wiz_1_0 rise@0.000ns)
  Data Path Delay:        7.306ns  (logic 2.012ns (27.539%)  route 5.294ns (72.461%))
  Logic Levels:           6  (CARRY4=3 LUT6=3)
  Clock Path Skew:        -0.060ns (DCD - SCD + CPR)
    Destination Clock Delay (DCD):    -1.503ns = ( 8.497 - 10.000 ) 
    Source Clock Delay      (SCD):    -0.952ns
    Clock Pessimism Removal (CPR):    0.492ns
  Clock Uncertainty:      0.074ns  ((TSJ^2 + DJ^2)^1/2) / 2 + PE
    Total System Jitter     (TSJ):    0.071ns
    Discrete Jitter          (DJ):    0.131ns
    Phase Error              (PE):    0.000ns

    Location             Delay type                Incr(ns)  Path(ns)    Netlist Resource(s)
  -------------------------------------------------------------------    -------------------
                         (clock clk_out1_design_1_clk_wiz_1_0 rise edge)
                                                      0.000     0.000 r  
    W5                                                0.000     0.000 r  sys_clock (IN)
                         net (fo=0)                   0.000     0.000    design_1_i/clk_wiz_1/inst/clk_in1
    W5                   IBUF (Prop_ibuf_I_O)         1.458     1.458 r  design_1_i/clk_wiz_1/inst/clkin1_ibufg/O
                         net (fo=1, routed)           1.233     2.691    design_1_i/clk_wiz_1/inst/clk_in1_design_1_clk_wiz_1_0
    MMCME2_ADV_X1Y0      MMCME2_ADV (Prop_mmcme2_adv_CLKIN1_CLKOUT0)
                                                     -6.961    -4.269 r  design_1_i/clk_wiz_1/inst/mmcm_adv_inst/CLKOUT0
                         net (fo=1, routed)           1.661    -2.608    design_1_i/clk_wiz_1/inst/clk_out1_design_1_clk_wiz_1_0
    BUFGCTRL_X0Y0        BUFG (Prop_bufg_I_O)         0.096    -2.512 r  design_1_i/clk_wiz_1/inst/clkout1_buf/O
                         net (fo=1516, routed)        1.560    -0.952    design_1_i/microblaze_0/U0/MicroBlaze_Core_I/Performance.Core/Data_Flow_I/Operand_Select_I/Clk
    SLICE_X51Y31         FDRE                                         r  design_1_i/microblaze_0/U0/MicroBlaze_Core_I/Performance.Core/Data_Flow_I/Operand_Select_I/EX_Branch_CMP_Op1_reg[24]/C
  -------------------------------------------------------------------    -------------------
    SLICE_X51Y31         FDRE (Prop_fdre_C_Q)         0.456    -0.496 f  design_1_i/microblaze_0/U0/MicroBlaze_Core_I/Performance.Core/Data_Flow_I/Operand_Select_I/EX_Branch_CMP_Op1_reg[24]/Q
                         net (fo=1, routed)           1.342     0.847    design_1_i/microblaze_0/U0/MicroBlaze_Core_I/Performance.Core/Data_Flow_I/Zero_Detect_I/Q[5]
    SLICE_X45Y34         LUT6 (Prop_lut6_I1_O)        0.124     0.971 r  design_1_i/microblaze_0/U0/MicroBlaze_Core_I/Performance.Core/Data_Flow_I/Zero_Detect_I/S0_inferred__0/i_/O
                         net (fo=1, routed)           0.000     0.971    design_1_i/microblaze_0/U0/MicroBlaze_Core_I/Performance.Core/Data_Flow_I/Zero_Detect_I/Zero_Detecting[3].I_Part_Of_Zero_Detect/lopt_2
    SLICE_X45Y34         CARRY4 (Prop_carry4_S[1]_CO[3])
                                                      0.550     1.521 r  design_1_i/microblaze_0/U0/MicroBlaze_Core_I/Performance.Core/Data_Flow_I/Zero_Detect_I/Zero_Detecting[3].I_Part_Of_Zero_Detect/Using_FPGA.Native_CARRY4/CO[3]
                         net (fo=1, routed)           0.000     1.521    design_1_i/microblaze_0/U0/MicroBlaze_Core_I/Performance.Core/Decode_I/jump_logic_I1/MUXCY_JUMP_CARRY2/jump_carry1
    SLICE_X45Y35         CARRY4 (Prop_carry4_CI_CO[3])
                                                      0.114     1.635 r  design_1_i/microblaze_0/U0/MicroBlaze_Core_I/Performance.Core/Decode_I/jump_logic_I1/MUXCY_JUMP_CARRY2/Using_FPGA.Native_CARRY4/CO[3]
                         net (fo=1, routed)           0.000     1.635    design_1_i/microblaze_0/U0/MicroBlaze_Core_I/Performance.Core/Decode_I/jump_logic_I1/MUXCY_JUMP_CARRY6/jump_carry5
    SLICE_X45Y36         CARRY4 (Prop_carry4_CI_CO[0])
                                                      0.271     1.906 r  design_1_i/microblaze_0/U0/MicroBlaze_Core_I/Performance.Core/Decode_I/jump_logic_I1/MUXCY_JUMP_CARRY6/Using_FPGA.Native_CARRY4/CO[0]
                         net (fo=46, routed)          1.006     2.912    design_1_i/microblaze_0/U0/MicroBlaze_Core_I/Performance.Core/Decode_I/PreFetch_Buffer_I1/Gen_Mux_Select_LUT6[2].Gen_Sel_DFF/ex_jump
    SLICE_X42Y40         LUT6 (Prop_lut6_I1_O)        0.373     3.285 r  design_1_i/microblaze_0/U0/MicroBlaze_Core_I/Performance.Core/Decode_I/PreFetch_Buffer_I1/Gen_Mux_Select_LUT6[2].Gen_Sel_DFF/I_AS_INST_0/O
                         net (fo=35, routed)          2.453     5.738    design_1_i/microblaze_0_local_memory/lmb_bram/U0/inst_blk_mem_gen/gnbram.gnative_mem_map_bmg.native_mem_map_blk_mem_gen/valid.cstr/ramloop[11].ram.r/prim_noinit.ram/pwropt_6
    SLICE_X8Y9           LUT6 (Prop_lut6_I3_O)        0.124     5.862 r  design_1_i/microblaze_0_local_memory/lmb_bram/U0/inst_blk_mem_gen/gnbram.gnative_mem_map_bmg.native_mem_map_blk_mem_gen/valid.cstr/ramloop[11].ram.r/prim_noinit.ram/DEVICE_7SERIES.WITH_BMM_INFO.TRUE_DP.SIMPLE_PRIM36.TDP_SP36_NO_ECC_ATTR.ram_ENBWREN_cooolgate_en_gate_5_LOPT_REMAP/O
                         net (fo=1, routed)           0.493     6.354    design_1_i/microblaze_0_local_memory/lmb_bram/U0/inst_blk_mem_gen/gnbram.gnative_mem_map_bmg.native_mem_map_blk_mem_gen/valid.cstr/ramloop[11].ram.r/prim_noinit.ram/DEVICE_7SERIES.WITH_BMM_INFO.TRUE_DP.SIMPLE_PRIM36.TDP_SP36_NO_ECC_ATTR.ram_ENBWREN_cooolgate_en_sig_3
    RAMB36_X0Y1          RAMB36E1                                     r  design_1_i/microblaze_0_local_memory/lmb_bram/U0/inst_blk_mem_gen/gnbram.gnative_mem_map_bmg.native_mem_map_blk_mem_gen/valid.cstr/ramloop[11].ram.r/prim_noinit.ram/DEVICE_7SERIES.WITH_BMM_INFO.TRUE_DP.SIMPLE_PRIM36.TDP_SP36_NO_ECC_ATTR.ram/ENBWREN
  -------------------------------------------------------------------    -------------------

                         (clock clk_out1_design_1_clk_wiz_1_0 rise edge)
                                                     10.000    10.000 r  
    W5                                                0.000    10.000 r  sys_clock (IN)
                         net (fo=0)                   0.000    10.000    design_1_i/clk_wiz_1/inst/clk_in1
    W5                   IBUF (Prop_ibuf_I_O)         1.388    11.388 r  design_1_i/clk_wiz_1/inst/clkin1_ibufg/O
                         net (fo=1, routed)           1.162    12.550    design_1_i/clk_wiz_1/inst/clk_in1_design_1_clk_wiz_1_0
    MMCME2_ADV_X1Y0      MMCME2_ADV (Prop_mmcme2_adv_CLKIN1_CLKOUT0)
                                                     -7.217     5.332 r  design_1_i/clk_wiz_1/inst/mmcm_adv_inst/CLKOUT0
                         net (fo=1, routed)           1.581     6.914    design_1_i/clk_wiz_1/inst/clk_out1_design_1_clk_wiz_1_0
    BUFGCTRL_X0Y0        BUFG (Prop_bufg_I_O)         0.091     7.005 r  design_1_i/clk_wiz_1/inst/clkout1_buf/O
                         net (fo=1516, routed)        1.493     8.497    design_1_i/microblaze_0_local_memory/lmb_bram/U0/inst_blk_mem_gen/gnbram.gnative_mem_map_bmg.native_mem_map_blk_mem_gen/valid.cstr/ramloop[11].ram.r/prim_noinit.ram/clkb
    RAMB36_X0Y1          RAMB36E1                                     r  design_1_i/microblaze_0_local_memory/lmb_bram/U0/inst_blk_mem_gen/gnbram.gnative_mem_map_bmg.native_mem_map_blk_mem_gen/valid.cstr/ramloop[11].ram.r/prim_noinit.ram/DEVICE_7SERIES.WITH_BMM_INFO.TRUE_DP.SIMPLE_PRIM36.TDP_SP36_NO_ECC_ATTR.ram/CLKBWRCLK
                         clock pessimism              0.492     8.989    
                         clock uncertainty           -0.074     8.915    
    RAMB36_X0Y1          RAMB36E1 (Setup_ramb36e1_CLKBWRCLK_ENBWREN)
                                                     -0.443     8.472    design_1_i/microblaze_0_local_memory/lmb_bram/U0/inst_blk_mem_gen/gnbram.gnative_mem_map_bmg.native_mem_map_blk_mem_gen/valid.cstr/ramloop[11].ram.r/prim_noinit.ram/DEVICE_7SERIES.WITH_BMM_INFO.TRUE_DP.SIMPLE_PRIM36.TDP_SP36_NO_ECC_ATTR.ram
  -------------------------------------------------------------------
                         required time                          8.472    
                         arrival time                          -6.354    
  -------------------------------------------------------------------
                         slack                                  2.117    

Slack (MET) :             2.185ns  (required time - arrival time)
  Source:                 design_1_i/microblaze_0/U0/MicroBlaze_Core_I/Performance.Core/Data_Flow_I/Operand_Select_I/EX_Branch_CMP_Op1_reg[24]/C
                            (rising edge-triggered cell FDRE clocked by clk_out1_design_1_clk_wiz_1_0  {rise@0.000ns fall@5.000ns period=10.000ns})
  Destination:            design_1_i/microblaze_0_local_memory/lmb_bram/U0/inst_blk_mem_gen/gnbram.gnative_mem_map_bmg.native_mem_map_blk_mem_gen/valid.cstr/ramloop[4].ram.r/prim_noinit.ram/DEVICE_7SERIES.WITH_BMM_INFO.TRUE_DP.SIMPLE_PRIM36.TDP_SP36_NO_ECC_ATTR.ram/ADDRBWRADDR[4]
                            (rising edge-triggered cell RAMB36E1 clocked by clk_out1_design_1_clk_wiz_1_0  {rise@0.000ns fall@5.000ns period=10.000ns})
  Path Group:             clk_out1_design_1_clk_wiz_1_0
  Path Type:              Setup (Max at Slow Process Corner)
  Requirement:            10.000ns  (clk_out1_design_1_clk_wiz_1_0 rise@10.000ns - clk_out1_design_1_clk_wiz_1_0 rise@0.000ns)
  Data Path Delay:        6.897ns  (logic 1.913ns (27.738%)  route 4.984ns (72.262%))
  Logic Levels:           5  (CARRY4=3 LUT3=1 LUT6=1)
  Clock Path Skew:        -0.070ns (DCD - SCD + CPR)
    Destination Clock Delay (DCD):    -1.513ns = ( 8.487 - 10.000 ) 
    Source Clock Delay      (SCD):    -0.952ns
    Clock Pessimism Removal (CPR):    0.492ns
  Clock Uncertainty:      0.074ns  ((TSJ^2 + DJ^2)^1/2) / 2 + PE
    Total System Jitter     (TSJ):    0.071ns
    Discrete Jitter          (DJ):    0.131ns
    Phase Error              (PE):    0.000ns

    Location             Delay type                Incr(ns)  Path(ns)    Netlist Resource(s)
  -------------------------------------------------------------------    -------------------
                         (clock clk_out1_design_1_clk_wiz_1_0 rise edge)
                                                      0.000     0.000 r  
    W5                                                0.000     0.000 r  sys_clock (IN)
                         net (fo=0)                   0.000     0.000    design_1_i/clk_wiz_1/inst/clk_in1
    W5                   IBUF (Prop_ibuf_I_O)         1.458     1.458 r  design_1_i/clk_wiz_1/inst/clkin1_ibufg/O
                         net (fo=1, routed)           1.233     2.691    design_1_i/clk_wiz_1/inst/clk_in1_design_1_clk_wiz_1_0
    MMCME2_ADV_X1Y0      MMCME2_ADV (Prop_mmcme2_adv_CLKIN1_CLKOUT0)
                                                     -6.961    -4.269 r  design_1_i/clk_wiz_1/inst/mmcm_adv_inst/CLKOUT0
                         net (fo=1, routed)           1.661    -2.608    design_1_i/clk_wiz_1/inst/clk_out1_design_1_clk_wiz_1_0
    BUFGCTRL_X0Y0        BUFG (Prop_bufg_I_O)         0.096    -2.512 r  design_1_i/clk_wiz_1/inst/clkout1_buf/O
                         net (fo=1516, routed)        1.560    -0.952    design_1_i/microblaze_0/U0/MicroBlaze_Core_I/Performance.Core/Data_Flow_I/Operand_Select_I/Clk
    SLICE_X51Y31         FDRE                                         r  design_1_i/microblaze_0/U0/MicroBlaze_Core_I/Performance.Core/Data_Flow_I/Operand_Select_I/EX_Branch_CMP_Op1_reg[24]/C
  -------------------------------------------------------------------    -------------------
    SLICE_X51Y31         FDRE (Prop_fdre_C_Q)         0.456    -0.496 f  design_1_i/microblaze_0/U0/MicroBlaze_Core_I/Performance.Core/Data_Flow_I/Operand_Select_I/EX_Branch_CMP_Op1_reg[24]/Q
                         net (fo=1, routed)           1.342     0.847    design_1_i/microblaze_0/U0/MicroBlaze_Core_I/Performance.Core/Data_Flow_I/Zero_Detect_I/Q[5]
    SLICE_X45Y34         LUT6 (Prop_lut6_I1_O)        0.124     0.971 r  design_1_i/microblaze_0/U0/MicroBlaze_Core_I/Performance.Core/Data_Flow_I/Zero_Detect_I/S0_inferred__0/i_/O
                         net (fo=1, routed)           0.000     0.971    design_1_i/microblaze_0/U0/MicroBlaze_Core_I/Performance.Core/Data_Flow_I/Zero_Detect_I/Zero_Detecting[3].I_Part_Of_Zero_Detect/lopt_2
    SLICE_X45Y34         CARRY4 (Prop_carry4_S[1]_CO[3])
                                                      0.550     1.521 r  design_1_i/microblaze_0/U0/MicroBlaze_Core_I/Performance.Core/Data_Flow_I/Zero_Detect_I/Zero_Detecting[3].I_Part_Of_Zero_Detect/Using_FPGA.Native_CARRY4/CO[3]
                         net (fo=1, routed)           0.000     1.521    design_1_i/microblaze_0/U0/MicroBlaze_Core_I/Performance.Core/Decode_I/jump_logic_I1/MUXCY_JUMP_CARRY2/jump_carry1
    SLICE_X45Y35         CARRY4 (Prop_carry4_CI_CO[3])
                                                      0.114     1.635 r  design_1_i/microblaze_0/U0/MicroBlaze_Core_I/Performance.Core/Decode_I/jump_logic_I1/MUXCY_JUMP_CARRY2/Using_FPGA.Native_CARRY4/CO[3]
                         net (fo=1, routed)           0.000     1.635    design_1_i/microblaze_0/U0/MicroBlaze_Core_I/Performance.Core/Decode_I/jump_logic_I1/MUXCY_JUMP_CARRY6/jump_carry5
    SLICE_X45Y36         CARRY4 (Prop_carry4_CI_CO[0])
                                                      0.271     1.906 r  design_1_i/microblaze_0/U0/MicroBlaze_Core_I/Performance.Core/Decode_I/jump_logic_I1/MUXCY_JUMP_CARRY6/Using_FPGA.Native_CARRY4/CO[0]
                         net (fo=46, routed)          1.107     3.012    design_1_i/microblaze_0/U0/MicroBlaze_Core_I/Performance.Core/Decode_I/jump_logic_I1/MUXCY_JUMP_CARRY6/in0
    SLICE_X40Y27         LUT3 (Prop_lut3_I1_O)        0.398     3.410 r  design_1_i/microblaze_0/U0/MicroBlaze_Core_I/Performance.Core/Decode_I/jump_logic_I1/MUXCY_JUMP_CARRY6/Instr_Addr[25]_INST_0/O
                         net (fo=33, routed)          2.535     5.945    design_1_i/microblaze_0_local_memory/lmb_bram/U0/inst_blk_mem_gen/gnbram.gnative_mem_map_bmg.native_mem_map_blk_mem_gen/valid.cstr/ramloop[4].ram.r/prim_noinit.ram/addrb[4]
    RAMB36_X0Y6          RAMB36E1                                     r  design_1_i/microblaze_0_local_memory/lmb_bram/U0/inst_blk_mem_gen/gnbram.gnative_mem_map_bmg.native_mem_map_blk_mem_gen/valid.cstr/ramloop[4].ram.r/prim_noinit.ram/DEVICE_7SERIES.WITH_BMM_INFO.TRUE_DP.SIMPLE_PRIM36.TDP_SP36_NO_ECC_ATTR.ram/ADDRBWRADDR[4]
  -------------------------------------------------------------------    -------------------

                         (clock clk_out1_design_1_clk_wiz_1_0 rise edge)
                                                     10.000    10.000 r  
    W5                                                0.000    10.000 r  sys_clock (IN)
                         net (fo=0)                   0.000    10.000    design_1_i/clk_wiz_1/inst/clk_in1
    W5                   IBUF (Prop_ibuf_I_O)         1.388    11.388 r  design_1_i/clk_wiz_1/inst/clkin1_ibufg/O
                         net (fo=1, routed)           1.162    12.550    design_1_i/clk_wiz_1/inst/clk_in1_design_1_clk_wiz_1_0
    MMCME2_ADV_X1Y0      MMCME2_ADV (Prop_mmcme2_adv_CLKIN1_CLKOUT0)
                                                     -7.217     5.332 r  design_1_i/clk_wiz_1/inst/mmcm_adv_inst/CLKOUT0
                         net (fo=1, routed)           1.581     6.914    design_1_i/clk_wiz_1/inst/clk_out1_design_1_clk_wiz_1_0
    BUFGCTRL_X0Y0        BUFG (Prop_bufg_I_O)         0.091     7.005 r  design_1_i/clk_wiz_1/inst/clkout1_buf/O
                         net (fo=1516, routed)        1.483     8.487    design_1_i/microblaze_0_local_memory/lmb_bram/U0/inst_blk_mem_gen/gnbram.gnative_mem_map_bmg.native_mem_map_blk_mem_gen/valid.cstr/ramloop[4].ram.r/prim_noinit.ram/clkb
    RAMB36_X0Y6          RAMB36E1                                     r  design_1_i/microblaze_0_local_memory/lmb_bram/U0/inst_blk_mem_gen/gnbram.gnative_mem_map_bmg.native_mem_map_blk_mem_gen/valid.cstr/ramloop[4].ram.r/prim_noinit.ram/DEVICE_7SERIES.WITH_BMM_INFO.TRUE_DP.SIMPLE_PRIM36.TDP_SP36_NO_ECC_ATTR.ram/CLKBWRCLK
                         clock pessimism              0.492     8.979    
                         clock uncertainty           -0.074     8.905    
    RAMB36_X0Y6          RAMB36E1 (Setup_ramb36e1_CLKBWRCLK_ADDRBWRADDR[4])
                                                     -0.774     8.131    design_1_i/microblaze_0_local_memory/lmb_bram/U0/inst_blk_mem_gen/gnbram.gnative_mem_map_bmg.native_mem_map_blk_mem_gen/valid.cstr/ramloop[4].ram.r/prim_noinit.ram/DEVICE_7SERIES.WITH_BMM_INFO.TRUE_DP.SIMPLE_PRIM36.TDP_SP36_NO_ECC_ATTR.ram
  -------------------------------------------------------------------
                         required time                          8.131    
                         arrival time                          -5.945    
  -------------------------------------------------------------------
                         slack                                  2.185    

Slack (MET) :             2.212ns  (required time - arrival time)
  Source:                 design_1_i/microblaze_0_local_memory/dlmb_bram_if_cntlr/U0/No_ECC.lmb_as_reg/C
                            (rising edge-triggered cell FDRE clocked by clk_out1_design_1_clk_wiz_1_0  {rise@0.000ns fall@5.000ns period=10.000ns})
  Destination:            design_1_i/microblaze_0_local_memory/lmb_bram/U0/inst_blk_mem_gen/gnbram.gnative_mem_map_bmg.native_mem_map_blk_mem_gen/valid.cstr/ramloop[11].ram.r/prim_noinit.ram/DEVICE_7SERIES.WITH_BMM_INFO.TRUE_DP.SIMPLE_PRIM36.TDP_SP36_NO_ECC_ATTR.ram/ENARDEN
                            (rising edge-triggered cell RAMB36E1 clocked by clk_out1_design_1_clk_wiz_1_0  {rise@0.000ns fall@5.000ns period=10.000ns})
  Path Group:             clk_out1_design_1_clk_wiz_1_0
  Path Type:              Setup (Max at Slow Process Corner)
  Requirement:            10.000ns  (clk_out1_design_1_clk_wiz_1_0 rise@10.000ns - clk_out1_design_1_clk_wiz_1_0 rise@0.000ns)
  Data Path Delay:        7.077ns  (logic 2.261ns (31.947%)  route 4.816ns (68.053%))
  Logic Levels:           5  (AND2B1L=1 CARRY4=1 LUT2=3)
  Clock Path Skew:        0.009ns (DCD - SCD + CPR)
    Destination Clock Delay (DCD):    -1.504ns = ( 8.496 - 10.000 ) 
    Source Clock Delay      (SCD):    -0.950ns
    Clock Pessimism Removal (CPR):    0.564ns
  Clock Uncertainty:      0.074ns  ((TSJ^2 + DJ^2)^1/2) / 2 + PE
    Total System Jitter     (TSJ):    0.071ns
    Discrete Jitter          (DJ):    0.131ns
    Phase Error              (PE):    0.000ns

    Location             Delay type                Incr(ns)  Path(ns)    Netlist Resource(s)
  -------------------------------------------------------------------    -------------------
                         (clock clk_out1_design_1_clk_wiz_1_0 rise edge)
                                                      0.000     0.000 r  
    W5                                                0.000     0.000 r  sys_clock (IN)
                         net (fo=0)                   0.000     0.000    design_1_i/clk_wiz_1/inst/clk_in1
    W5                   IBUF (Prop_ibuf_I_O)         1.458     1.458 r  design_1_i/clk_wiz_1/inst/clkin1_ibufg/O
                         net (fo=1, routed)           1.233     2.691    design_1_i/clk_wiz_1/inst/clk_in1_design_1_clk_wiz_1_0
    MMCME2_ADV_X1Y0      MMCME2_ADV (Prop_mmcme2_adv_CLKIN1_CLKOUT0)
                                                     -6.961    -4.269 r  design_1_i/clk_wiz_1/inst/mmcm_adv_inst/CLKOUT0
                         net (fo=1, routed)           1.661    -2.608    design_1_i/clk_wiz_1/inst/clk_out1_design_1_clk_wiz_1_0
    BUFGCTRL_X0Y0        BUFG (Prop_bufg_I_O)         0.096    -2.512 r  design_1_i/clk_wiz_1/inst/clkout1_buf/O
                         net (fo=1516, routed)        1.562    -0.950    design_1_i/microblaze_0_local_memory/dlmb_bram_if_cntlr/U0/LMB_Clk
    SLICE_X35Y39         FDRE                                         r  design_1_i/microblaze_0_local_memory/dlmb_bram_if_cntlr/U0/No_ECC.lmb_as_reg/C
  -------------------------------------------------------------------    -------------------
    SLICE_X35Y39         FDRE (Prop_fdre_C_Q)         0.419    -0.531 r  design_1_i/microblaze_0_local_memory/dlmb_bram_if_cntlr/U0/No_ECC.lmb_as_reg/Q
                         net (fo=1, routed)           0.433    -0.097    design_1_i/microblaze_0_local_memory/dlmb_bram_if_cntlr/U0/lmb_as
    SLICE_X35Y39         LUT2 (Prop_lut2_I0_O)        0.299     0.202 r  design_1_i/microblaze_0_local_memory/dlmb_bram_if_cntlr/U0/Sl_Ready_INST_0/O
                         net (fo=4, routed)           0.754     0.956    design_1_i/microblaze_0/U0/MicroBlaze_Core_I/Performance.Core/Use_DBUS.DAXI_Interface_I1/DReady
    SLICE_X30Y38         LUT2 (Prop_lut2_I0_O)        0.150     1.106 r  design_1_i/microblaze_0/U0/MicroBlaze_Core_I/Performance.Core/Use_DBUS.DAXI_Interface_I1/Using_FPGA.Native_i_2__33/O
                         net (fo=1, routed)           0.690     1.797    design_1_i/microblaze_0/U0/MicroBlaze_Core_I/Performance.Core/Decode_I/mem_wait_on_ready_N_carry_or/MUXCY_I/MEM_DataBus_Ready
    SLICE_X46Y39         CARRY4 (Prop_carry4_CYINIT_CO[1])
                                                      0.770     2.567 r  design_1_i/microblaze_0/U0/MicroBlaze_Core_I/Performance.Core/Decode_I/mem_wait_on_ready_N_carry_or/MUXCY_I/Using_FPGA.Native_CARRY4/CO[1]
                         net (fo=94, routed)          0.000     2.567    design_1_i/microblaze_0/U0/MicroBlaze_Core_I/Performance.Core/Use_DLMB.Using_Latch_AS_Logic.AND2B1L_I1/D_AS_0
    SLICE_X46Y39         AND2B1L (Prop_and2b1l_DI_O)
                                                      0.470     3.037 r  design_1_i/microblaze_0/U0/MicroBlaze_Core_I/Performance.Core/Use_DLMB.Using_Latch_AS_Logic.AND2B1L_I1/Using_FPGA.Native/O
                         net (fo=5, routed)           0.586     3.622    design_1_i/microblaze_0_local_memory/lmb_bram/U0/inst_blk_mem_gen/gnbram.gnative_mem_map_bmg.native_mem_map_blk_mem_gen/valid.cstr/ramloop[31].ram.r/prim_noinit.ram/ena
    SLICE_X45Y39         LUT2 (Prop_lut2_I1_O)        0.153     3.775 r  design_1_i/microblaze_0_local_memory/lmb_bram/U0/inst_blk_mem_gen/gnbram.gnative_mem_map_bmg.native_mem_map_blk_mem_gen/valid.cstr/ramloop[31].ram.r/prim_noinit.ram/DEVICE_7SERIES.WITH_BMM_INFO.TRUE_DP.SIMPLE_PRIM36.TDP_SP36_NO_ECC_ATTR.ram_i_1__0/O
                         net (fo=10, routed)          2.352     6.128    design_1_i/microblaze_0_local_memory/lmb_bram/U0/inst_blk_mem_gen/gnbram.gnative_mem_map_bmg.native_mem_map_blk_mem_gen/valid.cstr/ramloop[11].ram.r/prim_noinit.ram/DEVICE_7SERIES.WITH_BMM_INFO.TRUE_DP.SIMPLE_PRIM36.TDP_SP36_NO_ECC_ATTR.ram_0
    RAMB36_X0Y1          RAMB36E1                                     r  design_1_i/microblaze_0_local_memory/lmb_bram/U0/inst_blk_mem_gen/gnbram.gnative_mem_map_bmg.native_mem_map_blk_mem_gen/valid.cstr/ramloop[11].ram.r/prim_noinit.ram/DEVICE_7SERIES.WITH_BMM_INFO.TRUE_DP.SIMPLE_PRIM36.TDP_SP36_NO_ECC_ATTR.ram/ENARDEN
  -------------------------------------------------------------------    -------------------

                         (clock clk_out1_design_1_clk_wiz_1_0 rise edge)
                                                     10.000    10.000 r  
    W5                                                0.000    10.000 r  sys_clock (IN)
                         net (fo=0)                   0.000    10.000    design_1_i/clk_wiz_1/inst/clk_in1
    W5                   IBUF (Prop_ibuf_I_O)         1.388    11.388 r  design_1_i/clk_wiz_1/inst/clkin1_ibufg/O
                         net (fo=1, routed)           1.162    12.550    design_1_i/clk_wiz_1/inst/clk_in1_design_1_clk_wiz_1_0
    MMCME2_ADV_X1Y0      MMCME2_ADV (Prop_mmcme2_adv_CLKIN1_CLKOUT0)
                                                     -7.217     5.332 r  design_1_i/clk_wiz_1/inst/mmcm_adv_inst/CLKOUT0
                         net (fo=1, routed)           1.581     6.914    design_1_i/clk_wiz_1/inst/clk_out1_design_1_clk_wiz_1_0
    BUFGCTRL_X0Y0        BUFG (Prop_bufg_I_O)         0.091     7.005 r  design_1_i/clk_wiz_1/inst/clkout1_buf/O
                         net (fo=1516, routed)        1.492     8.496    design_1_i/microblaze_0_local_memory/lmb_bram/U0/inst_blk_mem_gen/gnbram.gnative_mem_map_bmg.native_mem_map_blk_mem_gen/valid.cstr/ramloop[11].ram.r/prim_noinit.ram/clka
    RAMB36_X0Y1          RAMB36E1                                     r  design_1_i/microblaze_0_local_memory/lmb_bram/U0/inst_blk_mem_gen/gnbram.gnative_mem_map_bmg.native_mem_map_blk_mem_gen/valid.cstr/ramloop[11].ram.r/prim_noinit.ram/DEVICE_7SERIES.WITH_BMM_INFO.TRUE_DP.SIMPLE_PRIM36.TDP_SP36_NO_ECC_ATTR.ram/CLKARDCLK
                         clock pessimism              0.564     9.060    
                         clock uncertainty           -0.074     8.986    
    RAMB36_X0Y1          RAMB36E1 (Setup_ramb36e1_CLKARDCLK_ENARDEN)
                                                     -0.646     8.340    design_1_i/microblaze_0_local_memory/lmb_bram/U0/inst_blk_mem_gen/gnbram.gnative_mem_map_bmg.native_mem_map_blk_mem_gen/valid.cstr/ramloop[11].ram.r/prim_noinit.ram/DEVICE_7SERIES.WITH_BMM_INFO.TRUE_DP.SIMPLE_PRIM36.TDP_SP36_NO_ECC_ATTR.ram
  -------------------------------------------------------------------
                         required time                          8.340    
                         arrival time                          -6.128    
  -------------------------------------------------------------------
                         slack                                  2.212    

Slack (MET) :             2.221ns  (required time - arrival time)
  Source:                 design_1_i/microblaze_0/U0/MicroBlaze_Core_I/Performance.Core/Data_Flow_I/Operand_Select_I/EX_Branch_CMP_Op1_reg[24]/C
                            (rising edge-triggered cell FDRE clocked by clk_out1_design_1_clk_wiz_1_0  {rise@0.000ns fall@5.000ns period=10.000ns})
  Destination:            design_1_i/microblaze_0_local_memory/lmb_bram/U0/inst_blk_mem_gen/gnbram.gnative_mem_map_bmg.native_mem_map_blk_mem_gen/valid.cstr/ramloop[3].ram.r/prim_noinit.ram/DEVICE_7SERIES.WITH_BMM_INFO.TRUE_DP.SIMPLE_PRIM36.TDP_SP36_NO_ECC_ATTR.ram/ADDRBWRADDR[2]
                            (rising edge-triggered cell RAMB36E1 clocked by clk_out1_design_1_clk_wiz_1_0  {rise@0.000ns fall@5.000ns period=10.000ns})
  Path Group:             clk_out1_design_1_clk_wiz_1_0
  Path Type:              Setup (Max at Slow Process Corner)
  Requirement:            10.000ns  (clk_out1_design_1_clk_wiz_1_0 rise@10.000ns - clk_out1_design_1_clk_wiz_1_0 rise@0.000ns)
  Data Path Delay:        6.859ns  (logic 1.882ns (27.437%)  route 4.977ns (72.563%))
  Logic Levels:           5  (CARRY4=3 LUT3=1 LUT6=1)
  Clock Path Skew:        -0.077ns (DCD - SCD + CPR)
    Destination Clock Delay (DCD):    -1.512ns = ( 8.488 - 10.000 ) 
    Source Clock Delay      (SCD):    -0.952ns
    Clock Pessimism Removal (CPR):    0.484ns
  Clock Uncertainty:      0.074ns  ((TSJ^2 + DJ^2)^1/2) / 2 + PE
    Total System Jitter     (TSJ):    0.071ns
    Discrete Jitter          (DJ):    0.131ns
    Phase Error              (PE):    0.000ns

    Location             Delay type                Incr(ns)  Path(ns)    Netlist Resource(s)
  -------------------------------------------------------------------    -------------------
                         (clock clk_out1_design_1_clk_wiz_1_0 rise edge)
                                                      0.000     0.000 r  
    W5                                                0.000     0.000 r  sys_clock (IN)
                         net (fo=0)                   0.000     0.000    design_1_i/clk_wiz_1/inst/clk_in1
    W5                   IBUF (Prop_ibuf_I_O)         1.458     1.458 r  design_1_i/clk_wiz_1/inst/clkin1_ibufg/O
                         net (fo=1, routed)           1.233     2.691    design_1_i/clk_wiz_1/inst/clk_in1_design_1_clk_wiz_1_0
    MMCME2_ADV_X1Y0      MMCME2_ADV (Prop_mmcme2_adv_CLKIN1_CLKOUT0)
                                                     -6.961    -4.269 r  design_1_i/clk_wiz_1/inst/mmcm_adv_inst/CLKOUT0
                         net (fo=1, routed)           1.661    -2.608    design_1_i/clk_wiz_1/inst/clk_out1_design_1_clk_wiz_1_0
    BUFGCTRL_X0Y0        BUFG (Prop_bufg_I_O)         0.096    -2.512 r  design_1_i/clk_wiz_1/inst/clkout1_buf/O
                         net (fo=1516, routed)        1.560    -0.952    design_1_i/microblaze_0/U0/MicroBlaze_Core_I/Performance.Core/Data_Flow_I/Operand_Select_I/Clk
    SLICE_X51Y31         FDRE                                         r  design_1_i/microblaze_0/U0/MicroBlaze_Core_I/Performance.Core/Data_Flow_I/Operand_Select_I/EX_Branch_CMP_Op1_reg[24]/C
  -------------------------------------------------------------------    -------------------
    SLICE_X51Y31         FDRE (Prop_fdre_C_Q)         0.456    -0.496 f  design_1_i/microblaze_0/U0/MicroBlaze_Core_I/Performance.Core/Data_Flow_I/Operand_Select_I/EX_Branch_CMP_Op1_reg[24]/Q
                         net (fo=1, routed)           1.342     0.847    design_1_i/microblaze_0/U0/MicroBlaze_Core_I/Performance.Core/Data_Flow_I/Zero_Detect_I/Q[5]
    SLICE_X45Y34         LUT6 (Prop_lut6_I1_O)        0.124     0.971 r  design_1_i/microblaze_0/U0/MicroBlaze_Core_I/Performance.Core/Data_Flow_I/Zero_Detect_I/S0_inferred__0/i_/O
                         net (fo=1, routed)           0.000     0.971    design_1_i/microblaze_0/U0/MicroBlaze_Core_I/Performance.Core/Data_Flow_I/Zero_Detect_I/Zero_Detecting[3].I_Part_Of_Zero_Detect/lopt_2
    SLICE_X45Y34         CARRY4 (Prop_carry4_S[1]_CO[3])
                                                      0.550     1.521 r  design_1_i/microblaze_0/U0/MicroBlaze_Core_I/Performance.Core/Data_Flow_I/Zero_Detect_I/Zero_Detecting[3].I_Part_Of_Zero_Detect/Using_FPGA.Native_CARRY4/CO[3]
                         net (fo=1, routed)           0.000     1.521    design_1_i/microblaze_0/U0/MicroBlaze_Core_I/Performance.Core/Decode_I/jump_logic_I1/MUXCY_JUMP_CARRY2/jump_carry1
    SLICE_X45Y35         CARRY4 (Prop_carry4_CI_CO[3])
                                                      0.114     1.635 r  design_1_i/microblaze_0/U0/MicroBlaze_Core_I/Performance.Core/Decode_I/jump_logic_I1/MUXCY_JUMP_CARRY2/Using_FPGA.Native_CARRY4/CO[3]
                         net (fo=1, routed)           0.000     1.635    design_1_i/microblaze_0/U0/MicroBlaze_Core_I/Performance.Core/Decode_I/jump_logic_I1/MUXCY_JUMP_CARRY6/jump_carry5
    SLICE_X45Y36         CARRY4 (Prop_carry4_CI_CO[0])
                                                      0.271     1.906 r  design_1_i/microblaze_0/U0/MicroBlaze_Core_I/Performance.Core/Decode_I/jump_logic_I1/MUXCY_JUMP_CARRY6/Using_FPGA.Native_CARRY4/CO[0]
                         net (fo=46, routed)          0.958     2.864    design_1_i/microblaze_0/U0/MicroBlaze_Core_I/Performance.Core/Decode_I/jump_logic_I1/MUXCY_JUMP_CARRY6/in0
    SLICE_X40Y26         LUT3 (Prop_lut3_I1_O)        0.367     3.231 r  design_1_i/microblaze_0/U0/MicroBlaze_Core_I/Performance.Core/Decode_I/jump_logic_I1/MUXCY_JUMP_CARRY6/Instr_Addr[27]_INST_0/O
                         net (fo=33, routed)          2.677     5.908    design_1_i/microblaze_0_local_memory/lmb_bram/U0/inst_blk_mem_gen/gnbram.gnative_mem_map_bmg.native_mem_map_blk_mem_gen/valid.cstr/ramloop[3].ram.r/prim_noinit.ram/addrb[2]
    RAMB36_X0Y10         RAMB36E1                                     r  design_1_i/microblaze_0_local_memory/lmb_bram/U0/inst_blk_mem_gen/gnbram.gnative_mem_map_bmg.native_mem_map_blk_mem_gen/valid.cstr/ramloop[3].ram.r/prim_noinit.ram/DEVICE_7SERIES.WITH_BMM_INFO.TRUE_DP.SIMPLE_PRIM36.TDP_SP36_NO_ECC_ATTR.ram/ADDRBWRADDR[2]
  -------------------------------------------------------------------    -------------------

                         (clock clk_out1_design_1_clk_wiz_1_0 rise edge)
                                                     10.000    10.000 r  
    W5                                                0.000    10.000 r  sys_clock (IN)
                         net (fo=0)                   0.000    10.000    design_1_i/clk_wiz_1/inst/clk_in1
    W5                   IBUF (Prop_ibuf_I_O)         1.388    11.388 r  design_1_i/clk_wiz_1/inst/clkin1_ibufg/O
                         net (fo=1, routed)           1.162    12.550    design_1_i/clk_wiz_1/inst/clk_in1_design_1_clk_wiz_1_0
    MMCME2_ADV_X1Y0      MMCME2_ADV (Prop_mmcme2_adv_CLKIN1_CLKOUT0)
                                                     -7.217     5.332 r  design_1_i/clk_wiz_1/inst/mmcm_adv_inst/CLKOUT0
                         net (fo=1, routed)           1.581     6.914    design_1_i/clk_wiz_1/inst/clk_out1_design_1_clk_wiz_1_0
    BUFGCTRL_X0Y0        BUFG (Prop_bufg_I_O)         0.091     7.005 r  design_1_i/clk_wiz_1/inst/clkout1_buf/O
                         net (fo=1516, routed)        1.483     8.488    design_1_i/microblaze_0_local_memory/lmb_bram/U0/inst_blk_mem_gen/gnbram.gnative_mem_map_bmg.native_mem_map_blk_mem_gen/valid.cstr/ramloop[3].ram.r/prim_noinit.ram/clkb
    RAMB36_X0Y10         RAMB36E1                                     r  design_1_i/microblaze_0_local_memory/lmb_bram/U0/inst_blk_mem_gen/gnbram.gnative_mem_map_bmg.native_mem_map_blk_mem_gen/valid.cstr/ramloop[3].ram.r/prim_noinit.ram/DEVICE_7SERIES.WITH_BMM_INFO.TRUE_DP.SIMPLE_PRIM36.TDP_SP36_NO_ECC_ATTR.ram/CLKBWRCLK
                         clock pessimism              0.484     8.971    
                         clock uncertainty           -0.074     8.897    
    RAMB36_X0Y10         RAMB36E1 (Setup_ramb36e1_CLKBWRCLK_ADDRBWRADDR[2])
                                                     -0.768     8.129    design_1_i/microblaze_0_local_memory/lmb_bram/U0/inst_blk_mem_gen/gnbram.gnative_mem_map_bmg.native_mem_map_blk_mem_gen/valid.cstr/ramloop[3].ram.r/prim_noinit.ram/DEVICE_7SERIES.WITH_BMM_INFO.TRUE_DP.SIMPLE_PRIM36.TDP_SP36_NO_ECC_ATTR.ram
  -------------------------------------------------------------------
                         required time                          8.129    
                         arrival time                          -5.908    
  -------------------------------------------------------------------
                         slack                                  2.221    

Slack (MET) :             2.229ns  (required time - arrival time)
  Source:                 design_1_i/microblaze_0/U0/MicroBlaze_Core_I/Performance.Core/Data_Flow_I/Operand_Select_I/EX_Branch_CMP_Op1_reg[24]/C
                            (rising edge-triggered cell FDRE clocked by clk_out1_design_1_clk_wiz_1_0  {rise@0.000ns fall@5.000ns period=10.000ns})
  Destination:            design_1_i/microblaze_0_local_memory/lmb_bram/U0/inst_blk_mem_gen/gnbram.gnative_mem_map_bmg.native_mem_map_blk_mem_gen/valid.cstr/ramloop[31].ram.r/prim_noinit.ram/DEVICE_7SERIES.WITH_BMM_INFO.TRUE_DP.SIMPLE_PRIM36.TDP_SP36_NO_ECC_ATTR.ram/ADDRBWRADDR[2]
                            (rising edge-triggered cell RAMB36E1 clocked by clk_out1_design_1_clk_wiz_1_0  {rise@0.000ns fall@5.000ns period=10.000ns})
  Path Group:             clk_out1_design_1_clk_wiz_1_0
  Path Type:              Setup (Max at Slow Process Corner)
  Requirement:            10.000ns  (clk_out1_design_1_clk_wiz_1_0 rise@10.000ns - clk_out1_design_1_clk_wiz_1_0 rise@0.000ns)
  Data Path Delay:        6.869ns  (logic 1.882ns (27.400%)  route 4.987ns (72.600%))
  Logic Levels:           5  (CARRY4=3 LUT3=1 LUT6=1)
  Clock Path Skew:        -0.061ns (DCD - SCD + CPR)
    Destination Clock Delay (DCD):    -1.504ns = ( 8.496 - 10.000 ) 
    Source Clock Delay      (SCD):    -0.952ns
    Clock Pessimism Removal (CPR):    0.492ns
  Clock Uncertainty:      0.074ns  ((TSJ^2 + DJ^2)^1/2) / 2 + PE
    Total System Jitter     (TSJ):    0.071ns
    Discrete Jitter          (DJ):    0.131ns
    Phase Error              (PE):    0.000ns

    Location             Delay type                Incr(ns)  Path(ns)    Netlist Resource(s)
  -------------------------------------------------------------------    -------------------
                         (clock clk_out1_design_1_clk_wiz_1_0 rise edge)
                                                      0.000     0.000 r  
    W5                                                0.000     0.000 r  sys_clock (IN)
                         net (fo=0)                   0.000     0.000    design_1_i/clk_wiz_1/inst/clk_in1
    W5                   IBUF (Prop_ibuf_I_O)         1.458     1.458 r  design_1_i/clk_wiz_1/inst/clkin1_ibufg/O
                         net (fo=1, routed)           1.233     2.691    design_1_i/clk_wiz_1/inst/clk_in1_design_1_clk_wiz_1_0
    MMCME2_ADV_X1Y0      MMCME2_ADV (Prop_mmcme2_adv_CLKIN1_CLKOUT0)
                                                     -6.961    -4.269 r  design_1_i/clk_wiz_1/inst/mmcm_adv_inst/CLKOUT0
                         net (fo=1, routed)           1.661    -2.608    design_1_i/clk_wiz_1/inst/clk_out1_design_1_clk_wiz_1_0
    BUFGCTRL_X0Y0        BUFG (Prop_bufg_I_O)         0.096    -2.512 r  design_1_i/clk_wiz_1/inst/clkout1_buf/O
                         net (fo=1516, routed)        1.560    -0.952    design_1_i/microblaze_0/U0/MicroBlaze_Core_I/Performance.Core/Data_Flow_I/Operand_Select_I/Clk
    SLICE_X51Y31         FDRE                                         r  design_1_i/microblaze_0/U0/MicroBlaze_Core_I/Performance.Core/Data_Flow_I/Operand_Select_I/EX_Branch_CMP_Op1_reg[24]/C
  -------------------------------------------------------------------    -------------------
    SLICE_X51Y31         FDRE (Prop_fdre_C_Q)         0.456    -0.496 f  design_1_i/microblaze_0/U0/MicroBlaze_Core_I/Performance.Core/Data_Flow_I/Operand_Select_I/EX_Branch_CMP_Op1_reg[24]/Q
                         net (fo=1, routed)           1.342     0.847    design_1_i/microblaze_0/U0/MicroBlaze_Core_I/Performance.Core/Data_Flow_I/Zero_Detect_I/Q[5]
    SLICE_X45Y34         LUT6 (Prop_lut6_I1_O)        0.124     0.971 r  design_1_i/microblaze_0/U0/MicroBlaze_Core_I/Performance.Core/Data_Flow_I/Zero_Detect_I/S0_inferred__0/i_/O
                         net (fo=1, routed)           0.000     0.971    design_1_i/microblaze_0/U0/MicroBlaze_Core_I/Performance.Core/Data_Flow_I/Zero_Detect_I/Zero_Detecting[3].I_Part_Of_Zero_Detect/lopt_2
    SLICE_X45Y34         CARRY4 (Prop_carry4_S[1]_CO[3])
                                                      0.550     1.521 r  design_1_i/microblaze_0/U0/MicroBlaze_Core_I/Performance.Core/Data_Flow_I/Zero_Detect_I/Zero_Detecting[3].I_Part_Of_Zero_Detect/Using_FPGA.Native_CARRY4/CO[3]
                         net (fo=1, routed)           0.000     1.521    design_1_i/microblaze_0/U0/MicroBlaze_Core_I/Performance.Core/Decode_I/jump_logic_I1/MUXCY_JUMP_CARRY2/jump_carry1
    SLICE_X45Y35         CARRY4 (Prop_carry4_CI_CO[3])
                                                      0.114     1.635 r  design_1_i/microblaze_0/U0/MicroBlaze_Core_I/Performance.Core/Decode_I/jump_logic_I1/MUXCY_JUMP_CARRY2/Using_FPGA.Native_CARRY4/CO[3]
                         net (fo=1, routed)           0.000     1.635    design_1_i/microblaze_0/U0/MicroBlaze_Core_I/Performance.Core/Decode_I/jump_logic_I1/MUXCY_JUMP_CARRY6/jump_carry5
    SLICE_X45Y36         CARRY4 (Prop_carry4_CI_CO[0])
                                                      0.271     1.906 r  design_1_i/microblaze_0/U0/MicroBlaze_Core_I/Performance.Core/Decode_I/jump_logic_I1/MUXCY_JUMP_CARRY6/Using_FPGA.Native_CARRY4/CO[0]
                         net (fo=46, routed)          0.958     2.864    design_1_i/microblaze_0/U0/MicroBlaze_Core_I/Performance.Core/Decode_I/jump_logic_I1/MUXCY_JUMP_CARRY6/in0
    SLICE_X40Y26         LUT3 (Prop_lut3_I1_O)        0.367     3.231 r  design_1_i/microblaze_0/U0/MicroBlaze_Core_I/Performance.Core/Decode_I/jump_logic_I1/MUXCY_JUMP_CARRY6/Instr_Addr[27]_INST_0/O
                         net (fo=33, routed)          2.686     5.917    design_1_i/microblaze_0_local_memory/lmb_bram/U0/inst_blk_mem_gen/gnbram.gnative_mem_map_bmg.native_mem_map_blk_mem_gen/valid.cstr/ramloop[31].ram.r/prim_noinit.ram/addrb[2]
    RAMB36_X0Y8          RAMB36E1                                     r  design_1_i/microblaze_0_local_memory/lmb_bram/U0/inst_blk_mem_gen/gnbram.gnative_mem_map_bmg.native_mem_map_blk_mem_gen/valid.cstr/ramloop[31].ram.r/prim_noinit.ram/DEVICE_7SERIES.WITH_BMM_INFO.TRUE_DP.SIMPLE_PRIM36.TDP_SP36_NO_ECC_ATTR.ram/ADDRBWRADDR[2]
  -------------------------------------------------------------------    -------------------

                         (clock clk_out1_design_1_clk_wiz_1_0 rise edge)
                                                     10.000    10.000 r  
    W5                                                0.000    10.000 r  sys_clock (IN)
                         net (fo=0)                   0.000    10.000    design_1_i/clk_wiz_1/inst/clk_in1
    W5                   IBUF (Prop_ibuf_I_O)         1.388    11.388 r  design_1_i/clk_wiz_1/inst/clkin1_ibufg/O
                         net (fo=1, routed)           1.162    12.550    design_1_i/clk_wiz_1/inst/clk_in1_design_1_clk_wiz_1_0
    MMCME2_ADV_X1Y0      MMCME2_ADV (Prop_mmcme2_adv_CLKIN1_CLKOUT0)
                                                     -7.217     5.332 r  design_1_i/clk_wiz_1/inst/mmcm_adv_inst/CLKOUT0
                         net (fo=1, routed)           1.581     6.914    design_1_i/clk_wiz_1/inst/clk_out1_design_1_clk_wiz_1_0
    BUFGCTRL_X0Y0        BUFG (Prop_bufg_I_O)         0.091     7.005 r  design_1_i/clk_wiz_1/inst/clkout1_buf/O
                         net (fo=1516, routed)        1.492     8.496    design_1_i/microblaze_0_local_memory/lmb_bram/U0/inst_blk_mem_gen/gnbram.gnative_mem_map_bmg.native_mem_map_blk_mem_gen/valid.cstr/ramloop[31].ram.r/prim_noinit.ram/clkb
    RAMB36_X0Y8          RAMB36E1                                     r  design_1_i/microblaze_0_local_memory/lmb_bram/U0/inst_blk_mem_gen/gnbram.gnative_mem_map_bmg.native_mem_map_blk_mem_gen/valid.cstr/ramloop[31].ram.r/prim_noinit.ram/DEVICE_7SERIES.WITH_BMM_INFO.TRUE_DP.SIMPLE_PRIM36.TDP_SP36_NO_ECC_ATTR.ram/CLKBWRCLK
                         clock pessimism              0.492     8.988    
                         clock uncertainty           -0.074     8.914    
    RAMB36_X0Y8          RAMB36E1 (Setup_ramb36e1_CLKBWRCLK_ADDRBWRADDR[2])
                                                     -0.768     8.146    design_1_i/microblaze_0_local_memory/lmb_bram/U0/inst_blk_mem_gen/gnbram.gnative_mem_map_bmg.native_mem_map_blk_mem_gen/valid.cstr/ramloop[31].ram.r/prim_noinit.ram/DEVICE_7SERIES.WITH_BMM_INFO.TRUE_DP.SIMPLE_PRIM36.TDP_SP36_NO_ECC_ATTR.ram
  -------------------------------------------------------------------
                         required time                          8.146    
                         arrival time                          -5.917    
  -------------------------------------------------------------------
                         slack                                  2.229    

Slack (MET) :             2.232ns  (required time - arrival time)
  Source:                 design_1_i/microblaze_0/U0/MicroBlaze_Core_I/Performance.Core/Data_Flow_I/Operand_Select_I/EX_Branch_CMP_Op1_reg[24]/C
                            (rising edge-triggered cell FDRE clocked by clk_out1_design_1_clk_wiz_1_0  {rise@0.000ns fall@5.000ns period=10.000ns})
  Destination:            design_1_i/microblaze_0_local_memory/lmb_bram/U0/inst_blk_mem_gen/gnbram.gnative_mem_map_bmg.native_mem_map_blk_mem_gen/valid.cstr/ramloop[26].ram.r/prim_noinit.ram/DEVICE_7SERIES.WITH_BMM_INFO.TRUE_DP.SIMPLE_PRIM36.TDP_SP36_NO_ECC_ATTR.ram/ADDRBWRADDR[11]
                            (rising edge-triggered cell RAMB36E1 clocked by clk_out1_design_1_clk_wiz_1_0  {rise@0.000ns fall@5.000ns period=10.000ns})
  Path Group:             clk_out1_design_1_clk_wiz_1_0
  Path Type:              Setup (Max at Slow Process Corner)
  Requirement:            10.000ns  (clk_out1_design_1_clk_wiz_1_0 rise@10.000ns - clk_out1_design_1_clk_wiz_1_0 rise@0.000ns)
  Data Path Delay:        7.065ns  (logic 1.888ns (26.725%)  route 5.177ns (73.275%))
  Logic Levels:           5  (CARRY4=3 LUT3=1 LUT6=1)
  Clock Path Skew:        -0.063ns (DCD - SCD + CPR)
    Destination Clock Delay (DCD):    -1.506ns = ( 8.494 - 10.000 ) 
    Source Clock Delay      (SCD):    -0.952ns
    Clock Pessimism Removal (CPR):    0.492ns
  Clock Uncertainty:      0.074ns  ((TSJ^2 + DJ^2)^1/2) / 2 + PE
    Total System Jitter     (TSJ):    0.071ns
    Discrete Jitter          (DJ):    0.131ns
    Phase Error              (PE):    0.000ns

    Location             Delay type                Incr(ns)  Path(ns)    Netlist Resource(s)
  -------------------------------------------------------------------    -------------------
                         (clock clk_out1_design_1_clk_wiz_1_0 rise edge)
                                                      0.000     0.000 r  
    W5                                                0.000     0.000 r  sys_clock (IN)
                         net (fo=0)                   0.000     0.000    design_1_i/clk_wiz_1/inst/clk_in1
    W5                   IBUF (Prop_ibuf_I_O)         1.458     1.458 r  design_1_i/clk_wiz_1/inst/clkin1_ibufg/O
                         net (fo=1, routed)           1.233     2.691    design_1_i/clk_wiz_1/inst/clk_in1_design_1_clk_wiz_1_0
    MMCME2_ADV_X1Y0      MMCME2_ADV (Prop_mmcme2_adv_CLKIN1_CLKOUT0)
                                                     -6.961    -4.269 r  design_1_i/clk_wiz_1/inst/mmcm_adv_inst/CLKOUT0
                         net (fo=1, routed)           1.661    -2.608    design_1_i/clk_wiz_1/inst/clk_out1_design_1_clk_wiz_1_0
    BUFGCTRL_X0Y0        BUFG (Prop_bufg_I_O)         0.096    -2.512 r  design_1_i/clk_wiz_1/inst/clkout1_buf/O
                         net (fo=1516, routed)        1.560    -0.952    design_1_i/microblaze_0/U0/MicroBlaze_Core_I/Performance.Core/Data_Flow_I/Operand_Select_I/Clk
    SLICE_X51Y31         FDRE                                         r  design_1_i/microblaze_0/U0/MicroBlaze_Core_I/Performance.Core/Data_Flow_I/Operand_Select_I/EX_Branch_CMP_Op1_reg[24]/C
  -------------------------------------------------------------------    -------------------
    SLICE_X51Y31         FDRE (Prop_fdre_C_Q)         0.456    -0.496 f  design_1_i/microblaze_0/U0/MicroBlaze_Core_I/Performance.Core/Data_Flow_I/Operand_Select_I/EX_Branch_CMP_Op1_reg[24]/Q
                         net (fo=1, routed)           1.342     0.847    design_1_i/microblaze_0/U0/MicroBlaze_Core_I/Performance.Core/Data_Flow_I/Zero_Detect_I/Q[5]
    SLICE_X45Y34         LUT6 (Prop_lut6_I1_O)        0.124     0.971 r  design_1_i/microblaze_0/U0/MicroBlaze_Core_I/Performance.Core/Data_Flow_I/Zero_Detect_I/S0_inferred__0/i_/O
                         net (fo=1, routed)           0.000     0.971    design_1_i/microblaze_0/U0/MicroBlaze_Core_I/Performance.Core/Data_Flow_I/Zero_Detect_I/Zero_Detecting[3].I_Part_Of_Zero_Detect/lopt_2
    SLICE_X45Y34         CARRY4 (Prop_carry4_S[1]_CO[3])
                                                      0.550     1.521 r  design_1_i/microblaze_0/U0/MicroBlaze_Core_I/Performance.Core/Data_Flow_I/Zero_Detect_I/Zero_Detecting[3].I_Part_Of_Zero_Detect/Using_FPGA.Native_CARRY4/CO[3]
                         net (fo=1, routed)           0.000     1.521    design_1_i/microblaze_0/U0/MicroBlaze_Core_I/Performance.Core/Decode_I/jump_logic_I1/MUXCY_JUMP_CARRY2/jump_carry1
    SLICE_X45Y35         CARRY4 (Prop_carry4_CI_CO[3])
                                                      0.114     1.635 r  design_1_i/microblaze_0/U0/MicroBlaze_Core_I/Performance.Core/Decode_I/jump_logic_I1/MUXCY_JUMP_CARRY2/Using_FPGA.Native_CARRY4/CO[3]
                         net (fo=1, routed)           0.000     1.635    design_1_i/microblaze_0/U0/MicroBlaze_Core_I/Performance.Core/Decode_I/jump_logic_I1/MUXCY_JUMP_CARRY6/jump_carry5
    SLICE_X45Y36         CARRY4 (Prop_carry4_CI_CO[0])
                                                      0.271     1.906 r  design_1_i/microblaze_0/U0/MicroBlaze_Core_I/Performance.Core/Decode_I/jump_logic_I1/MUXCY_JUMP_CARRY6/Using_FPGA.Native_CARRY4/CO[0]
                         net (fo=46, routed)          1.291     3.197    design_1_i/microblaze_0/U0/MicroBlaze_Core_I/Performance.Core/Decode_I/jump_logic_I1/MUXCY_JUMP_CARRY6/in0
    SLICE_X40Y29         LUT3 (Prop_lut3_I1_O)        0.373     3.570 r  design_1_i/microblaze_0/U0/MicroBlaze_Core_I/Performance.Core/Decode_I/jump_logic_I1/MUXCY_JUMP_CARRY6/Instr_Addr[18]_INST_0/O
                         net (fo=33, routed)          2.543     6.113    design_1_i/microblaze_0_local_memory/lmb_bram/U0/inst_blk_mem_gen/gnbram.gnative_mem_map_bmg.native_mem_map_blk_mem_gen/valid.cstr/ramloop[26].ram.r/prim_noinit.ram/addrb[11]
    RAMB36_X0Y2          RAMB36E1                                     r  design_1_i/microblaze_0_local_memory/lmb_bram/U0/inst_blk_mem_gen/gnbram.gnative_mem_map_bmg.native_mem_map_blk_mem_gen/valid.cstr/ramloop[26].ram.r/prim_noinit.ram/DEVICE_7SERIES.WITH_BMM_INFO.TRUE_DP.SIMPLE_PRIM36.TDP_SP36_NO_ECC_ATTR.ram/ADDRBWRADDR[11]
  -------------------------------------------------------------------    -------------------

                         (clock clk_out1_design_1_clk_wiz_1_0 rise edge)
                                                     10.000    10.000 r  
    W5                                                0.000    10.000 r  sys_clock (IN)
                         net (fo=0)                   0.000    10.000    design_1_i/clk_wiz_1/inst/clk_in1
    W5                   IBUF (Prop_ibuf_I_O)         1.388    11.388 r  design_1_i/clk_wiz_1/inst/clkin1_ibufg/O
                         net (fo=1, routed)           1.162    12.550    design_1_i/clk_wiz_1/inst/clk_in1_design_1_clk_wiz_1_0
    MMCME2_ADV_X1Y0      MMCME2_ADV (Prop_mmcme2_adv_CLKIN1_CLKOUT0)
                                                     -7.217     5.332 r  design_1_i/clk_wiz_1/inst/mmcm_adv_inst/CLKOUT0
                         net (fo=1, routed)           1.581     6.914    design_1_i/clk_wiz_1/inst/clk_out1_design_1_clk_wiz_1_0
    BUFGCTRL_X0Y0        BUFG (Prop_bufg_I_O)         0.091     7.005 r  design_1_i/clk_wiz_1/inst/clkout1_buf/O
                         net (fo=1516, routed)        1.490     8.494    design_1_i/microblaze_0_local_memory/lmb_bram/U0/inst_blk_mem_gen/gnbram.gnative_mem_map_bmg.native_mem_map_blk_mem_gen/valid.cstr/ramloop[26].ram.r/prim_noinit.ram/clkb
    RAMB36_X0Y2          RAMB36E1                                     r  design_1_i/microblaze_0_local_memory/lmb_bram/U0/inst_blk_mem_gen/gnbram.gnative_mem_map_bmg.native_mem_map_blk_mem_gen/valid.cstr/ramloop[26].ram.r/prim_noinit.ram/DEVICE_7SERIES.WITH_BMM_INFO.TRUE_DP.SIMPLE_PRIM36.TDP_SP36_NO_ECC_ATTR.ram/CLKBWRCLK
                         clock pessimism              0.492     8.986    
                         clock uncertainty           -0.074     8.912    
    RAMB36_X0Y2          RAMB36E1 (Setup_ramb36e1_CLKBWRCLK_ADDRBWRADDR[11])
                                                     -0.566     8.346    design_1_i/microblaze_0_local_memory/lmb_bram/U0/inst_blk_mem_gen/gnbram.gnative_mem_map_bmg.native_mem_map_blk_mem_gen/valid.cstr/ramloop[26].ram.r/prim_noinit.ram/DEVICE_7SERIES.WITH_BMM_INFO.TRUE_DP.SIMPLE_PRIM36.TDP_SP36_NO_ECC_ATTR.ram
  -------------------------------------------------------------------
                         required time                          8.346    
                         arrival time                          -6.113    
  -------------------------------------------------------------------
                         slack                                  2.232    

Slack (MET) :             2.263ns  (required time - arrival time)
  Source:                 design_1_i/microblaze_0/U0/MicroBlaze_Core_I/Performance.Core/Data_Flow_I/Operand_Select_I/EX_Branch_CMP_Op1_reg[24]/C
                            (rising edge-triggered cell FDRE clocked by clk_out1_design_1_clk_wiz_1_0  {rise@0.000ns fall@5.000ns period=10.000ns})
  Destination:            design_1_i/microblaze_0_local_memory/lmb_bram/U0/inst_blk_mem_gen/gnbram.gnative_mem_map_bmg.native_mem_map_blk_mem_gen/valid.cstr/ramloop[12].ram.r/prim_noinit.ram/DEVICE_7SERIES.WITH_BMM_INFO.TRUE_DP.SIMPLE_PRIM36.TDP_SP36_NO_ECC_ATTR.ram/ADDRBWRADDR[0]
                            (rising edge-triggered cell RAMB36E1 clocked by clk_out1_design_1_clk_wiz_1_0  {rise@0.000ns fall@5.000ns period=10.000ns})
  Path Group:             clk_out1_design_1_clk_wiz_1_0
  Path Type:              Setup (Max at Slow Process Corner)
  Requirement:            10.000ns  (clk_out1_design_1_clk_wiz_1_0 rise@10.000ns - clk_out1_design_1_clk_wiz_1_0 rise@0.000ns)
  Data Path Delay:        6.820ns  (logic 1.914ns (28.064%)  route 4.906ns (71.936%))
  Logic Levels:           5  (CARRY4=3 LUT3=1 LUT6=1)
  Clock Path Skew:        -0.074ns (DCD - SCD + CPR)
    Destination Clock Delay (DCD):    -1.509ns = ( 8.491 - 10.000 ) 
    Source Clock Delay      (SCD):    -0.952ns
    Clock Pessimism Removal (CPR):    0.484ns
  Clock Uncertainty:      0.074ns  ((TSJ^2 + DJ^2)^1/2) / 2 + PE
    Total System Jitter     (TSJ):    0.071ns
    Discrete Jitter          (DJ):    0.131ns
    Phase Error              (PE):    0.000ns

    Location             Delay type                Incr(ns)  Path(ns)    Netlist Resource(s)
  -------------------------------------------------------------------    -------------------
                         (clock clk_out1_design_1_clk_wiz_1_0 rise edge)
                                                      0.000     0.000 r  
    W5                                                0.000     0.000 r  sys_clock (IN)
                         net (fo=0)                   0.000     0.000    design_1_i/clk_wiz_1/inst/clk_in1
    W5                   IBUF (Prop_ibuf_I_O)         1.458     1.458 r  design_1_i/clk_wiz_1/inst/clkin1_ibufg/O
                         net (fo=1, routed)           1.233     2.691    design_1_i/clk_wiz_1/inst/clk_in1_design_1_clk_wiz_1_0
    MMCME2_ADV_X1Y0      MMCME2_ADV (Prop_mmcme2_adv_CLKIN1_CLKOUT0)
                                                     -6.961    -4.269 r  design_1_i/clk_wiz_1/inst/mmcm_adv_inst/CLKOUT0
                         net (fo=1, routed)           1.661    -2.608    design_1_i/clk_wiz_1/inst/clk_out1_design_1_clk_wiz_1_0
    BUFGCTRL_X0Y0        BUFG (Prop_bufg_I_O)         0.096    -2.512 r  design_1_i/clk_wiz_1/inst/clkout1_buf/O
                         net (fo=1516, routed)        1.560    -0.952    design_1_i/microblaze_0/U0/MicroBlaze_Core_I/Performance.Core/Data_Flow_I/Operand_Select_I/Clk
    SLICE_X51Y31         FDRE                                         r  design_1_i/microblaze_0/U0/MicroBlaze_Core_I/Performance.Core/Data_Flow_I/Operand_Select_I/EX_Branch_CMP_Op1_reg[24]/C
  -------------------------------------------------------------------    -------------------
    SLICE_X51Y31         FDRE (Prop_fdre_C_Q)         0.456    -0.496 f  design_1_i/microblaze_0/U0/MicroBlaze_Core_I/Performance.Core/Data_Flow_I/Operand_Select_I/EX_Branch_CMP_Op1_reg[24]/Q
                         net (fo=1, routed)           1.342     0.847    design_1_i/microblaze_0/U0/MicroBlaze_Core_I/Performance.Core/Data_Flow_I/Zero_Detect_I/Q[5]
    SLICE_X45Y34         LUT6 (Prop_lut6_I1_O)        0.124     0.971 r  design_1_i/microblaze_0/U0/MicroBlaze_Core_I/Performance.Core/Data_Flow_I/Zero_Detect_I/S0_inferred__0/i_/O
                         net (fo=1, routed)           0.000     0.971    design_1_i/microblaze_0/U0/MicroBlaze_Core_I/Performance.Core/Data_Flow_I/Zero_Detect_I/Zero_Detecting[3].I_Part_Of_Zero_Detect/lopt_2
    SLICE_X45Y34         CARRY4 (Prop_carry4_S[1]_CO[3])
                                                      0.550     1.521 r  design_1_i/microblaze_0/U0/MicroBlaze_Core_I/Performance.Core/Data_Flow_I/Zero_Detect_I/Zero_Detecting[3].I_Part_Of_Zero_Detect/Using_FPGA.Native_CARRY4/CO[3]
                         net (fo=1, routed)           0.000     1.521    design_1_i/microblaze_0/U0/MicroBlaze_Core_I/Performance.Core/Decode_I/jump_logic_I1/MUXCY_JUMP_CARRY2/jump_carry1
    SLICE_X45Y35         CARRY4 (Prop_carry4_CI_CO[3])
                                                      0.114     1.635 r  design_1_i/microblaze_0/U0/MicroBlaze_Core_I/Performance.Core/Decode_I/jump_logic_I1/MUXCY_JUMP_CARRY2/Using_FPGA.Native_CARRY4/CO[3]
                         net (fo=1, routed)           0.000     1.635    design_1_i/microblaze_0/U0/MicroBlaze_Core_I/Performance.Core/Decode_I/jump_logic_I1/MUXCY_JUMP_CARRY6/jump_carry5
    SLICE_X45Y36         CARRY4 (Prop_carry4_CI_CO[0])
                                                      0.271     1.906 r  design_1_i/microblaze_0/U0/MicroBlaze_Core_I/Performance.Core/Decode_I/jump_logic_I1/MUXCY_JUMP_CARRY6/Using_FPGA.Native_CARRY4/CO[0]
                         net (fo=46, routed)          1.344     3.249    design_1_i/microblaze_0/U0/MicroBlaze_Core_I/Performance.Core/Decode_I/jump_logic_I1/MUXCY_JUMP_CARRY6/in0
    SLICE_X39Y27         LUT3 (Prop_lut3_I1_O)        0.399     3.648 r  design_1_i/microblaze_0/U0/MicroBlaze_Core_I/Performance.Core/Decode_I/jump_logic_I1/MUXCY_JUMP_CARRY6/Instr_Addr[29]_INST_0/O
                         net (fo=33, routed)          2.220     5.869    design_1_i/microblaze_0_local_memory/lmb_bram/U0/inst_blk_mem_gen/gnbram.gnative_mem_map_bmg.native_mem_map_blk_mem_gen/valid.cstr/ramloop[12].ram.r/prim_noinit.ram/addrb[0]
    RAMB36_X2Y10         RAMB36E1                                     r  design_1_i/microblaze_0_local_memory/lmb_bram/U0/inst_blk_mem_gen/gnbram.gnative_mem_map_bmg.native_mem_map_blk_mem_gen/valid.cstr/ramloop[12].ram.r/prim_noinit.ram/DEVICE_7SERIES.WITH_BMM_INFO.TRUE_DP.SIMPLE_PRIM36.TDP_SP36_NO_ECC_ATTR.ram/ADDRBWRADDR[0]
  -------------------------------------------------------------------    -------------------

                         (clock clk_out1_design_1_clk_wiz_1_0 rise edge)
                                                     10.000    10.000 r  
    W5                                                0.000    10.000 r  sys_clock (IN)
                         net (fo=0)                   0.000    10.000    design_1_i/clk_wiz_1/inst/clk_in1
    W5                   IBUF (Prop_ibuf_I_O)         1.388    11.388 r  design_1_i/clk_wiz_1/inst/clkin1_ibufg/O
                         net (fo=1, routed)           1.162    12.550    design_1_i/clk_wiz_1/inst/clk_in1_design_1_clk_wiz_1_0
    MMCME2_ADV_X1Y0      MMCME2_ADV (Prop_mmcme2_adv_CLKIN1_CLKOUT0)
                                                     -7.217     5.332 r  design_1_i/clk_wiz_1/inst/mmcm_adv_inst/CLKOUT0
                         net (fo=1, routed)           1.581     6.914    design_1_i/clk_wiz_1/inst/clk_out1_design_1_clk_wiz_1_0
    BUFGCTRL_X0Y0        BUFG (Prop_bufg_I_O)         0.091     7.005 r  design_1_i/clk_wiz_1/inst/clkout1_buf/O
                         net (fo=1516, routed)        1.486     8.491    design_1_i/microblaze_0_local_memory/lmb_bram/U0/inst_blk_mem_gen/gnbram.gnative_mem_map_bmg.native_mem_map_blk_mem_gen/valid.cstr/ramloop[12].ram.r/prim_noinit.ram/clkb
    RAMB36_X2Y10         RAMB36E1                                     r  design_1_i/microblaze_0_local_memory/lmb_bram/U0/inst_blk_mem_gen/gnbram.gnative_mem_map_bmg.native_mem_map_blk_mem_gen/valid.cstr/ramloop[12].ram.r/prim_noinit.ram/DEVICE_7SERIES.WITH_BMM_INFO.TRUE_DP.SIMPLE_PRIM36.TDP_SP36_NO_ECC_ATTR.ram/CLKBWRCLK
                         clock pessimism              0.484     8.974    
                         clock uncertainty           -0.074     8.900    
    RAMB36_X2Y10         RAMB36E1 (Setup_ramb36e1_CLKBWRCLK_ADDRBWRADDR[0])
                                                     -0.768     8.132    design_1_i/microblaze_0_local_memory/lmb_bram/U0/inst_blk_mem_gen/gnbram.gnative_mem_map_bmg.native_mem_map_blk_mem_gen/valid.cstr/ramloop[12].ram.r/prim_noinit.ram/DEVICE_7SERIES.WITH_BMM_INFO.TRUE_DP.SIMPLE_PRIM36.TDP_SP36_NO_ECC_ATTR.ram
  -------------------------------------------------------------------
                         required time                          8.132    
                         arrival time                          -5.869    
  -------------------------------------------------------------------
                         slack                                  2.263    

Slack (MET) :             2.281ns  (required time - arrival time)
  Source:                 design_1_i/microblaze_0/U0/MicroBlaze_Core_I/Performance.Core/Data_Flow_I/Operand_Select_I/EX_Branch_CMP_Op1_reg[24]/C
                            (rising edge-triggered cell FDRE clocked by clk_out1_design_1_clk_wiz_1_0  {rise@0.000ns fall@5.000ns period=10.000ns})
  Destination:            design_1_i/microblaze_0_local_memory/lmb_bram/U0/inst_blk_mem_gen/gnbram.gnative_mem_map_bmg.native_mem_map_blk_mem_gen/valid.cstr/ramloop[0].ram.r/prim_noinit.ram/DEVICE_7SERIES.WITH_BMM_INFO.TRUE_DP.SIMPLE_PRIM36.TDP_SP36_NO_ECC_ATTR.ram/ADDRBWRADDR[10]
                            (rising edge-triggered cell RAMB36E1 clocked by clk_out1_design_1_clk_wiz_1_0  {rise@0.000ns fall@5.000ns period=10.000ns})
  Path Group:             clk_out1_design_1_clk_wiz_1_0
  Path Type:              Setup (Max at Slow Process Corner)
  Requirement:            10.000ns  (clk_out1_design_1_clk_wiz_1_0 rise@10.000ns - clk_out1_design_1_clk_wiz_1_0 rise@0.000ns)
  Data Path Delay:        6.811ns  (logic 1.916ns (28.130%)  route 4.895ns (71.870%))
  Logic Levels:           5  (CARRY4=3 LUT3=1 LUT6=1)
  Clock Path Skew:        -0.060ns (DCD - SCD + CPR)
    Destination Clock Delay (DCD):    -1.503ns = ( 8.497 - 10.000 ) 
    Source Clock Delay      (SCD):    -0.952ns
    Clock Pessimism Removal (CPR):    0.492ns
  Clock Uncertainty:      0.074ns  ((TSJ^2 + DJ^2)^1/2) / 2 + PE
    Total System Jitter     (TSJ):    0.071ns
    Discrete Jitter          (DJ):    0.131ns
    Phase Error              (PE):    0.000ns

    Location             Delay type                Incr(ns)  Path(ns)    Netlist Resource(s)
  -------------------------------------------------------------------    -------------------
                         (clock clk_out1_design_1_clk_wiz_1_0 rise edge)
                                                      0.000     0.000 r  
    W5                                                0.000     0.000 r  sys_clock (IN)
                         net (fo=0)                   0.000     0.000    design_1_i/clk_wiz_1/inst/clk_in1
    W5                   IBUF (Prop_ibuf_I_O)         1.458     1.458 r  design_1_i/clk_wiz_1/inst/clkin1_ibufg/O
                         net (fo=1, routed)           1.233     2.691    design_1_i/clk_wiz_1/inst/clk_in1_design_1_clk_wiz_1_0
    MMCME2_ADV_X1Y0      MMCME2_ADV (Prop_mmcme2_adv_CLKIN1_CLKOUT0)
                                                     -6.961    -4.269 r  design_1_i/clk_wiz_1/inst/mmcm_adv_inst/CLKOUT0
                         net (fo=1, routed)           1.661    -2.608    design_1_i/clk_wiz_1/inst/clk_out1_design_1_clk_wiz_1_0
    BUFGCTRL_X0Y0        BUFG (Prop_bufg_I_O)         0.096    -2.512 r  design_1_i/clk_wiz_1/inst/clkout1_buf/O
                         net (fo=1516, routed)        1.560    -0.952    design_1_i/microblaze_0/U0/MicroBlaze_Core_I/Performance.Core/Data_Flow_I/Operand_Select_I/Clk
    SLICE_X51Y31         FDRE                                         r  design_1_i/microblaze_0/U0/MicroBlaze_Core_I/Performance.Core/Data_Flow_I/Operand_Select_I/EX_Branch_CMP_Op1_reg[24]/C
  -------------------------------------------------------------------    -------------------
    SLICE_X51Y31         FDRE (Prop_fdre_C_Q)         0.456    -0.496 f  design_1_i/microblaze_0/U0/MicroBlaze_Core_I/Performance.Core/Data_Flow_I/Operand_Select_I/EX_Branch_CMP_Op1_reg[24]/Q
                         net (fo=1, routed)           1.342     0.847    design_1_i/microblaze_0/U0/MicroBlaze_Core_I/Performance.Core/Data_Flow_I/Zero_Detect_I/Q[5]
    SLICE_X45Y34         LUT6 (Prop_lut6_I1_O)        0.124     0.971 r  design_1_i/microblaze_0/U0/MicroBlaze_Core_I/Performance.Core/Data_Flow_I/Zero_Detect_I/S0_inferred__0/i_/O
                         net (fo=1, routed)           0.000     0.971    design_1_i/microblaze_0/U0/MicroBlaze_Core_I/Performance.Core/Data_Flow_I/Zero_Detect_I/Zero_Detecting[3].I_Part_Of_Zero_Detect/lopt_2
    SLICE_X45Y34         CARRY4 (Prop_carry4_S[1]_CO[3])
                                                      0.550     1.521 r  design_1_i/microblaze_0/U0/MicroBlaze_Core_I/Performance.Core/Data_Flow_I/Zero_Detect_I/Zero_Detecting[3].I_Part_Of_Zero_Detect/Using_FPGA.Native_CARRY4/CO[3]
                         net (fo=1, routed)           0.000     1.521    design_1_i/microblaze_0/U0/MicroBlaze_Core_I/Performance.Core/Decode_I/jump_logic_I1/MUXCY_JUMP_CARRY2/jump_carry1
    SLICE_X45Y35         CARRY4 (Prop_carry4_CI_CO[3])
                                                      0.114     1.635 r  design_1_i/microblaze_0/U0/MicroBlaze_Core_I/Performance.Core/Decode_I/jump_logic_I1/MUXCY_JUMP_CARRY2/Using_FPGA.Native_CARRY4/CO[3]
                         net (fo=1, routed)           0.000     1.635    design_1_i/microblaze_0/U0/MicroBlaze_Core_I/Performance.Core/Decode_I/jump_logic_I1/MUXCY_JUMP_CARRY6/jump_carry5
    SLICE_X45Y36         CARRY4 (Prop_carry4_CI_CO[0])
                                                      0.271     1.906 r  design_1_i/microblaze_0/U0/MicroBlaze_Core_I/Performance.Core/Decode_I/jump_logic_I1/MUXCY_JUMP_CARRY6/Using_FPGA.Native_CARRY4/CO[0]
                         net (fo=46, routed)          1.291     3.197    design_1_i/microblaze_0/U0/MicroBlaze_Core_I/Performance.Core/Decode_I/jump_logic_I1/MUXCY_JUMP_CARRY6/in0
    SLICE_X40Y29         LUT3 (Prop_lut3_I1_O)        0.401     3.598 r  design_1_i/microblaze_0/U0/MicroBlaze_Core_I/Performance.Core/Decode_I/jump_logic_I1/MUXCY_JUMP_CARRY6/Instr_Addr[19]_INST_0/O
                         net (fo=33, routed)          2.262     5.860    design_1_i/microblaze_0_local_memory/lmb_bram/U0/inst_blk_mem_gen/gnbram.gnative_mem_map_bmg.native_mem_map_blk_mem_gen/valid.cstr/ramloop[0].ram.r/prim_noinit.ram/addrb[10]
    RAMB36_X0Y9          RAMB36E1                                     r  design_1_i/microblaze_0_local_memory/lmb_bram/U0/inst_blk_mem_gen/gnbram.gnative_mem_map_bmg.native_mem_map_blk_mem_gen/valid.cstr/ramloop[0].ram.r/prim_noinit.ram/DEVICE_7SERIES.WITH_BMM_INFO.TRUE_DP.SIMPLE_PRIM36.TDP_SP36_NO_ECC_ATTR.ram/ADDRBWRADDR[10]
  -------------------------------------------------------------------    -------------------

                         (clock clk_out1_design_1_clk_wiz_1_0 rise edge)
                                                     10.000    10.000 r  
    W5                                                0.000    10.000 r  sys_clock (IN)
                         net (fo=0)                   0.000    10.000    design_1_i/clk_wiz_1/inst/clk_in1
    W5                   IBUF (Prop_ibuf_I_O)         1.388    11.388 r  design_1_i/clk_wiz_1/inst/clkin1_ibufg/O
                         net (fo=1, routed)           1.162    12.550    design_1_i/clk_wiz_1/inst/clk_in1_design_1_clk_wiz_1_0
    MMCME2_ADV_X1Y0      MMCME2_ADV (Prop_mmcme2_adv_CLKIN1_CLKOUT0)
                                                     -7.217     5.332 r  design_1_i/clk_wiz_1/inst/mmcm_adv_inst/CLKOUT0
                         net (fo=1, routed)           1.581     6.914    design_1_i/clk_wiz_1/inst/clk_out1_design_1_clk_wiz_1_0
    BUFGCTRL_X0Y0        BUFG (Prop_bufg_I_O)         0.091     7.005 r  design_1_i/clk_wiz_1/inst/clkout1_buf/O
                         net (fo=1516, routed)        1.493     8.497    design_1_i/microblaze_0_local_memory/lmb_bram/U0/inst_blk_mem_gen/gnbram.gnative_mem_map_bmg.native_mem_map_blk_mem_gen/valid.cstr/ramloop[0].ram.r/prim_noinit.ram/clkb
    RAMB36_X0Y9          RAMB36E1                                     r  design_1_i/microblaze_0_local_memory/lmb_bram/U0/inst_blk_mem_gen/gnbram.gnative_mem_map_bmg.native_mem_map_blk_mem_gen/valid.cstr/ramloop[0].ram.r/prim_noinit.ram/DEVICE_7SERIES.WITH_BMM_INFO.TRUE_DP.SIMPLE_PRIM36.TDP_SP36_NO_ECC_ATTR.ram/CLKBWRCLK
                         clock pessimism              0.492     8.989    
                         clock uncertainty           -0.074     8.915    
    RAMB36_X0Y9          RAMB36E1 (Setup_ramb36e1_CLKBWRCLK_ADDRBWRADDR[10])
                                                     -0.774     8.141    design_1_i/microblaze_0_local_memory/lmb_bram/U0/inst_blk_mem_gen/gnbram.gnative_mem_map_bmg.native_mem_map_blk_mem_gen/valid.cstr/ramloop[0].ram.r/prim_noinit.ram/DEVICE_7SERIES.WITH_BMM_INFO.TRUE_DP.SIMPLE_PRIM36.TDP_SP36_NO_ECC_ATTR.ram
  -------------------------------------------------------------------
                         required time                          8.141    
                         arrival time                          -5.860    
  -------------------------------------------------------------------
                         slack                                  2.281    

Slack (MET) :             2.290ns  (required time - arrival time)
  Source:                 design_1_i/microblaze_0/U0/MicroBlaze_Core_I/Performance.Core/Data_Flow_I/Operand_Select_I/EX_Branch_CMP_Op1_reg[24]/C
                            (rising edge-triggered cell FDRE clocked by clk_out1_design_1_clk_wiz_1_0  {rise@0.000ns fall@5.000ns period=10.000ns})
  Destination:            design_1_i/microblaze_0_local_memory/lmb_bram/U0/inst_blk_mem_gen/gnbram.gnative_mem_map_bmg.native_mem_map_blk_mem_gen/valid.cstr/ramloop[3].ram.r/prim_noinit.ram/DEVICE_7SERIES.WITH_BMM_INFO.TRUE_DP.SIMPLE_PRIM36.TDP_SP36_NO_ECC_ATTR.ram/ADDRBWRADDR[10]
                            (rising edge-triggered cell RAMB36E1 clocked by clk_out1_design_1_clk_wiz_1_0  {rise@0.000ns fall@5.000ns period=10.000ns})
  Path Group:             clk_out1_design_1_clk_wiz_1_0
  Path Type:              Setup (Max at Slow Process Corner)
  Requirement:            10.000ns  (clk_out1_design_1_clk_wiz_1_0 rise@10.000ns - clk_out1_design_1_clk_wiz_1_0 rise@0.000ns)
  Data Path Delay:        6.784ns  (logic 1.916ns (28.243%)  route 4.868ns (71.757%))
  Logic Levels:           5  (CARRY4=3 LUT3=1 LUT6=1)
  Clock Path Skew:        -0.077ns (DCD - SCD + CPR)
    Destination Clock Delay (DCD):    -1.512ns = ( 8.488 - 10.000 ) 
    Source Clock Delay      (SCD):    -0.952ns
    Clock Pessimism Removal (CPR):    0.484ns
  Clock Uncertainty:      0.074ns  ((TSJ^2 + DJ^2)^1/2) / 2 + PE
    Total System Jitter     (TSJ):    0.071ns
    Discrete Jitter          (DJ):    0.131ns
    Phase Error              (PE):    0.000ns

    Location             Delay type                Incr(ns)  Path(ns)    Netlist Resource(s)
  -------------------------------------------------------------------    -------------------
                         (clock clk_out1_design_1_clk_wiz_1_0 rise edge)
                                                      0.000     0.000 r  
    W5                                                0.000     0.000 r  sys_clock (IN)
                         net (fo=0)                   0.000     0.000    design_1_i/clk_wiz_1/inst/clk_in1
    W5                   IBUF (Prop_ibuf_I_O)         1.458     1.458 r  design_1_i/clk_wiz_1/inst/clkin1_ibufg/O
                         net (fo=1, routed)           1.233     2.691    design_1_i/clk_wiz_1/inst/clk_in1_design_1_clk_wiz_1_0
    MMCME2_ADV_X1Y0      MMCME2_ADV (Prop_mmcme2_adv_CLKIN1_CLKOUT0)
                                                     -6.961    -4.269 r  design_1_i/clk_wiz_1/inst/mmcm_adv_inst/CLKOUT0
                         net (fo=1, routed)           1.661    -2.608    design_1_i/clk_wiz_1/inst/clk_out1_design_1_clk_wiz_1_0
    BUFGCTRL_X0Y0        BUFG (Prop_bufg_I_O)         0.096    -2.512 r  design_1_i/clk_wiz_1/inst/clkout1_buf/O
                         net (fo=1516, routed)        1.560    -0.952    design_1_i/microblaze_0/U0/MicroBlaze_Core_I/Performance.Core/Data_Flow_I/Operand_Select_I/Clk
    SLICE_X51Y31         FDRE                                         r  design_1_i/microblaze_0/U0/MicroBlaze_Core_I/Performance.Core/Data_Flow_I/Operand_Select_I/EX_Branch_CMP_Op1_reg[24]/C
  -------------------------------------------------------------------    -------------------
    SLICE_X51Y31         FDRE (Prop_fdre_C_Q)         0.456    -0.496 f  design_1_i/microblaze_0/U0/MicroBlaze_Core_I/Performance.Core/Data_Flow_I/Operand_Select_I/EX_Branch_CMP_Op1_reg[24]/Q
                         net (fo=1, routed)           1.342     0.847    design_1_i/microblaze_0/U0/MicroBlaze_Core_I/Performance.Core/Data_Flow_I/Zero_Detect_I/Q[5]
    SLICE_X45Y34         LUT6 (Prop_lut6_I1_O)        0.124     0.971 r  design_1_i/microblaze_0/U0/MicroBlaze_Core_I/Performance.Core/Data_Flow_I/Zero_Detect_I/S0_inferred__0/i_/O
                         net (fo=1, routed)           0.000     0.971    design_1_i/microblaze_0/U0/MicroBlaze_Core_I/Performance.Core/Data_Flow_I/Zero_Detect_I/Zero_Detecting[3].I_Part_Of_Zero_Detect/lopt_2
    SLICE_X45Y34         CARRY4 (Prop_carry4_S[1]_CO[3])
                                                      0.550     1.521 r  design_1_i/microblaze_0/U0/MicroBlaze_Core_I/Performance.Core/Data_Flow_I/Zero_Detect_I/Zero_Detecting[3].I_Part_Of_Zero_Detect/Using_FPGA.Native_CARRY4/CO[3]
                         net (fo=1, routed)           0.000     1.521    design_1_i/microblaze_0/U0/MicroBlaze_Core_I/Performance.Core/Decode_I/jump_logic_I1/MUXCY_JUMP_CARRY2/jump_carry1
    SLICE_X45Y35         CARRY4 (Prop_carry4_CI_CO[3])
                                                      0.114     1.635 r  design_1_i/microblaze_0/U0/MicroBlaze_Core_I/Performance.Core/Decode_I/jump_logic_I1/MUXCY_JUMP_CARRY2/Using_FPGA.Native_CARRY4/CO[3]
                         net (fo=1, routed)           0.000     1.635    design_1_i/microblaze_0/U0/MicroBlaze_Core_I/Performance.Core/Decode_I/jump_logic_I1/MUXCY_JUMP_CARRY6/jump_carry5
    SLICE_X45Y36         CARRY4 (Prop_carry4_CI_CO[0])
                                                      0.271     1.906 r  design_1_i/microblaze_0/U0/MicroBlaze_Core_I/Performance.Core/Decode_I/jump_logic_I1/MUXCY_JUMP_CARRY6/Using_FPGA.Native_CARRY4/CO[0]
                         net (fo=46, routed)          1.291     3.197    design_1_i/microblaze_0/U0/MicroBlaze_Core_I/Performance.Core/Decode_I/jump_logic_I1/MUXCY_JUMP_CARRY6/in0
    SLICE_X40Y29         LUT3 (Prop_lut3_I1_O)        0.401     3.598 r  design_1_i/microblaze_0/U0/MicroBlaze_Core_I/Performance.Core/Decode_I/jump_logic_I1/MUXCY_JUMP_CARRY6/Instr_Addr[19]_INST_0/O
                         net (fo=33, routed)          2.234     5.832    design_1_i/microblaze_0_local_memory/lmb_bram/U0/inst_blk_mem_gen/gnbram.gnative_mem_map_bmg.native_mem_map_blk_mem_gen/valid.cstr/ramloop[3].ram.r/prim_noinit.ram/addrb[10]
    RAMB36_X0Y10         RAMB36E1                                     r  design_1_i/microblaze_0_local_memory/lmb_bram/U0/inst_blk_mem_gen/gnbram.gnative_mem_map_bmg.native_mem_map_blk_mem_gen/valid.cstr/ramloop[3].ram.r/prim_noinit.ram/DEVICE_7SERIES.WITH_BMM_INFO.TRUE_DP.SIMPLE_PRIM36.TDP_SP36_NO_ECC_ATTR.ram/ADDRBWRADDR[10]
  -------------------------------------------------------------------    -------------------

                         (clock clk_out1_design_1_clk_wiz_1_0 rise edge)
                                                     10.000    10.000 r  
    W5                                                0.000    10.000 r  sys_clock (IN)
                         net (fo=0)                   0.000    10.000    design_1_i/clk_wiz_1/inst/clk_in1
    W5                   IBUF (Prop_ibuf_I_O)         1.388    11.388 r  design_1_i/clk_wiz_1/inst/clkin1_ibufg/O
                         net (fo=1, routed)           1.162    12.550    design_1_i/clk_wiz_1/inst/clk_in1_design_1_clk_wiz_1_0
    MMCME2_ADV_X1Y0      MMCME2_ADV (Prop_mmcme2_adv_CLKIN1_CLKOUT0)
                                                     -7.217     5.332 r  design_1_i/clk_wiz_1/inst/mmcm_adv_inst/CLKOUT0
                         net (fo=1, routed)           1.581     6.914    design_1_i/clk_wiz_1/inst/clk_out1_design_1_clk_wiz_1_0
    BUFGCTRL_X0Y0        BUFG (Prop_bufg_I_O)         0.091     7.005 r  design_1_i/clk_wiz_1/inst/clkout1_buf/O
                         net (fo=1516, routed)        1.483     8.488    design_1_i/microblaze_0_local_memory/lmb_bram/U0/inst_blk_mem_gen/gnbram.gnative_mem_map_bmg.native_mem_map_blk_mem_gen/valid.cstr/ramloop[3].ram.r/prim_noinit.ram/clkb
    RAMB36_X0Y10         RAMB36E1                                     r  design_1_i/microblaze_0_local_memory/lmb_bram/U0/inst_blk_mem_gen/gnbram.gnative_mem_map_bmg.native_mem_map_blk_mem_gen/valid.cstr/ramloop[3].ram.r/prim_noinit.ram/DEVICE_7SERIES.WITH_BMM_INFO.TRUE_DP.SIMPLE_PRIM36.TDP_SP36_NO_ECC_ATTR.ram/CLKBWRCLK
                         clock pessimism              0.484     8.971    
                         clock uncertainty           -0.074     8.897    
    RAMB36_X0Y10         RAMB36E1 (Setup_ramb36e1_CLKBWRCLK_ADDRBWRADDR[10])
                                                     -0.774     8.123    design_1_i/microblaze_0_local_memory/lmb_bram/U0/inst_blk_mem_gen/gnbram.gnative_mem_map_bmg.native_mem_map_blk_mem_gen/valid.cstr/ramloop[3].ram.r/prim_noinit.ram/DEVICE_7SERIES.WITH_BMM_INFO.TRUE_DP.SIMPLE_PRIM36.TDP_SP36_NO_ECC_ATTR.ram
  -------------------------------------------------------------------
                         required time                          8.123    
                         arrival time                          -5.832    
  -------------------------------------------------------------------
                         slack                                  2.290    





Min Delay Paths
--------------------------------------------------------------------------------------
Slack (MET) :             0.106ns  (arrival time - required time)
  Source:                 design_1_i/axi_gpio_0/U0/gpio_core_1/Not_Dual.gpio_OE_reg[1]/C
                            (rising edge-triggered cell FDSE clocked by clk_out1_design_1_clk_wiz_1_0  {rise@0.000ns fall@5.000ns period=10.000ns})
  Destination:            design_1_i/axi_gpio_0/U0/gpio_core_1/Not_Dual.ALLIN1_ND.READ_REG_GEN[1].reg1_reg[17]/D
                            (rising edge-triggered cell FDRE clocked by clk_out1_design_1_clk_wiz_1_0  {rise@0.000ns fall@5.000ns period=10.000ns})
  Path Group:             clk_out1_design_1_clk_wiz_1_0
  Path Type:              Hold (Min at Fast Process Corner)
  Requirement:            0.000ns  (clk_out1_design_1_clk_wiz_1_0 rise@0.000ns - clk_out1_design_1_clk_wiz_1_0 rise@0.000ns)
  Data Path Delay:        0.240ns  (logic 0.186ns (77.466%)  route 0.054ns (22.534%))
  Logic Levels:           1  (LUT5=1)
  Clock Path Skew:        0.013ns (DCD - SCD - CPR)
    Destination Clock Delay (DCD):    -0.873ns
    Source Clock Delay      (SCD):    -0.630ns
    Clock Pessimism Removal (CPR):    -0.255ns

    Location             Delay type                Incr(ns)  Path(ns)    Netlist Resource(s)
  -------------------------------------------------------------------    -------------------
                         (clock clk_out1_design_1_clk_wiz_1_0 rise edge)
                                                      0.000     0.000 r  
    W5                                                0.000     0.000 r  sys_clock (IN)
                         net (fo=0)                   0.000     0.000    design_1_i/clk_wiz_1/inst/clk_in1
    W5                   IBUF (Prop_ibuf_I_O)         0.226     0.226 r  design_1_i/clk_wiz_1/inst/clkin1_ibufg/O
                         net (fo=1, routed)           0.440     0.667    design_1_i/clk_wiz_1/inst/clk_in1_design_1_clk_wiz_1_0
    MMCME2_ADV_X1Y0      MMCME2_ADV (Prop_mmcme2_adv_CLKIN1_CLKOUT0)
                                                     -2.360    -1.693 r  design_1_i/clk_wiz_1/inst/mmcm_adv_inst/CLKOUT0
                         net (fo=1, routed)           0.486    -1.207    design_1_i/clk_wiz_1/inst/clk_out1_design_1_clk_wiz_1_0
    BUFGCTRL_X0Y0        BUFG (Prop_bufg_I_O)         0.026    -1.181 r  design_1_i/clk_wiz_1/inst/clkout1_buf/O
                         net (fo=1516, routed)        0.551    -0.630    design_1_i/axi_gpio_0/U0/gpio_core_1/s_axi_aclk
    SLICE_X31Y26         FDSE                                         r  design_1_i/axi_gpio_0/U0/gpio_core_1/Not_Dual.gpio_OE_reg[1]/C
  -------------------------------------------------------------------    -------------------
    SLICE_X31Y26         FDSE (Prop_fdse_C_Q)         0.141    -0.489 r  design_1_i/axi_gpio_0/U0/gpio_core_1/Not_Dual.gpio_OE_reg[1]/Q
                         net (fo=1, routed)           0.054    -0.435    design_1_i/axi_gpio_0/U0/gpio_core_1/Not_Dual.gpio_OE_reg_n_0_[1]
    SLICE_X30Y26         LUT5 (Prop_lut5_I4_O)        0.045    -0.390 r  design_1_i/axi_gpio_0/U0/gpio_core_1/Not_Dual.ALLIN1_ND.READ_REG_GEN[1].reg1[17]_i_1/O
                         net (fo=1, routed)           0.000    -0.390    design_1_i/axi_gpio_0/U0/gpio_core_1/Read_Reg_In[1]
    SLICE_X30Y26         FDRE                                         r  design_1_i/axi_gpio_0/U0/gpio_core_1/Not_Dual.ALLIN1_ND.READ_REG_GEN[1].reg1_reg[17]/D
  -------------------------------------------------------------------    -------------------

                         (clock clk_out1_design_1_clk_wiz_1_0 rise edge)
                                                      0.000     0.000 r  
    W5                                                0.000     0.000 r  sys_clock (IN)
                         net (fo=0)                   0.000     0.000    design_1_i/clk_wiz_1/inst/clk_in1
    W5                   IBUF (Prop_ibuf_I_O)         0.414     0.414 r  design_1_i/clk_wiz_1/inst/clkin1_ibufg/O
                         net (fo=1, routed)           0.480     0.894    design_1_i/clk_wiz_1/inst/clk_in1_design_1_clk_wiz_1_0
    MMCME2_ADV_X1Y0      MMCME2_ADV (Prop_mmcme2_adv_CLKIN1_CLKOUT0)
                                                     -3.142    -2.248 r  design_1_i/clk_wiz_1/inst/mmcm_adv_inst/CLKOUT0
                         net (fo=1, routed)           0.530    -1.718    design_1_i/clk_wiz_1/inst/clk_out1_design_1_clk_wiz_1_0
    BUFGCTRL_X0Y0        BUFG (Prop_bufg_I_O)         0.029    -1.689 r  design_1_i/clk_wiz_1/inst/clkout1_buf/O
                         net (fo=1516, routed)        0.817    -0.873    design_1_i/axi_gpio_0/U0/gpio_core_1/s_axi_aclk
    SLICE_X30Y26         FDRE                                         r  design_1_i/axi_gpio_0/U0/gpio_core_1/Not_Dual.ALLIN1_ND.READ_REG_GEN[1].reg1_reg[17]/C
                         clock pessimism              0.255    -0.617    
    SLICE_X30Y26         FDRE (Hold_fdre_C_D)         0.121    -0.496    design_1_i/axi_gpio_0/U0/gpio_core_1/Not_Dual.ALLIN1_ND.READ_REG_GEN[1].reg1_reg[17]
  -------------------------------------------------------------------
                         required time                          0.496    
                         arrival time                          -0.390    
  -------------------------------------------------------------------
                         slack                                  0.106    

Slack (MET) :             0.112ns  (arrival time - required time)
  Source:                 design_1_i/axi_uartlite_0/U0/UARTLITE_CORE_I/UARTLITE_TX_I/data_shift_reg[0]/C
                            (rising edge-triggered cell FDSE clocked by clk_out1_design_1_clk_wiz_1_0  {rise@0.000ns fall@5.000ns period=10.000ns})
  Destination:            design_1_i/axi_uartlite_0/U0/UARTLITE_CORE_I/UARTLITE_TX_I/data_shift_reg[13]_srl13___UARTLITE_CORE_I_UARTLITE_RX_I_data_shift_reg_r_11/D
                            (rising edge-triggered cell SRL16E clocked by clk_out1_design_1_clk_wiz_1_0  {rise@0.000ns fall@5.000ns period=10.000ns})
  Path Group:             clk_out1_design_1_clk_wiz_1_0
  Path Type:              Hold (Min at Fast Process Corner)
  Requirement:            0.000ns  (clk_out1_design_1_clk_wiz_1_0 rise@0.000ns - clk_out1_design_1_clk_wiz_1_0 rise@0.000ns)
  Data Path Delay:        0.187ns  (logic 0.128ns (68.470%)  route 0.059ns (31.530%))
  Logic Levels:           0  
  Clock Path Skew:        0.013ns (DCD - SCD - CPR)
    Destination Clock Delay (DCD):    -0.869ns
    Source Clock Delay      (SCD):    -0.627ns
    Clock Pessimism Removal (CPR):    -0.254ns

    Location             Delay type                Incr(ns)  Path(ns)    Netlist Resource(s)
  -------------------------------------------------------------------    -------------------
                         (clock clk_out1_design_1_clk_wiz_1_0 rise edge)
                                                      0.000     0.000 r  
    W5                                                0.000     0.000 r  sys_clock (IN)
                         net (fo=0)                   0.000     0.000    design_1_i/clk_wiz_1/inst/clk_in1
    W5                   IBUF (Prop_ibuf_I_O)         0.226     0.226 r  design_1_i/clk_wiz_1/inst/clkin1_ibufg/O
                         net (fo=1, routed)           0.440     0.667    design_1_i/clk_wiz_1/inst/clk_in1_design_1_clk_wiz_1_0
    MMCME2_ADV_X1Y0      MMCME2_ADV (Prop_mmcme2_adv_CLKIN1_CLKOUT0)
                                                     -2.360    -1.693 r  design_1_i/clk_wiz_1/inst/mmcm_adv_inst/CLKOUT0
                         net (fo=1, routed)           0.486    -1.207    design_1_i/clk_wiz_1/inst/clk_out1_design_1_clk_wiz_1_0
    BUFGCTRL_X0Y0        BUFG (Prop_bufg_I_O)         0.026    -1.181 r  design_1_i/clk_wiz_1/inst/clkout1_buf/O
                         net (fo=1516, routed)        0.554    -0.627    design_1_i/axi_uartlite_0/U0/UARTLITE_CORE_I/UARTLITE_TX_I/s_axi_aclk
    SLICE_X31Y20         FDSE                                         r  design_1_i/axi_uartlite_0/U0/UARTLITE_CORE_I/UARTLITE_TX_I/data_shift_reg[0]/C
  -------------------------------------------------------------------    -------------------
    SLICE_X31Y20         FDSE (Prop_fdse_C_Q)         0.128    -0.499 r  design_1_i/axi_uartlite_0/U0/UARTLITE_CORE_I/UARTLITE_TX_I/data_shift_reg[0]/Q
                         net (fo=1, routed)           0.059    -0.440    design_1_i/axi_uartlite_0/U0/UARTLITE_CORE_I/UARTLITE_TX_I/data_shift_reg_n_0_[0]
    SLICE_X30Y20         SRL16E                                       r  design_1_i/axi_uartlite_0/U0/UARTLITE_CORE_I/UARTLITE_TX_I/data_shift_reg[13]_srl13___UARTLITE_CORE_I_UARTLITE_RX_I_data_shift_reg_r_11/D
  -------------------------------------------------------------------    -------------------

                         (clock clk_out1_design_1_clk_wiz_1_0 rise edge)
                                                      0.000     0.000 r  
    W5                                                0.000     0.000 r  sys_clock (IN)
                         net (fo=0)                   0.000     0.000    design_1_i/clk_wiz_1/inst/clk_in1
    W5                   IBUF (Prop_ibuf_I_O)         0.414     0.414 r  design_1_i/clk_wiz_1/inst/clkin1_ibufg/O
                         net (fo=1, routed)           0.480     0.894    design_1_i/clk_wiz_1/inst/clk_in1_design_1_clk_wiz_1_0
    MMCME2_ADV_X1Y0      MMCME2_ADV (Prop_mmcme2_adv_CLKIN1_CLKOUT0)
                                                     -3.142    -2.248 r  design_1_i/clk_wiz_1/inst/mmcm_adv_inst/CLKOUT0
                         net (fo=1, routed)           0.530    -1.718    design_1_i/clk_wiz_1/inst/clk_out1_design_1_clk_wiz_1_0
    BUFGCTRL_X0Y0        BUFG (Prop_bufg_I_O)         0.029    -1.689 r  design_1_i/clk_wiz_1/inst/clkout1_buf/O
                         net (fo=1516, routed)        0.821    -0.869    design_1_i/axi_uartlite_0/U0/UARTLITE_CORE_I/UARTLITE_TX_I/s_axi_aclk
    SLICE_X30Y20         SRL16E                                       r  design_1_i/axi_uartlite_0/U0/UARTLITE_CORE_I/UARTLITE_TX_I/data_shift_reg[13]_srl13___UARTLITE_CORE_I_UARTLITE_RX_I_data_shift_reg_r_11/CLK
                         clock pessimism              0.254    -0.614    
    SLICE_X30Y20         SRL16E (Hold_srl16e_CLK_D)
                                                      0.062    -0.552    design_1_i/axi_uartlite_0/U0/UARTLITE_CORE_I/UARTLITE_TX_I/data_shift_reg[13]_srl13___UARTLITE_CORE_I_UARTLITE_RX_I_data_shift_reg_r_11
  -------------------------------------------------------------------
                         required time                          0.552    
                         arrival time                          -0.440    
  -------------------------------------------------------------------
                         slack                                  0.112    

Slack (MET) :             0.114ns  (arrival time - required time)
  Source:                 design_1_i/microblaze_0/U0/MicroBlaze_Core_I/Performance.Core/Decode_I/MEM_DataBus_Addr_reg[29]/C
                            (rising edge-triggered cell FDRE clocked by clk_out1_design_1_clk_wiz_1_0  {rise@0.000ns fall@5.000ns period=10.000ns})
  Destination:            design_1_i/microblaze_0_axi_periph/xbar/inst/gen_sasd.crossbar_sasd_0/addr_arbiter_inst/gen_no_arbiter.m_amesg_i_reg[3]/D
                            (rising edge-triggered cell FDRE clocked by clk_out1_design_1_clk_wiz_1_0  {rise@0.000ns fall@5.000ns period=10.000ns})
  Path Group:             clk_out1_design_1_clk_wiz_1_0
  Path Type:              Hold (Min at Fast Process Corner)
  Requirement:            0.000ns  (clk_out1_design_1_clk_wiz_1_0 rise@0.000ns - clk_out1_design_1_clk_wiz_1_0 rise@0.000ns)
  Data Path Delay:        0.453ns  (logic 0.141ns (31.116%)  route 0.312ns (68.884%))
  Logic Levels:           0  
  Clock Path Skew:        0.267ns (DCD - SCD - CPR)
    Destination Clock Delay (DCD):    -0.865ns
    Source Clock Delay      (SCD):    -0.628ns
    Clock Pessimism Removal (CPR):    -0.503ns

    Location             Delay type                Incr(ns)  Path(ns)    Netlist Resource(s)
  -------------------------------------------------------------------    -------------------
                         (clock clk_out1_design_1_clk_wiz_1_0 rise edge)
                                                      0.000     0.000 r  
    W5                                                0.000     0.000 r  sys_clock (IN)
                         net (fo=0)                   0.000     0.000    design_1_i/clk_wiz_1/inst/clk_in1
    W5                   IBUF (Prop_ibuf_I_O)         0.226     0.226 r  design_1_i/clk_wiz_1/inst/clkin1_ibufg/O
                         net (fo=1, routed)           0.440     0.667    design_1_i/clk_wiz_1/inst/clk_in1_design_1_clk_wiz_1_0
    MMCME2_ADV_X1Y0      MMCME2_ADV (Prop_mmcme2_adv_CLKIN1_CLKOUT0)
                                                     -2.360    -1.693 r  design_1_i/clk_wiz_1/inst/mmcm_adv_inst/CLKOUT0
                         net (fo=1, routed)           0.486    -1.207    design_1_i/clk_wiz_1/inst/clk_out1_design_1_clk_wiz_1_0
    BUFGCTRL_X0Y0        BUFG (Prop_bufg_I_O)         0.026    -1.181 r  design_1_i/clk_wiz_1/inst/clkout1_buf/O
                         net (fo=1516, routed)        0.553    -0.628    design_1_i/microblaze_0/U0/MicroBlaze_Core_I/Performance.Core/Decode_I/Clk
    SLICE_X43Y28         FDRE                                         r  design_1_i/microblaze_0/U0/MicroBlaze_Core_I/Performance.Core/Decode_I/MEM_DataBus_Addr_reg[29]/C
  -------------------------------------------------------------------    -------------------
    SLICE_X43Y28         FDRE (Prop_fdre_C_Q)         0.141    -0.487 r  design_1_i/microblaze_0/U0/MicroBlaze_Core_I/Performance.Core/Decode_I/MEM_DataBus_Addr_reg[29]/Q
                         net (fo=1, routed)           0.312    -0.175    design_1_i/microblaze_0_axi_periph/xbar/inst/gen_sasd.crossbar_sasd_0/addr_arbiter_inst/s_axi_araddr[2]
    SLICE_X29Y32         FDRE                                         r  design_1_i/microblaze_0_axi_periph/xbar/inst/gen_sasd.crossbar_sasd_0/addr_arbiter_inst/gen_no_arbiter.m_amesg_i_reg[3]/D
  -------------------------------------------------------------------    -------------------

                         (clock clk_out1_design_1_clk_wiz_1_0 rise edge)
                                                      0.000     0.000 r  
    W5                                                0.000     0.000 r  sys_clock (IN)
                         net (fo=0)                   0.000     0.000    design_1_i/clk_wiz_1/inst/clk_in1
    W5                   IBUF (Prop_ibuf_I_O)         0.414     0.414 r  design_1_i/clk_wiz_1/inst/clkin1_ibufg/O
                         net (fo=1, routed)           0.480     0.894    design_1_i/clk_wiz_1/inst/clk_in1_design_1_clk_wiz_1_0
    MMCME2_ADV_X1Y0      MMCME2_ADV (Prop_mmcme2_adv_CLKIN1_CLKOUT0)
                                                     -3.142    -2.248 r  design_1_i/clk_wiz_1/inst/mmcm_adv_inst/CLKOUT0
                         net (fo=1, routed)           0.530    -1.718    design_1_i/clk_wiz_1/inst/clk_out1_design_1_clk_wiz_1_0
    BUFGCTRL_X0Y0        BUFG (Prop_bufg_I_O)         0.029    -1.689 r  design_1_i/clk_wiz_1/inst/clkout1_buf/O
                         net (fo=1516, routed)        0.825    -0.865    design_1_i/microblaze_0_axi_periph/xbar/inst/gen_sasd.crossbar_sasd_0/addr_arbiter_inst/aclk
    SLICE_X29Y32         FDRE                                         r  design_1_i/microblaze_0_axi_periph/xbar/inst/gen_sasd.crossbar_sasd_0/addr_arbiter_inst/gen_no_arbiter.m_amesg_i_reg[3]/C
                         clock pessimism              0.503    -0.361    
    SLICE_X29Y32         FDRE (Hold_fdre_C_D)         0.072    -0.289    design_1_i/microblaze_0_axi_periph/xbar/inst/gen_sasd.crossbar_sasd_0/addr_arbiter_inst/gen_no_arbiter.m_amesg_i_reg[3]
  -------------------------------------------------------------------
                         required time                          0.289    
                         arrival time                          -0.175    
  -------------------------------------------------------------------
                         slack                                  0.114    

Slack (MET) :             0.116ns  (arrival time - required time)
  Source:                 design_1_i/microblaze_0/U0/MicroBlaze_Core_I/Performance.Core/Decode_I/PC_Module_I/if_pc_reg[31]/C
                            (rising edge-triggered cell FDRE clocked by clk_out1_design_1_clk_wiz_1_0  {rise@0.000ns fall@5.000ns period=10.000ns})
  Destination:            design_1_i/microblaze_0/U0/MicroBlaze_Core_I/Performance.Core/Decode_I/PC_Module_I/PC_Buffer_reg[3][31]_srl4/D
                            (rising edge-triggered cell SRL16E clocked by clk_out1_design_1_clk_wiz_1_0  {rise@0.000ns fall@5.000ns period=10.000ns})
  Path Group:             clk_out1_design_1_clk_wiz_1_0
  Path Type:              Hold (Min at Fast Process Corner)
  Requirement:            0.000ns  (clk_out1_design_1_clk_wiz_1_0 rise@0.000ns - clk_out1_design_1_clk_wiz_1_0 rise@0.000ns)
  Data Path Delay:        0.258ns  (logic 0.128ns (49.621%)  route 0.130ns (50.379%))
  Logic Levels:           0  
  Clock Path Skew:        0.013ns (DCD - SCD - CPR)
    Destination Clock Delay (DCD):    -0.871ns
    Source Clock Delay      (SCD):    -0.629ns
    Clock Pessimism Removal (CPR):    -0.254ns

    Location             Delay type                Incr(ns)  Path(ns)    Netlist Resource(s)
  -------------------------------------------------------------------    -------------------
                         (clock clk_out1_design_1_clk_wiz_1_0 rise edge)
                                                      0.000     0.000 r  
    W5                                                0.000     0.000 r  sys_clock (IN)
                         net (fo=0)                   0.000     0.000    design_1_i/clk_wiz_1/inst/clk_in1
    W5                   IBUF (Prop_ibuf_I_O)         0.226     0.226 r  design_1_i/clk_wiz_1/inst/clkin1_ibufg/O
                         net (fo=1, routed)           0.440     0.667    design_1_i/clk_wiz_1/inst/clk_in1_design_1_clk_wiz_1_0
    MMCME2_ADV_X1Y0      MMCME2_ADV (Prop_mmcme2_adv_CLKIN1_CLKOUT0)
                                                     -2.360    -1.693 r  design_1_i/clk_wiz_1/inst/mmcm_adv_inst/CLKOUT0
                         net (fo=1, routed)           0.486    -1.207    design_1_i/clk_wiz_1/inst/clk_out1_design_1_clk_wiz_1_0
    BUFGCTRL_X0Y0        BUFG (Prop_bufg_I_O)         0.026    -1.181 r  design_1_i/clk_wiz_1/inst/clkout1_buf/O
                         net (fo=1516, routed)        0.552    -0.629    design_1_i/microblaze_0/U0/MicroBlaze_Core_I/Performance.Core/Decode_I/PC_Module_I/Clk
    SLICE_X44Y26         FDRE                                         r  design_1_i/microblaze_0/U0/MicroBlaze_Core_I/Performance.Core/Decode_I/PC_Module_I/if_pc_reg[31]/C
  -------------------------------------------------------------------    -------------------
    SLICE_X44Y26         FDRE (Prop_fdre_C_Q)         0.128    -0.501 r  design_1_i/microblaze_0/U0/MicroBlaze_Core_I/Performance.Core/Decode_I/PC_Module_I/if_pc_reg[31]/Q
                         net (fo=4, routed)           0.130    -0.371    design_1_i/microblaze_0/U0/MicroBlaze_Core_I/Performance.Core/Decode_I/PC_Module_I/Q[0]
    SLICE_X46Y26         SRL16E                                       r  design_1_i/microblaze_0/U0/MicroBlaze_Core_I/Performance.Core/Decode_I/PC_Module_I/PC_Buffer_reg[3][31]_srl4/D
  -------------------------------------------------------------------    -------------------

                         (clock clk_out1_design_1_clk_wiz_1_0 rise edge)
                                                      0.000     0.000 r  
    W5                                                0.000     0.000 r  sys_clock (IN)
                         net (fo=0)                   0.000     0.000    design_1_i/clk_wiz_1/inst/clk_in1
    W5                   IBUF (Prop_ibuf_I_O)         0.414     0.414 r  design_1_i/clk_wiz_1/inst/clkin1_ibufg/O
                         net (fo=1, routed)           0.480     0.894    design_1_i/clk_wiz_1/inst/clk_in1_design_1_clk_wiz_1_0
    MMCME2_ADV_X1Y0      MMCME2_ADV (Prop_mmcme2_adv_CLKIN1_CLKOUT0)
                                                     -3.142    -2.248 r  design_1_i/clk_wiz_1/inst/mmcm_adv_inst/CLKOUT0
                         net (fo=1, routed)           0.530    -1.718    design_1_i/clk_wiz_1/inst/clk_out1_design_1_clk_wiz_1_0
    BUFGCTRL_X0Y0        BUFG (Prop_bufg_I_O)         0.029    -1.689 r  design_1_i/clk_wiz_1/inst/clkout1_buf/O
                         net (fo=1516, routed)        0.819    -0.871    design_1_i/microblaze_0/U0/MicroBlaze_Core_I/Performance.Core/Decode_I/PC_Module_I/Clk
    SLICE_X46Y26         SRL16E                                       r  design_1_i/microblaze_0/U0/MicroBlaze_Core_I/Performance.Core/Decode_I/PC_Module_I/PC_Buffer_reg[3][31]_srl4/CLK
                         clock pessimism              0.254    -0.616    
    SLICE_X46Y26         SRL16E (Hold_srl16e_CLK_D)
                                                      0.129    -0.487    design_1_i/microblaze_0/U0/MicroBlaze_Core_I/Performance.Core/Decode_I/PC_Module_I/PC_Buffer_reg[3][31]_srl4
  -------------------------------------------------------------------
                         required time                          0.487    
                         arrival time                          -0.371    
  -------------------------------------------------------------------
                         slack                                  0.116    

Slack (MET) :             0.118ns  (arrival time - required time)
  Source:                 design_1_i/microblaze_0/U0/MicroBlaze_Core_I/Performance.Core/Decode_I/MEM_DataBus_Addr_reg[23]/C
                            (rising edge-triggered cell FDRE clocked by clk_out1_design_1_clk_wiz_1_0  {rise@0.000ns fall@5.000ns period=10.000ns})
  Destination:            design_1_i/microblaze_0_axi_periph/xbar/inst/gen_sasd.crossbar_sasd_0/addr_arbiter_inst/gen_no_arbiter.m_amesg_i_reg[9]/D
                            (rising edge-triggered cell FDRE clocked by clk_out1_design_1_clk_wiz_1_0  {rise@0.000ns fall@5.000ns period=10.000ns})
  Path Group:             clk_out1_design_1_clk_wiz_1_0
  Path Type:              Hold (Min at Fast Process Corner)
  Requirement:            0.000ns  (clk_out1_design_1_clk_wiz_1_0 rise@0.000ns - clk_out1_design_1_clk_wiz_1_0 rise@0.000ns)
  Data Path Delay:        0.455ns  (logic 0.141ns (30.980%)  route 0.314ns (69.020%))
  Logic Levels:           0  
  Clock Path Skew:        0.266ns (DCD - SCD - CPR)
    Destination Clock Delay (DCD):    -0.865ns
    Source Clock Delay      (SCD):    -0.627ns
    Clock Pessimism Removal (CPR):    -0.503ns

    Location             Delay type                Incr(ns)  Path(ns)    Netlist Resource(s)
  -------------------------------------------------------------------    -------------------
                         (clock clk_out1_design_1_clk_wiz_1_0 rise edge)
                                                      0.000     0.000 r  
    W5                                                0.000     0.000 r  sys_clock (IN)
                         net (fo=0)                   0.000     0.000    design_1_i/clk_wiz_1/inst/clk_in1
    W5                   IBUF (Prop_ibuf_I_O)         0.226     0.226 r  design_1_i/clk_wiz_1/inst/clkin1_ibufg/O
                         net (fo=1, routed)           0.440     0.667    design_1_i/clk_wiz_1/inst/clk_in1_design_1_clk_wiz_1_0
    MMCME2_ADV_X1Y0      MMCME2_ADV (Prop_mmcme2_adv_CLKIN1_CLKOUT0)
                                                     -2.360    -1.693 r  design_1_i/clk_wiz_1/inst/mmcm_adv_inst/CLKOUT0
                         net (fo=1, routed)           0.486    -1.207    design_1_i/clk_wiz_1/inst/clk_out1_design_1_clk_wiz_1_0
    BUFGCTRL_X0Y0        BUFG (Prop_bufg_I_O)         0.026    -1.181 r  design_1_i/clk_wiz_1/inst/clkout1_buf/O
                         net (fo=1516, routed)        0.554    -0.627    design_1_i/microblaze_0/U0/MicroBlaze_Core_I/Performance.Core/Decode_I/Clk
    SLICE_X43Y29         FDRE                                         r  design_1_i/microblaze_0/U0/MicroBlaze_Core_I/Performance.Core/Decode_I/MEM_DataBus_Addr_reg[23]/C
  -------------------------------------------------------------------    -------------------
    SLICE_X43Y29         FDRE (Prop_fdre_C_Q)         0.141    -0.486 r  design_1_i/microblaze_0/U0/MicroBlaze_Core_I/Performance.Core/Decode_I/MEM_DataBus_Addr_reg[23]/Q
                         net (fo=1, routed)           0.314    -0.172    design_1_i/microblaze_0_axi_periph/xbar/inst/gen_sasd.crossbar_sasd_0/addr_arbiter_inst/s_axi_araddr[8]
    SLICE_X29Y32         FDRE                                         r  design_1_i/microblaze_0_axi_periph/xbar/inst/gen_sasd.crossbar_sasd_0/addr_arbiter_inst/gen_no_arbiter.m_amesg_i_reg[9]/D
  -------------------------------------------------------------------    -------------------

                         (clock clk_out1_design_1_clk_wiz_1_0 rise edge)
                                                      0.000     0.000 r  
    W5                                                0.000     0.000 r  sys_clock (IN)
                         net (fo=0)                   0.000     0.000    design_1_i/clk_wiz_1/inst/clk_in1
    W5                   IBUF (Prop_ibuf_I_O)         0.414     0.414 r  design_1_i/clk_wiz_1/inst/clkin1_ibufg/O
                         net (fo=1, routed)           0.480     0.894    design_1_i/clk_wiz_1/inst/clk_in1_design_1_clk_wiz_1_0
    MMCME2_ADV_X1Y0      MMCME2_ADV (Prop_mmcme2_adv_CLKIN1_CLKOUT0)
                                                     -3.142    -2.248 r  design_1_i/clk_wiz_1/inst/mmcm_adv_inst/CLKOUT0
                         net (fo=1, routed)           0.530    -1.718    design_1_i/clk_wiz_1/inst/clk_out1_design_1_clk_wiz_1_0
    BUFGCTRL_X0Y0        BUFG (Prop_bufg_I_O)         0.029    -1.689 r  design_1_i/clk_wiz_1/inst/clkout1_buf/O
                         net (fo=1516, routed)        0.825    -0.865    design_1_i/microblaze_0_axi_periph/xbar/inst/gen_sasd.crossbar_sasd_0/addr_arbiter_inst/aclk
    SLICE_X29Y32         FDRE                                         r  design_1_i/microblaze_0_axi_periph/xbar/inst/gen_sasd.crossbar_sasd_0/addr_arbiter_inst/gen_no_arbiter.m_amesg_i_reg[9]/C
                         clock pessimism              0.503    -0.361    
    SLICE_X29Y32         FDRE (Hold_fdre_C_D)         0.071    -0.290    design_1_i/microblaze_0_axi_periph/xbar/inst/gen_sasd.crossbar_sasd_0/addr_arbiter_inst/gen_no_arbiter.m_amesg_i_reg[9]
  -------------------------------------------------------------------
                         required time                          0.290    
                         arrival time                          -0.172    
  -------------------------------------------------------------------
                         slack                                  0.118    

Slack (MET) :             0.121ns  (arrival time - required time)
  Source:                 design_1_i/microblaze_0/U0/MicroBlaze_Core_I/Performance.Core/Data_Flow_I/Data_Flow_Logic_I/WB_MEM_Result_reg[9]/C
                            (rising edge-triggered cell FDRE clocked by clk_out1_design_1_clk_wiz_1_0  {rise@0.000ns fall@5.000ns period=10.000ns})
  Destination:            design_1_i/microblaze_0/U0/MicroBlaze_Core_I/Performance.Core/Data_Flow_I/Register_File_I/Using_LUT6.All_RAM32M[4].ram32m_i/Using_FPGA.Native/RAMD/I
                            (rising edge-triggered cell RAMS32 clocked by clk_out1_design_1_clk_wiz_1_0  {rise@0.000ns fall@5.000ns period=10.000ns})
  Path Group:             clk_out1_design_1_clk_wiz_1_0
  Path Type:              Hold (Min at Fast Process Corner)
  Requirement:            0.000ns  (clk_out1_design_1_clk_wiz_1_0 rise@0.000ns - clk_out1_design_1_clk_wiz_1_0 rise@0.000ns)
  Data Path Delay:        0.527ns  (logic 0.227ns (43.084%)  route 0.300ns (56.916%))
  Logic Levels:           1  (LUT6=1)
  Clock Path Skew:        0.262ns (DCD - SCD - CPR)
    Destination Clock Delay (DCD):    -0.865ns
    Source Clock Delay      (SCD):    -0.623ns
    Clock Pessimism Removal (CPR):    -0.503ns

    Location             Delay type                Incr(ns)  Path(ns)    Netlist Resource(s)
  -------------------------------------------------------------------    -------------------
                         (clock clk_out1_design_1_clk_wiz_1_0 rise edge)
                                                      0.000     0.000 r  
    W5                                                0.000     0.000 r  sys_clock (IN)
                         net (fo=0)                   0.000     0.000    design_1_i/clk_wiz_1/inst/clk_in1
    W5                   IBUF (Prop_ibuf_I_O)         0.226     0.226 r  design_1_i/clk_wiz_1/inst/clkin1_ibufg/O
                         net (fo=1, routed)           0.440     0.667    design_1_i/clk_wiz_1/inst/clk_in1_design_1_clk_wiz_1_0
    MMCME2_ADV_X1Y0      MMCME2_ADV (Prop_mmcme2_adv_CLKIN1_CLKOUT0)
                                                     -2.360    -1.693 r  design_1_i/clk_wiz_1/inst/mmcm_adv_inst/CLKOUT0
                         net (fo=1, routed)           0.486    -1.207    design_1_i/clk_wiz_1/inst/clk_out1_design_1_clk_wiz_1_0
    BUFGCTRL_X0Y0        BUFG (Prop_bufg_I_O)         0.026    -1.181 r  design_1_i/clk_wiz_1/inst/clkout1_buf/O
                         net (fo=1516, routed)        0.558    -0.623    design_1_i/microblaze_0/U0/MicroBlaze_Core_I/Performance.Core/Data_Flow_I/Data_Flow_Logic_I/Clk
    SLICE_X32Y33         FDRE                                         r  design_1_i/microblaze_0/U0/MicroBlaze_Core_I/Performance.Core/Data_Flow_I/Data_Flow_Logic_I/WB_MEM_Result_reg[9]/C
  -------------------------------------------------------------------    -------------------
    SLICE_X32Y33         FDRE (Prop_fdre_C_Q)         0.128    -0.495 r  design_1_i/microblaze_0/U0/MicroBlaze_Core_I/Performance.Core/Data_Flow_I/Data_Flow_Logic_I/WB_MEM_Result_reg[9]/Q
                         net (fo=1, routed)           0.061    -0.435    design_1_i/microblaze_0/U0/MicroBlaze_Core_I/Performance.Core/Decode_I/EX_Op3_reg[0]_1[14]
    SLICE_X32Y33         LUT6 (Prop_lut6_I5_O)        0.099    -0.336 r  design_1_i/microblaze_0/U0/MicroBlaze_Core_I/Performance.Core/Decode_I/Using_FPGA.Native_i_2__29/O
                         net (fo=8, routed)           0.239    -0.096    design_1_i/microblaze_0/U0/MicroBlaze_Core_I/Performance.Core/Data_Flow_I/Register_File_I/Using_LUT6.All_RAM32M[4].ram32m_i/Using_FPGA.Native/DID0
    SLICE_X38Y33         RAMS32                                       r  design_1_i/microblaze_0/U0/MicroBlaze_Core_I/Performance.Core/Data_Flow_I/Register_File_I/Using_LUT6.All_RAM32M[4].ram32m_i/Using_FPGA.Native/RAMD/I
  -------------------------------------------------------------------    -------------------

                         (clock clk_out1_design_1_clk_wiz_1_0 rise edge)
                                                      0.000     0.000 r  
    W5                                                0.000     0.000 r  sys_clock (IN)
                         net (fo=0)                   0.000     0.000    design_1_i/clk_wiz_1/inst/clk_in1
    W5                   IBUF (Prop_ibuf_I_O)         0.414     0.414 r  design_1_i/clk_wiz_1/inst/clkin1_ibufg/O
                         net (fo=1, routed)           0.480     0.894    design_1_i/clk_wiz_1/inst/clk_in1_design_1_clk_wiz_1_0
    MMCME2_ADV_X1Y0      MMCME2_ADV (Prop_mmcme2_adv_CLKIN1_CLKOUT0)
                                                     -3.142    -2.248 r  design_1_i/clk_wiz_1/inst/mmcm_adv_inst/CLKOUT0
                         net (fo=1, routed)           0.530    -1.718    design_1_i/clk_wiz_1/inst/clk_out1_design_1_clk_wiz_1_0
    BUFGCTRL_X0Y0        BUFG (Prop_bufg_I_O)         0.029    -1.689 r  design_1_i/clk_wiz_1/inst/clkout1_buf/O
                         net (fo=1516, routed)        0.825    -0.865    design_1_i/microblaze_0/U0/MicroBlaze_Core_I/Performance.Core/Data_Flow_I/Register_File_I/Using_LUT6.All_RAM32M[4].ram32m_i/Using_FPGA.Native/WCLK
    SLICE_X38Y33         RAMS32                                       r  design_1_i/microblaze_0/U0/MicroBlaze_Core_I/Performance.Core/Data_Flow_I/Register_File_I/Using_LUT6.All_RAM32M[4].ram32m_i/Using_FPGA.Native/RAMD/CLK
                         clock pessimism              0.503    -0.361    
    SLICE_X38Y33         RAMS32 (Hold_rams32_CLK_I)
                                                      0.144    -0.217    design_1_i/microblaze_0/U0/MicroBlaze_Core_I/Performance.Core/Data_Flow_I/Register_File_I/Using_LUT6.All_RAM32M[4].ram32m_i/Using_FPGA.Native/RAMD
  -------------------------------------------------------------------
                         required time                          0.217    
                         arrival time                          -0.096    
  -------------------------------------------------------------------
                         slack                                  0.121    

Slack (MET) :             0.122ns  (arrival time - required time)
  Source:                 design_1_i/axi_gpio_0/U0/gpio_core_1/Not_Dual.INPUT_DOUBLE_REGS3/GENERATE_LEVEL_P_S_CDC.MULTI_BIT.FOR_CROSS_PLEVEL_IN2SCNDRY_bus_d2[1].CROSS2_PLEVEL_IN2SCNDRY_s_level_out_bus_d2/C
                            (rising edge-triggered cell FDRE clocked by clk_out1_design_1_clk_wiz_1_0  {rise@0.000ns fall@5.000ns period=10.000ns})
  Destination:            design_1_i/axi_gpio_0/U0/gpio_core_1/Not_Dual.INPUT_DOUBLE_REGS3/GENERATE_LEVEL_P_S_CDC.MULTI_BIT.FOR_CROSS_PLEVEL_IN2SCNDRY_bus_d3[1].CROSS2_PLEVEL_IN2SCNDRY_s_level_out_bus_d3/D
                            (rising edge-triggered cell FDRE clocked by clk_out1_design_1_clk_wiz_1_0  {rise@0.000ns fall@5.000ns period=10.000ns})
  Path Group:             clk_out1_design_1_clk_wiz_1_0
  Path Type:              Hold (Min at Fast Process Corner)
  Requirement:            0.000ns  (clk_out1_design_1_clk_wiz_1_0 rise@0.000ns - clk_out1_design_1_clk_wiz_1_0 rise@0.000ns)
  Data Path Delay:        0.197ns  (logic 0.141ns (71.611%)  route 0.056ns (28.389%))
  Logic Levels:           0  
  Clock Path Skew:        0.000ns (DCD - SCD - CPR)
    Destination Clock Delay (DCD):    -0.865ns
    Source Clock Delay      (SCD):    -0.624ns
    Clock Pessimism Removal (CPR):    -0.240ns

    Location             Delay type                Incr(ns)  Path(ns)    Netlist Resource(s)
  -------------------------------------------------------------------    -------------------
                         (clock clk_out1_design_1_clk_wiz_1_0 rise edge)
                                                      0.000     0.000 r  
    W5                                                0.000     0.000 r  sys_clock (IN)
                         net (fo=0)                   0.000     0.000    design_1_i/clk_wiz_1/inst/clk_in1
    W5                   IBUF (Prop_ibuf_I_O)         0.226     0.226 r  design_1_i/clk_wiz_1/inst/clkin1_ibufg/O
                         net (fo=1, routed)           0.440     0.667    design_1_i/clk_wiz_1/inst/clk_in1_design_1_clk_wiz_1_0
    MMCME2_ADV_X1Y0      MMCME2_ADV (Prop_mmcme2_adv_CLKIN1_CLKOUT0)
                                                     -2.360    -1.693 r  design_1_i/clk_wiz_1/inst/mmcm_adv_inst/CLKOUT0
                         net (fo=1, routed)           0.486    -1.207    design_1_i/clk_wiz_1/inst/clk_out1_design_1_clk_wiz_1_0
    BUFGCTRL_X0Y0        BUFG (Prop_bufg_I_O)         0.026    -1.181 r  design_1_i/clk_wiz_1/inst/clkout1_buf/O
                         net (fo=1516, routed)        0.557    -0.624    design_1_i/axi_gpio_0/U0/gpio_core_1/Not_Dual.INPUT_DOUBLE_REGS3/s_axi_aclk
    SLICE_X15Y29         FDRE                                         r  design_1_i/axi_gpio_0/U0/gpio_core_1/Not_Dual.INPUT_DOUBLE_REGS3/GENERATE_LEVEL_P_S_CDC.MULTI_BIT.FOR_CROSS_PLEVEL_IN2SCNDRY_bus_d2[1].CROSS2_PLEVEL_IN2SCNDRY_s_level_out_bus_d2/C
  -------------------------------------------------------------------    -------------------
    SLICE_X15Y29         FDRE (Prop_fdre_C_Q)         0.141    -0.483 r  design_1_i/axi_gpio_0/U0/gpio_core_1/Not_Dual.INPUT_DOUBLE_REGS3/GENERATE_LEVEL_P_S_CDC.MULTI_BIT.FOR_CROSS_PLEVEL_IN2SCNDRY_bus_d2[1].CROSS2_PLEVEL_IN2SCNDRY_s_level_out_bus_d2/Q
                         net (fo=1, routed)           0.056    -0.427    design_1_i/axi_gpio_0/U0/gpio_core_1/Not_Dual.INPUT_DOUBLE_REGS3/s_level_out_bus_d2_1
    SLICE_X15Y29         FDRE                                         r  design_1_i/axi_gpio_0/U0/gpio_core_1/Not_Dual.INPUT_DOUBLE_REGS3/GENERATE_LEVEL_P_S_CDC.MULTI_BIT.FOR_CROSS_PLEVEL_IN2SCNDRY_bus_d3[1].CROSS2_PLEVEL_IN2SCNDRY_s_level_out_bus_d3/D
  -------------------------------------------------------------------    -------------------

                         (clock clk_out1_design_1_clk_wiz_1_0 rise edge)
                                                      0.000     0.000 r  
    W5                                                0.000     0.000 r  sys_clock (IN)
                         net (fo=0)                   0.000     0.000    design_1_i/clk_wiz_1/inst/clk_in1
    W5                   IBUF (Prop_ibuf_I_O)         0.414     0.414 r  design_1_i/clk_wiz_1/inst/clkin1_ibufg/O
                         net (fo=1, routed)           0.480     0.894    design_1_i/clk_wiz_1/inst/clk_in1_design_1_clk_wiz_1_0
    MMCME2_ADV_X1Y0      MMCME2_ADV (Prop_mmcme2_adv_CLKIN1_CLKOUT0)
                                                     -3.142    -2.248 r  design_1_i/clk_wiz_1/inst/mmcm_adv_inst/CLKOUT0
                         net (fo=1, routed)           0.530    -1.718    design_1_i/clk_wiz_1/inst/clk_out1_design_1_clk_wiz_1_0
    BUFGCTRL_X0Y0        BUFG (Prop_bufg_I_O)         0.029    -1.689 r  design_1_i/clk_wiz_1/inst/clkout1_buf/O
                         net (fo=1516, routed)        0.825    -0.865    design_1_i/axi_gpio_0/U0/gpio_core_1/Not_Dual.INPUT_DOUBLE_REGS3/s_axi_aclk
    SLICE_X15Y29         FDRE                                         r  design_1_i/axi_gpio_0/U0/gpio_core_1/Not_Dual.INPUT_DOUBLE_REGS3/GENERATE_LEVEL_P_S_CDC.MULTI_BIT.FOR_CROSS_PLEVEL_IN2SCNDRY_bus_d3[1].CROSS2_PLEVEL_IN2SCNDRY_s_level_out_bus_d3/C
                         clock pessimism              0.240    -0.624    
    SLICE_X15Y29         FDRE (Hold_fdre_C_D)         0.075    -0.549    design_1_i/axi_gpio_0/U0/gpio_core_1/Not_Dual.INPUT_DOUBLE_REGS3/GENERATE_LEVEL_P_S_CDC.MULTI_BIT.FOR_CROSS_PLEVEL_IN2SCNDRY_bus_d3[1].CROSS2_PLEVEL_IN2SCNDRY_s_level_out_bus_d3
  -------------------------------------------------------------------
                         required time                          0.549    
                         arrival time                          -0.427    
  -------------------------------------------------------------------
                         slack                                  0.122    

Slack (MET) :             0.122ns  (arrival time - required time)
  Source:                 design_1_i/axi_gpio_0/U0/gpio_core_1/Not_Dual.INPUT_DOUBLE_REGS3/GENERATE_LEVEL_P_S_CDC.MULTI_BIT.FOR_CROSS_PLEVEL_IN2SCNDRY_bus_d2[3].CROSS2_PLEVEL_IN2SCNDRY_s_level_out_bus_d2/C
                            (rising edge-triggered cell FDRE clocked by clk_out1_design_1_clk_wiz_1_0  {rise@0.000ns fall@5.000ns period=10.000ns})
  Destination:            design_1_i/axi_gpio_0/U0/gpio_core_1/Not_Dual.INPUT_DOUBLE_REGS3/GENERATE_LEVEL_P_S_CDC.MULTI_BIT.FOR_CROSS_PLEVEL_IN2SCNDRY_bus_d3[3].CROSS2_PLEVEL_IN2SCNDRY_s_level_out_bus_d3/D
                            (rising edge-triggered cell FDRE clocked by clk_out1_design_1_clk_wiz_1_0  {rise@0.000ns fall@5.000ns period=10.000ns})
  Path Group:             clk_out1_design_1_clk_wiz_1_0
  Path Type:              Hold (Min at Fast Process Corner)
  Requirement:            0.000ns  (clk_out1_design_1_clk_wiz_1_0 rise@0.000ns - clk_out1_design_1_clk_wiz_1_0 rise@0.000ns)
  Data Path Delay:        0.197ns  (logic 0.141ns (71.611%)  route 0.056ns (28.389%))
  Logic Levels:           0  
  Clock Path Skew:        0.000ns (DCD - SCD - CPR)
    Destination Clock Delay (DCD):    -0.867ns
    Source Clock Delay      (SCD):    -0.626ns
    Clock Pessimism Removal (CPR):    -0.240ns

    Location             Delay type                Incr(ns)  Path(ns)    Netlist Resource(s)
  -------------------------------------------------------------------    -------------------
                         (clock clk_out1_design_1_clk_wiz_1_0 rise edge)
                                                      0.000     0.000 r  
    W5                                                0.000     0.000 r  sys_clock (IN)
                         net (fo=0)                   0.000     0.000    design_1_i/clk_wiz_1/inst/clk_in1
    W5                   IBUF (Prop_ibuf_I_O)         0.226     0.226 r  design_1_i/clk_wiz_1/inst/clkin1_ibufg/O
                         net (fo=1, routed)           0.440     0.667    design_1_i/clk_wiz_1/inst/clk_in1_design_1_clk_wiz_1_0
    MMCME2_ADV_X1Y0      MMCME2_ADV (Prop_mmcme2_adv_CLKIN1_CLKOUT0)
                                                     -2.360    -1.693 r  design_1_i/clk_wiz_1/inst/mmcm_adv_inst/CLKOUT0
                         net (fo=1, routed)           0.486    -1.207    design_1_i/clk_wiz_1/inst/clk_out1_design_1_clk_wiz_1_0
    BUFGCTRL_X0Y0        BUFG (Prop_bufg_I_O)         0.026    -1.181 r  design_1_i/clk_wiz_1/inst/clkout1_buf/O
                         net (fo=1516, routed)        0.555    -0.626    design_1_i/axi_gpio_0/U0/gpio_core_1/Not_Dual.INPUT_DOUBLE_REGS3/s_axi_aclk
    SLICE_X29Y19         FDRE                                         r  design_1_i/axi_gpio_0/U0/gpio_core_1/Not_Dual.INPUT_DOUBLE_REGS3/GENERATE_LEVEL_P_S_CDC.MULTI_BIT.FOR_CROSS_PLEVEL_IN2SCNDRY_bus_d2[3].CROSS2_PLEVEL_IN2SCNDRY_s_level_out_bus_d2/C
  -------------------------------------------------------------------    -------------------
    SLICE_X29Y19         FDRE (Prop_fdre_C_Q)         0.141    -0.485 r  design_1_i/axi_gpio_0/U0/gpio_core_1/Not_Dual.INPUT_DOUBLE_REGS3/GENERATE_LEVEL_P_S_CDC.MULTI_BIT.FOR_CROSS_PLEVEL_IN2SCNDRY_bus_d2[3].CROSS2_PLEVEL_IN2SCNDRY_s_level_out_bus_d2/Q
                         net (fo=1, routed)           0.056    -0.429    design_1_i/axi_gpio_0/U0/gpio_core_1/Not_Dual.INPUT_DOUBLE_REGS3/s_level_out_bus_d2_3
    SLICE_X29Y19         FDRE                                         r  design_1_i/axi_gpio_0/U0/gpio_core_1/Not_Dual.INPUT_DOUBLE_REGS3/GENERATE_LEVEL_P_S_CDC.MULTI_BIT.FOR_CROSS_PLEVEL_IN2SCNDRY_bus_d3[3].CROSS2_PLEVEL_IN2SCNDRY_s_level_out_bus_d3/D
  -------------------------------------------------------------------    -------------------

                         (clock clk_out1_design_1_clk_wiz_1_0 rise edge)
                                                      0.000     0.000 r  
    W5                                                0.000     0.000 r  sys_clock (IN)
                         net (fo=0)                   0.000     0.000    design_1_i/clk_wiz_1/inst/clk_in1
    W5                   IBUF (Prop_ibuf_I_O)         0.414     0.414 r  design_1_i/clk_wiz_1/inst/clkin1_ibufg/O
                         net (fo=1, routed)           0.480     0.894    design_1_i/clk_wiz_1/inst/clk_in1_design_1_clk_wiz_1_0
    MMCME2_ADV_X1Y0      MMCME2_ADV (Prop_mmcme2_adv_CLKIN1_CLKOUT0)
                                                     -3.142    -2.248 r  design_1_i/clk_wiz_1/inst/mmcm_adv_inst/CLKOUT0
                         net (fo=1, routed)           0.530    -1.718    design_1_i/clk_wiz_1/inst/clk_out1_design_1_clk_wiz_1_0
    BUFGCTRL_X0Y0        BUFG (Prop_bufg_I_O)         0.029    -1.689 r  design_1_i/clk_wiz_1/inst/clkout1_buf/O
                         net (fo=1516, routed)        0.823    -0.867    design_1_i/axi_gpio_0/U0/gpio_core_1/Not_Dual.INPUT_DOUBLE_REGS3/s_axi_aclk
    SLICE_X29Y19         FDRE                                         r  design_1_i/axi_gpio_0/U0/gpio_core_1/Not_Dual.INPUT_DOUBLE_REGS3/GENERATE_LEVEL_P_S_CDC.MULTI_BIT.FOR_CROSS_PLEVEL_IN2SCNDRY_bus_d3[3].CROSS2_PLEVEL_IN2SCNDRY_s_level_out_bus_d3/C
                         clock pessimism              0.240    -0.626    
    SLICE_X29Y19         FDRE (Hold_fdre_C_D)         0.075    -0.551    design_1_i/axi_gpio_0/U0/gpio_core_1/Not_Dual.INPUT_DOUBLE_REGS3/GENERATE_LEVEL_P_S_CDC.MULTI_BIT.FOR_CROSS_PLEVEL_IN2SCNDRY_bus_d3[3].CROSS2_PLEVEL_IN2SCNDRY_s_level_out_bus_d3
  -------------------------------------------------------------------
                         required time                          0.551    
                         arrival time                          -0.429    
  -------------------------------------------------------------------
                         slack                                  0.122    

Slack (MET) :             0.122ns  (arrival time - required time)
  Source:                 design_1_i/axi_gpio_0/U0/gpio_core_1/Not_Dual.INPUT_DOUBLE_REGS3/GENERATE_LEVEL_P_S_CDC.MULTI_BIT.FOR_CROSS_PLEVEL_IN2SCNDRY_bus_d2[5].CROSS2_PLEVEL_IN2SCNDRY_s_level_out_bus_d2/C
                            (rising edge-triggered cell FDRE clocked by clk_out1_design_1_clk_wiz_1_0  {rise@0.000ns fall@5.000ns period=10.000ns})
  Destination:            design_1_i/axi_gpio_0/U0/gpio_core_1/Not_Dual.INPUT_DOUBLE_REGS3/GENERATE_LEVEL_P_S_CDC.MULTI_BIT.FOR_CROSS_PLEVEL_IN2SCNDRY_bus_d3[5].CROSS2_PLEVEL_IN2SCNDRY_s_level_out_bus_d3/D
                            (rising edge-triggered cell FDRE clocked by clk_out1_design_1_clk_wiz_1_0  {rise@0.000ns fall@5.000ns period=10.000ns})
  Path Group:             clk_out1_design_1_clk_wiz_1_0
  Path Type:              Hold (Min at Fast Process Corner)
  Requirement:            0.000ns  (clk_out1_design_1_clk_wiz_1_0 rise@0.000ns - clk_out1_design_1_clk_wiz_1_0 rise@0.000ns)
  Data Path Delay:        0.197ns  (logic 0.141ns (71.611%)  route 0.056ns (28.389%))
  Logic Levels:           0  
  Clock Path Skew:        0.000ns (DCD - SCD - CPR)
    Destination Clock Delay (DCD):    -0.865ns
    Source Clock Delay      (SCD):    -0.623ns
    Clock Pessimism Removal (CPR):    -0.241ns

    Location             Delay type                Incr(ns)  Path(ns)    Netlist Resource(s)
  -------------------------------------------------------------------    -------------------
                         (clock clk_out1_design_1_clk_wiz_1_0 rise edge)
                                                      0.000     0.000 r  
    W5                                                0.000     0.000 r  sys_clock (IN)
                         net (fo=0)                   0.000     0.000    design_1_i/clk_wiz_1/inst/clk_in1
    W5                   IBUF (Prop_ibuf_I_O)         0.226     0.226 r  design_1_i/clk_wiz_1/inst/clkin1_ibufg/O
                         net (fo=1, routed)           0.440     0.667    design_1_i/clk_wiz_1/inst/clk_in1_design_1_clk_wiz_1_0
    MMCME2_ADV_X1Y0      MMCME2_ADV (Prop_mmcme2_adv_CLKIN1_CLKOUT0)
                                                     -2.360    -1.693 r  design_1_i/clk_wiz_1/inst/mmcm_adv_inst/CLKOUT0
                         net (fo=1, routed)           0.486    -1.207    design_1_i/clk_wiz_1/inst/clk_out1_design_1_clk_wiz_1_0
    BUFGCTRL_X0Y0        BUFG (Prop_bufg_I_O)         0.026    -1.181 r  design_1_i/clk_wiz_1/inst/clkout1_buf/O
                         net (fo=1516, routed)        0.558    -0.623    design_1_i/axi_gpio_0/U0/gpio_core_1/Not_Dual.INPUT_DOUBLE_REGS3/s_axi_aclk
    SLICE_X33Y16         FDRE                                         r  design_1_i/axi_gpio_0/U0/gpio_core_1/Not_Dual.INPUT_DOUBLE_REGS3/GENERATE_LEVEL_P_S_CDC.MULTI_BIT.FOR_CROSS_PLEVEL_IN2SCNDRY_bus_d2[5].CROSS2_PLEVEL_IN2SCNDRY_s_level_out_bus_d2/C
  -------------------------------------------------------------------    -------------------
    SLICE_X33Y16         FDRE (Prop_fdre_C_Q)         0.141    -0.482 r  design_1_i/axi_gpio_0/U0/gpio_core_1/Not_Dual.INPUT_DOUBLE_REGS3/GENERATE_LEVEL_P_S_CDC.MULTI_BIT.FOR_CROSS_PLEVEL_IN2SCNDRY_bus_d2[5].CROSS2_PLEVEL_IN2SCNDRY_s_level_out_bus_d2/Q
                         net (fo=1, routed)           0.056    -0.426    design_1_i/axi_gpio_0/U0/gpio_core_1/Not_Dual.INPUT_DOUBLE_REGS3/s_level_out_bus_d2_5
    SLICE_X33Y16         FDRE                                         r  design_1_i/axi_gpio_0/U0/gpio_core_1/Not_Dual.INPUT_DOUBLE_REGS3/GENERATE_LEVEL_P_S_CDC.MULTI_BIT.FOR_CROSS_PLEVEL_IN2SCNDRY_bus_d3[5].CROSS2_PLEVEL_IN2SCNDRY_s_level_out_bus_d3/D
  -------------------------------------------------------------------    -------------------

                         (clock clk_out1_design_1_clk_wiz_1_0 rise edge)
                                                      0.000     0.000 r  
    W5                                                0.000     0.000 r  sys_clock (IN)
                         net (fo=0)                   0.000     0.000    design_1_i/clk_wiz_1/inst/clk_in1
    W5                   IBUF (Prop_ibuf_I_O)         0.414     0.414 r  design_1_i/clk_wiz_1/inst/clkin1_ibufg/O
                         net (fo=1, routed)           0.480     0.894    design_1_i/clk_wiz_1/inst/clk_in1_design_1_clk_wiz_1_0
    MMCME2_ADV_X1Y0      MMCME2_ADV (Prop_mmcme2_adv_CLKIN1_CLKOUT0)
                                                     -3.142    -2.248 r  design_1_i/clk_wiz_1/inst/mmcm_adv_inst/CLKOUT0
                         net (fo=1, routed)           0.530    -1.718    design_1_i/clk_wiz_1/inst/clk_out1_design_1_clk_wiz_1_0
    BUFGCTRL_X0Y0        BUFG (Prop_bufg_I_O)         0.029    -1.689 r  design_1_i/clk_wiz_1/inst/clkout1_buf/O
                         net (fo=1516, routed)        0.825    -0.865    design_1_i/axi_gpio_0/U0/gpio_core_1/Not_Dual.INPUT_DOUBLE_REGS3/s_axi_aclk
    SLICE_X33Y16         FDRE                                         r  design_1_i/axi_gpio_0/U0/gpio_core_1/Not_Dual.INPUT_DOUBLE_REGS3/GENERATE_LEVEL_P_S_CDC.MULTI_BIT.FOR_CROSS_PLEVEL_IN2SCNDRY_bus_d3[5].CROSS2_PLEVEL_IN2SCNDRY_s_level_out_bus_d3/C
                         clock pessimism              0.241    -0.623    
    SLICE_X33Y16         FDRE (Hold_fdre_C_D)         0.075    -0.548    design_1_i/axi_gpio_0/U0/gpio_core_1/Not_Dual.INPUT_DOUBLE_REGS3/GENERATE_LEVEL_P_S_CDC.MULTI_BIT.FOR_CROSS_PLEVEL_IN2SCNDRY_bus_d3[5].CROSS2_PLEVEL_IN2SCNDRY_s_level_out_bus_d3
  -------------------------------------------------------------------
                         required time                          0.548    
                         arrival time                          -0.426    
  -------------------------------------------------------------------
                         slack                                  0.122    

Slack (MET) :             0.122ns  (arrival time - required time)
  Source:                 design_1_i/rst_clk_wiz_1_100M/U0/EXT_LPF/ACTIVE_LOW_AUX.ACT_LO_AUX/GENERATE_LEVEL_P_S_CDC.SINGLE_BIT.CROSS_PLEVEL_IN2SCNDRY_IN_cdc_to/C
                            (rising edge-triggered cell FDRE clocked by clk_out1_design_1_clk_wiz_1_0  {rise@0.000ns fall@5.000ns period=10.000ns})
  Destination:            design_1_i/rst_clk_wiz_1_100M/U0/EXT_LPF/ACTIVE_LOW_AUX.ACT_LO_AUX/GENERATE_LEVEL_P_S_CDC.SINGLE_BIT.CROSS_PLEVEL_IN2SCNDRY_s_level_out_d2/D
                            (rising edge-triggered cell FDRE clocked by clk_out1_design_1_clk_wiz_1_0  {rise@0.000ns fall@5.000ns period=10.000ns})
  Path Group:             clk_out1_design_1_clk_wiz_1_0
  Path Type:              Hold (Min at Fast Process Corner)
  Requirement:            0.000ns  (clk_out1_design_1_clk_wiz_1_0 rise@0.000ns - clk_out1_design_1_clk_wiz_1_0 rise@0.000ns)
  Data Path Delay:        0.197ns  (logic 0.141ns (71.611%)  route 0.056ns (28.389%))
  Logic Levels:           0  
  Clock Path Skew:        0.000ns (DCD - SCD - CPR)
    Destination Clock Delay (DCD):    -0.857ns
    Source Clock Delay      (SCD):    -0.618ns
    Clock Pessimism Removal (CPR):    -0.238ns

    Location             Delay type                Incr(ns)  Path(ns)    Netlist Resource(s)
  -------------------------------------------------------------------    -------------------
                         (clock clk_out1_design_1_clk_wiz_1_0 rise edge)
                                                      0.000     0.000 r  
    W5                                                0.000     0.000 r  sys_clock (IN)
                         net (fo=0)                   0.000     0.000    design_1_i/clk_wiz_1/inst/clk_in1
    W5                   IBUF (Prop_ibuf_I_O)         0.226     0.226 r  design_1_i/clk_wiz_1/inst/clkin1_ibufg/O
                         net (fo=1, routed)           0.440     0.667    design_1_i/clk_wiz_1/inst/clk_in1_design_1_clk_wiz_1_0
    MMCME2_ADV_X1Y0      MMCME2_ADV (Prop_mmcme2_adv_CLKIN1_CLKOUT0)
                                                     -2.360    -1.693 r  design_1_i/clk_wiz_1/inst/mmcm_adv_inst/CLKOUT0
                         net (fo=1, routed)           0.486    -1.207    design_1_i/clk_wiz_1/inst/clk_out1_design_1_clk_wiz_1_0
    BUFGCTRL_X0Y0        BUFG (Prop_bufg_I_O)         0.026    -1.181 r  design_1_i/clk_wiz_1/inst/clkout1_buf/O
                         net (fo=1516, routed)        0.563    -0.618    design_1_i/rst_clk_wiz_1_100M/U0/EXT_LPF/ACTIVE_LOW_AUX.ACT_LO_AUX/slowest_sync_clk
    SLICE_X43Y43         FDRE                                         r  design_1_i/rst_clk_wiz_1_100M/U0/EXT_LPF/ACTIVE_LOW_AUX.ACT_LO_AUX/GENERATE_LEVEL_P_S_CDC.SINGLE_BIT.CROSS_PLEVEL_IN2SCNDRY_IN_cdc_to/C
  -------------------------------------------------------------------    -------------------
    SLICE_X43Y43         FDRE (Prop_fdre_C_Q)         0.141    -0.477 r  design_1_i/rst_clk_wiz_1_100M/U0/EXT_LPF/ACTIVE_LOW_AUX.ACT_LO_AUX/GENERATE_LEVEL_P_S_CDC.SINGLE_BIT.CROSS_PLEVEL_IN2SCNDRY_IN_cdc_to/Q
                         net (fo=1, routed)           0.056    -0.421    design_1_i/rst_clk_wiz_1_100M/U0/EXT_LPF/ACTIVE_LOW_AUX.ACT_LO_AUX/s_level_out_d1_cdc_to
    SLICE_X43Y43         FDRE                                         r  design_1_i/rst_clk_wiz_1_100M/U0/EXT_LPF/ACTIVE_LOW_AUX.ACT_LO_AUX/GENERATE_LEVEL_P_S_CDC.SINGLE_BIT.CROSS_PLEVEL_IN2SCNDRY_s_level_out_d2/D
  -------------------------------------------------------------------    -------------------

                         (clock clk_out1_design_1_clk_wiz_1_0 rise edge)
                                                      0.000     0.000 r  
    W5                                                0.000     0.000 r  sys_clock (IN)
                         net (fo=0)                   0.000     0.000    design_1_i/clk_wiz_1/inst/clk_in1
    W5                   IBUF (Prop_ibuf_I_O)         0.414     0.414 r  design_1_i/clk_wiz_1/inst/clkin1_ibufg/O
                         net (fo=1, routed)           0.480     0.894    design_1_i/clk_wiz_1/inst/clk_in1_design_1_clk_wiz_1_0
    MMCME2_ADV_X1Y0      MMCME2_ADV (Prop_mmcme2_adv_CLKIN1_CLKOUT0)
                                                     -3.142    -2.248 r  design_1_i/clk_wiz_1/inst/mmcm_adv_inst/CLKOUT0
                         net (fo=1, routed)           0.530    -1.718    design_1_i/clk_wiz_1/inst/clk_out1_design_1_clk_wiz_1_0
    BUFGCTRL_X0Y0        BUFG (Prop_bufg_I_O)         0.029    -1.689 r  design_1_i/clk_wiz_1/inst/clkout1_buf/O
                         net (fo=1516, routed)        0.833    -0.857    design_1_i/rst_clk_wiz_1_100M/U0/EXT_LPF/ACTIVE_LOW_AUX.ACT_LO_AUX/slowest_sync_clk
    SLICE_X43Y43         FDRE                                         r  design_1_i/rst_clk_wiz_1_100M/U0/EXT_LPF/ACTIVE_LOW_AUX.ACT_LO_AUX/GENERATE_LEVEL_P_S_CDC.SINGLE_BIT.CROSS_PLEVEL_IN2SCNDRY_s_level_out_d2/C
                         clock pessimism              0.238    -0.618    
    SLICE_X43Y43         FDRE (Hold_fdre_C_D)         0.075    -0.543    design_1_i/rst_clk_wiz_1_100M/U0/EXT_LPF/ACTIVE_LOW_AUX.ACT_LO_AUX/GENERATE_LEVEL_P_S_CDC.SINGLE_BIT.CROSS_PLEVEL_IN2SCNDRY_s_level_out_d2
  -------------------------------------------------------------------
                         required time                          0.543    
                         arrival time                          -0.421    
  -------------------------------------------------------------------
                         slack                                  0.122    





Pulse Width Checks
--------------------------------------------------------------------------------------
Clock Name:         clk_out1_design_1_clk_wiz_1_0
Waveform(ns):       { 0.000 5.000 }
Period(ns):         10.000
Sources:            { design_1_i/clk_wiz_1/inst/mmcm_adv_inst/CLKOUT0 }

Check Type        Corner  Lib Pin             Reference Pin  Required(ns)  Actual(ns)  Slack(ns)  Location         Pin
Min Period        n/a     RAMB36E1/CLKARDCLK  n/a            2.576         10.000      7.424      RAMB36_X0Y1      design_1_i/microblaze_0_local_memory/lmb_bram/U0/inst_blk_mem_gen/gnbram.gnative_mem_map_bmg.native_mem_map_blk_mem_gen/valid.cstr/ramloop[11].ram.r/prim_noinit.ram/DEVICE_7SERIES.WITH_BMM_INFO.TRUE_DP.SIMPLE_PRIM36.TDP_SP36_NO_ECC_ATTR.ram/CLKARDCLK
Min Period        n/a     RAMB36E1/CLKBWRCLK  n/a            2.576         10.000      7.424      RAMB36_X0Y1      design_1_i/microblaze_0_local_memory/lmb_bram/U0/inst_blk_mem_gen/gnbram.gnative_mem_map_bmg.native_mem_map_blk_mem_gen/valid.cstr/ramloop[11].ram.r/prim_noinit.ram/DEVICE_7SERIES.WITH_BMM_INFO.TRUE_DP.SIMPLE_PRIM36.TDP_SP36_NO_ECC_ATTR.ram/CLKBWRCLK
Min Period        n/a     RAMB36E1/CLKARDCLK  n/a            2.576         10.000      7.424      RAMB36_X1Y10     design_1_i/microblaze_0_local_memory/lmb_bram/U0/inst_blk_mem_gen/gnbram.gnative_mem_map_bmg.native_mem_map_blk_mem_gen/valid.cstr/ramloop[14].ram.r/prim_noinit.ram/DEVICE_7SERIES.WITH_BMM_INFO.TRUE_DP.SIMPLE_PRIM36.TDP_SP36_NO_ECC_ATTR.ram/CLKARDCLK
Min Period        n/a     RAMB36E1/CLKBWRCLK  n/a            2.576         10.000      7.424      RAMB36_X1Y10     design_1_i/microblaze_0_local_memory/lmb_bram/U0/inst_blk_mem_gen/gnbram.gnative_mem_map_bmg.native_mem_map_blk_mem_gen/valid.cstr/ramloop[14].ram.r/prim_noinit.ram/DEVICE_7SERIES.WITH_BMM_INFO.TRUE_DP.SIMPLE_PRIM36.TDP_SP36_NO_ECC_ATTR.ram/CLKBWRCLK
Min Period        n/a     RAMB36E1/CLKARDCLK  n/a            2.576         10.000      7.424      RAMB36_X1Y5      design_1_i/microblaze_0_local_memory/lmb_bram/U0/inst_blk_mem_gen/gnbram.gnative_mem_map_bmg.native_mem_map_blk_mem_gen/valid.cstr/ramloop[17].ram.r/prim_noinit.ram/DEVICE_7SERIES.WITH_BMM_INFO.TRUE_DP.SIMPLE_PRIM36.TDP_SP36_NO_ECC_ATTR.ram/CLKARDCLK
Min Period        n/a     RAMB36E1/CLKBWRCLK  n/a            2.576         10.000      7.424      RAMB36_X1Y5      design_1_i/microblaze_0_local_memory/lmb_bram/U0/inst_blk_mem_gen/gnbram.gnative_mem_map_bmg.native_mem_map_blk_mem_gen/valid.cstr/ramloop[17].ram.r/prim_noinit.ram/DEVICE_7SERIES.WITH_BMM_INFO.TRUE_DP.SIMPLE_PRIM36.TDP_SP36_NO_ECC_ATTR.ram/CLKBWRCLK
Min Period        n/a     RAMB36E1/CLKARDCLK  n/a            2.576         10.000      7.424      RAMB36_X1Y7      design_1_i/microblaze_0_local_memory/lmb_bram/U0/inst_blk_mem_gen/gnbram.gnative_mem_map_bmg.native_mem_map_blk_mem_gen/valid.cstr/ramloop[1].ram.r/prim_noinit.ram/DEVICE_7SERIES.WITH_BMM_INFO.TRUE_DP.SIMPLE_PRIM36.TDP_SP36_NO_ECC_ATTR.ram/CLKARDCLK
Min Period        n/a     RAMB36E1/CLKBWRCLK  n/a            2.576         10.000      7.424      RAMB36_X1Y7      design_1_i/microblaze_0_local_memory/lmb_bram/U0/inst_blk_mem_gen/gnbram.gnative_mem_map_bmg.native_mem_map_blk_mem_gen/valid.cstr/ramloop[1].ram.r/prim_noinit.ram/DEVICE_7SERIES.WITH_BMM_INFO.TRUE_DP.SIMPLE_PRIM36.TDP_SP36_NO_ECC_ATTR.ram/CLKBWRCLK
Min Period        n/a     RAMB36E1/CLKARDCLK  n/a            2.576         10.000      7.424      RAMB36_X0Y4      design_1_i/microblaze_0_local_memory/lmb_bram/U0/inst_blk_mem_gen/gnbram.gnative_mem_map_bmg.native_mem_map_blk_mem_gen/valid.cstr/ramloop[22].ram.r/prim_noinit.ram/DEVICE_7SERIES.WITH_BMM_INFO.TRUE_DP.SIMPLE_PRIM36.TDP_SP36_NO_ECC_ATTR.ram/CLKARDCLK
Min Period        n/a     RAMB36E1/CLKBWRCLK  n/a            2.576         10.000      7.424      RAMB36_X0Y4      design_1_i/microblaze_0_local_memory/lmb_bram/U0/inst_blk_mem_gen/gnbram.gnative_mem_map_bmg.native_mem_map_blk_mem_gen/valid.cstr/ramloop[22].ram.r/prim_noinit.ram/DEVICE_7SERIES.WITH_BMM_INFO.TRUE_DP.SIMPLE_PRIM36.TDP_SP36_NO_ECC_ATTR.ram/CLKBWRCLK
Max Period        n/a     MMCME2_ADV/CLKOUT0  n/a            213.360       10.000      203.360    MMCME2_ADV_X1Y0  design_1_i/clk_wiz_1/inst/mmcm_adv_inst/CLKOUT0
Low Pulse Width   Slow    RAMD32/CLK          n/a            1.250         5.000       3.750      SLICE_X38Y27     design_1_i/microblaze_0/U0/MicroBlaze_Core_I/Performance.Core/Data_Flow_I/Register_File_I/Using_LUT6.All_RAM32M[15].ram32m_i/Using_FPGA.Native/RAMA/CLK
Low Pulse Width   Slow    RAMD32/CLK          n/a            1.250         5.000       3.750      SLICE_X38Y27     design_1_i/microblaze_0/U0/MicroBlaze_Core_I/Performance.Core/Data_Flow_I/Register_File_I/Using_LUT6.All_RAM32M[15].ram32m_i/Using_FPGA.Native/RAMA_D1/CLK
Low Pulse Width   Slow    RAMD32/CLK          n/a            1.250         5.000       3.750      SLICE_X38Y27     design_1_i/microblaze_0/U0/MicroBlaze_Core_I/Performance.Core/Data_Flow_I/Register_File_I/Using_LUT6.All_RAM32M[15].ram32m_i/Using_FPGA.Native/RAMB/CLK
Low Pulse Width   Slow    RAMD32/CLK          n/a            1.250         5.000       3.750      SLICE_X38Y27     design_1_i/microblaze_0/U0/MicroBlaze_Core_I/Performance.Core/Data_Flow_I/Register_File_I/Using_LUT6.All_RAM32M[15].ram32m_i/Using_FPGA.Native/RAMB_D1/CLK
Low Pulse Width   Slow    RAMD32/CLK          n/a            1.250         5.000       3.750      SLICE_X38Y27     design_1_i/microblaze_0/U0/MicroBlaze_Core_I/Performance.Core/Data_Flow_I/Register_File_I/Using_LUT6.All_RAM32M[15].ram32m_i/Using_FPGA.Native/RAMC/CLK
Low Pulse Width   Slow    RAMD32/CLK          n/a            1.250         5.000       3.750      SLICE_X38Y27     design_1_i/microblaze_0/U0/MicroBlaze_Core_I/Performance.Core/Data_Flow_I/Register_File_I/Using_LUT6.All_RAM32M[15].ram32m_i/Using_FPGA.Native/RAMC_D1/CLK
Low Pulse Width   Slow    RAMS32/CLK          n/a            1.250         5.000       3.750      SLICE_X38Y27     design_1_i/microblaze_0/U0/MicroBlaze_Core_I/Performance.Core/Data_Flow_I/Register_File_I/Using_LUT6.All_RAM32M[15].ram32m_i/Using_FPGA.Native/RAMD/CLK
Low Pulse Width   Slow    RAMS32/CLK          n/a            1.250         5.000       3.750      SLICE_X38Y27     design_1_i/microblaze_0/U0/MicroBlaze_Core_I/Performance.Core/Data_Flow_I/Register_File_I/Using_LUT6.All_RAM32M[15].ram32m_i/Using_FPGA.Native/RAMD_D1/CLK
Low Pulse Width   Slow    RAMD32/CLK          n/a            1.250         5.000       3.750      SLICE_X38Y33     design_1_i/microblaze_0/U0/MicroBlaze_Core_I/Performance.Core/Data_Flow_I/Register_File_I/Using_LUT6.All_RAM32M[4].ram32m_i/Using_FPGA.Native/RAMA/CLK
Low Pulse Width   Slow    RAMD32/CLK          n/a            1.250         5.000       3.750      SLICE_X38Y33     design_1_i/microblaze_0/U0/MicroBlaze_Core_I/Performance.Core/Data_Flow_I/Register_File_I/Using_LUT6.All_RAM32M[4].ram32m_i/Using_FPGA.Native/RAMA_D1/CLK
High Pulse Width  Slow    RAMD32/CLK          n/a            1.250         5.000       3.750      SLICE_X38Y37     design_1_i/microblaze_0/U0/MicroBlaze_Core_I/Performance.Core/Data_Flow_I/Register_File_I/Using_LUT6.All_RAM32M[0].ram32m_i/Using_FPGA.Native/RAMA/CLK
High Pulse Width  Slow    RAMD32/CLK          n/a            1.250         5.000       3.750      SLICE_X38Y37     design_1_i/microblaze_0/U0/MicroBlaze_Core_I/Performance.Core/Data_Flow_I/Register_File_I/Using_LUT6.All_RAM32M[0].ram32m_i/Using_FPGA.Native/RAMA_D1/CLK
High Pulse Width  Slow    RAMD32/CLK          n/a            1.250         5.000       3.750      SLICE_X38Y37     design_1_i/microblaze_0/U0/MicroBlaze_Core_I/Performance.Core/Data_Flow_I/Register_File_I/Using_LUT6.All_RAM32M[0].ram32m_i/Using_FPGA.Native/RAMB/CLK
High Pulse Width  Slow    RAMD32/CLK          n/a            1.250         5.000       3.750      SLICE_X38Y37     design_1_i/microblaze_0/U0/MicroBlaze_Core_I/Performance.Core/Data_Flow_I/Register_File_I/Using_LUT6.All_RAM32M[0].ram32m_i/Using_FPGA.Native/RAMB_D1/CLK
High Pulse Width  Slow    RAMD32/CLK          n/a            1.250         5.000       3.750      SLICE_X38Y37     design_1_i/microblaze_0/U0/MicroBlaze_Core_I/Performance.Core/Data_Flow_I/Register_File_I/Using_LUT6.All_RAM32M[0].ram32m_i/Using_FPGA.Native/RAMC/CLK
High Pulse Width  Slow    RAMD32/CLK          n/a            1.250         5.000       3.750      SLICE_X38Y37     design_1_i/microblaze_0/U0/MicroBlaze_Core_I/Performance.Core/Data_Flow_I/Register_File_I/Using_LUT6.All_RAM32M[0].ram32m_i/Using_FPGA.Native/RAMC_D1/CLK
High Pulse Width  Slow    RAMS32/CLK          n/a            1.250         5.000       3.750      SLICE_X38Y37     design_1_i/microblaze_0/U0/MicroBlaze_Core_I/Performance.Core/Data_Flow_I/Register_File_I/Using_LUT6.All_RAM32M[0].ram32m_i/Using_FPGA.Native/RAMD/CLK
High Pulse Width  Slow    RAMS32/CLK          n/a            1.250         5.000       3.750      SLICE_X38Y37     design_1_i/microblaze_0/U0/MicroBlaze_Core_I/Performance.Core/Data_Flow_I/Register_File_I/Using_LUT6.All_RAM32M[0].ram32m_i/Using_FPGA.Native/RAMD_D1/CLK
High Pulse Width  Fast    RAMD32/CLK          n/a            1.250         5.000       3.750      SLICE_X46Y29     design_1_i/microblaze_0/U0/MicroBlaze_Core_I/Performance.Core/Data_Flow_I/Register_File_I/Using_LUT6.All_RAM32M[11].ram32m_i/Using_FPGA.Native/RAMA/CLK
High Pulse Width  Fast    RAMD32/CLK          n/a            1.250         5.000       3.750      SLICE_X46Y29     design_1_i/microblaze_0/U0/MicroBlaze_Core_I/Performance.Core/Data_Flow_I/Register_File_I/Using_LUT6.All_RAM32M[11].ram32m_i/Using_FPGA.Native/RAMA_D1/CLK



---------------------------------------------------------------------------------------------------
From Clock:  clkfbout_design_1_clk_wiz_1_0
  To Clock:  clkfbout_design_1_clk_wiz_1_0

Setup :           NA  Failing Endpoints,  Worst Slack           NA  ,  Total Violation           NA
Hold  :           NA  Failing Endpoints,  Worst Slack           NA  ,  Total Violation           NA
PW    :            0  Failing Endpoints,  Worst Slack        7.845ns,  Total Violation        0.000ns
---------------------------------------------------------------------------------------------------


Pulse Width Checks
--------------------------------------------------------------------------------------
Clock Name:         clkfbout_design_1_clk_wiz_1_0
Waveform(ns):       { 0.000 5.000 }
Period(ns):         10.000
Sources:            { design_1_i/clk_wiz_1/inst/mmcm_adv_inst/CLKFBOUT }

Check Type  Corner  Lib Pin              Reference Pin  Required(ns)  Actual(ns)  Slack(ns)  Location         Pin
Min Period  n/a     BUFG/I               n/a            2.155         10.000      7.845      BUFGCTRL_X0Y3    design_1_i/clk_wiz_1/inst/clkf_buf/I
Min Period  n/a     MMCME2_ADV/CLKFBOUT  n/a            1.249         10.000      8.751      MMCME2_ADV_X1Y0  design_1_i/clk_wiz_1/inst/mmcm_adv_inst/CLKFBOUT
Min Period  n/a     MMCME2_ADV/CLKFBIN   n/a            1.249         10.000      8.751      MMCME2_ADV_X1Y0  design_1_i/clk_wiz_1/inst/mmcm_adv_inst/CLKFBIN
Max Period  n/a     MMCME2_ADV/CLKFBIN   n/a            100.000       10.000      90.000     MMCME2_ADV_X1Y0  design_1_i/clk_wiz_1/inst/mmcm_adv_inst/CLKFBIN
Max Period  n/a     MMCME2_ADV/CLKFBOUT  n/a            213.360       10.000      203.360    MMCME2_ADV_X1Y0  design_1_i/clk_wiz_1/inst/mmcm_adv_inst/CLKFBOUT



---------------------------------------------------------------------------------------------------
From Clock:  clk_out1_design_1_clk_wiz_1_0
  To Clock:  clk_out1_design_1_clk_wiz_1_0_1

Setup :            0  Failing Endpoints,  Worst Slack        2.114ns,  Total Violation        0.000ns
Hold  :            0  Failing Endpoints,  Worst Slack        0.032ns,  Total Violation        0.000ns
---------------------------------------------------------------------------------------------------


Max Delay Paths
--------------------------------------------------------------------------------------
Slack (MET) :             2.114ns  (required time - arrival time)
  Source:                 design_1_i/microblaze_0/U0/MicroBlaze_Core_I/Performance.Core/Data_Flow_I/Operand_Select_I/EX_Branch_CMP_Op1_reg[24]/C
                            (rising edge-triggered cell FDRE clocked by clk_out1_design_1_clk_wiz_1_0  {rise@0.000ns fall@5.000ns period=10.000ns})
  Destination:            design_1_i/microblaze_0_local_memory/lmb_bram/U0/inst_blk_mem_gen/gnbram.gnative_mem_map_bmg.native_mem_map_blk_mem_gen/valid.cstr/ramloop[2].ram.r/prim_noinit.ram/DEVICE_7SERIES.WITH_BMM_INFO.TRUE_DP.SIMPLE_PRIM36.TDP_SP36_NO_ECC_ATTR.ram/ADDRBWRADDR[12]
                            (rising edge-triggered cell RAMB36E1 clocked by clk_out1_design_1_clk_wiz_1_0_1  {rise@0.000ns fall@5.000ns period=10.000ns})
  Path Group:             clk_out1_design_1_clk_wiz_1_0_1
  Path Type:              Setup (Max at Slow Process Corner)
  Requirement:            10.000ns  (clk_out1_design_1_clk_wiz_1_0_1 rise@10.000ns - clk_out1_design_1_clk_wiz_1_0 rise@0.000ns)
  Data Path Delay:        6.974ns  (logic 1.913ns (27.432%)  route 5.061ns (72.568%))
  Logic Levels:           5  (CARRY4=3 LUT3=1 LUT6=1)
  Clock Path Skew:        -0.065ns (DCD - SCD + CPR)
    Destination Clock Delay (DCD):    -1.508ns = ( 8.492 - 10.000 ) 
    Source Clock Delay      (SCD):    -0.952ns
    Clock Pessimism Removal (CPR):    0.492ns
  Clock Uncertainty:      0.074ns  ((TSJ^2 + DJ^2)^1/2) / 2 + PE
    Total System Jitter     (TSJ):    0.071ns
    Discrete Jitter          (DJ):    0.131ns
    Phase Error              (PE):    0.000ns
  Clock Domain Crossing:  Inter clock paths are considered valid unless explicitly excluded by timing constraints such as set_clock_groups or set_false_path.

    Location             Delay type                Incr(ns)  Path(ns)    Netlist Resource(s)
  -------------------------------------------------------------------    -------------------
                         (clock clk_out1_design_1_clk_wiz_1_0 rise edge)
                                                      0.000     0.000 r  
    W5                                                0.000     0.000 r  sys_clock (IN)
                         net (fo=0)                   0.000     0.000    design_1_i/clk_wiz_1/inst/clk_in1
    W5                   IBUF (Prop_ibuf_I_O)         1.458     1.458 r  design_1_i/clk_wiz_1/inst/clkin1_ibufg/O
                         net (fo=1, routed)           1.233     2.691    design_1_i/clk_wiz_1/inst/clk_in1_design_1_clk_wiz_1_0
    MMCME2_ADV_X1Y0      MMCME2_ADV (Prop_mmcme2_adv_CLKIN1_CLKOUT0)
                                                     -6.961    -4.269 r  design_1_i/clk_wiz_1/inst/mmcm_adv_inst/CLKOUT0
                         net (fo=1, routed)           1.661    -2.608    design_1_i/clk_wiz_1/inst/clk_out1_design_1_clk_wiz_1_0
    BUFGCTRL_X0Y0        BUFG (Prop_bufg_I_O)         0.096    -2.512 r  design_1_i/clk_wiz_1/inst/clkout1_buf/O
                         net (fo=1516, routed)        1.560    -0.952    design_1_i/microblaze_0/U0/MicroBlaze_Core_I/Performance.Core/Data_Flow_I/Operand_Select_I/Clk
    SLICE_X51Y31         FDRE                                         r  design_1_i/microblaze_0/U0/MicroBlaze_Core_I/Performance.Core/Data_Flow_I/Operand_Select_I/EX_Branch_CMP_Op1_reg[24]/C
  -------------------------------------------------------------------    -------------------
    SLICE_X51Y31         FDRE (Prop_fdre_C_Q)         0.456    -0.496 f  design_1_i/microblaze_0/U0/MicroBlaze_Core_I/Performance.Core/Data_Flow_I/Operand_Select_I/EX_Branch_CMP_Op1_reg[24]/Q
                         net (fo=1, routed)           1.342     0.847    design_1_i/microblaze_0/U0/MicroBlaze_Core_I/Performance.Core/Data_Flow_I/Zero_Detect_I/Q[5]
    SLICE_X45Y34         LUT6 (Prop_lut6_I1_O)        0.124     0.971 r  design_1_i/microblaze_0/U0/MicroBlaze_Core_I/Performance.Core/Data_Flow_I/Zero_Detect_I/S0_inferred__0/i_/O
                         net (fo=1, routed)           0.000     0.971    design_1_i/microblaze_0/U0/MicroBlaze_Core_I/Performance.Core/Data_Flow_I/Zero_Detect_I/Zero_Detecting[3].I_Part_Of_Zero_Detect/lopt_2
    SLICE_X45Y34         CARRY4 (Prop_carry4_S[1]_CO[3])
                                                      0.550     1.521 r  design_1_i/microblaze_0/U0/MicroBlaze_Core_I/Performance.Core/Data_Flow_I/Zero_Detect_I/Zero_Detecting[3].I_Part_Of_Zero_Detect/Using_FPGA.Native_CARRY4/CO[3]
                         net (fo=1, routed)           0.000     1.521    design_1_i/microblaze_0/U0/MicroBlaze_Core_I/Performance.Core/Decode_I/jump_logic_I1/MUXCY_JUMP_CARRY2/jump_carry1
    SLICE_X45Y35         CARRY4 (Prop_carry4_CI_CO[3])
                                                      0.114     1.635 r  design_1_i/microblaze_0/U0/MicroBlaze_Core_I/Performance.Core/Decode_I/jump_logic_I1/MUXCY_JUMP_CARRY2/Using_FPGA.Native_CARRY4/CO[3]
                         net (fo=1, routed)           0.000     1.635    design_1_i/microblaze_0/U0/MicroBlaze_Core_I/Performance.Core/Decode_I/jump_logic_I1/MUXCY_JUMP_CARRY6/jump_carry5
    SLICE_X45Y36         CARRY4 (Prop_carry4_CI_CO[0])
                                                      0.271     1.906 r  design_1_i/microblaze_0/U0/MicroBlaze_Core_I/Performance.Core/Decode_I/jump_logic_I1/MUXCY_JUMP_CARRY6/Using_FPGA.Native_CARRY4/CO[0]
                         net (fo=46, routed)          0.898     2.804    design_1_i/microblaze_0/U0/MicroBlaze_Core_I/Performance.Core/Decode_I/jump_logic_I1/MUXCY_JUMP_CARRY6/in0
    SLICE_X40Y30         LUT3 (Prop_lut3_I1_O)        0.398     3.202 r  design_1_i/microblaze_0/U0/MicroBlaze_Core_I/Performance.Core/Decode_I/jump_logic_I1/MUXCY_JUMP_CARRY6/Instr_Addr[17]_INST_0/O
                         net (fo=33, routed)          2.820     6.022    design_1_i/microblaze_0_local_memory/lmb_bram/U0/inst_blk_mem_gen/gnbram.gnative_mem_map_bmg.native_mem_map_blk_mem_gen/valid.cstr/ramloop[2].ram.r/prim_noinit.ram/addrb[12]
    RAMB36_X0Y7          RAMB36E1                                     r  design_1_i/microblaze_0_local_memory/lmb_bram/U0/inst_blk_mem_gen/gnbram.gnative_mem_map_bmg.native_mem_map_blk_mem_gen/valid.cstr/ramloop[2].ram.r/prim_noinit.ram/DEVICE_7SERIES.WITH_BMM_INFO.TRUE_DP.SIMPLE_PRIM36.TDP_SP36_NO_ECC_ATTR.ram/ADDRBWRADDR[12]
  -------------------------------------------------------------------    -------------------

                         (clock clk_out1_design_1_clk_wiz_1_0_1 rise edge)
                                                     10.000    10.000 r  
    W5                                                0.000    10.000 r  sys_clock (IN)
                         net (fo=0)                   0.000    10.000    design_1_i/clk_wiz_1/inst/clk_in1
    W5                   IBUF (Prop_ibuf_I_O)         1.388    11.388 r  design_1_i/clk_wiz_1/inst/clkin1_ibufg/O
                         net (fo=1, routed)           1.162    12.550    design_1_i/clk_wiz_1/inst/clk_in1_design_1_clk_wiz_1_0
    MMCME2_ADV_X1Y0      MMCME2_ADV (Prop_mmcme2_adv_CLKIN1_CLKOUT0)
                                                     -7.217     5.332 r  design_1_i/clk_wiz_1/inst/mmcm_adv_inst/CLKOUT0
                         net (fo=1, routed)           1.581     6.914    design_1_i/clk_wiz_1/inst/clk_out1_design_1_clk_wiz_1_0
    BUFGCTRL_X0Y0        BUFG (Prop_bufg_I_O)         0.091     7.005 r  design_1_i/clk_wiz_1/inst/clkout1_buf/O
                         net (fo=1516, routed)        1.488     8.492    design_1_i/microblaze_0_local_memory/lmb_bram/U0/inst_blk_mem_gen/gnbram.gnative_mem_map_bmg.native_mem_map_blk_mem_gen/valid.cstr/ramloop[2].ram.r/prim_noinit.ram/clkb
    RAMB36_X0Y7          RAMB36E1                                     r  design_1_i/microblaze_0_local_memory/lmb_bram/U0/inst_blk_mem_gen/gnbram.gnative_mem_map_bmg.native_mem_map_blk_mem_gen/valid.cstr/ramloop[2].ram.r/prim_noinit.ram/DEVICE_7SERIES.WITH_BMM_INFO.TRUE_DP.SIMPLE_PRIM36.TDP_SP36_NO_ECC_ATTR.ram/CLKBWRCLK
                         clock pessimism              0.492     8.984    
                         clock uncertainty           -0.074     8.910    
    RAMB36_X0Y7          RAMB36E1 (Setup_ramb36e1_CLKBWRCLK_ADDRBWRADDR[12])
                                                     -0.774     8.136    design_1_i/microblaze_0_local_memory/lmb_bram/U0/inst_blk_mem_gen/gnbram.gnative_mem_map_bmg.native_mem_map_blk_mem_gen/valid.cstr/ramloop[2].ram.r/prim_noinit.ram/DEVICE_7SERIES.WITH_BMM_INFO.TRUE_DP.SIMPLE_PRIM36.TDP_SP36_NO_ECC_ATTR.ram
  -------------------------------------------------------------------
                         required time                          8.136    
                         arrival time                          -6.022    
  -------------------------------------------------------------------
                         slack                                  2.114    

Slack (MET) :             2.117ns  (required time - arrival time)
  Source:                 design_1_i/microblaze_0/U0/MicroBlaze_Core_I/Performance.Core/Data_Flow_I/Operand_Select_I/EX_Branch_CMP_Op1_reg[24]/C
                            (rising edge-triggered cell FDRE clocked by clk_out1_design_1_clk_wiz_1_0  {rise@0.000ns fall@5.000ns period=10.000ns})
  Destination:            design_1_i/microblaze_0_local_memory/lmb_bram/U0/inst_blk_mem_gen/gnbram.gnative_mem_map_bmg.native_mem_map_blk_mem_gen/valid.cstr/ramloop[11].ram.r/prim_noinit.ram/DEVICE_7SERIES.WITH_BMM_INFO.TRUE_DP.SIMPLE_PRIM36.TDP_SP36_NO_ECC_ATTR.ram/ENBWREN
                            (rising edge-triggered cell RAMB36E1 clocked by clk_out1_design_1_clk_wiz_1_0_1  {rise@0.000ns fall@5.000ns period=10.000ns})
  Path Group:             clk_out1_design_1_clk_wiz_1_0_1
  Path Type:              Setup (Max at Slow Process Corner)
  Requirement:            10.000ns  (clk_out1_design_1_clk_wiz_1_0_1 rise@10.000ns - clk_out1_design_1_clk_wiz_1_0 rise@0.000ns)
  Data Path Delay:        7.306ns  (logic 2.012ns (27.539%)  route 5.294ns (72.461%))
  Logic Levels:           6  (CARRY4=3 LUT6=3)
  Clock Path Skew:        -0.060ns (DCD - SCD + CPR)
    Destination Clock Delay (DCD):    -1.503ns = ( 8.497 - 10.000 ) 
    Source Clock Delay      (SCD):    -0.952ns
    Clock Pessimism Removal (CPR):    0.492ns
  Clock Uncertainty:      0.074ns  ((TSJ^2 + DJ^2)^1/2) / 2 + PE
    Total System Jitter     (TSJ):    0.071ns
    Discrete Jitter          (DJ):    0.131ns
    Phase Error              (PE):    0.000ns
  Clock Domain Crossing:  Inter clock paths are considered valid unless explicitly excluded by timing constraints such as set_clock_groups or set_false_path.

    Location             Delay type                Incr(ns)  Path(ns)    Netlist Resource(s)
  -------------------------------------------------------------------    -------------------
                         (clock clk_out1_design_1_clk_wiz_1_0 rise edge)
                                                      0.000     0.000 r  
    W5                                                0.000     0.000 r  sys_clock (IN)
                         net (fo=0)                   0.000     0.000    design_1_i/clk_wiz_1/inst/clk_in1
    W5                   IBUF (Prop_ibuf_I_O)         1.458     1.458 r  design_1_i/clk_wiz_1/inst/clkin1_ibufg/O
                         net (fo=1, routed)           1.233     2.691    design_1_i/clk_wiz_1/inst/clk_in1_design_1_clk_wiz_1_0
    MMCME2_ADV_X1Y0      MMCME2_ADV (Prop_mmcme2_adv_CLKIN1_CLKOUT0)
                                                     -6.961    -4.269 r  design_1_i/clk_wiz_1/inst/mmcm_adv_inst/CLKOUT0
                         net (fo=1, routed)           1.661    -2.608    design_1_i/clk_wiz_1/inst/clk_out1_design_1_clk_wiz_1_0
    BUFGCTRL_X0Y0        BUFG (Prop_bufg_I_O)         0.096    -2.512 r  design_1_i/clk_wiz_1/inst/clkout1_buf/O
                         net (fo=1516, routed)        1.560    -0.952    design_1_i/microblaze_0/U0/MicroBlaze_Core_I/Performance.Core/Data_Flow_I/Operand_Select_I/Clk
    SLICE_X51Y31         FDRE                                         r  design_1_i/microblaze_0/U0/MicroBlaze_Core_I/Performance.Core/Data_Flow_I/Operand_Select_I/EX_Branch_CMP_Op1_reg[24]/C
  -------------------------------------------------------------------    -------------------
    SLICE_X51Y31         FDRE (Prop_fdre_C_Q)         0.456    -0.496 f  design_1_i/microblaze_0/U0/MicroBlaze_Core_I/Performance.Core/Data_Flow_I/Operand_Select_I/EX_Branch_CMP_Op1_reg[24]/Q
                         net (fo=1, routed)           1.342     0.847    design_1_i/microblaze_0/U0/MicroBlaze_Core_I/Performance.Core/Data_Flow_I/Zero_Detect_I/Q[5]
    SLICE_X45Y34         LUT6 (Prop_lut6_I1_O)        0.124     0.971 r  design_1_i/microblaze_0/U0/MicroBlaze_Core_I/Performance.Core/Data_Flow_I/Zero_Detect_I/S0_inferred__0/i_/O
                         net (fo=1, routed)           0.000     0.971    design_1_i/microblaze_0/U0/MicroBlaze_Core_I/Performance.Core/Data_Flow_I/Zero_Detect_I/Zero_Detecting[3].I_Part_Of_Zero_Detect/lopt_2
    SLICE_X45Y34         CARRY4 (Prop_carry4_S[1]_CO[3])
                                                      0.550     1.521 r  design_1_i/microblaze_0/U0/MicroBlaze_Core_I/Performance.Core/Data_Flow_I/Zero_Detect_I/Zero_Detecting[3].I_Part_Of_Zero_Detect/Using_FPGA.Native_CARRY4/CO[3]
                         net (fo=1, routed)           0.000     1.521    design_1_i/microblaze_0/U0/MicroBlaze_Core_I/Performance.Core/Decode_I/jump_logic_I1/MUXCY_JUMP_CARRY2/jump_carry1
    SLICE_X45Y35         CARRY4 (Prop_carry4_CI_CO[3])
                                                      0.114     1.635 r  design_1_i/microblaze_0/U0/MicroBlaze_Core_I/Performance.Core/Decode_I/jump_logic_I1/MUXCY_JUMP_CARRY2/Using_FPGA.Native_CARRY4/CO[3]
                         net (fo=1, routed)           0.000     1.635    design_1_i/microblaze_0/U0/MicroBlaze_Core_I/Performance.Core/Decode_I/jump_logic_I1/MUXCY_JUMP_CARRY6/jump_carry5
    SLICE_X45Y36         CARRY4 (Prop_carry4_CI_CO[0])
                                                      0.271     1.906 r  design_1_i/microblaze_0/U0/MicroBlaze_Core_I/Performance.Core/Decode_I/jump_logic_I1/MUXCY_JUMP_CARRY6/Using_FPGA.Native_CARRY4/CO[0]
                         net (fo=46, routed)          1.006     2.912    design_1_i/microblaze_0/U0/MicroBlaze_Core_I/Performance.Core/Decode_I/PreFetch_Buffer_I1/Gen_Mux_Select_LUT6[2].Gen_Sel_DFF/ex_jump
    SLICE_X42Y40         LUT6 (Prop_lut6_I1_O)        0.373     3.285 r  design_1_i/microblaze_0/U0/MicroBlaze_Core_I/Performance.Core/Decode_I/PreFetch_Buffer_I1/Gen_Mux_Select_LUT6[2].Gen_Sel_DFF/I_AS_INST_0/O
                         net (fo=35, routed)          2.453     5.738    design_1_i/microblaze_0_local_memory/lmb_bram/U0/inst_blk_mem_gen/gnbram.gnative_mem_map_bmg.native_mem_map_blk_mem_gen/valid.cstr/ramloop[11].ram.r/prim_noinit.ram/pwropt_6
    SLICE_X8Y9           LUT6 (Prop_lut6_I3_O)        0.124     5.862 r  design_1_i/microblaze_0_local_memory/lmb_bram/U0/inst_blk_mem_gen/gnbram.gnative_mem_map_bmg.native_mem_map_blk_mem_gen/valid.cstr/ramloop[11].ram.r/prim_noinit.ram/DEVICE_7SERIES.WITH_BMM_INFO.TRUE_DP.SIMPLE_PRIM36.TDP_SP36_NO_ECC_ATTR.ram_ENBWREN_cooolgate_en_gate_5_LOPT_REMAP/O
                         net (fo=1, routed)           0.493     6.354    design_1_i/microblaze_0_local_memory/lmb_bram/U0/inst_blk_mem_gen/gnbram.gnative_mem_map_bmg.native_mem_map_blk_mem_gen/valid.cstr/ramloop[11].ram.r/prim_noinit.ram/DEVICE_7SERIES.WITH_BMM_INFO.TRUE_DP.SIMPLE_PRIM36.TDP_SP36_NO_ECC_ATTR.ram_ENBWREN_cooolgate_en_sig_3
    RAMB36_X0Y1          RAMB36E1                                     r  design_1_i/microblaze_0_local_memory/lmb_bram/U0/inst_blk_mem_gen/gnbram.gnative_mem_map_bmg.native_mem_map_blk_mem_gen/valid.cstr/ramloop[11].ram.r/prim_noinit.ram/DEVICE_7SERIES.WITH_BMM_INFO.TRUE_DP.SIMPLE_PRIM36.TDP_SP36_NO_ECC_ATTR.ram/ENBWREN
  -------------------------------------------------------------------    -------------------

                         (clock clk_out1_design_1_clk_wiz_1_0_1 rise edge)
                                                     10.000    10.000 r  
    W5                                                0.000    10.000 r  sys_clock (IN)
                         net (fo=0)                   0.000    10.000    design_1_i/clk_wiz_1/inst/clk_in1
    W5                   IBUF (Prop_ibuf_I_O)         1.388    11.388 r  design_1_i/clk_wiz_1/inst/clkin1_ibufg/O
                         net (fo=1, routed)           1.162    12.550    design_1_i/clk_wiz_1/inst/clk_in1_design_1_clk_wiz_1_0
    MMCME2_ADV_X1Y0      MMCME2_ADV (Prop_mmcme2_adv_CLKIN1_CLKOUT0)
                                                     -7.217     5.332 r  design_1_i/clk_wiz_1/inst/mmcm_adv_inst/CLKOUT0
                         net (fo=1, routed)           1.581     6.914    design_1_i/clk_wiz_1/inst/clk_out1_design_1_clk_wiz_1_0
    BUFGCTRL_X0Y0        BUFG (Prop_bufg_I_O)         0.091     7.005 r  design_1_i/clk_wiz_1/inst/clkout1_buf/O
                         net (fo=1516, routed)        1.493     8.497    design_1_i/microblaze_0_local_memory/lmb_bram/U0/inst_blk_mem_gen/gnbram.gnative_mem_map_bmg.native_mem_map_blk_mem_gen/valid.cstr/ramloop[11].ram.r/prim_noinit.ram/clkb
    RAMB36_X0Y1          RAMB36E1                                     r  design_1_i/microblaze_0_local_memory/lmb_bram/U0/inst_blk_mem_gen/gnbram.gnative_mem_map_bmg.native_mem_map_blk_mem_gen/valid.cstr/ramloop[11].ram.r/prim_noinit.ram/DEVICE_7SERIES.WITH_BMM_INFO.TRUE_DP.SIMPLE_PRIM36.TDP_SP36_NO_ECC_ATTR.ram/CLKBWRCLK
                         clock pessimism              0.492     8.989    
                         clock uncertainty           -0.074     8.915    
    RAMB36_X0Y1          RAMB36E1 (Setup_ramb36e1_CLKBWRCLK_ENBWREN)
                                                     -0.443     8.472    design_1_i/microblaze_0_local_memory/lmb_bram/U0/inst_blk_mem_gen/gnbram.gnative_mem_map_bmg.native_mem_map_blk_mem_gen/valid.cstr/ramloop[11].ram.r/prim_noinit.ram/DEVICE_7SERIES.WITH_BMM_INFO.TRUE_DP.SIMPLE_PRIM36.TDP_SP36_NO_ECC_ATTR.ram
  -------------------------------------------------------------------
                         required time                          8.472    
                         arrival time                          -6.354    
  -------------------------------------------------------------------
                         slack                                  2.117    

Slack (MET) :             2.185ns  (required time - arrival time)
  Source:                 design_1_i/microblaze_0/U0/MicroBlaze_Core_I/Performance.Core/Data_Flow_I/Operand_Select_I/EX_Branch_CMP_Op1_reg[24]/C
                            (rising edge-triggered cell FDRE clocked by clk_out1_design_1_clk_wiz_1_0  {rise@0.000ns fall@5.000ns period=10.000ns})
  Destination:            design_1_i/microblaze_0_local_memory/lmb_bram/U0/inst_blk_mem_gen/gnbram.gnative_mem_map_bmg.native_mem_map_blk_mem_gen/valid.cstr/ramloop[4].ram.r/prim_noinit.ram/DEVICE_7SERIES.WITH_BMM_INFO.TRUE_DP.SIMPLE_PRIM36.TDP_SP36_NO_ECC_ATTR.ram/ADDRBWRADDR[4]
                            (rising edge-triggered cell RAMB36E1 clocked by clk_out1_design_1_clk_wiz_1_0_1  {rise@0.000ns fall@5.000ns period=10.000ns})
  Path Group:             clk_out1_design_1_clk_wiz_1_0_1
  Path Type:              Setup (Max at Slow Process Corner)
  Requirement:            10.000ns  (clk_out1_design_1_clk_wiz_1_0_1 rise@10.000ns - clk_out1_design_1_clk_wiz_1_0 rise@0.000ns)
  Data Path Delay:        6.897ns  (logic 1.913ns (27.738%)  route 4.984ns (72.262%))
  Logic Levels:           5  (CARRY4=3 LUT3=1 LUT6=1)
  Clock Path Skew:        -0.070ns (DCD - SCD + CPR)
    Destination Clock Delay (DCD):    -1.513ns = ( 8.487 - 10.000 ) 
    Source Clock Delay      (SCD):    -0.952ns
    Clock Pessimism Removal (CPR):    0.492ns
  Clock Uncertainty:      0.074ns  ((TSJ^2 + DJ^2)^1/2) / 2 + PE
    Total System Jitter     (TSJ):    0.071ns
    Discrete Jitter          (DJ):    0.131ns
    Phase Error              (PE):    0.000ns
  Clock Domain Crossing:  Inter clock paths are considered valid unless explicitly excluded by timing constraints such as set_clock_groups or set_false_path.

    Location             Delay type                Incr(ns)  Path(ns)    Netlist Resource(s)
  -------------------------------------------------------------------    -------------------
                         (clock clk_out1_design_1_clk_wiz_1_0 rise edge)
                                                      0.000     0.000 r  
    W5                                                0.000     0.000 r  sys_clock (IN)
                         net (fo=0)                   0.000     0.000    design_1_i/clk_wiz_1/inst/clk_in1
    W5                   IBUF (Prop_ibuf_I_O)         1.458     1.458 r  design_1_i/clk_wiz_1/inst/clkin1_ibufg/O
                         net (fo=1, routed)           1.233     2.691    design_1_i/clk_wiz_1/inst/clk_in1_design_1_clk_wiz_1_0
    MMCME2_ADV_X1Y0      MMCME2_ADV (Prop_mmcme2_adv_CLKIN1_CLKOUT0)
                                                     -6.961    -4.269 r  design_1_i/clk_wiz_1/inst/mmcm_adv_inst/CLKOUT0
                         net (fo=1, routed)           1.661    -2.608    design_1_i/clk_wiz_1/inst/clk_out1_design_1_clk_wiz_1_0
    BUFGCTRL_X0Y0        BUFG (Prop_bufg_I_O)         0.096    -2.512 r  design_1_i/clk_wiz_1/inst/clkout1_buf/O
                         net (fo=1516, routed)        1.560    -0.952    design_1_i/microblaze_0/U0/MicroBlaze_Core_I/Performance.Core/Data_Flow_I/Operand_Select_I/Clk
    SLICE_X51Y31         FDRE                                         r  design_1_i/microblaze_0/U0/MicroBlaze_Core_I/Performance.Core/Data_Flow_I/Operand_Select_I/EX_Branch_CMP_Op1_reg[24]/C
  -------------------------------------------------------------------    -------------------
    SLICE_X51Y31         FDRE (Prop_fdre_C_Q)         0.456    -0.496 f  design_1_i/microblaze_0/U0/MicroBlaze_Core_I/Performance.Core/Data_Flow_I/Operand_Select_I/EX_Branch_CMP_Op1_reg[24]/Q
                         net (fo=1, routed)           1.342     0.847    design_1_i/microblaze_0/U0/MicroBlaze_Core_I/Performance.Core/Data_Flow_I/Zero_Detect_I/Q[5]
    SLICE_X45Y34         LUT6 (Prop_lut6_I1_O)        0.124     0.971 r  design_1_i/microblaze_0/U0/MicroBlaze_Core_I/Performance.Core/Data_Flow_I/Zero_Detect_I/S0_inferred__0/i_/O
                         net (fo=1, routed)           0.000     0.971    design_1_i/microblaze_0/U0/MicroBlaze_Core_I/Performance.Core/Data_Flow_I/Zero_Detect_I/Zero_Detecting[3].I_Part_Of_Zero_Detect/lopt_2
    SLICE_X45Y34         CARRY4 (Prop_carry4_S[1]_CO[3])
                                                      0.550     1.521 r  design_1_i/microblaze_0/U0/MicroBlaze_Core_I/Performance.Core/Data_Flow_I/Zero_Detect_I/Zero_Detecting[3].I_Part_Of_Zero_Detect/Using_FPGA.Native_CARRY4/CO[3]
                         net (fo=1, routed)           0.000     1.521    design_1_i/microblaze_0/U0/MicroBlaze_Core_I/Performance.Core/Decode_I/jump_logic_I1/MUXCY_JUMP_CARRY2/jump_carry1
    SLICE_X45Y35         CARRY4 (Prop_carry4_CI_CO[3])
                                                      0.114     1.635 r  design_1_i/microblaze_0/U0/MicroBlaze_Core_I/Performance.Core/Decode_I/jump_logic_I1/MUXCY_JUMP_CARRY2/Using_FPGA.Native_CARRY4/CO[3]
                         net (fo=1, routed)           0.000     1.635    design_1_i/microblaze_0/U0/MicroBlaze_Core_I/Performance.Core/Decode_I/jump_logic_I1/MUXCY_JUMP_CARRY6/jump_carry5
    SLICE_X45Y36         CARRY4 (Prop_carry4_CI_CO[0])
                                                      0.271     1.906 r  design_1_i/microblaze_0/U0/MicroBlaze_Core_I/Performance.Core/Decode_I/jump_logic_I1/MUXCY_JUMP_CARRY6/Using_FPGA.Native_CARRY4/CO[0]
                         net (fo=46, routed)          1.107     3.012    design_1_i/microblaze_0/U0/MicroBlaze_Core_I/Performance.Core/Decode_I/jump_logic_I1/MUXCY_JUMP_CARRY6/in0
    SLICE_X40Y27         LUT3 (Prop_lut3_I1_O)        0.398     3.410 r  design_1_i/microblaze_0/U0/MicroBlaze_Core_I/Performance.Core/Decode_I/jump_logic_I1/MUXCY_JUMP_CARRY6/Instr_Addr[25]_INST_0/O
                         net (fo=33, routed)          2.535     5.945    design_1_i/microblaze_0_local_memory/lmb_bram/U0/inst_blk_mem_gen/gnbram.gnative_mem_map_bmg.native_mem_map_blk_mem_gen/valid.cstr/ramloop[4].ram.r/prim_noinit.ram/addrb[4]
    RAMB36_X0Y6          RAMB36E1                                     r  design_1_i/microblaze_0_local_memory/lmb_bram/U0/inst_blk_mem_gen/gnbram.gnative_mem_map_bmg.native_mem_map_blk_mem_gen/valid.cstr/ramloop[4].ram.r/prim_noinit.ram/DEVICE_7SERIES.WITH_BMM_INFO.TRUE_DP.SIMPLE_PRIM36.TDP_SP36_NO_ECC_ATTR.ram/ADDRBWRADDR[4]
  -------------------------------------------------------------------    -------------------

                         (clock clk_out1_design_1_clk_wiz_1_0_1 rise edge)
                                                     10.000    10.000 r  
    W5                                                0.000    10.000 r  sys_clock (IN)
                         net (fo=0)                   0.000    10.000    design_1_i/clk_wiz_1/inst/clk_in1
    W5                   IBUF (Prop_ibuf_I_O)         1.388    11.388 r  design_1_i/clk_wiz_1/inst/clkin1_ibufg/O
                         net (fo=1, routed)           1.162    12.550    design_1_i/clk_wiz_1/inst/clk_in1_design_1_clk_wiz_1_0
    MMCME2_ADV_X1Y0      MMCME2_ADV (Prop_mmcme2_adv_CLKIN1_CLKOUT0)
                                                     -7.217     5.332 r  design_1_i/clk_wiz_1/inst/mmcm_adv_inst/CLKOUT0
                         net (fo=1, routed)           1.581     6.914    design_1_i/clk_wiz_1/inst/clk_out1_design_1_clk_wiz_1_0
    BUFGCTRL_X0Y0        BUFG (Prop_bufg_I_O)         0.091     7.005 r  design_1_i/clk_wiz_1/inst/clkout1_buf/O
                         net (fo=1516, routed)        1.483     8.487    design_1_i/microblaze_0_local_memory/lmb_bram/U0/inst_blk_mem_gen/gnbram.gnative_mem_map_bmg.native_mem_map_blk_mem_gen/valid.cstr/ramloop[4].ram.r/prim_noinit.ram/clkb
    RAMB36_X0Y6          RAMB36E1                                     r  design_1_i/microblaze_0_local_memory/lmb_bram/U0/inst_blk_mem_gen/gnbram.gnative_mem_map_bmg.native_mem_map_blk_mem_gen/valid.cstr/ramloop[4].ram.r/prim_noinit.ram/DEVICE_7SERIES.WITH_BMM_INFO.TRUE_DP.SIMPLE_PRIM36.TDP_SP36_NO_ECC_ATTR.ram/CLKBWRCLK
                         clock pessimism              0.492     8.979    
                         clock uncertainty           -0.074     8.905    
    RAMB36_X0Y6          RAMB36E1 (Setup_ramb36e1_CLKBWRCLK_ADDRBWRADDR[4])
                                                     -0.774     8.131    design_1_i/microblaze_0_local_memory/lmb_bram/U0/inst_blk_mem_gen/gnbram.gnative_mem_map_bmg.native_mem_map_blk_mem_gen/valid.cstr/ramloop[4].ram.r/prim_noinit.ram/DEVICE_7SERIES.WITH_BMM_INFO.TRUE_DP.SIMPLE_PRIM36.TDP_SP36_NO_ECC_ATTR.ram
  -------------------------------------------------------------------
                         required time                          8.131    
                         arrival time                          -5.945    
  -------------------------------------------------------------------
                         slack                                  2.185    

Slack (MET) :             2.212ns  (required time - arrival time)
  Source:                 design_1_i/microblaze_0_local_memory/dlmb_bram_if_cntlr/U0/No_ECC.lmb_as_reg/C
                            (rising edge-triggered cell FDRE clocked by clk_out1_design_1_clk_wiz_1_0  {rise@0.000ns fall@5.000ns period=10.000ns})
  Destination:            design_1_i/microblaze_0_local_memory/lmb_bram/U0/inst_blk_mem_gen/gnbram.gnative_mem_map_bmg.native_mem_map_blk_mem_gen/valid.cstr/ramloop[11].ram.r/prim_noinit.ram/DEVICE_7SERIES.WITH_BMM_INFO.TRUE_DP.SIMPLE_PRIM36.TDP_SP36_NO_ECC_ATTR.ram/ENARDEN
                            (rising edge-triggered cell RAMB36E1 clocked by clk_out1_design_1_clk_wiz_1_0_1  {rise@0.000ns fall@5.000ns period=10.000ns})
  Path Group:             clk_out1_design_1_clk_wiz_1_0_1
  Path Type:              Setup (Max at Slow Process Corner)
  Requirement:            10.000ns  (clk_out1_design_1_clk_wiz_1_0_1 rise@10.000ns - clk_out1_design_1_clk_wiz_1_0 rise@0.000ns)
  Data Path Delay:        7.077ns  (logic 2.261ns (31.947%)  route 4.816ns (68.053%))
  Logic Levels:           5  (AND2B1L=1 CARRY4=1 LUT2=3)
  Clock Path Skew:        0.009ns (DCD - SCD + CPR)
    Destination Clock Delay (DCD):    -1.504ns = ( 8.496 - 10.000 ) 
    Source Clock Delay      (SCD):    -0.950ns
    Clock Pessimism Removal (CPR):    0.564ns
  Clock Uncertainty:      0.074ns  ((TSJ^2 + DJ^2)^1/2) / 2 + PE
    Total System Jitter     (TSJ):    0.071ns
    Discrete Jitter          (DJ):    0.131ns
    Phase Error              (PE):    0.000ns
  Clock Domain Crossing:  Inter clock paths are considered valid unless explicitly excluded by timing constraints such as set_clock_groups or set_false_path.

    Location             Delay type                Incr(ns)  Path(ns)    Netlist Resource(s)
  -------------------------------------------------------------------    -------------------
                         (clock clk_out1_design_1_clk_wiz_1_0 rise edge)
                                                      0.000     0.000 r  
    W5                                                0.000     0.000 r  sys_clock (IN)
                         net (fo=0)                   0.000     0.000    design_1_i/clk_wiz_1/inst/clk_in1
    W5                   IBUF (Prop_ibuf_I_O)         1.458     1.458 r  design_1_i/clk_wiz_1/inst/clkin1_ibufg/O
                         net (fo=1, routed)           1.233     2.691    design_1_i/clk_wiz_1/inst/clk_in1_design_1_clk_wiz_1_0
    MMCME2_ADV_X1Y0      MMCME2_ADV (Prop_mmcme2_adv_CLKIN1_CLKOUT0)
                                                     -6.961    -4.269 r  design_1_i/clk_wiz_1/inst/mmcm_adv_inst/CLKOUT0
                         net (fo=1, routed)           1.661    -2.608    design_1_i/clk_wiz_1/inst/clk_out1_design_1_clk_wiz_1_0
    BUFGCTRL_X0Y0        BUFG (Prop_bufg_I_O)         0.096    -2.512 r  design_1_i/clk_wiz_1/inst/clkout1_buf/O
                         net (fo=1516, routed)        1.562    -0.950    design_1_i/microblaze_0_local_memory/dlmb_bram_if_cntlr/U0/LMB_Clk
    SLICE_X35Y39         FDRE                                         r  design_1_i/microblaze_0_local_memory/dlmb_bram_if_cntlr/U0/No_ECC.lmb_as_reg/C
  -------------------------------------------------------------------    -------------------
    SLICE_X35Y39         FDRE (Prop_fdre_C_Q)         0.419    -0.531 r  design_1_i/microblaze_0_local_memory/dlmb_bram_if_cntlr/U0/No_ECC.lmb_as_reg/Q
                         net (fo=1, routed)           0.433    -0.097    design_1_i/microblaze_0_local_memory/dlmb_bram_if_cntlr/U0/lmb_as
    SLICE_X35Y39         LUT2 (Prop_lut2_I0_O)        0.299     0.202 r  design_1_i/microblaze_0_local_memory/dlmb_bram_if_cntlr/U0/Sl_Ready_INST_0/O
                         net (fo=4, routed)           0.754     0.956    design_1_i/microblaze_0/U0/MicroBlaze_Core_I/Performance.Core/Use_DBUS.DAXI_Interface_I1/DReady
    SLICE_X30Y38         LUT2 (Prop_lut2_I0_O)        0.150     1.106 r  design_1_i/microblaze_0/U0/MicroBlaze_Core_I/Performance.Core/Use_DBUS.DAXI_Interface_I1/Using_FPGA.Native_i_2__33/O
                         net (fo=1, routed)           0.690     1.797    design_1_i/microblaze_0/U0/MicroBlaze_Core_I/Performance.Core/Decode_I/mem_wait_on_ready_N_carry_or/MUXCY_I/MEM_DataBus_Ready
    SLICE_X46Y39         CARRY4 (Prop_carry4_CYINIT_CO[1])
                                                      0.770     2.567 r  design_1_i/microblaze_0/U0/MicroBlaze_Core_I/Performance.Core/Decode_I/mem_wait_on_ready_N_carry_or/MUXCY_I/Using_FPGA.Native_CARRY4/CO[1]
                         net (fo=94, routed)          0.000     2.567    design_1_i/microblaze_0/U0/MicroBlaze_Core_I/Performance.Core/Use_DLMB.Using_Latch_AS_Logic.AND2B1L_I1/D_AS_0
    SLICE_X46Y39         AND2B1L (Prop_and2b1l_DI_O)
                                                      0.470     3.037 r  design_1_i/microblaze_0/U0/MicroBlaze_Core_I/Performance.Core/Use_DLMB.Using_Latch_AS_Logic.AND2B1L_I1/Using_FPGA.Native/O
                         net (fo=5, routed)           0.586     3.622    design_1_i/microblaze_0_local_memory/lmb_bram/U0/inst_blk_mem_gen/gnbram.gnative_mem_map_bmg.native_mem_map_blk_mem_gen/valid.cstr/ramloop[31].ram.r/prim_noinit.ram/ena
    SLICE_X45Y39         LUT2 (Prop_lut2_I1_O)        0.153     3.775 r  design_1_i/microblaze_0_local_memory/lmb_bram/U0/inst_blk_mem_gen/gnbram.gnative_mem_map_bmg.native_mem_map_blk_mem_gen/valid.cstr/ramloop[31].ram.r/prim_noinit.ram/DEVICE_7SERIES.WITH_BMM_INFO.TRUE_DP.SIMPLE_PRIM36.TDP_SP36_NO_ECC_ATTR.ram_i_1__0/O
                         net (fo=10, routed)          2.352     6.128    design_1_i/microblaze_0_local_memory/lmb_bram/U0/inst_blk_mem_gen/gnbram.gnative_mem_map_bmg.native_mem_map_blk_mem_gen/valid.cstr/ramloop[11].ram.r/prim_noinit.ram/DEVICE_7SERIES.WITH_BMM_INFO.TRUE_DP.SIMPLE_PRIM36.TDP_SP36_NO_ECC_ATTR.ram_0
    RAMB36_X0Y1          RAMB36E1                                     r  design_1_i/microblaze_0_local_memory/lmb_bram/U0/inst_blk_mem_gen/gnbram.gnative_mem_map_bmg.native_mem_map_blk_mem_gen/valid.cstr/ramloop[11].ram.r/prim_noinit.ram/DEVICE_7SERIES.WITH_BMM_INFO.TRUE_DP.SIMPLE_PRIM36.TDP_SP36_NO_ECC_ATTR.ram/ENARDEN
  -------------------------------------------------------------------    -------------------

                         (clock clk_out1_design_1_clk_wiz_1_0_1 rise edge)
                                                     10.000    10.000 r  
    W5                                                0.000    10.000 r  sys_clock (IN)
                         net (fo=0)                   0.000    10.000    design_1_i/clk_wiz_1/inst/clk_in1
    W5                   IBUF (Prop_ibuf_I_O)         1.388    11.388 r  design_1_i/clk_wiz_1/inst/clkin1_ibufg/O
                         net (fo=1, routed)           1.162    12.550    design_1_i/clk_wiz_1/inst/clk_in1_design_1_clk_wiz_1_0
    MMCME2_ADV_X1Y0      MMCME2_ADV (Prop_mmcme2_adv_CLKIN1_CLKOUT0)
                                                     -7.217     5.332 r  design_1_i/clk_wiz_1/inst/mmcm_adv_inst/CLKOUT0
                         net (fo=1, routed)           1.581     6.914    design_1_i/clk_wiz_1/inst/clk_out1_design_1_clk_wiz_1_0
    BUFGCTRL_X0Y0        BUFG (Prop_bufg_I_O)         0.091     7.005 r  design_1_i/clk_wiz_1/inst/clkout1_buf/O
                         net (fo=1516, routed)        1.492     8.496    design_1_i/microblaze_0_local_memory/lmb_bram/U0/inst_blk_mem_gen/gnbram.gnative_mem_map_bmg.native_mem_map_blk_mem_gen/valid.cstr/ramloop[11].ram.r/prim_noinit.ram/clka
    RAMB36_X0Y1          RAMB36E1                                     r  design_1_i/microblaze_0_local_memory/lmb_bram/U0/inst_blk_mem_gen/gnbram.gnative_mem_map_bmg.native_mem_map_blk_mem_gen/valid.cstr/ramloop[11].ram.r/prim_noinit.ram/DEVICE_7SERIES.WITH_BMM_INFO.TRUE_DP.SIMPLE_PRIM36.TDP_SP36_NO_ECC_ATTR.ram/CLKARDCLK
                         clock pessimism              0.564     9.060    
                         clock uncertainty           -0.074     8.986    
    RAMB36_X0Y1          RAMB36E1 (Setup_ramb36e1_CLKARDCLK_ENARDEN)
                                                     -0.646     8.340    design_1_i/microblaze_0_local_memory/lmb_bram/U0/inst_blk_mem_gen/gnbram.gnative_mem_map_bmg.native_mem_map_blk_mem_gen/valid.cstr/ramloop[11].ram.r/prim_noinit.ram/DEVICE_7SERIES.WITH_BMM_INFO.TRUE_DP.SIMPLE_PRIM36.TDP_SP36_NO_ECC_ATTR.ram
  -------------------------------------------------------------------
                         required time                          8.340    
                         arrival time                          -6.128    
  -------------------------------------------------------------------
                         slack                                  2.212    

Slack (MET) :             2.221ns  (required time - arrival time)
  Source:                 design_1_i/microblaze_0/U0/MicroBlaze_Core_I/Performance.Core/Data_Flow_I/Operand_Select_I/EX_Branch_CMP_Op1_reg[24]/C
                            (rising edge-triggered cell FDRE clocked by clk_out1_design_1_clk_wiz_1_0  {rise@0.000ns fall@5.000ns period=10.000ns})
  Destination:            design_1_i/microblaze_0_local_memory/lmb_bram/U0/inst_blk_mem_gen/gnbram.gnative_mem_map_bmg.native_mem_map_blk_mem_gen/valid.cstr/ramloop[3].ram.r/prim_noinit.ram/DEVICE_7SERIES.WITH_BMM_INFO.TRUE_DP.SIMPLE_PRIM36.TDP_SP36_NO_ECC_ATTR.ram/ADDRBWRADDR[2]
                            (rising edge-triggered cell RAMB36E1 clocked by clk_out1_design_1_clk_wiz_1_0_1  {rise@0.000ns fall@5.000ns period=10.000ns})
  Path Group:             clk_out1_design_1_clk_wiz_1_0_1
  Path Type:              Setup (Max at Slow Process Corner)
  Requirement:            10.000ns  (clk_out1_design_1_clk_wiz_1_0_1 rise@10.000ns - clk_out1_design_1_clk_wiz_1_0 rise@0.000ns)
  Data Path Delay:        6.859ns  (logic 1.882ns (27.437%)  route 4.977ns (72.563%))
  Logic Levels:           5  (CARRY4=3 LUT3=1 LUT6=1)
  Clock Path Skew:        -0.077ns (DCD - SCD + CPR)
    Destination Clock Delay (DCD):    -1.512ns = ( 8.488 - 10.000 ) 
    Source Clock Delay      (SCD):    -0.952ns
    Clock Pessimism Removal (CPR):    0.484ns
  Clock Uncertainty:      0.074ns  ((TSJ^2 + DJ^2)^1/2) / 2 + PE
    Total System Jitter     (TSJ):    0.071ns
    Discrete Jitter          (DJ):    0.131ns
    Phase Error              (PE):    0.000ns
  Clock Domain Crossing:  Inter clock paths are considered valid unless explicitly excluded by timing constraints such as set_clock_groups or set_false_path.

    Location             Delay type                Incr(ns)  Path(ns)    Netlist Resource(s)
  -------------------------------------------------------------------    -------------------
                         (clock clk_out1_design_1_clk_wiz_1_0 rise edge)
                                                      0.000     0.000 r  
    W5                                                0.000     0.000 r  sys_clock (IN)
                         net (fo=0)                   0.000     0.000    design_1_i/clk_wiz_1/inst/clk_in1
    W5                   IBUF (Prop_ibuf_I_O)         1.458     1.458 r  design_1_i/clk_wiz_1/inst/clkin1_ibufg/O
                         net (fo=1, routed)           1.233     2.691    design_1_i/clk_wiz_1/inst/clk_in1_design_1_clk_wiz_1_0
    MMCME2_ADV_X1Y0      MMCME2_ADV (Prop_mmcme2_adv_CLKIN1_CLKOUT0)
                                                     -6.961    -4.269 r  design_1_i/clk_wiz_1/inst/mmcm_adv_inst/CLKOUT0
                         net (fo=1, routed)           1.661    -2.608    design_1_i/clk_wiz_1/inst/clk_out1_design_1_clk_wiz_1_0
    BUFGCTRL_X0Y0        BUFG (Prop_bufg_I_O)         0.096    -2.512 r  design_1_i/clk_wiz_1/inst/clkout1_buf/O
                         net (fo=1516, routed)        1.560    -0.952    design_1_i/microblaze_0/U0/MicroBlaze_Core_I/Performance.Core/Data_Flow_I/Operand_Select_I/Clk
    SLICE_X51Y31         FDRE                                         r  design_1_i/microblaze_0/U0/MicroBlaze_Core_I/Performance.Core/Data_Flow_I/Operand_Select_I/EX_Branch_CMP_Op1_reg[24]/C
  -------------------------------------------------------------------    -------------------
    SLICE_X51Y31         FDRE (Prop_fdre_C_Q)         0.456    -0.496 f  design_1_i/microblaze_0/U0/MicroBlaze_Core_I/Performance.Core/Data_Flow_I/Operand_Select_I/EX_Branch_CMP_Op1_reg[24]/Q
                         net (fo=1, routed)           1.342     0.847    design_1_i/microblaze_0/U0/MicroBlaze_Core_I/Performance.Core/Data_Flow_I/Zero_Detect_I/Q[5]
    SLICE_X45Y34         LUT6 (Prop_lut6_I1_O)        0.124     0.971 r  design_1_i/microblaze_0/U0/MicroBlaze_Core_I/Performance.Core/Data_Flow_I/Zero_Detect_I/S0_inferred__0/i_/O
                         net (fo=1, routed)           0.000     0.971    design_1_i/microblaze_0/U0/MicroBlaze_Core_I/Performance.Core/Data_Flow_I/Zero_Detect_I/Zero_Detecting[3].I_Part_Of_Zero_Detect/lopt_2
    SLICE_X45Y34         CARRY4 (Prop_carry4_S[1]_CO[3])
                                                      0.550     1.521 r  design_1_i/microblaze_0/U0/MicroBlaze_Core_I/Performance.Core/Data_Flow_I/Zero_Detect_I/Zero_Detecting[3].I_Part_Of_Zero_Detect/Using_FPGA.Native_CARRY4/CO[3]
                         net (fo=1, routed)           0.000     1.521    design_1_i/microblaze_0/U0/MicroBlaze_Core_I/Performance.Core/Decode_I/jump_logic_I1/MUXCY_JUMP_CARRY2/jump_carry1
    SLICE_X45Y35         CARRY4 (Prop_carry4_CI_CO[3])
                                                      0.114     1.635 r  design_1_i/microblaze_0/U0/MicroBlaze_Core_I/Performance.Core/Decode_I/jump_logic_I1/MUXCY_JUMP_CARRY2/Using_FPGA.Native_CARRY4/CO[3]
                         net (fo=1, routed)           0.000     1.635    design_1_i/microblaze_0/U0/MicroBlaze_Core_I/Performance.Core/Decode_I/jump_logic_I1/MUXCY_JUMP_CARRY6/jump_carry5
    SLICE_X45Y36         CARRY4 (Prop_carry4_CI_CO[0])
                                                      0.271     1.906 r  design_1_i/microblaze_0/U0/MicroBlaze_Core_I/Performance.Core/Decode_I/jump_logic_I1/MUXCY_JUMP_CARRY6/Using_FPGA.Native_CARRY4/CO[0]
                         net (fo=46, routed)          0.958     2.864    design_1_i/microblaze_0/U0/MicroBlaze_Core_I/Performance.Core/Decode_I/jump_logic_I1/MUXCY_JUMP_CARRY6/in0
    SLICE_X40Y26         LUT3 (Prop_lut3_I1_O)        0.367     3.231 r  design_1_i/microblaze_0/U0/MicroBlaze_Core_I/Performance.Core/Decode_I/jump_logic_I1/MUXCY_JUMP_CARRY6/Instr_Addr[27]_INST_0/O
                         net (fo=33, routed)          2.677     5.908    design_1_i/microblaze_0_local_memory/lmb_bram/U0/inst_blk_mem_gen/gnbram.gnative_mem_map_bmg.native_mem_map_blk_mem_gen/valid.cstr/ramloop[3].ram.r/prim_noinit.ram/addrb[2]
    RAMB36_X0Y10         RAMB36E1                                     r  design_1_i/microblaze_0_local_memory/lmb_bram/U0/inst_blk_mem_gen/gnbram.gnative_mem_map_bmg.native_mem_map_blk_mem_gen/valid.cstr/ramloop[3].ram.r/prim_noinit.ram/DEVICE_7SERIES.WITH_BMM_INFO.TRUE_DP.SIMPLE_PRIM36.TDP_SP36_NO_ECC_ATTR.ram/ADDRBWRADDR[2]
  -------------------------------------------------------------------    -------------------

                         (clock clk_out1_design_1_clk_wiz_1_0_1 rise edge)
                                                     10.000    10.000 r  
    W5                                                0.000    10.000 r  sys_clock (IN)
                         net (fo=0)                   0.000    10.000    design_1_i/clk_wiz_1/inst/clk_in1
    W5                   IBUF (Prop_ibuf_I_O)         1.388    11.388 r  design_1_i/clk_wiz_1/inst/clkin1_ibufg/O
                         net (fo=1, routed)           1.162    12.550    design_1_i/clk_wiz_1/inst/clk_in1_design_1_clk_wiz_1_0
    MMCME2_ADV_X1Y0      MMCME2_ADV (Prop_mmcme2_adv_CLKIN1_CLKOUT0)
                                                     -7.217     5.332 r  design_1_i/clk_wiz_1/inst/mmcm_adv_inst/CLKOUT0
                         net (fo=1, routed)           1.581     6.914    design_1_i/clk_wiz_1/inst/clk_out1_design_1_clk_wiz_1_0
    BUFGCTRL_X0Y0        BUFG (Prop_bufg_I_O)         0.091     7.005 r  design_1_i/clk_wiz_1/inst/clkout1_buf/O
                         net (fo=1516, routed)        1.483     8.488    design_1_i/microblaze_0_local_memory/lmb_bram/U0/inst_blk_mem_gen/gnbram.gnative_mem_map_bmg.native_mem_map_blk_mem_gen/valid.cstr/ramloop[3].ram.r/prim_noinit.ram/clkb
    RAMB36_X0Y10         RAMB36E1                                     r  design_1_i/microblaze_0_local_memory/lmb_bram/U0/inst_blk_mem_gen/gnbram.gnative_mem_map_bmg.native_mem_map_blk_mem_gen/valid.cstr/ramloop[3].ram.r/prim_noinit.ram/DEVICE_7SERIES.WITH_BMM_INFO.TRUE_DP.SIMPLE_PRIM36.TDP_SP36_NO_ECC_ATTR.ram/CLKBWRCLK
                         clock pessimism              0.484     8.971    
                         clock uncertainty           -0.074     8.897    
    RAMB36_X0Y10         RAMB36E1 (Setup_ramb36e1_CLKBWRCLK_ADDRBWRADDR[2])
                                                     -0.768     8.129    design_1_i/microblaze_0_local_memory/lmb_bram/U0/inst_blk_mem_gen/gnbram.gnative_mem_map_bmg.native_mem_map_blk_mem_gen/valid.cstr/ramloop[3].ram.r/prim_noinit.ram/DEVICE_7SERIES.WITH_BMM_INFO.TRUE_DP.SIMPLE_PRIM36.TDP_SP36_NO_ECC_ATTR.ram
  -------------------------------------------------------------------
                         required time                          8.129    
                         arrival time                          -5.908    
  -------------------------------------------------------------------
                         slack                                  2.221    

Slack (MET) :             2.229ns  (required time - arrival time)
  Source:                 design_1_i/microblaze_0/U0/MicroBlaze_Core_I/Performance.Core/Data_Flow_I/Operand_Select_I/EX_Branch_CMP_Op1_reg[24]/C
                            (rising edge-triggered cell FDRE clocked by clk_out1_design_1_clk_wiz_1_0  {rise@0.000ns fall@5.000ns period=10.000ns})
  Destination:            design_1_i/microblaze_0_local_memory/lmb_bram/U0/inst_blk_mem_gen/gnbram.gnative_mem_map_bmg.native_mem_map_blk_mem_gen/valid.cstr/ramloop[31].ram.r/prim_noinit.ram/DEVICE_7SERIES.WITH_BMM_INFO.TRUE_DP.SIMPLE_PRIM36.TDP_SP36_NO_ECC_ATTR.ram/ADDRBWRADDR[2]
                            (rising edge-triggered cell RAMB36E1 clocked by clk_out1_design_1_clk_wiz_1_0_1  {rise@0.000ns fall@5.000ns period=10.000ns})
  Path Group:             clk_out1_design_1_clk_wiz_1_0_1
  Path Type:              Setup (Max at Slow Process Corner)
  Requirement:            10.000ns  (clk_out1_design_1_clk_wiz_1_0_1 rise@10.000ns - clk_out1_design_1_clk_wiz_1_0 rise@0.000ns)
  Data Path Delay:        6.869ns  (logic 1.882ns (27.400%)  route 4.987ns (72.600%))
  Logic Levels:           5  (CARRY4=3 LUT3=1 LUT6=1)
  Clock Path Skew:        -0.061ns (DCD - SCD + CPR)
    Destination Clock Delay (DCD):    -1.504ns = ( 8.496 - 10.000 ) 
    Source Clock Delay      (SCD):    -0.952ns
    Clock Pessimism Removal (CPR):    0.492ns
  Clock Uncertainty:      0.074ns  ((TSJ^2 + DJ^2)^1/2) / 2 + PE
    Total System Jitter     (TSJ):    0.071ns
    Discrete Jitter          (DJ):    0.131ns
    Phase Error              (PE):    0.000ns
  Clock Domain Crossing:  Inter clock paths are considered valid unless explicitly excluded by timing constraints such as set_clock_groups or set_false_path.

    Location             Delay type                Incr(ns)  Path(ns)    Netlist Resource(s)
  -------------------------------------------------------------------    -------------------
                         (clock clk_out1_design_1_clk_wiz_1_0 rise edge)
                                                      0.000     0.000 r  
    W5                                                0.000     0.000 r  sys_clock (IN)
                         net (fo=0)                   0.000     0.000    design_1_i/clk_wiz_1/inst/clk_in1
    W5                   IBUF (Prop_ibuf_I_O)         1.458     1.458 r  design_1_i/clk_wiz_1/inst/clkin1_ibufg/O
                         net (fo=1, routed)           1.233     2.691    design_1_i/clk_wiz_1/inst/clk_in1_design_1_clk_wiz_1_0
    MMCME2_ADV_X1Y0      MMCME2_ADV (Prop_mmcme2_adv_CLKIN1_CLKOUT0)
                                                     -6.961    -4.269 r  design_1_i/clk_wiz_1/inst/mmcm_adv_inst/CLKOUT0
                         net (fo=1, routed)           1.661    -2.608    design_1_i/clk_wiz_1/inst/clk_out1_design_1_clk_wiz_1_0
    BUFGCTRL_X0Y0        BUFG (Prop_bufg_I_O)         0.096    -2.512 r  design_1_i/clk_wiz_1/inst/clkout1_buf/O
                         net (fo=1516, routed)        1.560    -0.952    design_1_i/microblaze_0/U0/MicroBlaze_Core_I/Performance.Core/Data_Flow_I/Operand_Select_I/Clk
    SLICE_X51Y31         FDRE                                         r  design_1_i/microblaze_0/U0/MicroBlaze_Core_I/Performance.Core/Data_Flow_I/Operand_Select_I/EX_Branch_CMP_Op1_reg[24]/C
  -------------------------------------------------------------------    -------------------
    SLICE_X51Y31         FDRE (Prop_fdre_C_Q)         0.456    -0.496 f  design_1_i/microblaze_0/U0/MicroBlaze_Core_I/Performance.Core/Data_Flow_I/Operand_Select_I/EX_Branch_CMP_Op1_reg[24]/Q
                         net (fo=1, routed)           1.342     0.847    design_1_i/microblaze_0/U0/MicroBlaze_Core_I/Performance.Core/Data_Flow_I/Zero_Detect_I/Q[5]
    SLICE_X45Y34         LUT6 (Prop_lut6_I1_O)        0.124     0.971 r  design_1_i/microblaze_0/U0/MicroBlaze_Core_I/Performance.Core/Data_Flow_I/Zero_Detect_I/S0_inferred__0/i_/O
                         net (fo=1, routed)           0.000     0.971    design_1_i/microblaze_0/U0/MicroBlaze_Core_I/Performance.Core/Data_Flow_I/Zero_Detect_I/Zero_Detecting[3].I_Part_Of_Zero_Detect/lopt_2
    SLICE_X45Y34         CARRY4 (Prop_carry4_S[1]_CO[3])
                                                      0.550     1.521 r  design_1_i/microblaze_0/U0/MicroBlaze_Core_I/Performance.Core/Data_Flow_I/Zero_Detect_I/Zero_Detecting[3].I_Part_Of_Zero_Detect/Using_FPGA.Native_CARRY4/CO[3]
                         net (fo=1, routed)           0.000     1.521    design_1_i/microblaze_0/U0/MicroBlaze_Core_I/Performance.Core/Decode_I/jump_logic_I1/MUXCY_JUMP_CARRY2/jump_carry1
    SLICE_X45Y35         CARRY4 (Prop_carry4_CI_CO[3])
                                                      0.114     1.635 r  design_1_i/microblaze_0/U0/MicroBlaze_Core_I/Performance.Core/Decode_I/jump_logic_I1/MUXCY_JUMP_CARRY2/Using_FPGA.Native_CARRY4/CO[3]
                         net (fo=1, routed)           0.000     1.635    design_1_i/microblaze_0/U0/MicroBlaze_Core_I/Performance.Core/Decode_I/jump_logic_I1/MUXCY_JUMP_CARRY6/jump_carry5
    SLICE_X45Y36         CARRY4 (Prop_carry4_CI_CO[0])
                                                      0.271     1.906 r  design_1_i/microblaze_0/U0/MicroBlaze_Core_I/Performance.Core/Decode_I/jump_logic_I1/MUXCY_JUMP_CARRY6/Using_FPGA.Native_CARRY4/CO[0]
                         net (fo=46, routed)          0.958     2.864    design_1_i/microblaze_0/U0/MicroBlaze_Core_I/Performance.Core/Decode_I/jump_logic_I1/MUXCY_JUMP_CARRY6/in0
    SLICE_X40Y26         LUT3 (Prop_lut3_I1_O)        0.367     3.231 r  design_1_i/microblaze_0/U0/MicroBlaze_Core_I/Performance.Core/Decode_I/jump_logic_I1/MUXCY_JUMP_CARRY6/Instr_Addr[27]_INST_0/O
                         net (fo=33, routed)          2.686     5.917    design_1_i/microblaze_0_local_memory/lmb_bram/U0/inst_blk_mem_gen/gnbram.gnative_mem_map_bmg.native_mem_map_blk_mem_gen/valid.cstr/ramloop[31].ram.r/prim_noinit.ram/addrb[2]
    RAMB36_X0Y8          RAMB36E1                                     r  design_1_i/microblaze_0_local_memory/lmb_bram/U0/inst_blk_mem_gen/gnbram.gnative_mem_map_bmg.native_mem_map_blk_mem_gen/valid.cstr/ramloop[31].ram.r/prim_noinit.ram/DEVICE_7SERIES.WITH_BMM_INFO.TRUE_DP.SIMPLE_PRIM36.TDP_SP36_NO_ECC_ATTR.ram/ADDRBWRADDR[2]
  -------------------------------------------------------------------    -------------------

                         (clock clk_out1_design_1_clk_wiz_1_0_1 rise edge)
                                                     10.000    10.000 r  
    W5                                                0.000    10.000 r  sys_clock (IN)
                         net (fo=0)                   0.000    10.000    design_1_i/clk_wiz_1/inst/clk_in1
    W5                   IBUF (Prop_ibuf_I_O)         1.388    11.388 r  design_1_i/clk_wiz_1/inst/clkin1_ibufg/O
                         net (fo=1, routed)           1.162    12.550    design_1_i/clk_wiz_1/inst/clk_in1_design_1_clk_wiz_1_0
    MMCME2_ADV_X1Y0      MMCME2_ADV (Prop_mmcme2_adv_CLKIN1_CLKOUT0)
                                                     -7.217     5.332 r  design_1_i/clk_wiz_1/inst/mmcm_adv_inst/CLKOUT0
                         net (fo=1, routed)           1.581     6.914    design_1_i/clk_wiz_1/inst/clk_out1_design_1_clk_wiz_1_0
    BUFGCTRL_X0Y0        BUFG (Prop_bufg_I_O)         0.091     7.005 r  design_1_i/clk_wiz_1/inst/clkout1_buf/O
                         net (fo=1516, routed)        1.492     8.496    design_1_i/microblaze_0_local_memory/lmb_bram/U0/inst_blk_mem_gen/gnbram.gnative_mem_map_bmg.native_mem_map_blk_mem_gen/valid.cstr/ramloop[31].ram.r/prim_noinit.ram/clkb
    RAMB36_X0Y8          RAMB36E1                                     r  design_1_i/microblaze_0_local_memory/lmb_bram/U0/inst_blk_mem_gen/gnbram.gnative_mem_map_bmg.native_mem_map_blk_mem_gen/valid.cstr/ramloop[31].ram.r/prim_noinit.ram/DEVICE_7SERIES.WITH_BMM_INFO.TRUE_DP.SIMPLE_PRIM36.TDP_SP36_NO_ECC_ATTR.ram/CLKBWRCLK
                         clock pessimism              0.492     8.988    
                         clock uncertainty           -0.074     8.914    
    RAMB36_X0Y8          RAMB36E1 (Setup_ramb36e1_CLKBWRCLK_ADDRBWRADDR[2])
                                                     -0.768     8.146    design_1_i/microblaze_0_local_memory/lmb_bram/U0/inst_blk_mem_gen/gnbram.gnative_mem_map_bmg.native_mem_map_blk_mem_gen/valid.cstr/ramloop[31].ram.r/prim_noinit.ram/DEVICE_7SERIES.WITH_BMM_INFO.TRUE_DP.SIMPLE_PRIM36.TDP_SP36_NO_ECC_ATTR.ram
  -------------------------------------------------------------------
                         required time                          8.146    
                         arrival time                          -5.917    
  -------------------------------------------------------------------
                         slack                                  2.229    

Slack (MET) :             2.232ns  (required time - arrival time)
  Source:                 design_1_i/microblaze_0/U0/MicroBlaze_Core_I/Performance.Core/Data_Flow_I/Operand_Select_I/EX_Branch_CMP_Op1_reg[24]/C
                            (rising edge-triggered cell FDRE clocked by clk_out1_design_1_clk_wiz_1_0  {rise@0.000ns fall@5.000ns period=10.000ns})
  Destination:            design_1_i/microblaze_0_local_memory/lmb_bram/U0/inst_blk_mem_gen/gnbram.gnative_mem_map_bmg.native_mem_map_blk_mem_gen/valid.cstr/ramloop[26].ram.r/prim_noinit.ram/DEVICE_7SERIES.WITH_BMM_INFO.TRUE_DP.SIMPLE_PRIM36.TDP_SP36_NO_ECC_ATTR.ram/ADDRBWRADDR[11]
                            (rising edge-triggered cell RAMB36E1 clocked by clk_out1_design_1_clk_wiz_1_0_1  {rise@0.000ns fall@5.000ns period=10.000ns})
  Path Group:             clk_out1_design_1_clk_wiz_1_0_1
  Path Type:              Setup (Max at Slow Process Corner)
  Requirement:            10.000ns  (clk_out1_design_1_clk_wiz_1_0_1 rise@10.000ns - clk_out1_design_1_clk_wiz_1_0 rise@0.000ns)
  Data Path Delay:        7.065ns  (logic 1.888ns (26.725%)  route 5.177ns (73.275%))
  Logic Levels:           5  (CARRY4=3 LUT3=1 LUT6=1)
  Clock Path Skew:        -0.063ns (DCD - SCD + CPR)
    Destination Clock Delay (DCD):    -1.506ns = ( 8.494 - 10.000 ) 
    Source Clock Delay      (SCD):    -0.952ns
    Clock Pessimism Removal (CPR):    0.492ns
  Clock Uncertainty:      0.074ns  ((TSJ^2 + DJ^2)^1/2) / 2 + PE
    Total System Jitter     (TSJ):    0.071ns
    Discrete Jitter          (DJ):    0.131ns
    Phase Error              (PE):    0.000ns
  Clock Domain Crossing:  Inter clock paths are considered valid unless explicitly excluded by timing constraints such as set_clock_groups or set_false_path.

    Location             Delay type                Incr(ns)  Path(ns)    Netlist Resource(s)
  -------------------------------------------------------------------    -------------------
                         (clock clk_out1_design_1_clk_wiz_1_0 rise edge)
                                                      0.000     0.000 r  
    W5                                                0.000     0.000 r  sys_clock (IN)
                         net (fo=0)                   0.000     0.000    design_1_i/clk_wiz_1/inst/clk_in1
    W5                   IBUF (Prop_ibuf_I_O)         1.458     1.458 r  design_1_i/clk_wiz_1/inst/clkin1_ibufg/O
                         net (fo=1, routed)           1.233     2.691    design_1_i/clk_wiz_1/inst/clk_in1_design_1_clk_wiz_1_0
    MMCME2_ADV_X1Y0      MMCME2_ADV (Prop_mmcme2_adv_CLKIN1_CLKOUT0)
                                                     -6.961    -4.269 r  design_1_i/clk_wiz_1/inst/mmcm_adv_inst/CLKOUT0
                         net (fo=1, routed)           1.661    -2.608    design_1_i/clk_wiz_1/inst/clk_out1_design_1_clk_wiz_1_0
    BUFGCTRL_X0Y0        BUFG (Prop_bufg_I_O)         0.096    -2.512 r  design_1_i/clk_wiz_1/inst/clkout1_buf/O
                         net (fo=1516, routed)        1.560    -0.952    design_1_i/microblaze_0/U0/MicroBlaze_Core_I/Performance.Core/Data_Flow_I/Operand_Select_I/Clk
    SLICE_X51Y31         FDRE                                         r  design_1_i/microblaze_0/U0/MicroBlaze_Core_I/Performance.Core/Data_Flow_I/Operand_Select_I/EX_Branch_CMP_Op1_reg[24]/C
  -------------------------------------------------------------------    -------------------
    SLICE_X51Y31         FDRE (Prop_fdre_C_Q)         0.456    -0.496 f  design_1_i/microblaze_0/U0/MicroBlaze_Core_I/Performance.Core/Data_Flow_I/Operand_Select_I/EX_Branch_CMP_Op1_reg[24]/Q
                         net (fo=1, routed)           1.342     0.847    design_1_i/microblaze_0/U0/MicroBlaze_Core_I/Performance.Core/Data_Flow_I/Zero_Detect_I/Q[5]
    SLICE_X45Y34         LUT6 (Prop_lut6_I1_O)        0.124     0.971 r  design_1_i/microblaze_0/U0/MicroBlaze_Core_I/Performance.Core/Data_Flow_I/Zero_Detect_I/S0_inferred__0/i_/O
                         net (fo=1, routed)           0.000     0.971    design_1_i/microblaze_0/U0/MicroBlaze_Core_I/Performance.Core/Data_Flow_I/Zero_Detect_I/Zero_Detecting[3].I_Part_Of_Zero_Detect/lopt_2
    SLICE_X45Y34         CARRY4 (Prop_carry4_S[1]_CO[3])
                                                      0.550     1.521 r  design_1_i/microblaze_0/U0/MicroBlaze_Core_I/Performance.Core/Data_Flow_I/Zero_Detect_I/Zero_Detecting[3].I_Part_Of_Zero_Detect/Using_FPGA.Native_CARRY4/CO[3]
                         net (fo=1, routed)           0.000     1.521    design_1_i/microblaze_0/U0/MicroBlaze_Core_I/Performance.Core/Decode_I/jump_logic_I1/MUXCY_JUMP_CARRY2/jump_carry1
    SLICE_X45Y35         CARRY4 (Prop_carry4_CI_CO[3])
                                                      0.114     1.635 r  design_1_i/microblaze_0/U0/MicroBlaze_Core_I/Performance.Core/Decode_I/jump_logic_I1/MUXCY_JUMP_CARRY2/Using_FPGA.Native_CARRY4/CO[3]
                         net (fo=1, routed)           0.000     1.635    design_1_i/microblaze_0/U0/MicroBlaze_Core_I/Performance.Core/Decode_I/jump_logic_I1/MUXCY_JUMP_CARRY6/jump_carry5
    SLICE_X45Y36         CARRY4 (Prop_carry4_CI_CO[0])
                                                      0.271     1.906 r  design_1_i/microblaze_0/U0/MicroBlaze_Core_I/Performance.Core/Decode_I/jump_logic_I1/MUXCY_JUMP_CARRY6/Using_FPGA.Native_CARRY4/CO[0]
                         net (fo=46, routed)          1.291     3.197    design_1_i/microblaze_0/U0/MicroBlaze_Core_I/Performance.Core/Decode_I/jump_logic_I1/MUXCY_JUMP_CARRY6/in0
    SLICE_X40Y29         LUT3 (Prop_lut3_I1_O)        0.373     3.570 r  design_1_i/microblaze_0/U0/MicroBlaze_Core_I/Performance.Core/Decode_I/jump_logic_I1/MUXCY_JUMP_CARRY6/Instr_Addr[18]_INST_0/O
                         net (fo=33, routed)          2.543     6.113    design_1_i/microblaze_0_local_memory/lmb_bram/U0/inst_blk_mem_gen/gnbram.gnative_mem_map_bmg.native_mem_map_blk_mem_gen/valid.cstr/ramloop[26].ram.r/prim_noinit.ram/addrb[11]
    RAMB36_X0Y2          RAMB36E1                                     r  design_1_i/microblaze_0_local_memory/lmb_bram/U0/inst_blk_mem_gen/gnbram.gnative_mem_map_bmg.native_mem_map_blk_mem_gen/valid.cstr/ramloop[26].ram.r/prim_noinit.ram/DEVICE_7SERIES.WITH_BMM_INFO.TRUE_DP.SIMPLE_PRIM36.TDP_SP36_NO_ECC_ATTR.ram/ADDRBWRADDR[11]
  -------------------------------------------------------------------    -------------------

                         (clock clk_out1_design_1_clk_wiz_1_0_1 rise edge)
                                                     10.000    10.000 r  
    W5                                                0.000    10.000 r  sys_clock (IN)
                         net (fo=0)                   0.000    10.000    design_1_i/clk_wiz_1/inst/clk_in1
    W5                   IBUF (Prop_ibuf_I_O)         1.388    11.388 r  design_1_i/clk_wiz_1/inst/clkin1_ibufg/O
                         net (fo=1, routed)           1.162    12.550    design_1_i/clk_wiz_1/inst/clk_in1_design_1_clk_wiz_1_0
    MMCME2_ADV_X1Y0      MMCME2_ADV (Prop_mmcme2_adv_CLKIN1_CLKOUT0)
                                                     -7.217     5.332 r  design_1_i/clk_wiz_1/inst/mmcm_adv_inst/CLKOUT0
                         net (fo=1, routed)           1.581     6.914    design_1_i/clk_wiz_1/inst/clk_out1_design_1_clk_wiz_1_0
    BUFGCTRL_X0Y0        BUFG (Prop_bufg_I_O)         0.091     7.005 r  design_1_i/clk_wiz_1/inst/clkout1_buf/O
                         net (fo=1516, routed)        1.490     8.494    design_1_i/microblaze_0_local_memory/lmb_bram/U0/inst_blk_mem_gen/gnbram.gnative_mem_map_bmg.native_mem_map_blk_mem_gen/valid.cstr/ramloop[26].ram.r/prim_noinit.ram/clkb
    RAMB36_X0Y2          RAMB36E1                                     r  design_1_i/microblaze_0_local_memory/lmb_bram/U0/inst_blk_mem_gen/gnbram.gnative_mem_map_bmg.native_mem_map_blk_mem_gen/valid.cstr/ramloop[26].ram.r/prim_noinit.ram/DEVICE_7SERIES.WITH_BMM_INFO.TRUE_DP.SIMPLE_PRIM36.TDP_SP36_NO_ECC_ATTR.ram/CLKBWRCLK
                         clock pessimism              0.492     8.986    
                         clock uncertainty           -0.074     8.912    
    RAMB36_X0Y2          RAMB36E1 (Setup_ramb36e1_CLKBWRCLK_ADDRBWRADDR[11])
                                                     -0.566     8.346    design_1_i/microblaze_0_local_memory/lmb_bram/U0/inst_blk_mem_gen/gnbram.gnative_mem_map_bmg.native_mem_map_blk_mem_gen/valid.cstr/ramloop[26].ram.r/prim_noinit.ram/DEVICE_7SERIES.WITH_BMM_INFO.TRUE_DP.SIMPLE_PRIM36.TDP_SP36_NO_ECC_ATTR.ram
  -------------------------------------------------------------------
                         required time                          8.346    
                         arrival time                          -6.113    
  -------------------------------------------------------------------
                         slack                                  2.232    

Slack (MET) :             2.263ns  (required time - arrival time)
  Source:                 design_1_i/microblaze_0/U0/MicroBlaze_Core_I/Performance.Core/Data_Flow_I/Operand_Select_I/EX_Branch_CMP_Op1_reg[24]/C
                            (rising edge-triggered cell FDRE clocked by clk_out1_design_1_clk_wiz_1_0  {rise@0.000ns fall@5.000ns period=10.000ns})
  Destination:            design_1_i/microblaze_0_local_memory/lmb_bram/U0/inst_blk_mem_gen/gnbram.gnative_mem_map_bmg.native_mem_map_blk_mem_gen/valid.cstr/ramloop[12].ram.r/prim_noinit.ram/DEVICE_7SERIES.WITH_BMM_INFO.TRUE_DP.SIMPLE_PRIM36.TDP_SP36_NO_ECC_ATTR.ram/ADDRBWRADDR[0]
                            (rising edge-triggered cell RAMB36E1 clocked by clk_out1_design_1_clk_wiz_1_0_1  {rise@0.000ns fall@5.000ns period=10.000ns})
  Path Group:             clk_out1_design_1_clk_wiz_1_0_1
  Path Type:              Setup (Max at Slow Process Corner)
  Requirement:            10.000ns  (clk_out1_design_1_clk_wiz_1_0_1 rise@10.000ns - clk_out1_design_1_clk_wiz_1_0 rise@0.000ns)
  Data Path Delay:        6.820ns  (logic 1.914ns (28.064%)  route 4.906ns (71.936%))
  Logic Levels:           5  (CARRY4=3 LUT3=1 LUT6=1)
  Clock Path Skew:        -0.074ns (DCD - SCD + CPR)
    Destination Clock Delay (DCD):    -1.509ns = ( 8.491 - 10.000 ) 
    Source Clock Delay      (SCD):    -0.952ns
    Clock Pessimism Removal (CPR):    0.484ns
  Clock Uncertainty:      0.074ns  ((TSJ^2 + DJ^2)^1/2) / 2 + PE
    Total System Jitter     (TSJ):    0.071ns
    Discrete Jitter          (DJ):    0.131ns
    Phase Error              (PE):    0.000ns
  Clock Domain Crossing:  Inter clock paths are considered valid unless explicitly excluded by timing constraints such as set_clock_groups or set_false_path.

    Location             Delay type                Incr(ns)  Path(ns)    Netlist Resource(s)
  -------------------------------------------------------------------    -------------------
                         (clock clk_out1_design_1_clk_wiz_1_0 rise edge)
                                                      0.000     0.000 r  
    W5                                                0.000     0.000 r  sys_clock (IN)
                         net (fo=0)                   0.000     0.000    design_1_i/clk_wiz_1/inst/clk_in1
    W5                   IBUF (Prop_ibuf_I_O)         1.458     1.458 r  design_1_i/clk_wiz_1/inst/clkin1_ibufg/O
                         net (fo=1, routed)           1.233     2.691    design_1_i/clk_wiz_1/inst/clk_in1_design_1_clk_wiz_1_0
    MMCME2_ADV_X1Y0      MMCME2_ADV (Prop_mmcme2_adv_CLKIN1_CLKOUT0)
                                                     -6.961    -4.269 r  design_1_i/clk_wiz_1/inst/mmcm_adv_inst/CLKOUT0
                         net (fo=1, routed)           1.661    -2.608    design_1_i/clk_wiz_1/inst/clk_out1_design_1_clk_wiz_1_0
    BUFGCTRL_X0Y0        BUFG (Prop_bufg_I_O)         0.096    -2.512 r  design_1_i/clk_wiz_1/inst/clkout1_buf/O
                         net (fo=1516, routed)        1.560    -0.952    design_1_i/microblaze_0/U0/MicroBlaze_Core_I/Performance.Core/Data_Flow_I/Operand_Select_I/Clk
    SLICE_X51Y31         FDRE                                         r  design_1_i/microblaze_0/U0/MicroBlaze_Core_I/Performance.Core/Data_Flow_I/Operand_Select_I/EX_Branch_CMP_Op1_reg[24]/C
  -------------------------------------------------------------------    -------------------
    SLICE_X51Y31         FDRE (Prop_fdre_C_Q)         0.456    -0.496 f  design_1_i/microblaze_0/U0/MicroBlaze_Core_I/Performance.Core/Data_Flow_I/Operand_Select_I/EX_Branch_CMP_Op1_reg[24]/Q
                         net (fo=1, routed)           1.342     0.847    design_1_i/microblaze_0/U0/MicroBlaze_Core_I/Performance.Core/Data_Flow_I/Zero_Detect_I/Q[5]
    SLICE_X45Y34         LUT6 (Prop_lut6_I1_O)        0.124     0.971 r  design_1_i/microblaze_0/U0/MicroBlaze_Core_I/Performance.Core/Data_Flow_I/Zero_Detect_I/S0_inferred__0/i_/O
                         net (fo=1, routed)           0.000     0.971    design_1_i/microblaze_0/U0/MicroBlaze_Core_I/Performance.Core/Data_Flow_I/Zero_Detect_I/Zero_Detecting[3].I_Part_Of_Zero_Detect/lopt_2
    SLICE_X45Y34         CARRY4 (Prop_carry4_S[1]_CO[3])
                                                      0.550     1.521 r  design_1_i/microblaze_0/U0/MicroBlaze_Core_I/Performance.Core/Data_Flow_I/Zero_Detect_I/Zero_Detecting[3].I_Part_Of_Zero_Detect/Using_FPGA.Native_CARRY4/CO[3]
                         net (fo=1, routed)           0.000     1.521    design_1_i/microblaze_0/U0/MicroBlaze_Core_I/Performance.Core/Decode_I/jump_logic_I1/MUXCY_JUMP_CARRY2/jump_carry1
    SLICE_X45Y35         CARRY4 (Prop_carry4_CI_CO[3])
                                                      0.114     1.635 r  design_1_i/microblaze_0/U0/MicroBlaze_Core_I/Performance.Core/Decode_I/jump_logic_I1/MUXCY_JUMP_CARRY2/Using_FPGA.Native_CARRY4/CO[3]
                         net (fo=1, routed)           0.000     1.635    design_1_i/microblaze_0/U0/MicroBlaze_Core_I/Performance.Core/Decode_I/jump_logic_I1/MUXCY_JUMP_CARRY6/jump_carry5
    SLICE_X45Y36         CARRY4 (Prop_carry4_CI_CO[0])
                                                      0.271     1.906 r  design_1_i/microblaze_0/U0/MicroBlaze_Core_I/Performance.Core/Decode_I/jump_logic_I1/MUXCY_JUMP_CARRY6/Using_FPGA.Native_CARRY4/CO[0]
                         net (fo=46, routed)          1.344     3.249    design_1_i/microblaze_0/U0/MicroBlaze_Core_I/Performance.Core/Decode_I/jump_logic_I1/MUXCY_JUMP_CARRY6/in0
    SLICE_X39Y27         LUT3 (Prop_lut3_I1_O)        0.399     3.648 r  design_1_i/microblaze_0/U0/MicroBlaze_Core_I/Performance.Core/Decode_I/jump_logic_I1/MUXCY_JUMP_CARRY6/Instr_Addr[29]_INST_0/O
                         net (fo=33, routed)          2.220     5.869    design_1_i/microblaze_0_local_memory/lmb_bram/U0/inst_blk_mem_gen/gnbram.gnative_mem_map_bmg.native_mem_map_blk_mem_gen/valid.cstr/ramloop[12].ram.r/prim_noinit.ram/addrb[0]
    RAMB36_X2Y10         RAMB36E1                                     r  design_1_i/microblaze_0_local_memory/lmb_bram/U0/inst_blk_mem_gen/gnbram.gnative_mem_map_bmg.native_mem_map_blk_mem_gen/valid.cstr/ramloop[12].ram.r/prim_noinit.ram/DEVICE_7SERIES.WITH_BMM_INFO.TRUE_DP.SIMPLE_PRIM36.TDP_SP36_NO_ECC_ATTR.ram/ADDRBWRADDR[0]
  -------------------------------------------------------------------    -------------------

                         (clock clk_out1_design_1_clk_wiz_1_0_1 rise edge)
                                                     10.000    10.000 r  
    W5                                                0.000    10.000 r  sys_clock (IN)
                         net (fo=0)                   0.000    10.000    design_1_i/clk_wiz_1/inst/clk_in1
    W5                   IBUF (Prop_ibuf_I_O)         1.388    11.388 r  design_1_i/clk_wiz_1/inst/clkin1_ibufg/O
                         net (fo=1, routed)           1.162    12.550    design_1_i/clk_wiz_1/inst/clk_in1_design_1_clk_wiz_1_0
    MMCME2_ADV_X1Y0      MMCME2_ADV (Prop_mmcme2_adv_CLKIN1_CLKOUT0)
                                                     -7.217     5.332 r  design_1_i/clk_wiz_1/inst/mmcm_adv_inst/CLKOUT0
                         net (fo=1, routed)           1.581     6.914    design_1_i/clk_wiz_1/inst/clk_out1_design_1_clk_wiz_1_0
    BUFGCTRL_X0Y0        BUFG (Prop_bufg_I_O)         0.091     7.005 r  design_1_i/clk_wiz_1/inst/clkout1_buf/O
                         net (fo=1516, routed)        1.486     8.491    design_1_i/microblaze_0_local_memory/lmb_bram/U0/inst_blk_mem_gen/gnbram.gnative_mem_map_bmg.native_mem_map_blk_mem_gen/valid.cstr/ramloop[12].ram.r/prim_noinit.ram/clkb
    RAMB36_X2Y10         RAMB36E1                                     r  design_1_i/microblaze_0_local_memory/lmb_bram/U0/inst_blk_mem_gen/gnbram.gnative_mem_map_bmg.native_mem_map_blk_mem_gen/valid.cstr/ramloop[12].ram.r/prim_noinit.ram/DEVICE_7SERIES.WITH_BMM_INFO.TRUE_DP.SIMPLE_PRIM36.TDP_SP36_NO_ECC_ATTR.ram/CLKBWRCLK
                         clock pessimism              0.484     8.974    
                         clock uncertainty           -0.074     8.900    
    RAMB36_X2Y10         RAMB36E1 (Setup_ramb36e1_CLKBWRCLK_ADDRBWRADDR[0])
                                                     -0.768     8.132    design_1_i/microblaze_0_local_memory/lmb_bram/U0/inst_blk_mem_gen/gnbram.gnative_mem_map_bmg.native_mem_map_blk_mem_gen/valid.cstr/ramloop[12].ram.r/prim_noinit.ram/DEVICE_7SERIES.WITH_BMM_INFO.TRUE_DP.SIMPLE_PRIM36.TDP_SP36_NO_ECC_ATTR.ram
  -------------------------------------------------------------------
                         required time                          8.132    
                         arrival time                          -5.869    
  -------------------------------------------------------------------
                         slack                                  2.263    

Slack (MET) :             2.281ns  (required time - arrival time)
  Source:                 design_1_i/microblaze_0/U0/MicroBlaze_Core_I/Performance.Core/Data_Flow_I/Operand_Select_I/EX_Branch_CMP_Op1_reg[24]/C
                            (rising edge-triggered cell FDRE clocked by clk_out1_design_1_clk_wiz_1_0  {rise@0.000ns fall@5.000ns period=10.000ns})
  Destination:            design_1_i/microblaze_0_local_memory/lmb_bram/U0/inst_blk_mem_gen/gnbram.gnative_mem_map_bmg.native_mem_map_blk_mem_gen/valid.cstr/ramloop[0].ram.r/prim_noinit.ram/DEVICE_7SERIES.WITH_BMM_INFO.TRUE_DP.SIMPLE_PRIM36.TDP_SP36_NO_ECC_ATTR.ram/ADDRBWRADDR[10]
                            (rising edge-triggered cell RAMB36E1 clocked by clk_out1_design_1_clk_wiz_1_0_1  {rise@0.000ns fall@5.000ns period=10.000ns})
  Path Group:             clk_out1_design_1_clk_wiz_1_0_1
  Path Type:              Setup (Max at Slow Process Corner)
  Requirement:            10.000ns  (clk_out1_design_1_clk_wiz_1_0_1 rise@10.000ns - clk_out1_design_1_clk_wiz_1_0 rise@0.000ns)
  Data Path Delay:        6.811ns  (logic 1.916ns (28.130%)  route 4.895ns (71.870%))
  Logic Levels:           5  (CARRY4=3 LUT3=1 LUT6=1)
  Clock Path Skew:        -0.060ns (DCD - SCD + CPR)
    Destination Clock Delay (DCD):    -1.503ns = ( 8.497 - 10.000 ) 
    Source Clock Delay      (SCD):    -0.952ns
    Clock Pessimism Removal (CPR):    0.492ns
  Clock Uncertainty:      0.074ns  ((TSJ^2 + DJ^2)^1/2) / 2 + PE
    Total System Jitter     (TSJ):    0.071ns
    Discrete Jitter          (DJ):    0.131ns
    Phase Error              (PE):    0.000ns
  Clock Domain Crossing:  Inter clock paths are considered valid unless explicitly excluded by timing constraints such as set_clock_groups or set_false_path.

    Location             Delay type                Incr(ns)  Path(ns)    Netlist Resource(s)
  -------------------------------------------------------------------    -------------------
                         (clock clk_out1_design_1_clk_wiz_1_0 rise edge)
                                                      0.000     0.000 r  
    W5                                                0.000     0.000 r  sys_clock (IN)
                         net (fo=0)                   0.000     0.000    design_1_i/clk_wiz_1/inst/clk_in1
    W5                   IBUF (Prop_ibuf_I_O)         1.458     1.458 r  design_1_i/clk_wiz_1/inst/clkin1_ibufg/O
                         net (fo=1, routed)           1.233     2.691    design_1_i/clk_wiz_1/inst/clk_in1_design_1_clk_wiz_1_0
    MMCME2_ADV_X1Y0      MMCME2_ADV (Prop_mmcme2_adv_CLKIN1_CLKOUT0)
                                                     -6.961    -4.269 r  design_1_i/clk_wiz_1/inst/mmcm_adv_inst/CLKOUT0
                         net (fo=1, routed)           1.661    -2.608    design_1_i/clk_wiz_1/inst/clk_out1_design_1_clk_wiz_1_0
    BUFGCTRL_X0Y0        BUFG (Prop_bufg_I_O)         0.096    -2.512 r  design_1_i/clk_wiz_1/inst/clkout1_buf/O
                         net (fo=1516, routed)        1.560    -0.952    design_1_i/microblaze_0/U0/MicroBlaze_Core_I/Performance.Core/Data_Flow_I/Operand_Select_I/Clk
    SLICE_X51Y31         FDRE                                         r  design_1_i/microblaze_0/U0/MicroBlaze_Core_I/Performance.Core/Data_Flow_I/Operand_Select_I/EX_Branch_CMP_Op1_reg[24]/C
  -------------------------------------------------------------------    -------------------
    SLICE_X51Y31         FDRE (Prop_fdre_C_Q)         0.456    -0.496 f  design_1_i/microblaze_0/U0/MicroBlaze_Core_I/Performance.Core/Data_Flow_I/Operand_Select_I/EX_Branch_CMP_Op1_reg[24]/Q
                         net (fo=1, routed)           1.342     0.847    design_1_i/microblaze_0/U0/MicroBlaze_Core_I/Performance.Core/Data_Flow_I/Zero_Detect_I/Q[5]
    SLICE_X45Y34         LUT6 (Prop_lut6_I1_O)        0.124     0.971 r  design_1_i/microblaze_0/U0/MicroBlaze_Core_I/Performance.Core/Data_Flow_I/Zero_Detect_I/S0_inferred__0/i_/O
                         net (fo=1, routed)           0.000     0.971    design_1_i/microblaze_0/U0/MicroBlaze_Core_I/Performance.Core/Data_Flow_I/Zero_Detect_I/Zero_Detecting[3].I_Part_Of_Zero_Detect/lopt_2
    SLICE_X45Y34         CARRY4 (Prop_carry4_S[1]_CO[3])
                                                      0.550     1.521 r  design_1_i/microblaze_0/U0/MicroBlaze_Core_I/Performance.Core/Data_Flow_I/Zero_Detect_I/Zero_Detecting[3].I_Part_Of_Zero_Detect/Using_FPGA.Native_CARRY4/CO[3]
                         net (fo=1, routed)           0.000     1.521    design_1_i/microblaze_0/U0/MicroBlaze_Core_I/Performance.Core/Decode_I/jump_logic_I1/MUXCY_JUMP_CARRY2/jump_carry1
    SLICE_X45Y35         CARRY4 (Prop_carry4_CI_CO[3])
                                                      0.114     1.635 r  design_1_i/microblaze_0/U0/MicroBlaze_Core_I/Performance.Core/Decode_I/jump_logic_I1/MUXCY_JUMP_CARRY2/Using_FPGA.Native_CARRY4/CO[3]
                         net (fo=1, routed)           0.000     1.635    design_1_i/microblaze_0/U0/MicroBlaze_Core_I/Performance.Core/Decode_I/jump_logic_I1/MUXCY_JUMP_CARRY6/jump_carry5
    SLICE_X45Y36         CARRY4 (Prop_carry4_CI_CO[0])
                                                      0.271     1.906 r  design_1_i/microblaze_0/U0/MicroBlaze_Core_I/Performance.Core/Decode_I/jump_logic_I1/MUXCY_JUMP_CARRY6/Using_FPGA.Native_CARRY4/CO[0]
                         net (fo=46, routed)          1.291     3.197    design_1_i/microblaze_0/U0/MicroBlaze_Core_I/Performance.Core/Decode_I/jump_logic_I1/MUXCY_JUMP_CARRY6/in0
    SLICE_X40Y29         LUT3 (Prop_lut3_I1_O)        0.401     3.598 r  design_1_i/microblaze_0/U0/MicroBlaze_Core_I/Performance.Core/Decode_I/jump_logic_I1/MUXCY_JUMP_CARRY6/Instr_Addr[19]_INST_0/O
                         net (fo=33, routed)          2.262     5.860    design_1_i/microblaze_0_local_memory/lmb_bram/U0/inst_blk_mem_gen/gnbram.gnative_mem_map_bmg.native_mem_map_blk_mem_gen/valid.cstr/ramloop[0].ram.r/prim_noinit.ram/addrb[10]
    RAMB36_X0Y9          RAMB36E1                                     r  design_1_i/microblaze_0_local_memory/lmb_bram/U0/inst_blk_mem_gen/gnbram.gnative_mem_map_bmg.native_mem_map_blk_mem_gen/valid.cstr/ramloop[0].ram.r/prim_noinit.ram/DEVICE_7SERIES.WITH_BMM_INFO.TRUE_DP.SIMPLE_PRIM36.TDP_SP36_NO_ECC_ATTR.ram/ADDRBWRADDR[10]
  -------------------------------------------------------------------    -------------------

                         (clock clk_out1_design_1_clk_wiz_1_0_1 rise edge)
                                                     10.000    10.000 r  
    W5                                                0.000    10.000 r  sys_clock (IN)
                         net (fo=0)                   0.000    10.000    design_1_i/clk_wiz_1/inst/clk_in1
    W5                   IBUF (Prop_ibuf_I_O)         1.388    11.388 r  design_1_i/clk_wiz_1/inst/clkin1_ibufg/O
                         net (fo=1, routed)           1.162    12.550    design_1_i/clk_wiz_1/inst/clk_in1_design_1_clk_wiz_1_0
    MMCME2_ADV_X1Y0      MMCME2_ADV (Prop_mmcme2_adv_CLKIN1_CLKOUT0)
                                                     -7.217     5.332 r  design_1_i/clk_wiz_1/inst/mmcm_adv_inst/CLKOUT0
                         net (fo=1, routed)           1.581     6.914    design_1_i/clk_wiz_1/inst/clk_out1_design_1_clk_wiz_1_0
    BUFGCTRL_X0Y0        BUFG (Prop_bufg_I_O)         0.091     7.005 r  design_1_i/clk_wiz_1/inst/clkout1_buf/O
                         net (fo=1516, routed)        1.493     8.497    design_1_i/microblaze_0_local_memory/lmb_bram/U0/inst_blk_mem_gen/gnbram.gnative_mem_map_bmg.native_mem_map_blk_mem_gen/valid.cstr/ramloop[0].ram.r/prim_noinit.ram/clkb
    RAMB36_X0Y9          RAMB36E1                                     r  design_1_i/microblaze_0_local_memory/lmb_bram/U0/inst_blk_mem_gen/gnbram.gnative_mem_map_bmg.native_mem_map_blk_mem_gen/valid.cstr/ramloop[0].ram.r/prim_noinit.ram/DEVICE_7SERIES.WITH_BMM_INFO.TRUE_DP.SIMPLE_PRIM36.TDP_SP36_NO_ECC_ATTR.ram/CLKBWRCLK
                         clock pessimism              0.492     8.989    
                         clock uncertainty           -0.074     8.915    
    RAMB36_X0Y9          RAMB36E1 (Setup_ramb36e1_CLKBWRCLK_ADDRBWRADDR[10])
                                                     -0.774     8.141    design_1_i/microblaze_0_local_memory/lmb_bram/U0/inst_blk_mem_gen/gnbram.gnative_mem_map_bmg.native_mem_map_blk_mem_gen/valid.cstr/ramloop[0].ram.r/prim_noinit.ram/DEVICE_7SERIES.WITH_BMM_INFO.TRUE_DP.SIMPLE_PRIM36.TDP_SP36_NO_ECC_ATTR.ram
  -------------------------------------------------------------------
                         required time                          8.141    
                         arrival time                          -5.860    
  -------------------------------------------------------------------
                         slack                                  2.281    

Slack (MET) :             2.290ns  (required time - arrival time)
  Source:                 design_1_i/microblaze_0/U0/MicroBlaze_Core_I/Performance.Core/Data_Flow_I/Operand_Select_I/EX_Branch_CMP_Op1_reg[24]/C
                            (rising edge-triggered cell FDRE clocked by clk_out1_design_1_clk_wiz_1_0  {rise@0.000ns fall@5.000ns period=10.000ns})
  Destination:            design_1_i/microblaze_0_local_memory/lmb_bram/U0/inst_blk_mem_gen/gnbram.gnative_mem_map_bmg.native_mem_map_blk_mem_gen/valid.cstr/ramloop[3].ram.r/prim_noinit.ram/DEVICE_7SERIES.WITH_BMM_INFO.TRUE_DP.SIMPLE_PRIM36.TDP_SP36_NO_ECC_ATTR.ram/ADDRBWRADDR[10]
                            (rising edge-triggered cell RAMB36E1 clocked by clk_out1_design_1_clk_wiz_1_0_1  {rise@0.000ns fall@5.000ns period=10.000ns})
  Path Group:             clk_out1_design_1_clk_wiz_1_0_1
  Path Type:              Setup (Max at Slow Process Corner)
  Requirement:            10.000ns  (clk_out1_design_1_clk_wiz_1_0_1 rise@10.000ns - clk_out1_design_1_clk_wiz_1_0 rise@0.000ns)
  Data Path Delay:        6.784ns  (logic 1.916ns (28.243%)  route 4.868ns (71.757%))
  Logic Levels:           5  (CARRY4=3 LUT3=1 LUT6=1)
  Clock Path Skew:        -0.077ns (DCD - SCD + CPR)
    Destination Clock Delay (DCD):    -1.512ns = ( 8.488 - 10.000 ) 
    Source Clock Delay      (SCD):    -0.952ns
    Clock Pessimism Removal (CPR):    0.484ns
  Clock Uncertainty:      0.074ns  ((TSJ^2 + DJ^2)^1/2) / 2 + PE
    Total System Jitter     (TSJ):    0.071ns
    Discrete Jitter          (DJ):    0.131ns
    Phase Error              (PE):    0.000ns
  Clock Domain Crossing:  Inter clock paths are considered valid unless explicitly excluded by timing constraints such as set_clock_groups or set_false_path.

    Location             Delay type                Incr(ns)  Path(ns)    Netlist Resource(s)
  -------------------------------------------------------------------    -------------------
                         (clock clk_out1_design_1_clk_wiz_1_0 rise edge)
                                                      0.000     0.000 r  
    W5                                                0.000     0.000 r  sys_clock (IN)
                         net (fo=0)                   0.000     0.000    design_1_i/clk_wiz_1/inst/clk_in1
    W5                   IBUF (Prop_ibuf_I_O)         1.458     1.458 r  design_1_i/clk_wiz_1/inst/clkin1_ibufg/O
                         net (fo=1, routed)           1.233     2.691    design_1_i/clk_wiz_1/inst/clk_in1_design_1_clk_wiz_1_0
    MMCME2_ADV_X1Y0      MMCME2_ADV (Prop_mmcme2_adv_CLKIN1_CLKOUT0)
                                                     -6.961    -4.269 r  design_1_i/clk_wiz_1/inst/mmcm_adv_inst/CLKOUT0
                         net (fo=1, routed)           1.661    -2.608    design_1_i/clk_wiz_1/inst/clk_out1_design_1_clk_wiz_1_0
    BUFGCTRL_X0Y0        BUFG (Prop_bufg_I_O)         0.096    -2.512 r  design_1_i/clk_wiz_1/inst/clkout1_buf/O
                         net (fo=1516, routed)        1.560    -0.952    design_1_i/microblaze_0/U0/MicroBlaze_Core_I/Performance.Core/Data_Flow_I/Operand_Select_I/Clk
    SLICE_X51Y31         FDRE                                         r  design_1_i/microblaze_0/U0/MicroBlaze_Core_I/Performance.Core/Data_Flow_I/Operand_Select_I/EX_Branch_CMP_Op1_reg[24]/C
  -------------------------------------------------------------------    -------------------
    SLICE_X51Y31         FDRE (Prop_fdre_C_Q)         0.456    -0.496 f  design_1_i/microblaze_0/U0/MicroBlaze_Core_I/Performance.Core/Data_Flow_I/Operand_Select_I/EX_Branch_CMP_Op1_reg[24]/Q
                         net (fo=1, routed)           1.342     0.847    design_1_i/microblaze_0/U0/MicroBlaze_Core_I/Performance.Core/Data_Flow_I/Zero_Detect_I/Q[5]
    SLICE_X45Y34         LUT6 (Prop_lut6_I1_O)        0.124     0.971 r  design_1_i/microblaze_0/U0/MicroBlaze_Core_I/Performance.Core/Data_Flow_I/Zero_Detect_I/S0_inferred__0/i_/O
                         net (fo=1, routed)           0.000     0.971    design_1_i/microblaze_0/U0/MicroBlaze_Core_I/Performance.Core/Data_Flow_I/Zero_Detect_I/Zero_Detecting[3].I_Part_Of_Zero_Detect/lopt_2
    SLICE_X45Y34         CARRY4 (Prop_carry4_S[1]_CO[3])
                                                      0.550     1.521 r  design_1_i/microblaze_0/U0/MicroBlaze_Core_I/Performance.Core/Data_Flow_I/Zero_Detect_I/Zero_Detecting[3].I_Part_Of_Zero_Detect/Using_FPGA.Native_CARRY4/CO[3]
                         net (fo=1, routed)           0.000     1.521    design_1_i/microblaze_0/U0/MicroBlaze_Core_I/Performance.Core/Decode_I/jump_logic_I1/MUXCY_JUMP_CARRY2/jump_carry1
    SLICE_X45Y35         CARRY4 (Prop_carry4_CI_CO[3])
                                                      0.114     1.635 r  design_1_i/microblaze_0/U0/MicroBlaze_Core_I/Performance.Core/Decode_I/jump_logic_I1/MUXCY_JUMP_CARRY2/Using_FPGA.Native_CARRY4/CO[3]
                         net (fo=1, routed)           0.000     1.635    design_1_i/microblaze_0/U0/MicroBlaze_Core_I/Performance.Core/Decode_I/jump_logic_I1/MUXCY_JUMP_CARRY6/jump_carry5
    SLICE_X45Y36         CARRY4 (Prop_carry4_CI_CO[0])
                                                      0.271     1.906 r  design_1_i/microblaze_0/U0/MicroBlaze_Core_I/Performance.Core/Decode_I/jump_logic_I1/MUXCY_JUMP_CARRY6/Using_FPGA.Native_CARRY4/CO[0]
                         net (fo=46, routed)          1.291     3.197    design_1_i/microblaze_0/U0/MicroBlaze_Core_I/Performance.Core/Decode_I/jump_logic_I1/MUXCY_JUMP_CARRY6/in0
    SLICE_X40Y29         LUT3 (Prop_lut3_I1_O)        0.401     3.598 r  design_1_i/microblaze_0/U0/MicroBlaze_Core_I/Performance.Core/Decode_I/jump_logic_I1/MUXCY_JUMP_CARRY6/Instr_Addr[19]_INST_0/O
                         net (fo=33, routed)          2.234     5.832    design_1_i/microblaze_0_local_memory/lmb_bram/U0/inst_blk_mem_gen/gnbram.gnative_mem_map_bmg.native_mem_map_blk_mem_gen/valid.cstr/ramloop[3].ram.r/prim_noinit.ram/addrb[10]
    RAMB36_X0Y10         RAMB36E1                                     r  design_1_i/microblaze_0_local_memory/lmb_bram/U0/inst_blk_mem_gen/gnbram.gnative_mem_map_bmg.native_mem_map_blk_mem_gen/valid.cstr/ramloop[3].ram.r/prim_noinit.ram/DEVICE_7SERIES.WITH_BMM_INFO.TRUE_DP.SIMPLE_PRIM36.TDP_SP36_NO_ECC_ATTR.ram/ADDRBWRADDR[10]
  -------------------------------------------------------------------    -------------------

                         (clock clk_out1_design_1_clk_wiz_1_0_1 rise edge)
                                                     10.000    10.000 r  
    W5                                                0.000    10.000 r  sys_clock (IN)
                         net (fo=0)                   0.000    10.000    design_1_i/clk_wiz_1/inst/clk_in1
    W5                   IBUF (Prop_ibuf_I_O)         1.388    11.388 r  design_1_i/clk_wiz_1/inst/clkin1_ibufg/O
                         net (fo=1, routed)           1.162    12.550    design_1_i/clk_wiz_1/inst/clk_in1_design_1_clk_wiz_1_0
    MMCME2_ADV_X1Y0      MMCME2_ADV (Prop_mmcme2_adv_CLKIN1_CLKOUT0)
                                                     -7.217     5.332 r  design_1_i/clk_wiz_1/inst/mmcm_adv_inst/CLKOUT0
                         net (fo=1, routed)           1.581     6.914    design_1_i/clk_wiz_1/inst/clk_out1_design_1_clk_wiz_1_0
    BUFGCTRL_X0Y0        BUFG (Prop_bufg_I_O)         0.091     7.005 r  design_1_i/clk_wiz_1/inst/clkout1_buf/O
                         net (fo=1516, routed)        1.483     8.488    design_1_i/microblaze_0_local_memory/lmb_bram/U0/inst_blk_mem_gen/gnbram.gnative_mem_map_bmg.native_mem_map_blk_mem_gen/valid.cstr/ramloop[3].ram.r/prim_noinit.ram/clkb
    RAMB36_X0Y10         RAMB36E1                                     r  design_1_i/microblaze_0_local_memory/lmb_bram/U0/inst_blk_mem_gen/gnbram.gnative_mem_map_bmg.native_mem_map_blk_mem_gen/valid.cstr/ramloop[3].ram.r/prim_noinit.ram/DEVICE_7SERIES.WITH_BMM_INFO.TRUE_DP.SIMPLE_PRIM36.TDP_SP36_NO_ECC_ATTR.ram/CLKBWRCLK
                         clock pessimism              0.484     8.971    
                         clock uncertainty           -0.074     8.897    
    RAMB36_X0Y10         RAMB36E1 (Setup_ramb36e1_CLKBWRCLK_ADDRBWRADDR[10])
                                                     -0.774     8.123    design_1_i/microblaze_0_local_memory/lmb_bram/U0/inst_blk_mem_gen/gnbram.gnative_mem_map_bmg.native_mem_map_blk_mem_gen/valid.cstr/ramloop[3].ram.r/prim_noinit.ram/DEVICE_7SERIES.WITH_BMM_INFO.TRUE_DP.SIMPLE_PRIM36.TDP_SP36_NO_ECC_ATTR.ram
  -------------------------------------------------------------------
                         required time                          8.123    
                         arrival time                          -5.832    
  -------------------------------------------------------------------
                         slack                                  2.290    





Min Delay Paths
--------------------------------------------------------------------------------------
Slack (MET) :             0.032ns  (arrival time - required time)
  Source:                 design_1_i/axi_gpio_0/U0/gpio_core_1/Not_Dual.gpio_OE_reg[1]/C
                            (rising edge-triggered cell FDSE clocked by clk_out1_design_1_clk_wiz_1_0  {rise@0.000ns fall@5.000ns period=10.000ns})
  Destination:            design_1_i/axi_gpio_0/U0/gpio_core_1/Not_Dual.ALLIN1_ND.READ_REG_GEN[1].reg1_reg[17]/D
                            (rising edge-triggered cell FDRE clocked by clk_out1_design_1_clk_wiz_1_0_1  {rise@0.000ns fall@5.000ns period=10.000ns})
  Path Group:             clk_out1_design_1_clk_wiz_1_0_1
  Path Type:              Hold (Min at Fast Process Corner)
  Requirement:            0.000ns  (clk_out1_design_1_clk_wiz_1_0_1 rise@0.000ns - clk_out1_design_1_clk_wiz_1_0 rise@0.000ns)
  Data Path Delay:        0.240ns  (logic 0.186ns (77.466%)  route 0.054ns (22.534%))
  Logic Levels:           1  (LUT5=1)
  Clock Path Skew:        0.013ns (DCD - SCD - CPR)
    Destination Clock Delay (DCD):    -0.873ns
    Source Clock Delay      (SCD):    -0.630ns
    Clock Pessimism Removal (CPR):    -0.255ns
  Clock Uncertainty:      0.074ns  ((TSJ^2 + DJ^2)^1/2) / 2 + PE
    Total System Jitter     (TSJ):    0.071ns
    Discrete Jitter          (DJ):    0.131ns
    Phase Error              (PE):    0.000ns
  Clock Domain Crossing:  Inter clock paths are considered valid unless explicitly excluded by timing constraints such as set_clock_groups or set_false_path.

    Location             Delay type                Incr(ns)  Path(ns)    Netlist Resource(s)
  -------------------------------------------------------------------    -------------------
                         (clock clk_out1_design_1_clk_wiz_1_0 rise edge)
                                                      0.000     0.000 r  
    W5                                                0.000     0.000 r  sys_clock (IN)
                         net (fo=0)                   0.000     0.000    design_1_i/clk_wiz_1/inst/clk_in1
    W5                   IBUF (Prop_ibuf_I_O)         0.226     0.226 r  design_1_i/clk_wiz_1/inst/clkin1_ibufg/O
                         net (fo=1, routed)           0.440     0.667    design_1_i/clk_wiz_1/inst/clk_in1_design_1_clk_wiz_1_0
    MMCME2_ADV_X1Y0      MMCME2_ADV (Prop_mmcme2_adv_CLKIN1_CLKOUT0)
                                                     -2.360    -1.693 r  design_1_i/clk_wiz_1/inst/mmcm_adv_inst/CLKOUT0
                         net (fo=1, routed)           0.486    -1.207    design_1_i/clk_wiz_1/inst/clk_out1_design_1_clk_wiz_1_0
    BUFGCTRL_X0Y0        BUFG (Prop_bufg_I_O)         0.026    -1.181 r  design_1_i/clk_wiz_1/inst/clkout1_buf/O
                         net (fo=1516, routed)        0.551    -0.630    design_1_i/axi_gpio_0/U0/gpio_core_1/s_axi_aclk
    SLICE_X31Y26         FDSE                                         r  design_1_i/axi_gpio_0/U0/gpio_core_1/Not_Dual.gpio_OE_reg[1]/C
  -------------------------------------------------------------------    -------------------
    SLICE_X31Y26         FDSE (Prop_fdse_C_Q)         0.141    -0.489 r  design_1_i/axi_gpio_0/U0/gpio_core_1/Not_Dual.gpio_OE_reg[1]/Q
                         net (fo=1, routed)           0.054    -0.435    design_1_i/axi_gpio_0/U0/gpio_core_1/Not_Dual.gpio_OE_reg_n_0_[1]
    SLICE_X30Y26         LUT5 (Prop_lut5_I4_O)        0.045    -0.390 r  design_1_i/axi_gpio_0/U0/gpio_core_1/Not_Dual.ALLIN1_ND.READ_REG_GEN[1].reg1[17]_i_1/O
                         net (fo=1, routed)           0.000    -0.390    design_1_i/axi_gpio_0/U0/gpio_core_1/Read_Reg_In[1]
    SLICE_X30Y26         FDRE                                         r  design_1_i/axi_gpio_0/U0/gpio_core_1/Not_Dual.ALLIN1_ND.READ_REG_GEN[1].reg1_reg[17]/D
  -------------------------------------------------------------------    -------------------

                         (clock clk_out1_design_1_clk_wiz_1_0_1 rise edge)
                                                      0.000     0.000 r  
    W5                                                0.000     0.000 r  sys_clock (IN)
                         net (fo=0)                   0.000     0.000    design_1_i/clk_wiz_1/inst/clk_in1
    W5                   IBUF (Prop_ibuf_I_O)         0.414     0.414 r  design_1_i/clk_wiz_1/inst/clkin1_ibufg/O
                         net (fo=1, routed)           0.480     0.894    design_1_i/clk_wiz_1/inst/clk_in1_design_1_clk_wiz_1_0
    MMCME2_ADV_X1Y0      MMCME2_ADV (Prop_mmcme2_adv_CLKIN1_CLKOUT0)
                                                     -3.142    -2.248 r  design_1_i/clk_wiz_1/inst/mmcm_adv_inst/CLKOUT0
                         net (fo=1, routed)           0.530    -1.718    design_1_i/clk_wiz_1/inst/clk_out1_design_1_clk_wiz_1_0
    BUFGCTRL_X0Y0        BUFG (Prop_bufg_I_O)         0.029    -1.689 r  design_1_i/clk_wiz_1/inst/clkout1_buf/O
                         net (fo=1516, routed)        0.817    -0.873    design_1_i/axi_gpio_0/U0/gpio_core_1/s_axi_aclk
    SLICE_X30Y26         FDRE                                         r  design_1_i/axi_gpio_0/U0/gpio_core_1/Not_Dual.ALLIN1_ND.READ_REG_GEN[1].reg1_reg[17]/C
                         clock pessimism              0.255    -0.617    
                         clock uncertainty            0.074    -0.543    
    SLICE_X30Y26         FDRE (Hold_fdre_C_D)         0.121    -0.422    design_1_i/axi_gpio_0/U0/gpio_core_1/Not_Dual.ALLIN1_ND.READ_REG_GEN[1].reg1_reg[17]
  -------------------------------------------------------------------
                         required time                          0.422    
                         arrival time                          -0.390    
  -------------------------------------------------------------------
                         slack                                  0.032    

Slack (MET) :             0.038ns  (arrival time - required time)
  Source:                 design_1_i/axi_uartlite_0/U0/UARTLITE_CORE_I/UARTLITE_TX_I/data_shift_reg[0]/C
                            (rising edge-triggered cell FDSE clocked by clk_out1_design_1_clk_wiz_1_0  {rise@0.000ns fall@5.000ns period=10.000ns})
  Destination:            design_1_i/axi_uartlite_0/U0/UARTLITE_CORE_I/UARTLITE_TX_I/data_shift_reg[13]_srl13___UARTLITE_CORE_I_UARTLITE_RX_I_data_shift_reg_r_11/D
                            (rising edge-triggered cell SRL16E clocked by clk_out1_design_1_clk_wiz_1_0_1  {rise@0.000ns fall@5.000ns period=10.000ns})
  Path Group:             clk_out1_design_1_clk_wiz_1_0_1
  Path Type:              Hold (Min at Fast Process Corner)
  Requirement:            0.000ns  (clk_out1_design_1_clk_wiz_1_0_1 rise@0.000ns - clk_out1_design_1_clk_wiz_1_0 rise@0.000ns)
  Data Path Delay:        0.187ns  (logic 0.128ns (68.470%)  route 0.059ns (31.530%))
  Logic Levels:           0  
  Clock Path Skew:        0.013ns (DCD - SCD - CPR)
    Destination Clock Delay (DCD):    -0.869ns
    Source Clock Delay      (SCD):    -0.627ns
    Clock Pessimism Removal (CPR):    -0.254ns
  Clock Uncertainty:      0.074ns  ((TSJ^2 + DJ^2)^1/2) / 2 + PE
    Total System Jitter     (TSJ):    0.071ns
    Discrete Jitter          (DJ):    0.131ns
    Phase Error              (PE):    0.000ns
  Clock Domain Crossing:  Inter clock paths are considered valid unless explicitly excluded by timing constraints such as set_clock_groups or set_false_path.

    Location             Delay type                Incr(ns)  Path(ns)    Netlist Resource(s)
  -------------------------------------------------------------------    -------------------
                         (clock clk_out1_design_1_clk_wiz_1_0 rise edge)
                                                      0.000     0.000 r  
    W5                                                0.000     0.000 r  sys_clock (IN)
                         net (fo=0)                   0.000     0.000    design_1_i/clk_wiz_1/inst/clk_in1
    W5                   IBUF (Prop_ibuf_I_O)         0.226     0.226 r  design_1_i/clk_wiz_1/inst/clkin1_ibufg/O
                         net (fo=1, routed)           0.440     0.667    design_1_i/clk_wiz_1/inst/clk_in1_design_1_clk_wiz_1_0
    MMCME2_ADV_X1Y0      MMCME2_ADV (Prop_mmcme2_adv_CLKIN1_CLKOUT0)
                                                     -2.360    -1.693 r  design_1_i/clk_wiz_1/inst/mmcm_adv_inst/CLKOUT0
                         net (fo=1, routed)           0.486    -1.207    design_1_i/clk_wiz_1/inst/clk_out1_design_1_clk_wiz_1_0
    BUFGCTRL_X0Y0        BUFG (Prop_bufg_I_O)         0.026    -1.181 r  design_1_i/clk_wiz_1/inst/clkout1_buf/O
                         net (fo=1516, routed)        0.554    -0.627    design_1_i/axi_uartlite_0/U0/UARTLITE_CORE_I/UARTLITE_TX_I/s_axi_aclk
    SLICE_X31Y20         FDSE                                         r  design_1_i/axi_uartlite_0/U0/UARTLITE_CORE_I/UARTLITE_TX_I/data_shift_reg[0]/C
  -------------------------------------------------------------------    -------------------
    SLICE_X31Y20         FDSE (Prop_fdse_C_Q)         0.128    -0.499 r  design_1_i/axi_uartlite_0/U0/UARTLITE_CORE_I/UARTLITE_TX_I/data_shift_reg[0]/Q
                         net (fo=1, routed)           0.059    -0.440    design_1_i/axi_uartlite_0/U0/UARTLITE_CORE_I/UARTLITE_TX_I/data_shift_reg_n_0_[0]
    SLICE_X30Y20         SRL16E                                       r  design_1_i/axi_uartlite_0/U0/UARTLITE_CORE_I/UARTLITE_TX_I/data_shift_reg[13]_srl13___UARTLITE_CORE_I_UARTLITE_RX_I_data_shift_reg_r_11/D
  -------------------------------------------------------------------    -------------------

                         (clock clk_out1_design_1_clk_wiz_1_0_1 rise edge)
                                                      0.000     0.000 r  
    W5                                                0.000     0.000 r  sys_clock (IN)
                         net (fo=0)                   0.000     0.000    design_1_i/clk_wiz_1/inst/clk_in1
    W5                   IBUF (Prop_ibuf_I_O)         0.414     0.414 r  design_1_i/clk_wiz_1/inst/clkin1_ibufg/O
                         net (fo=1, routed)           0.480     0.894    design_1_i/clk_wiz_1/inst/clk_in1_design_1_clk_wiz_1_0
    MMCME2_ADV_X1Y0      MMCME2_ADV (Prop_mmcme2_adv_CLKIN1_CLKOUT0)
                                                     -3.142    -2.248 r  design_1_i/clk_wiz_1/inst/mmcm_adv_inst/CLKOUT0
                         net (fo=1, routed)           0.530    -1.718    design_1_i/clk_wiz_1/inst/clk_out1_design_1_clk_wiz_1_0
    BUFGCTRL_X0Y0        BUFG (Prop_bufg_I_O)         0.029    -1.689 r  design_1_i/clk_wiz_1/inst/clkout1_buf/O
                         net (fo=1516, routed)        0.821    -0.869    design_1_i/axi_uartlite_0/U0/UARTLITE_CORE_I/UARTLITE_TX_I/s_axi_aclk
    SLICE_X30Y20         SRL16E                                       r  design_1_i/axi_uartlite_0/U0/UARTLITE_CORE_I/UARTLITE_TX_I/data_shift_reg[13]_srl13___UARTLITE_CORE_I_UARTLITE_RX_I_data_shift_reg_r_11/CLK
                         clock pessimism              0.254    -0.614    
                         clock uncertainty            0.074    -0.540    
    SLICE_X30Y20         SRL16E (Hold_srl16e_CLK_D)
                                                      0.062    -0.478    design_1_i/axi_uartlite_0/U0/UARTLITE_CORE_I/UARTLITE_TX_I/data_shift_reg[13]_srl13___UARTLITE_CORE_I_UARTLITE_RX_I_data_shift_reg_r_11
  -------------------------------------------------------------------
                         required time                          0.478    
                         arrival time                          -0.440    
  -------------------------------------------------------------------
                         slack                                  0.038    

Slack (MET) :             0.040ns  (arrival time - required time)
  Source:                 design_1_i/microblaze_0/U0/MicroBlaze_Core_I/Performance.Core/Decode_I/MEM_DataBus_Addr_reg[29]/C
                            (rising edge-triggered cell FDRE clocked by clk_out1_design_1_clk_wiz_1_0  {rise@0.000ns fall@5.000ns period=10.000ns})
  Destination:            design_1_i/microblaze_0_axi_periph/xbar/inst/gen_sasd.crossbar_sasd_0/addr_arbiter_inst/gen_no_arbiter.m_amesg_i_reg[3]/D
                            (rising edge-triggered cell FDRE clocked by clk_out1_design_1_clk_wiz_1_0_1  {rise@0.000ns fall@5.000ns period=10.000ns})
  Path Group:             clk_out1_design_1_clk_wiz_1_0_1
  Path Type:              Hold (Min at Fast Process Corner)
  Requirement:            0.000ns  (clk_out1_design_1_clk_wiz_1_0_1 rise@0.000ns - clk_out1_design_1_clk_wiz_1_0 rise@0.000ns)
  Data Path Delay:        0.453ns  (logic 0.141ns (31.116%)  route 0.312ns (68.884%))
  Logic Levels:           0  
  Clock Path Skew:        0.267ns (DCD - SCD - CPR)
    Destination Clock Delay (DCD):    -0.865ns
    Source Clock Delay      (SCD):    -0.628ns
    Clock Pessimism Removal (CPR):    -0.503ns
  Clock Uncertainty:      0.074ns  ((TSJ^2 + DJ^2)^1/2) / 2 + PE
    Total System Jitter     (TSJ):    0.071ns
    Discrete Jitter          (DJ):    0.131ns
    Phase Error              (PE):    0.000ns
  Clock Domain Crossing:  Inter clock paths are considered valid unless explicitly excluded by timing constraints such as set_clock_groups or set_false_path.

    Location             Delay type                Incr(ns)  Path(ns)    Netlist Resource(s)
  -------------------------------------------------------------------    -------------------
                         (clock clk_out1_design_1_clk_wiz_1_0 rise edge)
                                                      0.000     0.000 r  
    W5                                                0.000     0.000 r  sys_clock (IN)
                         net (fo=0)                   0.000     0.000    design_1_i/clk_wiz_1/inst/clk_in1
    W5                   IBUF (Prop_ibuf_I_O)         0.226     0.226 r  design_1_i/clk_wiz_1/inst/clkin1_ibufg/O
                         net (fo=1, routed)           0.440     0.667    design_1_i/clk_wiz_1/inst/clk_in1_design_1_clk_wiz_1_0
    MMCME2_ADV_X1Y0      MMCME2_ADV (Prop_mmcme2_adv_CLKIN1_CLKOUT0)
                                                     -2.360    -1.693 r  design_1_i/clk_wiz_1/inst/mmcm_adv_inst/CLKOUT0
                         net (fo=1, routed)           0.486    -1.207    design_1_i/clk_wiz_1/inst/clk_out1_design_1_clk_wiz_1_0
    BUFGCTRL_X0Y0        BUFG (Prop_bufg_I_O)         0.026    -1.181 r  design_1_i/clk_wiz_1/inst/clkout1_buf/O
                         net (fo=1516, routed)        0.553    -0.628    design_1_i/microblaze_0/U0/MicroBlaze_Core_I/Performance.Core/Decode_I/Clk
    SLICE_X43Y28         FDRE                                         r  design_1_i/microblaze_0/U0/MicroBlaze_Core_I/Performance.Core/Decode_I/MEM_DataBus_Addr_reg[29]/C
  -------------------------------------------------------------------    -------------------
    SLICE_X43Y28         FDRE (Prop_fdre_C_Q)         0.141    -0.487 r  design_1_i/microblaze_0/U0/MicroBlaze_Core_I/Performance.Core/Decode_I/MEM_DataBus_Addr_reg[29]/Q
                         net (fo=1, routed)           0.312    -0.175    design_1_i/microblaze_0_axi_periph/xbar/inst/gen_sasd.crossbar_sasd_0/addr_arbiter_inst/s_axi_araddr[2]
    SLICE_X29Y32         FDRE                                         r  design_1_i/microblaze_0_axi_periph/xbar/inst/gen_sasd.crossbar_sasd_0/addr_arbiter_inst/gen_no_arbiter.m_amesg_i_reg[3]/D
  -------------------------------------------------------------------    -------------------

                         (clock clk_out1_design_1_clk_wiz_1_0_1 rise edge)
                                                      0.000     0.000 r  
    W5                                                0.000     0.000 r  sys_clock (IN)
                         net (fo=0)                   0.000     0.000    design_1_i/clk_wiz_1/inst/clk_in1
    W5                   IBUF (Prop_ibuf_I_O)         0.414     0.414 r  design_1_i/clk_wiz_1/inst/clkin1_ibufg/O
                         net (fo=1, routed)           0.480     0.894    design_1_i/clk_wiz_1/inst/clk_in1_design_1_clk_wiz_1_0
    MMCME2_ADV_X1Y0      MMCME2_ADV (Prop_mmcme2_adv_CLKIN1_CLKOUT0)
                                                     -3.142    -2.248 r  design_1_i/clk_wiz_1/inst/mmcm_adv_inst/CLKOUT0
                         net (fo=1, routed)           0.530    -1.718    design_1_i/clk_wiz_1/inst/clk_out1_design_1_clk_wiz_1_0
    BUFGCTRL_X0Y0        BUFG (Prop_bufg_I_O)         0.029    -1.689 r  design_1_i/clk_wiz_1/inst/clkout1_buf/O
                         net (fo=1516, routed)        0.825    -0.865    design_1_i/microblaze_0_axi_periph/xbar/inst/gen_sasd.crossbar_sasd_0/addr_arbiter_inst/aclk
    SLICE_X29Y32         FDRE                                         r  design_1_i/microblaze_0_axi_periph/xbar/inst/gen_sasd.crossbar_sasd_0/addr_arbiter_inst/gen_no_arbiter.m_amesg_i_reg[3]/C
                         clock pessimism              0.503    -0.361    
                         clock uncertainty            0.074    -0.287    
    SLICE_X29Y32         FDRE (Hold_fdre_C_D)         0.072    -0.215    design_1_i/microblaze_0_axi_periph/xbar/inst/gen_sasd.crossbar_sasd_0/addr_arbiter_inst/gen_no_arbiter.m_amesg_i_reg[3]
  -------------------------------------------------------------------
                         required time                          0.215    
                         arrival time                          -0.175    
  -------------------------------------------------------------------
                         slack                                  0.040    

Slack (MET) :             0.042ns  (arrival time - required time)
  Source:                 design_1_i/microblaze_0/U0/MicroBlaze_Core_I/Performance.Core/Decode_I/PC_Module_I/if_pc_reg[31]/C
                            (rising edge-triggered cell FDRE clocked by clk_out1_design_1_clk_wiz_1_0  {rise@0.000ns fall@5.000ns period=10.000ns})
  Destination:            design_1_i/microblaze_0/U0/MicroBlaze_Core_I/Performance.Core/Decode_I/PC_Module_I/PC_Buffer_reg[3][31]_srl4/D
                            (rising edge-triggered cell SRL16E clocked by clk_out1_design_1_clk_wiz_1_0_1  {rise@0.000ns fall@5.000ns period=10.000ns})
  Path Group:             clk_out1_design_1_clk_wiz_1_0_1
  Path Type:              Hold (Min at Fast Process Corner)
  Requirement:            0.000ns  (clk_out1_design_1_clk_wiz_1_0_1 rise@0.000ns - clk_out1_design_1_clk_wiz_1_0 rise@0.000ns)
  Data Path Delay:        0.258ns  (logic 0.128ns (49.621%)  route 0.130ns (50.379%))
  Logic Levels:           0  
  Clock Path Skew:        0.013ns (DCD - SCD - CPR)
    Destination Clock Delay (DCD):    -0.871ns
    Source Clock Delay      (SCD):    -0.629ns
    Clock Pessimism Removal (CPR):    -0.254ns
  Clock Uncertainty:      0.074ns  ((TSJ^2 + DJ^2)^1/2) / 2 + PE
    Total System Jitter     (TSJ):    0.071ns
    Discrete Jitter          (DJ):    0.131ns
    Phase Error              (PE):    0.000ns
  Clock Domain Crossing:  Inter clock paths are considered valid unless explicitly excluded by timing constraints such as set_clock_groups or set_false_path.

    Location             Delay type                Incr(ns)  Path(ns)    Netlist Resource(s)
  -------------------------------------------------------------------    -------------------
                         (clock clk_out1_design_1_clk_wiz_1_0 rise edge)
                                                      0.000     0.000 r  
    W5                                                0.000     0.000 r  sys_clock (IN)
                         net (fo=0)                   0.000     0.000    design_1_i/clk_wiz_1/inst/clk_in1
    W5                   IBUF (Prop_ibuf_I_O)         0.226     0.226 r  design_1_i/clk_wiz_1/inst/clkin1_ibufg/O
                         net (fo=1, routed)           0.440     0.667    design_1_i/clk_wiz_1/inst/clk_in1_design_1_clk_wiz_1_0
    MMCME2_ADV_X1Y0      MMCME2_ADV (Prop_mmcme2_adv_CLKIN1_CLKOUT0)
                                                     -2.360    -1.693 r  design_1_i/clk_wiz_1/inst/mmcm_adv_inst/CLKOUT0
                         net (fo=1, routed)           0.486    -1.207    design_1_i/clk_wiz_1/inst/clk_out1_design_1_clk_wiz_1_0
    BUFGCTRL_X0Y0        BUFG (Prop_bufg_I_O)         0.026    -1.181 r  design_1_i/clk_wiz_1/inst/clkout1_buf/O
                         net (fo=1516, routed)        0.552    -0.629    design_1_i/microblaze_0/U0/MicroBlaze_Core_I/Performance.Core/Decode_I/PC_Module_I/Clk
    SLICE_X44Y26         FDRE                                         r  design_1_i/microblaze_0/U0/MicroBlaze_Core_I/Performance.Core/Decode_I/PC_Module_I/if_pc_reg[31]/C
  -------------------------------------------------------------------    -------------------
    SLICE_X44Y26         FDRE (Prop_fdre_C_Q)         0.128    -0.501 r  design_1_i/microblaze_0/U0/MicroBlaze_Core_I/Performance.Core/Decode_I/PC_Module_I/if_pc_reg[31]/Q
                         net (fo=4, routed)           0.130    -0.371    design_1_i/microblaze_0/U0/MicroBlaze_Core_I/Performance.Core/Decode_I/PC_Module_I/Q[0]
    SLICE_X46Y26         SRL16E                                       r  design_1_i/microblaze_0/U0/MicroBlaze_Core_I/Performance.Core/Decode_I/PC_Module_I/PC_Buffer_reg[3][31]_srl4/D
  -------------------------------------------------------------------    -------------------

                         (clock clk_out1_design_1_clk_wiz_1_0_1 rise edge)
                                                      0.000     0.000 r  
    W5                                                0.000     0.000 r  sys_clock (IN)
                         net (fo=0)                   0.000     0.000    design_1_i/clk_wiz_1/inst/clk_in1
    W5                   IBUF (Prop_ibuf_I_O)         0.414     0.414 r  design_1_i/clk_wiz_1/inst/clkin1_ibufg/O
                         net (fo=1, routed)           0.480     0.894    design_1_i/clk_wiz_1/inst/clk_in1_design_1_clk_wiz_1_0
    MMCME2_ADV_X1Y0      MMCME2_ADV (Prop_mmcme2_adv_CLKIN1_CLKOUT0)
                                                     -3.142    -2.248 r  design_1_i/clk_wiz_1/inst/mmcm_adv_inst/CLKOUT0
                         net (fo=1, routed)           0.530    -1.718    design_1_i/clk_wiz_1/inst/clk_out1_design_1_clk_wiz_1_0
    BUFGCTRL_X0Y0        BUFG (Prop_bufg_I_O)         0.029    -1.689 r  design_1_i/clk_wiz_1/inst/clkout1_buf/O
                         net (fo=1516, routed)        0.819    -0.871    design_1_i/microblaze_0/U0/MicroBlaze_Core_I/Performance.Core/Decode_I/PC_Module_I/Clk
    SLICE_X46Y26         SRL16E                                       r  design_1_i/microblaze_0/U0/MicroBlaze_Core_I/Performance.Core/Decode_I/PC_Module_I/PC_Buffer_reg[3][31]_srl4/CLK
                         clock pessimism              0.254    -0.616    
                         clock uncertainty            0.074    -0.542    
    SLICE_X46Y26         SRL16E (Hold_srl16e_CLK_D)
                                                      0.129    -0.413    design_1_i/microblaze_0/U0/MicroBlaze_Core_I/Performance.Core/Decode_I/PC_Module_I/PC_Buffer_reg[3][31]_srl4
  -------------------------------------------------------------------
                         required time                          0.413    
                         arrival time                          -0.371    
  -------------------------------------------------------------------
                         slack                                  0.042    

Slack (MET) :             0.044ns  (arrival time - required time)
  Source:                 design_1_i/microblaze_0/U0/MicroBlaze_Core_I/Performance.Core/Decode_I/MEM_DataBus_Addr_reg[23]/C
                            (rising edge-triggered cell FDRE clocked by clk_out1_design_1_clk_wiz_1_0  {rise@0.000ns fall@5.000ns period=10.000ns})
  Destination:            design_1_i/microblaze_0_axi_periph/xbar/inst/gen_sasd.crossbar_sasd_0/addr_arbiter_inst/gen_no_arbiter.m_amesg_i_reg[9]/D
                            (rising edge-triggered cell FDRE clocked by clk_out1_design_1_clk_wiz_1_0_1  {rise@0.000ns fall@5.000ns period=10.000ns})
  Path Group:             clk_out1_design_1_clk_wiz_1_0_1
  Path Type:              Hold (Min at Fast Process Corner)
  Requirement:            0.000ns  (clk_out1_design_1_clk_wiz_1_0_1 rise@0.000ns - clk_out1_design_1_clk_wiz_1_0 rise@0.000ns)
  Data Path Delay:        0.455ns  (logic 0.141ns (30.980%)  route 0.314ns (69.020%))
  Logic Levels:           0  
  Clock Path Skew:        0.266ns (DCD - SCD - CPR)
    Destination Clock Delay (DCD):    -0.865ns
    Source Clock Delay      (SCD):    -0.627ns
    Clock Pessimism Removal (CPR):    -0.503ns
  Clock Uncertainty:      0.074ns  ((TSJ^2 + DJ^2)^1/2) / 2 + PE
    Total System Jitter     (TSJ):    0.071ns
    Discrete Jitter          (DJ):    0.131ns
    Phase Error              (PE):    0.000ns
  Clock Domain Crossing:  Inter clock paths are considered valid unless explicitly excluded by timing constraints such as set_clock_groups or set_false_path.

    Location             Delay type                Incr(ns)  Path(ns)    Netlist Resource(s)
  -------------------------------------------------------------------    -------------------
                         (clock clk_out1_design_1_clk_wiz_1_0 rise edge)
                                                      0.000     0.000 r  
    W5                                                0.000     0.000 r  sys_clock (IN)
                         net (fo=0)                   0.000     0.000    design_1_i/clk_wiz_1/inst/clk_in1
    W5                   IBUF (Prop_ibuf_I_O)         0.226     0.226 r  design_1_i/clk_wiz_1/inst/clkin1_ibufg/O
                         net (fo=1, routed)           0.440     0.667    design_1_i/clk_wiz_1/inst/clk_in1_design_1_clk_wiz_1_0
    MMCME2_ADV_X1Y0      MMCME2_ADV (Prop_mmcme2_adv_CLKIN1_CLKOUT0)
                                                     -2.360    -1.693 r  design_1_i/clk_wiz_1/inst/mmcm_adv_inst/CLKOUT0
                         net (fo=1, routed)           0.486    -1.207    design_1_i/clk_wiz_1/inst/clk_out1_design_1_clk_wiz_1_0
    BUFGCTRL_X0Y0        BUFG (Prop_bufg_I_O)         0.026    -1.181 r  design_1_i/clk_wiz_1/inst/clkout1_buf/O
                         net (fo=1516, routed)        0.554    -0.627    design_1_i/microblaze_0/U0/MicroBlaze_Core_I/Performance.Core/Decode_I/Clk
    SLICE_X43Y29         FDRE                                         r  design_1_i/microblaze_0/U0/MicroBlaze_Core_I/Performance.Core/Decode_I/MEM_DataBus_Addr_reg[23]/C
  -------------------------------------------------------------------    -------------------
    SLICE_X43Y29         FDRE (Prop_fdre_C_Q)         0.141    -0.486 r  design_1_i/microblaze_0/U0/MicroBlaze_Core_I/Performance.Core/Decode_I/MEM_DataBus_Addr_reg[23]/Q
                         net (fo=1, routed)           0.314    -0.172    design_1_i/microblaze_0_axi_periph/xbar/inst/gen_sasd.crossbar_sasd_0/addr_arbiter_inst/s_axi_araddr[8]
    SLICE_X29Y32         FDRE                                         r  design_1_i/microblaze_0_axi_periph/xbar/inst/gen_sasd.crossbar_sasd_0/addr_arbiter_inst/gen_no_arbiter.m_amesg_i_reg[9]/D
  -------------------------------------------------------------------    -------------------

                         (clock clk_out1_design_1_clk_wiz_1_0_1 rise edge)
                                                      0.000     0.000 r  
    W5                                                0.000     0.000 r  sys_clock (IN)
                         net (fo=0)                   0.000     0.000    design_1_i/clk_wiz_1/inst/clk_in1
    W5                   IBUF (Prop_ibuf_I_O)         0.414     0.414 r  design_1_i/clk_wiz_1/inst/clkin1_ibufg/O
                         net (fo=1, routed)           0.480     0.894    design_1_i/clk_wiz_1/inst/clk_in1_design_1_clk_wiz_1_0
    MMCME2_ADV_X1Y0      MMCME2_ADV (Prop_mmcme2_adv_CLKIN1_CLKOUT0)
                                                     -3.142    -2.248 r  design_1_i/clk_wiz_1/inst/mmcm_adv_inst/CLKOUT0
                         net (fo=1, routed)           0.530    -1.718    design_1_i/clk_wiz_1/inst/clk_out1_design_1_clk_wiz_1_0
    BUFGCTRL_X0Y0        BUFG (Prop_bufg_I_O)         0.029    -1.689 r  design_1_i/clk_wiz_1/inst/clkout1_buf/O
                         net (fo=1516, routed)        0.825    -0.865    design_1_i/microblaze_0_axi_periph/xbar/inst/gen_sasd.crossbar_sasd_0/addr_arbiter_inst/aclk
    SLICE_X29Y32         FDRE                                         r  design_1_i/microblaze_0_axi_periph/xbar/inst/gen_sasd.crossbar_sasd_0/addr_arbiter_inst/gen_no_arbiter.m_amesg_i_reg[9]/C
                         clock pessimism              0.503    -0.361    
                         clock uncertainty            0.074    -0.287    
    SLICE_X29Y32         FDRE (Hold_fdre_C_D)         0.071    -0.216    design_1_i/microblaze_0_axi_periph/xbar/inst/gen_sasd.crossbar_sasd_0/addr_arbiter_inst/gen_no_arbiter.m_amesg_i_reg[9]
  -------------------------------------------------------------------
                         required time                          0.216    
                         arrival time                          -0.172    
  -------------------------------------------------------------------
                         slack                                  0.044    

Slack (MET) :             0.046ns  (arrival time - required time)
  Source:                 design_1_i/microblaze_0/U0/MicroBlaze_Core_I/Performance.Core/Data_Flow_I/Data_Flow_Logic_I/WB_MEM_Result_reg[9]/C
                            (rising edge-triggered cell FDRE clocked by clk_out1_design_1_clk_wiz_1_0  {rise@0.000ns fall@5.000ns period=10.000ns})
  Destination:            design_1_i/microblaze_0/U0/MicroBlaze_Core_I/Performance.Core/Data_Flow_I/Register_File_I/Using_LUT6.All_RAM32M[4].ram32m_i/Using_FPGA.Native/RAMD/I
                            (rising edge-triggered cell RAMS32 clocked by clk_out1_design_1_clk_wiz_1_0_1  {rise@0.000ns fall@5.000ns period=10.000ns})
  Path Group:             clk_out1_design_1_clk_wiz_1_0_1
  Path Type:              Hold (Min at Fast Process Corner)
  Requirement:            0.000ns  (clk_out1_design_1_clk_wiz_1_0_1 rise@0.000ns - clk_out1_design_1_clk_wiz_1_0 rise@0.000ns)
  Data Path Delay:        0.527ns  (logic 0.227ns (43.084%)  route 0.300ns (56.916%))
  Logic Levels:           1  (LUT6=1)
  Clock Path Skew:        0.262ns (DCD - SCD - CPR)
    Destination Clock Delay (DCD):    -0.865ns
    Source Clock Delay      (SCD):    -0.623ns
    Clock Pessimism Removal (CPR):    -0.503ns
  Clock Uncertainty:      0.074ns  ((TSJ^2 + DJ^2)^1/2) / 2 + PE
    Total System Jitter     (TSJ):    0.071ns
    Discrete Jitter          (DJ):    0.131ns
    Phase Error              (PE):    0.000ns
  Clock Domain Crossing:  Inter clock paths are considered valid unless explicitly excluded by timing constraints such as set_clock_groups or set_false_path.

    Location             Delay type                Incr(ns)  Path(ns)    Netlist Resource(s)
  -------------------------------------------------------------------    -------------------
                         (clock clk_out1_design_1_clk_wiz_1_0 rise edge)
                                                      0.000     0.000 r  
    W5                                                0.000     0.000 r  sys_clock (IN)
                         net (fo=0)                   0.000     0.000    design_1_i/clk_wiz_1/inst/clk_in1
    W5                   IBUF (Prop_ibuf_I_O)         0.226     0.226 r  design_1_i/clk_wiz_1/inst/clkin1_ibufg/O
                         net (fo=1, routed)           0.440     0.667    design_1_i/clk_wiz_1/inst/clk_in1_design_1_clk_wiz_1_0
    MMCME2_ADV_X1Y0      MMCME2_ADV (Prop_mmcme2_adv_CLKIN1_CLKOUT0)
                                                     -2.360    -1.693 r  design_1_i/clk_wiz_1/inst/mmcm_adv_inst/CLKOUT0
                         net (fo=1, routed)           0.486    -1.207    design_1_i/clk_wiz_1/inst/clk_out1_design_1_clk_wiz_1_0
    BUFGCTRL_X0Y0        BUFG (Prop_bufg_I_O)         0.026    -1.181 r  design_1_i/clk_wiz_1/inst/clkout1_buf/O
                         net (fo=1516, routed)        0.558    -0.623    design_1_i/microblaze_0/U0/MicroBlaze_Core_I/Performance.Core/Data_Flow_I/Data_Flow_Logic_I/Clk
    SLICE_X32Y33         FDRE                                         r  design_1_i/microblaze_0/U0/MicroBlaze_Core_I/Performance.Core/Data_Flow_I/Data_Flow_Logic_I/WB_MEM_Result_reg[9]/C
  -------------------------------------------------------------------    -------------------
    SLICE_X32Y33         FDRE (Prop_fdre_C_Q)         0.128    -0.495 r  design_1_i/microblaze_0/U0/MicroBlaze_Core_I/Performance.Core/Data_Flow_I/Data_Flow_Logic_I/WB_MEM_Result_reg[9]/Q
                         net (fo=1, routed)           0.061    -0.435    design_1_i/microblaze_0/U0/MicroBlaze_Core_I/Performance.Core/Decode_I/EX_Op3_reg[0]_1[14]
    SLICE_X32Y33         LUT6 (Prop_lut6_I5_O)        0.099    -0.336 r  design_1_i/microblaze_0/U0/MicroBlaze_Core_I/Performance.Core/Decode_I/Using_FPGA.Native_i_2__29/O
                         net (fo=8, routed)           0.239    -0.096    design_1_i/microblaze_0/U0/MicroBlaze_Core_I/Performance.Core/Data_Flow_I/Register_File_I/Using_LUT6.All_RAM32M[4].ram32m_i/Using_FPGA.Native/DID0
    SLICE_X38Y33         RAMS32                                       r  design_1_i/microblaze_0/U0/MicroBlaze_Core_I/Performance.Core/Data_Flow_I/Register_File_I/Using_LUT6.All_RAM32M[4].ram32m_i/Using_FPGA.Native/RAMD/I
  -------------------------------------------------------------------    -------------------

                         (clock clk_out1_design_1_clk_wiz_1_0_1 rise edge)
                                                      0.000     0.000 r  
    W5                                                0.000     0.000 r  sys_clock (IN)
                         net (fo=0)                   0.000     0.000    design_1_i/clk_wiz_1/inst/clk_in1
    W5                   IBUF (Prop_ibuf_I_O)         0.414     0.414 r  design_1_i/clk_wiz_1/inst/clkin1_ibufg/O
                         net (fo=1, routed)           0.480     0.894    design_1_i/clk_wiz_1/inst/clk_in1_design_1_clk_wiz_1_0
    MMCME2_ADV_X1Y0      MMCME2_ADV (Prop_mmcme2_adv_CLKIN1_CLKOUT0)
                                                     -3.142    -2.248 r  design_1_i/clk_wiz_1/inst/mmcm_adv_inst/CLKOUT0
                         net (fo=1, routed)           0.530    -1.718    design_1_i/clk_wiz_1/inst/clk_out1_design_1_clk_wiz_1_0
    BUFGCTRL_X0Y0        BUFG (Prop_bufg_I_O)         0.029    -1.689 r  design_1_i/clk_wiz_1/inst/clkout1_buf/O
                         net (fo=1516, routed)        0.825    -0.865    design_1_i/microblaze_0/U0/MicroBlaze_Core_I/Performance.Core/Data_Flow_I/Register_File_I/Using_LUT6.All_RAM32M[4].ram32m_i/Using_FPGA.Native/WCLK
    SLICE_X38Y33         RAMS32                                       r  design_1_i/microblaze_0/U0/MicroBlaze_Core_I/Performance.Core/Data_Flow_I/Register_File_I/Using_LUT6.All_RAM32M[4].ram32m_i/Using_FPGA.Native/RAMD/CLK
                         clock pessimism              0.503    -0.361    
                         clock uncertainty            0.074    -0.287    
    SLICE_X38Y33         RAMS32 (Hold_rams32_CLK_I)
                                                      0.144    -0.143    design_1_i/microblaze_0/U0/MicroBlaze_Core_I/Performance.Core/Data_Flow_I/Register_File_I/Using_LUT6.All_RAM32M[4].ram32m_i/Using_FPGA.Native/RAMD
  -------------------------------------------------------------------
                         required time                          0.143    
                         arrival time                          -0.096    
  -------------------------------------------------------------------
                         slack                                  0.046    

Slack (MET) :             0.047ns  (arrival time - required time)
  Source:                 design_1_i/axi_gpio_0/U0/gpio_core_1/Not_Dual.INPUT_DOUBLE_REGS3/GENERATE_LEVEL_P_S_CDC.MULTI_BIT.FOR_CROSS_PLEVEL_IN2SCNDRY_bus_d2[1].CROSS2_PLEVEL_IN2SCNDRY_s_level_out_bus_d2/C
                            (rising edge-triggered cell FDRE clocked by clk_out1_design_1_clk_wiz_1_0  {rise@0.000ns fall@5.000ns period=10.000ns})
  Destination:            design_1_i/axi_gpio_0/U0/gpio_core_1/Not_Dual.INPUT_DOUBLE_REGS3/GENERATE_LEVEL_P_S_CDC.MULTI_BIT.FOR_CROSS_PLEVEL_IN2SCNDRY_bus_d3[1].CROSS2_PLEVEL_IN2SCNDRY_s_level_out_bus_d3/D
                            (rising edge-triggered cell FDRE clocked by clk_out1_design_1_clk_wiz_1_0_1  {rise@0.000ns fall@5.000ns period=10.000ns})
  Path Group:             clk_out1_design_1_clk_wiz_1_0_1
  Path Type:              Hold (Min at Fast Process Corner)
  Requirement:            0.000ns  (clk_out1_design_1_clk_wiz_1_0_1 rise@0.000ns - clk_out1_design_1_clk_wiz_1_0 rise@0.000ns)
  Data Path Delay:        0.197ns  (logic 0.141ns (71.611%)  route 0.056ns (28.389%))
  Logic Levels:           0  
  Clock Path Skew:        0.000ns (DCD - SCD - CPR)
    Destination Clock Delay (DCD):    -0.865ns
    Source Clock Delay      (SCD):    -0.624ns
    Clock Pessimism Removal (CPR):    -0.240ns
  Clock Uncertainty:      0.074ns  ((TSJ^2 + DJ^2)^1/2) / 2 + PE
    Total System Jitter     (TSJ):    0.071ns
    Discrete Jitter          (DJ):    0.131ns
    Phase Error              (PE):    0.000ns
  Clock Domain Crossing:  Inter clock paths are considered valid unless explicitly excluded by timing constraints such as set_clock_groups or set_false_path.

    Location             Delay type                Incr(ns)  Path(ns)    Netlist Resource(s)
  -------------------------------------------------------------------    -------------------
                         (clock clk_out1_design_1_clk_wiz_1_0 rise edge)
                                                      0.000     0.000 r  
    W5                                                0.000     0.000 r  sys_clock (IN)
                         net (fo=0)                   0.000     0.000    design_1_i/clk_wiz_1/inst/clk_in1
    W5                   IBUF (Prop_ibuf_I_O)         0.226     0.226 r  design_1_i/clk_wiz_1/inst/clkin1_ibufg/O
                         net (fo=1, routed)           0.440     0.667    design_1_i/clk_wiz_1/inst/clk_in1_design_1_clk_wiz_1_0
    MMCME2_ADV_X1Y0      MMCME2_ADV (Prop_mmcme2_adv_CLKIN1_CLKOUT0)
                                                     -2.360    -1.693 r  design_1_i/clk_wiz_1/inst/mmcm_adv_inst/CLKOUT0
                         net (fo=1, routed)           0.486    -1.207    design_1_i/clk_wiz_1/inst/clk_out1_design_1_clk_wiz_1_0
    BUFGCTRL_X0Y0        BUFG (Prop_bufg_I_O)         0.026    -1.181 r  design_1_i/clk_wiz_1/inst/clkout1_buf/O
                         net (fo=1516, routed)        0.557    -0.624    design_1_i/axi_gpio_0/U0/gpio_core_1/Not_Dual.INPUT_DOUBLE_REGS3/s_axi_aclk
    SLICE_X15Y29         FDRE                                         r  design_1_i/axi_gpio_0/U0/gpio_core_1/Not_Dual.INPUT_DOUBLE_REGS3/GENERATE_LEVEL_P_S_CDC.MULTI_BIT.FOR_CROSS_PLEVEL_IN2SCNDRY_bus_d2[1].CROSS2_PLEVEL_IN2SCNDRY_s_level_out_bus_d2/C
  -------------------------------------------------------------------    -------------------
    SLICE_X15Y29         FDRE (Prop_fdre_C_Q)         0.141    -0.483 r  design_1_i/axi_gpio_0/U0/gpio_core_1/Not_Dual.INPUT_DOUBLE_REGS3/GENERATE_LEVEL_P_S_CDC.MULTI_BIT.FOR_CROSS_PLEVEL_IN2SCNDRY_bus_d2[1].CROSS2_PLEVEL_IN2SCNDRY_s_level_out_bus_d2/Q
                         net (fo=1, routed)           0.056    -0.427    design_1_i/axi_gpio_0/U0/gpio_core_1/Not_Dual.INPUT_DOUBLE_REGS3/s_level_out_bus_d2_1
    SLICE_X15Y29         FDRE                                         r  design_1_i/axi_gpio_0/U0/gpio_core_1/Not_Dual.INPUT_DOUBLE_REGS3/GENERATE_LEVEL_P_S_CDC.MULTI_BIT.FOR_CROSS_PLEVEL_IN2SCNDRY_bus_d3[1].CROSS2_PLEVEL_IN2SCNDRY_s_level_out_bus_d3/D
  -------------------------------------------------------------------    -------------------

                         (clock clk_out1_design_1_clk_wiz_1_0_1 rise edge)
                                                      0.000     0.000 r  
    W5                                                0.000     0.000 r  sys_clock (IN)
                         net (fo=0)                   0.000     0.000    design_1_i/clk_wiz_1/inst/clk_in1
    W5                   IBUF (Prop_ibuf_I_O)         0.414     0.414 r  design_1_i/clk_wiz_1/inst/clkin1_ibufg/O
                         net (fo=1, routed)           0.480     0.894    design_1_i/clk_wiz_1/inst/clk_in1_design_1_clk_wiz_1_0
    MMCME2_ADV_X1Y0      MMCME2_ADV (Prop_mmcme2_adv_CLKIN1_CLKOUT0)
                                                     -3.142    -2.248 r  design_1_i/clk_wiz_1/inst/mmcm_adv_inst/CLKOUT0
                         net (fo=1, routed)           0.530    -1.718    design_1_i/clk_wiz_1/inst/clk_out1_design_1_clk_wiz_1_0
    BUFGCTRL_X0Y0        BUFG (Prop_bufg_I_O)         0.029    -1.689 r  design_1_i/clk_wiz_1/inst/clkout1_buf/O
                         net (fo=1516, routed)        0.825    -0.865    design_1_i/axi_gpio_0/U0/gpio_core_1/Not_Dual.INPUT_DOUBLE_REGS3/s_axi_aclk
    SLICE_X15Y29         FDRE                                         r  design_1_i/axi_gpio_0/U0/gpio_core_1/Not_Dual.INPUT_DOUBLE_REGS3/GENERATE_LEVEL_P_S_CDC.MULTI_BIT.FOR_CROSS_PLEVEL_IN2SCNDRY_bus_d3[1].CROSS2_PLEVEL_IN2SCNDRY_s_level_out_bus_d3/C
                         clock pessimism              0.240    -0.624    
                         clock uncertainty            0.074    -0.550    
    SLICE_X15Y29         FDRE (Hold_fdre_C_D)         0.075    -0.475    design_1_i/axi_gpio_0/U0/gpio_core_1/Not_Dual.INPUT_DOUBLE_REGS3/GENERATE_LEVEL_P_S_CDC.MULTI_BIT.FOR_CROSS_PLEVEL_IN2SCNDRY_bus_d3[1].CROSS2_PLEVEL_IN2SCNDRY_s_level_out_bus_d3
  -------------------------------------------------------------------
                         required time                          0.475    
                         arrival time                          -0.427    
  -------------------------------------------------------------------
                         slack                                  0.047    

Slack (MET) :             0.047ns  (arrival time - required time)
  Source:                 design_1_i/axi_gpio_0/U0/gpio_core_1/Not_Dual.INPUT_DOUBLE_REGS3/GENERATE_LEVEL_P_S_CDC.MULTI_BIT.FOR_CROSS_PLEVEL_IN2SCNDRY_bus_d2[3].CROSS2_PLEVEL_IN2SCNDRY_s_level_out_bus_d2/C
                            (rising edge-triggered cell FDRE clocked by clk_out1_design_1_clk_wiz_1_0  {rise@0.000ns fall@5.000ns period=10.000ns})
  Destination:            design_1_i/axi_gpio_0/U0/gpio_core_1/Not_Dual.INPUT_DOUBLE_REGS3/GENERATE_LEVEL_P_S_CDC.MULTI_BIT.FOR_CROSS_PLEVEL_IN2SCNDRY_bus_d3[3].CROSS2_PLEVEL_IN2SCNDRY_s_level_out_bus_d3/D
                            (rising edge-triggered cell FDRE clocked by clk_out1_design_1_clk_wiz_1_0_1  {rise@0.000ns fall@5.000ns period=10.000ns})
  Path Group:             clk_out1_design_1_clk_wiz_1_0_1
  Path Type:              Hold (Min at Fast Process Corner)
  Requirement:            0.000ns  (clk_out1_design_1_clk_wiz_1_0_1 rise@0.000ns - clk_out1_design_1_clk_wiz_1_0 rise@0.000ns)
  Data Path Delay:        0.197ns  (logic 0.141ns (71.611%)  route 0.056ns (28.389%))
  Logic Levels:           0  
  Clock Path Skew:        0.000ns (DCD - SCD - CPR)
    Destination Clock Delay (DCD):    -0.867ns
    Source Clock Delay      (SCD):    -0.626ns
    Clock Pessimism Removal (CPR):    -0.240ns
  Clock Uncertainty:      0.074ns  ((TSJ^2 + DJ^2)^1/2) / 2 + PE
    Total System Jitter     (TSJ):    0.071ns
    Discrete Jitter          (DJ):    0.131ns
    Phase Error              (PE):    0.000ns
  Clock Domain Crossing:  Inter clock paths are considered valid unless explicitly excluded by timing constraints such as set_clock_groups or set_false_path.

    Location             Delay type                Incr(ns)  Path(ns)    Netlist Resource(s)
  -------------------------------------------------------------------    -------------------
                         (clock clk_out1_design_1_clk_wiz_1_0 rise edge)
                                                      0.000     0.000 r  
    W5                                                0.000     0.000 r  sys_clock (IN)
                         net (fo=0)                   0.000     0.000    design_1_i/clk_wiz_1/inst/clk_in1
    W5                   IBUF (Prop_ibuf_I_O)         0.226     0.226 r  design_1_i/clk_wiz_1/inst/clkin1_ibufg/O
                         net (fo=1, routed)           0.440     0.667    design_1_i/clk_wiz_1/inst/clk_in1_design_1_clk_wiz_1_0
    MMCME2_ADV_X1Y0      MMCME2_ADV (Prop_mmcme2_adv_CLKIN1_CLKOUT0)
                                                     -2.360    -1.693 r  design_1_i/clk_wiz_1/inst/mmcm_adv_inst/CLKOUT0
                         net (fo=1, routed)           0.486    -1.207    design_1_i/clk_wiz_1/inst/clk_out1_design_1_clk_wiz_1_0
    BUFGCTRL_X0Y0        BUFG (Prop_bufg_I_O)         0.026    -1.181 r  design_1_i/clk_wiz_1/inst/clkout1_buf/O
                         net (fo=1516, routed)        0.555    -0.626    design_1_i/axi_gpio_0/U0/gpio_core_1/Not_Dual.INPUT_DOUBLE_REGS3/s_axi_aclk
    SLICE_X29Y19         FDRE                                         r  design_1_i/axi_gpio_0/U0/gpio_core_1/Not_Dual.INPUT_DOUBLE_REGS3/GENERATE_LEVEL_P_S_CDC.MULTI_BIT.FOR_CROSS_PLEVEL_IN2SCNDRY_bus_d2[3].CROSS2_PLEVEL_IN2SCNDRY_s_level_out_bus_d2/C
  -------------------------------------------------------------------    -------------------
    SLICE_X29Y19         FDRE (Prop_fdre_C_Q)         0.141    -0.485 r  design_1_i/axi_gpio_0/U0/gpio_core_1/Not_Dual.INPUT_DOUBLE_REGS3/GENERATE_LEVEL_P_S_CDC.MULTI_BIT.FOR_CROSS_PLEVEL_IN2SCNDRY_bus_d2[3].CROSS2_PLEVEL_IN2SCNDRY_s_level_out_bus_d2/Q
                         net (fo=1, routed)           0.056    -0.429    design_1_i/axi_gpio_0/U0/gpio_core_1/Not_Dual.INPUT_DOUBLE_REGS3/s_level_out_bus_d2_3
    SLICE_X29Y19         FDRE                                         r  design_1_i/axi_gpio_0/U0/gpio_core_1/Not_Dual.INPUT_DOUBLE_REGS3/GENERATE_LEVEL_P_S_CDC.MULTI_BIT.FOR_CROSS_PLEVEL_IN2SCNDRY_bus_d3[3].CROSS2_PLEVEL_IN2SCNDRY_s_level_out_bus_d3/D
  -------------------------------------------------------------------    -------------------

                         (clock clk_out1_design_1_clk_wiz_1_0_1 rise edge)
                                                      0.000     0.000 r  
    W5                                                0.000     0.000 r  sys_clock (IN)
                         net (fo=0)                   0.000     0.000    design_1_i/clk_wiz_1/inst/clk_in1
    W5                   IBUF (Prop_ibuf_I_O)         0.414     0.414 r  design_1_i/clk_wiz_1/inst/clkin1_ibufg/O
                         net (fo=1, routed)           0.480     0.894    design_1_i/clk_wiz_1/inst/clk_in1_design_1_clk_wiz_1_0
    MMCME2_ADV_X1Y0      MMCME2_ADV (Prop_mmcme2_adv_CLKIN1_CLKOUT0)
                                                     -3.142    -2.248 r  design_1_i/clk_wiz_1/inst/mmcm_adv_inst/CLKOUT0
                         net (fo=1, routed)           0.530    -1.718    design_1_i/clk_wiz_1/inst/clk_out1_design_1_clk_wiz_1_0
    BUFGCTRL_X0Y0        BUFG (Prop_bufg_I_O)         0.029    -1.689 r  design_1_i/clk_wiz_1/inst/clkout1_buf/O
                         net (fo=1516, routed)        0.823    -0.867    design_1_i/axi_gpio_0/U0/gpio_core_1/Not_Dual.INPUT_DOUBLE_REGS3/s_axi_aclk
    SLICE_X29Y19         FDRE                                         r  design_1_i/axi_gpio_0/U0/gpio_core_1/Not_Dual.INPUT_DOUBLE_REGS3/GENERATE_LEVEL_P_S_CDC.MULTI_BIT.FOR_CROSS_PLEVEL_IN2SCNDRY_bus_d3[3].CROSS2_PLEVEL_IN2SCNDRY_s_level_out_bus_d3/C
                         clock pessimism              0.240    -0.626    
                         clock uncertainty            0.074    -0.552    
    SLICE_X29Y19         FDRE (Hold_fdre_C_D)         0.075    -0.477    design_1_i/axi_gpio_0/U0/gpio_core_1/Not_Dual.INPUT_DOUBLE_REGS3/GENERATE_LEVEL_P_S_CDC.MULTI_BIT.FOR_CROSS_PLEVEL_IN2SCNDRY_bus_d3[3].CROSS2_PLEVEL_IN2SCNDRY_s_level_out_bus_d3
  -------------------------------------------------------------------
                         required time                          0.477    
                         arrival time                          -0.429    
  -------------------------------------------------------------------
                         slack                                  0.047    

Slack (MET) :             0.047ns  (arrival time - required time)
  Source:                 design_1_i/axi_gpio_0/U0/gpio_core_1/Not_Dual.INPUT_DOUBLE_REGS3/GENERATE_LEVEL_P_S_CDC.MULTI_BIT.FOR_CROSS_PLEVEL_IN2SCNDRY_bus_d2[5].CROSS2_PLEVEL_IN2SCNDRY_s_level_out_bus_d2/C
                            (rising edge-triggered cell FDRE clocked by clk_out1_design_1_clk_wiz_1_0  {rise@0.000ns fall@5.000ns period=10.000ns})
  Destination:            design_1_i/axi_gpio_0/U0/gpio_core_1/Not_Dual.INPUT_DOUBLE_REGS3/GENERATE_LEVEL_P_S_CDC.MULTI_BIT.FOR_CROSS_PLEVEL_IN2SCNDRY_bus_d3[5].CROSS2_PLEVEL_IN2SCNDRY_s_level_out_bus_d3/D
                            (rising edge-triggered cell FDRE clocked by clk_out1_design_1_clk_wiz_1_0_1  {rise@0.000ns fall@5.000ns period=10.000ns})
  Path Group:             clk_out1_design_1_clk_wiz_1_0_1
  Path Type:              Hold (Min at Fast Process Corner)
  Requirement:            0.000ns  (clk_out1_design_1_clk_wiz_1_0_1 rise@0.000ns - clk_out1_design_1_clk_wiz_1_0 rise@0.000ns)
  Data Path Delay:        0.197ns  (logic 0.141ns (71.611%)  route 0.056ns (28.389%))
  Logic Levels:           0  
  Clock Path Skew:        0.000ns (DCD - SCD - CPR)
    Destination Clock Delay (DCD):    -0.865ns
    Source Clock Delay      (SCD):    -0.623ns
    Clock Pessimism Removal (CPR):    -0.241ns
  Clock Uncertainty:      0.074ns  ((TSJ^2 + DJ^2)^1/2) / 2 + PE
    Total System Jitter     (TSJ):    0.071ns
    Discrete Jitter          (DJ):    0.131ns
    Phase Error              (PE):    0.000ns
  Clock Domain Crossing:  Inter clock paths are considered valid unless explicitly excluded by timing constraints such as set_clock_groups or set_false_path.

    Location             Delay type                Incr(ns)  Path(ns)    Netlist Resource(s)
  -------------------------------------------------------------------    -------------------
                         (clock clk_out1_design_1_clk_wiz_1_0 rise edge)
                                                      0.000     0.000 r  
    W5                                                0.000     0.000 r  sys_clock (IN)
                         net (fo=0)                   0.000     0.000    design_1_i/clk_wiz_1/inst/clk_in1
    W5                   IBUF (Prop_ibuf_I_O)         0.226     0.226 r  design_1_i/clk_wiz_1/inst/clkin1_ibufg/O
                         net (fo=1, routed)           0.440     0.667    design_1_i/clk_wiz_1/inst/clk_in1_design_1_clk_wiz_1_0
    MMCME2_ADV_X1Y0      MMCME2_ADV (Prop_mmcme2_adv_CLKIN1_CLKOUT0)
                                                     -2.360    -1.693 r  design_1_i/clk_wiz_1/inst/mmcm_adv_inst/CLKOUT0
                         net (fo=1, routed)           0.486    -1.207    design_1_i/clk_wiz_1/inst/clk_out1_design_1_clk_wiz_1_0
    BUFGCTRL_X0Y0        BUFG (Prop_bufg_I_O)         0.026    -1.181 r  design_1_i/clk_wiz_1/inst/clkout1_buf/O
                         net (fo=1516, routed)        0.558    -0.623    design_1_i/axi_gpio_0/U0/gpio_core_1/Not_Dual.INPUT_DOUBLE_REGS3/s_axi_aclk
    SLICE_X33Y16         FDRE                                         r  design_1_i/axi_gpio_0/U0/gpio_core_1/Not_Dual.INPUT_DOUBLE_REGS3/GENERATE_LEVEL_P_S_CDC.MULTI_BIT.FOR_CROSS_PLEVEL_IN2SCNDRY_bus_d2[5].CROSS2_PLEVEL_IN2SCNDRY_s_level_out_bus_d2/C
  -------------------------------------------------------------------    -------------------
    SLICE_X33Y16         FDRE (Prop_fdre_C_Q)         0.141    -0.482 r  design_1_i/axi_gpio_0/U0/gpio_core_1/Not_Dual.INPUT_DOUBLE_REGS3/GENERATE_LEVEL_P_S_CDC.MULTI_BIT.FOR_CROSS_PLEVEL_IN2SCNDRY_bus_d2[5].CROSS2_PLEVEL_IN2SCNDRY_s_level_out_bus_d2/Q
                         net (fo=1, routed)           0.056    -0.426    design_1_i/axi_gpio_0/U0/gpio_core_1/Not_Dual.INPUT_DOUBLE_REGS3/s_level_out_bus_d2_5
    SLICE_X33Y16         FDRE                                         r  design_1_i/axi_gpio_0/U0/gpio_core_1/Not_Dual.INPUT_DOUBLE_REGS3/GENERATE_LEVEL_P_S_CDC.MULTI_BIT.FOR_CROSS_PLEVEL_IN2SCNDRY_bus_d3[5].CROSS2_PLEVEL_IN2SCNDRY_s_level_out_bus_d3/D
  -------------------------------------------------------------------    -------------------

                         (clock clk_out1_design_1_clk_wiz_1_0_1 rise edge)
                                                      0.000     0.000 r  
    W5                                                0.000     0.000 r  sys_clock (IN)
                         net (fo=0)                   0.000     0.000    design_1_i/clk_wiz_1/inst/clk_in1
    W5                   IBUF (Prop_ibuf_I_O)         0.414     0.414 r  design_1_i/clk_wiz_1/inst/clkin1_ibufg/O
                         net (fo=1, routed)           0.480     0.894    design_1_i/clk_wiz_1/inst/clk_in1_design_1_clk_wiz_1_0
    MMCME2_ADV_X1Y0      MMCME2_ADV (Prop_mmcme2_adv_CLKIN1_CLKOUT0)
                                                     -3.142    -2.248 r  design_1_i/clk_wiz_1/inst/mmcm_adv_inst/CLKOUT0
                         net (fo=1, routed)           0.530    -1.718    design_1_i/clk_wiz_1/inst/clk_out1_design_1_clk_wiz_1_0
    BUFGCTRL_X0Y0        BUFG (Prop_bufg_I_O)         0.029    -1.689 r  design_1_i/clk_wiz_1/inst/clkout1_buf/O
                         net (fo=1516, routed)        0.825    -0.865    design_1_i/axi_gpio_0/U0/gpio_core_1/Not_Dual.INPUT_DOUBLE_REGS3/s_axi_aclk
    SLICE_X33Y16         FDRE                                         r  design_1_i/axi_gpio_0/U0/gpio_core_1/Not_Dual.INPUT_DOUBLE_REGS3/GENERATE_LEVEL_P_S_CDC.MULTI_BIT.FOR_CROSS_PLEVEL_IN2SCNDRY_bus_d3[5].CROSS2_PLEVEL_IN2SCNDRY_s_level_out_bus_d3/C
                         clock pessimism              0.241    -0.623    
                         clock uncertainty            0.074    -0.549    
    SLICE_X33Y16         FDRE (Hold_fdre_C_D)         0.075    -0.474    design_1_i/axi_gpio_0/U0/gpio_core_1/Not_Dual.INPUT_DOUBLE_REGS3/GENERATE_LEVEL_P_S_CDC.MULTI_BIT.FOR_CROSS_PLEVEL_IN2SCNDRY_bus_d3[5].CROSS2_PLEVEL_IN2SCNDRY_s_level_out_bus_d3
  -------------------------------------------------------------------
                         required time                          0.474    
                         arrival time                          -0.426    
  -------------------------------------------------------------------
                         slack                                  0.047    

Slack (MET) :             0.047ns  (arrival time - required time)
  Source:                 design_1_i/rst_clk_wiz_1_100M/U0/EXT_LPF/ACTIVE_LOW_AUX.ACT_LO_AUX/GENERATE_LEVEL_P_S_CDC.SINGLE_BIT.CROSS_PLEVEL_IN2SCNDRY_IN_cdc_to/C
                            (rising edge-triggered cell FDRE clocked by clk_out1_design_1_clk_wiz_1_0  {rise@0.000ns fall@5.000ns period=10.000ns})
  Destination:            design_1_i/rst_clk_wiz_1_100M/U0/EXT_LPF/ACTIVE_LOW_AUX.ACT_LO_AUX/GENERATE_LEVEL_P_S_CDC.SINGLE_BIT.CROSS_PLEVEL_IN2SCNDRY_s_level_out_d2/D
                            (rising edge-triggered cell FDRE clocked by clk_out1_design_1_clk_wiz_1_0_1  {rise@0.000ns fall@5.000ns period=10.000ns})
  Path Group:             clk_out1_design_1_clk_wiz_1_0_1
  Path Type:              Hold (Min at Fast Process Corner)
  Requirement:            0.000ns  (clk_out1_design_1_clk_wiz_1_0_1 rise@0.000ns - clk_out1_design_1_clk_wiz_1_0 rise@0.000ns)
  Data Path Delay:        0.197ns  (logic 0.141ns (71.611%)  route 0.056ns (28.389%))
  Logic Levels:           0  
  Clock Path Skew:        0.000ns (DCD - SCD - CPR)
    Destination Clock Delay (DCD):    -0.857ns
    Source Clock Delay      (SCD):    -0.618ns
    Clock Pessimism Removal (CPR):    -0.238ns
  Clock Uncertainty:      0.074ns  ((TSJ^2 + DJ^2)^1/2) / 2 + PE
    Total System Jitter     (TSJ):    0.071ns
    Discrete Jitter          (DJ):    0.131ns
    Phase Error              (PE):    0.000ns
  Clock Domain Crossing:  Inter clock paths are considered valid unless explicitly excluded by timing constraints such as set_clock_groups or set_false_path.

    Location             Delay type                Incr(ns)  Path(ns)    Netlist Resource(s)
  -------------------------------------------------------------------    -------------------
                         (clock clk_out1_design_1_clk_wiz_1_0 rise edge)
                                                      0.000     0.000 r  
    W5                                                0.000     0.000 r  sys_clock (IN)
                         net (fo=0)                   0.000     0.000    design_1_i/clk_wiz_1/inst/clk_in1
    W5                   IBUF (Prop_ibuf_I_O)         0.226     0.226 r  design_1_i/clk_wiz_1/inst/clkin1_ibufg/O
                         net (fo=1, routed)           0.440     0.667    design_1_i/clk_wiz_1/inst/clk_in1_design_1_clk_wiz_1_0
    MMCME2_ADV_X1Y0      MMCME2_ADV (Prop_mmcme2_adv_CLKIN1_CLKOUT0)
                                                     -2.360    -1.693 r  design_1_i/clk_wiz_1/inst/mmcm_adv_inst/CLKOUT0
                         net (fo=1, routed)           0.486    -1.207    design_1_i/clk_wiz_1/inst/clk_out1_design_1_clk_wiz_1_0
    BUFGCTRL_X0Y0        BUFG (Prop_bufg_I_O)         0.026    -1.181 r  design_1_i/clk_wiz_1/inst/clkout1_buf/O
                         net (fo=1516, routed)        0.563    -0.618    design_1_i/rst_clk_wiz_1_100M/U0/EXT_LPF/ACTIVE_LOW_AUX.ACT_LO_AUX/slowest_sync_clk
    SLICE_X43Y43         FDRE                                         r  design_1_i/rst_clk_wiz_1_100M/U0/EXT_LPF/ACTIVE_LOW_AUX.ACT_LO_AUX/GENERATE_LEVEL_P_S_CDC.SINGLE_BIT.CROSS_PLEVEL_IN2SCNDRY_IN_cdc_to/C
  -------------------------------------------------------------------    -------------------
    SLICE_X43Y43         FDRE (Prop_fdre_C_Q)         0.141    -0.477 r  design_1_i/rst_clk_wiz_1_100M/U0/EXT_LPF/ACTIVE_LOW_AUX.ACT_LO_AUX/GENERATE_LEVEL_P_S_CDC.SINGLE_BIT.CROSS_PLEVEL_IN2SCNDRY_IN_cdc_to/Q
                         net (fo=1, routed)           0.056    -0.421    design_1_i/rst_clk_wiz_1_100M/U0/EXT_LPF/ACTIVE_LOW_AUX.ACT_LO_AUX/s_level_out_d1_cdc_to
    SLICE_X43Y43         FDRE                                         r  design_1_i/rst_clk_wiz_1_100M/U0/EXT_LPF/ACTIVE_LOW_AUX.ACT_LO_AUX/GENERATE_LEVEL_P_S_CDC.SINGLE_BIT.CROSS_PLEVEL_IN2SCNDRY_s_level_out_d2/D
  -------------------------------------------------------------------    -------------------

                         (clock clk_out1_design_1_clk_wiz_1_0_1 rise edge)
                                                      0.000     0.000 r  
    W5                                                0.000     0.000 r  sys_clock (IN)
                         net (fo=0)                   0.000     0.000    design_1_i/clk_wiz_1/inst/clk_in1
    W5                   IBUF (Prop_ibuf_I_O)         0.414     0.414 r  design_1_i/clk_wiz_1/inst/clkin1_ibufg/O
                         net (fo=1, routed)           0.480     0.894    design_1_i/clk_wiz_1/inst/clk_in1_design_1_clk_wiz_1_0
    MMCME2_ADV_X1Y0      MMCME2_ADV (Prop_mmcme2_adv_CLKIN1_CLKOUT0)
                                                     -3.142    -2.248 r  design_1_i/clk_wiz_1/inst/mmcm_adv_inst/CLKOUT0
                         net (fo=1, routed)           0.530    -1.718    design_1_i/clk_wiz_1/inst/clk_out1_design_1_clk_wiz_1_0
    BUFGCTRL_X0Y0        BUFG (Prop_bufg_I_O)         0.029    -1.689 r  design_1_i/clk_wiz_1/inst/clkout1_buf/O
                         net (fo=1516, routed)        0.833    -0.857    design_1_i/rst_clk_wiz_1_100M/U0/EXT_LPF/ACTIVE_LOW_AUX.ACT_LO_AUX/slowest_sync_clk
    SLICE_X43Y43         FDRE                                         r  design_1_i/rst_clk_wiz_1_100M/U0/EXT_LPF/ACTIVE_LOW_AUX.ACT_LO_AUX/GENERATE_LEVEL_P_S_CDC.SINGLE_BIT.CROSS_PLEVEL_IN2SCNDRY_s_level_out_d2/C
                         clock pessimism              0.238    -0.618    
                         clock uncertainty            0.074    -0.544    
    SLICE_X43Y43         FDRE (Hold_fdre_C_D)         0.075    -0.469    design_1_i/rst_clk_wiz_1_100M/U0/EXT_LPF/ACTIVE_LOW_AUX.ACT_LO_AUX/GENERATE_LEVEL_P_S_CDC.SINGLE_BIT.CROSS_PLEVEL_IN2SCNDRY_s_level_out_d2
  -------------------------------------------------------------------
                         required time                          0.469    
                         arrival time                          -0.421    
  -------------------------------------------------------------------
                         slack                                  0.047    





---------------------------------------------------------------------------------------------------
From Clock:  clk_out1_design_1_clk_wiz_1_0_1
  To Clock:  clk_out1_design_1_clk_wiz_1_0

Setup :            0  Failing Endpoints,  Worst Slack        2.114ns,  Total Violation        0.000ns
Hold  :            0  Failing Endpoints,  Worst Slack        0.032ns,  Total Violation        0.000ns
---------------------------------------------------------------------------------------------------


Max Delay Paths
--------------------------------------------------------------------------------------
Slack (MET) :             2.114ns  (required time - arrival time)
  Source:                 design_1_i/microblaze_0/U0/MicroBlaze_Core_I/Performance.Core/Data_Flow_I/Operand_Select_I/EX_Branch_CMP_Op1_reg[24]/C
                            (rising edge-triggered cell FDRE clocked by clk_out1_design_1_clk_wiz_1_0_1  {rise@0.000ns fall@5.000ns period=10.000ns})
  Destination:            design_1_i/microblaze_0_local_memory/lmb_bram/U0/inst_blk_mem_gen/gnbram.gnative_mem_map_bmg.native_mem_map_blk_mem_gen/valid.cstr/ramloop[2].ram.r/prim_noinit.ram/DEVICE_7SERIES.WITH_BMM_INFO.TRUE_DP.SIMPLE_PRIM36.TDP_SP36_NO_ECC_ATTR.ram/ADDRBWRADDR[12]
                            (rising edge-triggered cell RAMB36E1 clocked by clk_out1_design_1_clk_wiz_1_0  {rise@0.000ns fall@5.000ns period=10.000ns})
  Path Group:             clk_out1_design_1_clk_wiz_1_0
  Path Type:              Setup (Max at Slow Process Corner)
  Requirement:            10.000ns  (clk_out1_design_1_clk_wiz_1_0 rise@10.000ns - clk_out1_design_1_clk_wiz_1_0_1 rise@0.000ns)
  Data Path Delay:        6.974ns  (logic 1.913ns (27.432%)  route 5.061ns (72.568%))
  Logic Levels:           5  (CARRY4=3 LUT3=1 LUT6=1)
  Clock Path Skew:        -0.065ns (DCD - SCD + CPR)
    Destination Clock Delay (DCD):    -1.508ns = ( 8.492 - 10.000 ) 
    Source Clock Delay      (SCD):    -0.952ns
    Clock Pessimism Removal (CPR):    0.492ns
  Clock Uncertainty:      0.074ns  ((TSJ^2 + DJ^2)^1/2) / 2 + PE
    Total System Jitter     (TSJ):    0.071ns
    Discrete Jitter          (DJ):    0.131ns
    Phase Error              (PE):    0.000ns
  Clock Domain Crossing:  Inter clock paths are considered valid unless explicitly excluded by timing constraints such as set_clock_groups or set_false_path.

    Location             Delay type                Incr(ns)  Path(ns)    Netlist Resource(s)
  -------------------------------------------------------------------    -------------------
                         (clock clk_out1_design_1_clk_wiz_1_0_1 rise edge)
                                                      0.000     0.000 r  
    W5                                                0.000     0.000 r  sys_clock (IN)
                         net (fo=0)                   0.000     0.000    design_1_i/clk_wiz_1/inst/clk_in1
    W5                   IBUF (Prop_ibuf_I_O)         1.458     1.458 r  design_1_i/clk_wiz_1/inst/clkin1_ibufg/O
                         net (fo=1, routed)           1.233     2.691    design_1_i/clk_wiz_1/inst/clk_in1_design_1_clk_wiz_1_0
    MMCME2_ADV_X1Y0      MMCME2_ADV (Prop_mmcme2_adv_CLKIN1_CLKOUT0)
                                                     -6.961    -4.269 r  design_1_i/clk_wiz_1/inst/mmcm_adv_inst/CLKOUT0
                         net (fo=1, routed)           1.661    -2.608    design_1_i/clk_wiz_1/inst/clk_out1_design_1_clk_wiz_1_0
    BUFGCTRL_X0Y0        BUFG (Prop_bufg_I_O)         0.096    -2.512 r  design_1_i/clk_wiz_1/inst/clkout1_buf/O
                         net (fo=1516, routed)        1.560    -0.952    design_1_i/microblaze_0/U0/MicroBlaze_Core_I/Performance.Core/Data_Flow_I/Operand_Select_I/Clk
    SLICE_X51Y31         FDRE                                         r  design_1_i/microblaze_0/U0/MicroBlaze_Core_I/Performance.Core/Data_Flow_I/Operand_Select_I/EX_Branch_CMP_Op1_reg[24]/C
  -------------------------------------------------------------------    -------------------
    SLICE_X51Y31         FDRE (Prop_fdre_C_Q)         0.456    -0.496 f  design_1_i/microblaze_0/U0/MicroBlaze_Core_I/Performance.Core/Data_Flow_I/Operand_Select_I/EX_Branch_CMP_Op1_reg[24]/Q
                         net (fo=1, routed)           1.342     0.847    design_1_i/microblaze_0/U0/MicroBlaze_Core_I/Performance.Core/Data_Flow_I/Zero_Detect_I/Q[5]
    SLICE_X45Y34         LUT6 (Prop_lut6_I1_O)        0.124     0.971 r  design_1_i/microblaze_0/U0/MicroBlaze_Core_I/Performance.Core/Data_Flow_I/Zero_Detect_I/S0_inferred__0/i_/O
                         net (fo=1, routed)           0.000     0.971    design_1_i/microblaze_0/U0/MicroBlaze_Core_I/Performance.Core/Data_Flow_I/Zero_Detect_I/Zero_Detecting[3].I_Part_Of_Zero_Detect/lopt_2
    SLICE_X45Y34         CARRY4 (Prop_carry4_S[1]_CO[3])
                                                      0.550     1.521 r  design_1_i/microblaze_0/U0/MicroBlaze_Core_I/Performance.Core/Data_Flow_I/Zero_Detect_I/Zero_Detecting[3].I_Part_Of_Zero_Detect/Using_FPGA.Native_CARRY4/CO[3]
                         net (fo=1, routed)           0.000     1.521    design_1_i/microblaze_0/U0/MicroBlaze_Core_I/Performance.Core/Decode_I/jump_logic_I1/MUXCY_JUMP_CARRY2/jump_carry1
    SLICE_X45Y35         CARRY4 (Prop_carry4_CI_CO[3])
                                                      0.114     1.635 r  design_1_i/microblaze_0/U0/MicroBlaze_Core_I/Performance.Core/Decode_I/jump_logic_I1/MUXCY_JUMP_CARRY2/Using_FPGA.Native_CARRY4/CO[3]
                         net (fo=1, routed)           0.000     1.635    design_1_i/microblaze_0/U0/MicroBlaze_Core_I/Performance.Core/Decode_I/jump_logic_I1/MUXCY_JUMP_CARRY6/jump_carry5
    SLICE_X45Y36         CARRY4 (Prop_carry4_CI_CO[0])
                                                      0.271     1.906 r  design_1_i/microblaze_0/U0/MicroBlaze_Core_I/Performance.Core/Decode_I/jump_logic_I1/MUXCY_JUMP_CARRY6/Using_FPGA.Native_CARRY4/CO[0]
                         net (fo=46, routed)          0.898     2.804    design_1_i/microblaze_0/U0/MicroBlaze_Core_I/Performance.Core/Decode_I/jump_logic_I1/MUXCY_JUMP_CARRY6/in0
    SLICE_X40Y30         LUT3 (Prop_lut3_I1_O)        0.398     3.202 r  design_1_i/microblaze_0/U0/MicroBlaze_Core_I/Performance.Core/Decode_I/jump_logic_I1/MUXCY_JUMP_CARRY6/Instr_Addr[17]_INST_0/O
                         net (fo=33, routed)          2.820     6.022    design_1_i/microblaze_0_local_memory/lmb_bram/U0/inst_blk_mem_gen/gnbram.gnative_mem_map_bmg.native_mem_map_blk_mem_gen/valid.cstr/ramloop[2].ram.r/prim_noinit.ram/addrb[12]
    RAMB36_X0Y7          RAMB36E1                                     r  design_1_i/microblaze_0_local_memory/lmb_bram/U0/inst_blk_mem_gen/gnbram.gnative_mem_map_bmg.native_mem_map_blk_mem_gen/valid.cstr/ramloop[2].ram.r/prim_noinit.ram/DEVICE_7SERIES.WITH_BMM_INFO.TRUE_DP.SIMPLE_PRIM36.TDP_SP36_NO_ECC_ATTR.ram/ADDRBWRADDR[12]
  -------------------------------------------------------------------    -------------------

                         (clock clk_out1_design_1_clk_wiz_1_0 rise edge)
                                                     10.000    10.000 r  
    W5                                                0.000    10.000 r  sys_clock (IN)
                         net (fo=0)                   0.000    10.000    design_1_i/clk_wiz_1/inst/clk_in1
    W5                   IBUF (Prop_ibuf_I_O)         1.388    11.388 r  design_1_i/clk_wiz_1/inst/clkin1_ibufg/O
                         net (fo=1, routed)           1.162    12.550    design_1_i/clk_wiz_1/inst/clk_in1_design_1_clk_wiz_1_0
    MMCME2_ADV_X1Y0      MMCME2_ADV (Prop_mmcme2_adv_CLKIN1_CLKOUT0)
                                                     -7.217     5.332 r  design_1_i/clk_wiz_1/inst/mmcm_adv_inst/CLKOUT0
                         net (fo=1, routed)           1.581     6.914    design_1_i/clk_wiz_1/inst/clk_out1_design_1_clk_wiz_1_0
    BUFGCTRL_X0Y0        BUFG (Prop_bufg_I_O)         0.091     7.005 r  design_1_i/clk_wiz_1/inst/clkout1_buf/O
                         net (fo=1516, routed)        1.488     8.492    design_1_i/microblaze_0_local_memory/lmb_bram/U0/inst_blk_mem_gen/gnbram.gnative_mem_map_bmg.native_mem_map_blk_mem_gen/valid.cstr/ramloop[2].ram.r/prim_noinit.ram/clkb
    RAMB36_X0Y7          RAMB36E1                                     r  design_1_i/microblaze_0_local_memory/lmb_bram/U0/inst_blk_mem_gen/gnbram.gnative_mem_map_bmg.native_mem_map_blk_mem_gen/valid.cstr/ramloop[2].ram.r/prim_noinit.ram/DEVICE_7SERIES.WITH_BMM_INFO.TRUE_DP.SIMPLE_PRIM36.TDP_SP36_NO_ECC_ATTR.ram/CLKBWRCLK
                         clock pessimism              0.492     8.984    
                         clock uncertainty           -0.074     8.910    
    RAMB36_X0Y7          RAMB36E1 (Setup_ramb36e1_CLKBWRCLK_ADDRBWRADDR[12])
                                                     -0.774     8.136    design_1_i/microblaze_0_local_memory/lmb_bram/U0/inst_blk_mem_gen/gnbram.gnative_mem_map_bmg.native_mem_map_blk_mem_gen/valid.cstr/ramloop[2].ram.r/prim_noinit.ram/DEVICE_7SERIES.WITH_BMM_INFO.TRUE_DP.SIMPLE_PRIM36.TDP_SP36_NO_ECC_ATTR.ram
  -------------------------------------------------------------------
                         required time                          8.136    
                         arrival time                          -6.022    
  -------------------------------------------------------------------
                         slack                                  2.114    

Slack (MET) :             2.117ns  (required time - arrival time)
  Source:                 design_1_i/microblaze_0/U0/MicroBlaze_Core_I/Performance.Core/Data_Flow_I/Operand_Select_I/EX_Branch_CMP_Op1_reg[24]/C
                            (rising edge-triggered cell FDRE clocked by clk_out1_design_1_clk_wiz_1_0_1  {rise@0.000ns fall@5.000ns period=10.000ns})
  Destination:            design_1_i/microblaze_0_local_memory/lmb_bram/U0/inst_blk_mem_gen/gnbram.gnative_mem_map_bmg.native_mem_map_blk_mem_gen/valid.cstr/ramloop[11].ram.r/prim_noinit.ram/DEVICE_7SERIES.WITH_BMM_INFO.TRUE_DP.SIMPLE_PRIM36.TDP_SP36_NO_ECC_ATTR.ram/ENBWREN
                            (rising edge-triggered cell RAMB36E1 clocked by clk_out1_design_1_clk_wiz_1_0  {rise@0.000ns fall@5.000ns period=10.000ns})
  Path Group:             clk_out1_design_1_clk_wiz_1_0
  Path Type:              Setup (Max at Slow Process Corner)
  Requirement:            10.000ns  (clk_out1_design_1_clk_wiz_1_0 rise@10.000ns - clk_out1_design_1_clk_wiz_1_0_1 rise@0.000ns)
  Data Path Delay:        7.306ns  (logic 2.012ns (27.539%)  route 5.294ns (72.461%))
  Logic Levels:           6  (CARRY4=3 LUT6=3)
  Clock Path Skew:        -0.060ns (DCD - SCD + CPR)
    Destination Clock Delay (DCD):    -1.503ns = ( 8.497 - 10.000 ) 
    Source Clock Delay      (SCD):    -0.952ns
    Clock Pessimism Removal (CPR):    0.492ns
  Clock Uncertainty:      0.074ns  ((TSJ^2 + DJ^2)^1/2) / 2 + PE
    Total System Jitter     (TSJ):    0.071ns
    Discrete Jitter          (DJ):    0.131ns
    Phase Error              (PE):    0.000ns
  Clock Domain Crossing:  Inter clock paths are considered valid unless explicitly excluded by timing constraints such as set_clock_groups or set_false_path.

    Location             Delay type                Incr(ns)  Path(ns)    Netlist Resource(s)
  -------------------------------------------------------------------    -------------------
                         (clock clk_out1_design_1_clk_wiz_1_0_1 rise edge)
                                                      0.000     0.000 r  
    W5                                                0.000     0.000 r  sys_clock (IN)
                         net (fo=0)                   0.000     0.000    design_1_i/clk_wiz_1/inst/clk_in1
    W5                   IBUF (Prop_ibuf_I_O)         1.458     1.458 r  design_1_i/clk_wiz_1/inst/clkin1_ibufg/O
                         net (fo=1, routed)           1.233     2.691    design_1_i/clk_wiz_1/inst/clk_in1_design_1_clk_wiz_1_0
    MMCME2_ADV_X1Y0      MMCME2_ADV (Prop_mmcme2_adv_CLKIN1_CLKOUT0)
                                                     -6.961    -4.269 r  design_1_i/clk_wiz_1/inst/mmcm_adv_inst/CLKOUT0
                         net (fo=1, routed)           1.661    -2.608    design_1_i/clk_wiz_1/inst/clk_out1_design_1_clk_wiz_1_0
    BUFGCTRL_X0Y0        BUFG (Prop_bufg_I_O)         0.096    -2.512 r  design_1_i/clk_wiz_1/inst/clkout1_buf/O
                         net (fo=1516, routed)        1.560    -0.952    design_1_i/microblaze_0/U0/MicroBlaze_Core_I/Performance.Core/Data_Flow_I/Operand_Select_I/Clk
    SLICE_X51Y31         FDRE                                         r  design_1_i/microblaze_0/U0/MicroBlaze_Core_I/Performance.Core/Data_Flow_I/Operand_Select_I/EX_Branch_CMP_Op1_reg[24]/C
  -------------------------------------------------------------------    -------------------
    SLICE_X51Y31         FDRE (Prop_fdre_C_Q)         0.456    -0.496 f  design_1_i/microblaze_0/U0/MicroBlaze_Core_I/Performance.Core/Data_Flow_I/Operand_Select_I/EX_Branch_CMP_Op1_reg[24]/Q
                         net (fo=1, routed)           1.342     0.847    design_1_i/microblaze_0/U0/MicroBlaze_Core_I/Performance.Core/Data_Flow_I/Zero_Detect_I/Q[5]
    SLICE_X45Y34         LUT6 (Prop_lut6_I1_O)        0.124     0.971 r  design_1_i/microblaze_0/U0/MicroBlaze_Core_I/Performance.Core/Data_Flow_I/Zero_Detect_I/S0_inferred__0/i_/O
                         net (fo=1, routed)           0.000     0.971    design_1_i/microblaze_0/U0/MicroBlaze_Core_I/Performance.Core/Data_Flow_I/Zero_Detect_I/Zero_Detecting[3].I_Part_Of_Zero_Detect/lopt_2
    SLICE_X45Y34         CARRY4 (Prop_carry4_S[1]_CO[3])
                                                      0.550     1.521 r  design_1_i/microblaze_0/U0/MicroBlaze_Core_I/Performance.Core/Data_Flow_I/Zero_Detect_I/Zero_Detecting[3].I_Part_Of_Zero_Detect/Using_FPGA.Native_CARRY4/CO[3]
                         net (fo=1, routed)           0.000     1.521    design_1_i/microblaze_0/U0/MicroBlaze_Core_I/Performance.Core/Decode_I/jump_logic_I1/MUXCY_JUMP_CARRY2/jump_carry1
    SLICE_X45Y35         CARRY4 (Prop_carry4_CI_CO[3])
                                                      0.114     1.635 r  design_1_i/microblaze_0/U0/MicroBlaze_Core_I/Performance.Core/Decode_I/jump_logic_I1/MUXCY_JUMP_CARRY2/Using_FPGA.Native_CARRY4/CO[3]
                         net (fo=1, routed)           0.000     1.635    design_1_i/microblaze_0/U0/MicroBlaze_Core_I/Performance.Core/Decode_I/jump_logic_I1/MUXCY_JUMP_CARRY6/jump_carry5
    SLICE_X45Y36         CARRY4 (Prop_carry4_CI_CO[0])
                                                      0.271     1.906 r  design_1_i/microblaze_0/U0/MicroBlaze_Core_I/Performance.Core/Decode_I/jump_logic_I1/MUXCY_JUMP_CARRY6/Using_FPGA.Native_CARRY4/CO[0]
                         net (fo=46, routed)          1.006     2.912    design_1_i/microblaze_0/U0/MicroBlaze_Core_I/Performance.Core/Decode_I/PreFetch_Buffer_I1/Gen_Mux_Select_LUT6[2].Gen_Sel_DFF/ex_jump
    SLICE_X42Y40         LUT6 (Prop_lut6_I1_O)        0.373     3.285 r  design_1_i/microblaze_0/U0/MicroBlaze_Core_I/Performance.Core/Decode_I/PreFetch_Buffer_I1/Gen_Mux_Select_LUT6[2].Gen_Sel_DFF/I_AS_INST_0/O
                         net (fo=35, routed)          2.453     5.738    design_1_i/microblaze_0_local_memory/lmb_bram/U0/inst_blk_mem_gen/gnbram.gnative_mem_map_bmg.native_mem_map_blk_mem_gen/valid.cstr/ramloop[11].ram.r/prim_noinit.ram/pwropt_6
    SLICE_X8Y9           LUT6 (Prop_lut6_I3_O)        0.124     5.862 r  design_1_i/microblaze_0_local_memory/lmb_bram/U0/inst_blk_mem_gen/gnbram.gnative_mem_map_bmg.native_mem_map_blk_mem_gen/valid.cstr/ramloop[11].ram.r/prim_noinit.ram/DEVICE_7SERIES.WITH_BMM_INFO.TRUE_DP.SIMPLE_PRIM36.TDP_SP36_NO_ECC_ATTR.ram_ENBWREN_cooolgate_en_gate_5_LOPT_REMAP/O
                         net (fo=1, routed)           0.493     6.354    design_1_i/microblaze_0_local_memory/lmb_bram/U0/inst_blk_mem_gen/gnbram.gnative_mem_map_bmg.native_mem_map_blk_mem_gen/valid.cstr/ramloop[11].ram.r/prim_noinit.ram/DEVICE_7SERIES.WITH_BMM_INFO.TRUE_DP.SIMPLE_PRIM36.TDP_SP36_NO_ECC_ATTR.ram_ENBWREN_cooolgate_en_sig_3
    RAMB36_X0Y1          RAMB36E1                                     r  design_1_i/microblaze_0_local_memory/lmb_bram/U0/inst_blk_mem_gen/gnbram.gnative_mem_map_bmg.native_mem_map_blk_mem_gen/valid.cstr/ramloop[11].ram.r/prim_noinit.ram/DEVICE_7SERIES.WITH_BMM_INFO.TRUE_DP.SIMPLE_PRIM36.TDP_SP36_NO_ECC_ATTR.ram/ENBWREN
  -------------------------------------------------------------------    -------------------

                         (clock clk_out1_design_1_clk_wiz_1_0 rise edge)
                                                     10.000    10.000 r  
    W5                                                0.000    10.000 r  sys_clock (IN)
                         net (fo=0)                   0.000    10.000    design_1_i/clk_wiz_1/inst/clk_in1
    W5                   IBUF (Prop_ibuf_I_O)         1.388    11.388 r  design_1_i/clk_wiz_1/inst/clkin1_ibufg/O
                         net (fo=1, routed)           1.162    12.550    design_1_i/clk_wiz_1/inst/clk_in1_design_1_clk_wiz_1_0
    MMCME2_ADV_X1Y0      MMCME2_ADV (Prop_mmcme2_adv_CLKIN1_CLKOUT0)
                                                     -7.217     5.332 r  design_1_i/clk_wiz_1/inst/mmcm_adv_inst/CLKOUT0
                         net (fo=1, routed)           1.581     6.914    design_1_i/clk_wiz_1/inst/clk_out1_design_1_clk_wiz_1_0
    BUFGCTRL_X0Y0        BUFG (Prop_bufg_I_O)         0.091     7.005 r  design_1_i/clk_wiz_1/inst/clkout1_buf/O
                         net (fo=1516, routed)        1.493     8.497    design_1_i/microblaze_0_local_memory/lmb_bram/U0/inst_blk_mem_gen/gnbram.gnative_mem_map_bmg.native_mem_map_blk_mem_gen/valid.cstr/ramloop[11].ram.r/prim_noinit.ram/clkb
    RAMB36_X0Y1          RAMB36E1                                     r  design_1_i/microblaze_0_local_memory/lmb_bram/U0/inst_blk_mem_gen/gnbram.gnative_mem_map_bmg.native_mem_map_blk_mem_gen/valid.cstr/ramloop[11].ram.r/prim_noinit.ram/DEVICE_7SERIES.WITH_BMM_INFO.TRUE_DP.SIMPLE_PRIM36.TDP_SP36_NO_ECC_ATTR.ram/CLKBWRCLK
                         clock pessimism              0.492     8.989    
                         clock uncertainty           -0.074     8.915    
    RAMB36_X0Y1          RAMB36E1 (Setup_ramb36e1_CLKBWRCLK_ENBWREN)
                                                     -0.443     8.472    design_1_i/microblaze_0_local_memory/lmb_bram/U0/inst_blk_mem_gen/gnbram.gnative_mem_map_bmg.native_mem_map_blk_mem_gen/valid.cstr/ramloop[11].ram.r/prim_noinit.ram/DEVICE_7SERIES.WITH_BMM_INFO.TRUE_DP.SIMPLE_PRIM36.TDP_SP36_NO_ECC_ATTR.ram
  -------------------------------------------------------------------
                         required time                          8.472    
                         arrival time                          -6.354    
  -------------------------------------------------------------------
                         slack                                  2.117    

Slack (MET) :             2.185ns  (required time - arrival time)
  Source:                 design_1_i/microblaze_0/U0/MicroBlaze_Core_I/Performance.Core/Data_Flow_I/Operand_Select_I/EX_Branch_CMP_Op1_reg[24]/C
                            (rising edge-triggered cell FDRE clocked by clk_out1_design_1_clk_wiz_1_0_1  {rise@0.000ns fall@5.000ns period=10.000ns})
  Destination:            design_1_i/microblaze_0_local_memory/lmb_bram/U0/inst_blk_mem_gen/gnbram.gnative_mem_map_bmg.native_mem_map_blk_mem_gen/valid.cstr/ramloop[4].ram.r/prim_noinit.ram/DEVICE_7SERIES.WITH_BMM_INFO.TRUE_DP.SIMPLE_PRIM36.TDP_SP36_NO_ECC_ATTR.ram/ADDRBWRADDR[4]
                            (rising edge-triggered cell RAMB36E1 clocked by clk_out1_design_1_clk_wiz_1_0  {rise@0.000ns fall@5.000ns period=10.000ns})
  Path Group:             clk_out1_design_1_clk_wiz_1_0
  Path Type:              Setup (Max at Slow Process Corner)
  Requirement:            10.000ns  (clk_out1_design_1_clk_wiz_1_0 rise@10.000ns - clk_out1_design_1_clk_wiz_1_0_1 rise@0.000ns)
  Data Path Delay:        6.897ns  (logic 1.913ns (27.738%)  route 4.984ns (72.262%))
  Logic Levels:           5  (CARRY4=3 LUT3=1 LUT6=1)
  Clock Path Skew:        -0.070ns (DCD - SCD + CPR)
    Destination Clock Delay (DCD):    -1.513ns = ( 8.487 - 10.000 ) 
    Source Clock Delay      (SCD):    -0.952ns
    Clock Pessimism Removal (CPR):    0.492ns
  Clock Uncertainty:      0.074ns  ((TSJ^2 + DJ^2)^1/2) / 2 + PE
    Total System Jitter     (TSJ):    0.071ns
    Discrete Jitter          (DJ):    0.131ns
    Phase Error              (PE):    0.000ns
  Clock Domain Crossing:  Inter clock paths are considered valid unless explicitly excluded by timing constraints such as set_clock_groups or set_false_path.

    Location             Delay type                Incr(ns)  Path(ns)    Netlist Resource(s)
  -------------------------------------------------------------------    -------------------
                         (clock clk_out1_design_1_clk_wiz_1_0_1 rise edge)
                                                      0.000     0.000 r  
    W5                                                0.000     0.000 r  sys_clock (IN)
                         net (fo=0)                   0.000     0.000    design_1_i/clk_wiz_1/inst/clk_in1
    W5                   IBUF (Prop_ibuf_I_O)         1.458     1.458 r  design_1_i/clk_wiz_1/inst/clkin1_ibufg/O
                         net (fo=1, routed)           1.233     2.691    design_1_i/clk_wiz_1/inst/clk_in1_design_1_clk_wiz_1_0
    MMCME2_ADV_X1Y0      MMCME2_ADV (Prop_mmcme2_adv_CLKIN1_CLKOUT0)
                                                     -6.961    -4.269 r  design_1_i/clk_wiz_1/inst/mmcm_adv_inst/CLKOUT0
                         net (fo=1, routed)           1.661    -2.608    design_1_i/clk_wiz_1/inst/clk_out1_design_1_clk_wiz_1_0
    BUFGCTRL_X0Y0        BUFG (Prop_bufg_I_O)         0.096    -2.512 r  design_1_i/clk_wiz_1/inst/clkout1_buf/O
                         net (fo=1516, routed)        1.560    -0.952    design_1_i/microblaze_0/U0/MicroBlaze_Core_I/Performance.Core/Data_Flow_I/Operand_Select_I/Clk
    SLICE_X51Y31         FDRE                                         r  design_1_i/microblaze_0/U0/MicroBlaze_Core_I/Performance.Core/Data_Flow_I/Operand_Select_I/EX_Branch_CMP_Op1_reg[24]/C
  -------------------------------------------------------------------    -------------------
    SLICE_X51Y31         FDRE (Prop_fdre_C_Q)         0.456    -0.496 f  design_1_i/microblaze_0/U0/MicroBlaze_Core_I/Performance.Core/Data_Flow_I/Operand_Select_I/EX_Branch_CMP_Op1_reg[24]/Q
                         net (fo=1, routed)           1.342     0.847    design_1_i/microblaze_0/U0/MicroBlaze_Core_I/Performance.Core/Data_Flow_I/Zero_Detect_I/Q[5]
    SLICE_X45Y34         LUT6 (Prop_lut6_I1_O)        0.124     0.971 r  design_1_i/microblaze_0/U0/MicroBlaze_Core_I/Performance.Core/Data_Flow_I/Zero_Detect_I/S0_inferred__0/i_/O
                         net (fo=1, routed)           0.000     0.971    design_1_i/microblaze_0/U0/MicroBlaze_Core_I/Performance.Core/Data_Flow_I/Zero_Detect_I/Zero_Detecting[3].I_Part_Of_Zero_Detect/lopt_2
    SLICE_X45Y34         CARRY4 (Prop_carry4_S[1]_CO[3])
                                                      0.550     1.521 r  design_1_i/microblaze_0/U0/MicroBlaze_Core_I/Performance.Core/Data_Flow_I/Zero_Detect_I/Zero_Detecting[3].I_Part_Of_Zero_Detect/Using_FPGA.Native_CARRY4/CO[3]
                         net (fo=1, routed)           0.000     1.521    design_1_i/microblaze_0/U0/MicroBlaze_Core_I/Performance.Core/Decode_I/jump_logic_I1/MUXCY_JUMP_CARRY2/jump_carry1
    SLICE_X45Y35         CARRY4 (Prop_carry4_CI_CO[3])
                                                      0.114     1.635 r  design_1_i/microblaze_0/U0/MicroBlaze_Core_I/Performance.Core/Decode_I/jump_logic_I1/MUXCY_JUMP_CARRY2/Using_FPGA.Native_CARRY4/CO[3]
                         net (fo=1, routed)           0.000     1.635    design_1_i/microblaze_0/U0/MicroBlaze_Core_I/Performance.Core/Decode_I/jump_logic_I1/MUXCY_JUMP_CARRY6/jump_carry5
    SLICE_X45Y36         CARRY4 (Prop_carry4_CI_CO[0])
                                                      0.271     1.906 r  design_1_i/microblaze_0/U0/MicroBlaze_Core_I/Performance.Core/Decode_I/jump_logic_I1/MUXCY_JUMP_CARRY6/Using_FPGA.Native_CARRY4/CO[0]
                         net (fo=46, routed)          1.107     3.012    design_1_i/microblaze_0/U0/MicroBlaze_Core_I/Performance.Core/Decode_I/jump_logic_I1/MUXCY_JUMP_CARRY6/in0
    SLICE_X40Y27         LUT3 (Prop_lut3_I1_O)        0.398     3.410 r  design_1_i/microblaze_0/U0/MicroBlaze_Core_I/Performance.Core/Decode_I/jump_logic_I1/MUXCY_JUMP_CARRY6/Instr_Addr[25]_INST_0/O
                         net (fo=33, routed)          2.535     5.945    design_1_i/microblaze_0_local_memory/lmb_bram/U0/inst_blk_mem_gen/gnbram.gnative_mem_map_bmg.native_mem_map_blk_mem_gen/valid.cstr/ramloop[4].ram.r/prim_noinit.ram/addrb[4]
    RAMB36_X0Y6          RAMB36E1                                     r  design_1_i/microblaze_0_local_memory/lmb_bram/U0/inst_blk_mem_gen/gnbram.gnative_mem_map_bmg.native_mem_map_blk_mem_gen/valid.cstr/ramloop[4].ram.r/prim_noinit.ram/DEVICE_7SERIES.WITH_BMM_INFO.TRUE_DP.SIMPLE_PRIM36.TDP_SP36_NO_ECC_ATTR.ram/ADDRBWRADDR[4]
  -------------------------------------------------------------------    -------------------

                         (clock clk_out1_design_1_clk_wiz_1_0 rise edge)
                                                     10.000    10.000 r  
    W5                                                0.000    10.000 r  sys_clock (IN)
                         net (fo=0)                   0.000    10.000    design_1_i/clk_wiz_1/inst/clk_in1
    W5                   IBUF (Prop_ibuf_I_O)         1.388    11.388 r  design_1_i/clk_wiz_1/inst/clkin1_ibufg/O
                         net (fo=1, routed)           1.162    12.550    design_1_i/clk_wiz_1/inst/clk_in1_design_1_clk_wiz_1_0
    MMCME2_ADV_X1Y0      MMCME2_ADV (Prop_mmcme2_adv_CLKIN1_CLKOUT0)
                                                     -7.217     5.332 r  design_1_i/clk_wiz_1/inst/mmcm_adv_inst/CLKOUT0
                         net (fo=1, routed)           1.581     6.914    design_1_i/clk_wiz_1/inst/clk_out1_design_1_clk_wiz_1_0
    BUFGCTRL_X0Y0        BUFG (Prop_bufg_I_O)         0.091     7.005 r  design_1_i/clk_wiz_1/inst/clkout1_buf/O
                         net (fo=1516, routed)        1.483     8.487    design_1_i/microblaze_0_local_memory/lmb_bram/U0/inst_blk_mem_gen/gnbram.gnative_mem_map_bmg.native_mem_map_blk_mem_gen/valid.cstr/ramloop[4].ram.r/prim_noinit.ram/clkb
    RAMB36_X0Y6          RAMB36E1                                     r  design_1_i/microblaze_0_local_memory/lmb_bram/U0/inst_blk_mem_gen/gnbram.gnative_mem_map_bmg.native_mem_map_blk_mem_gen/valid.cstr/ramloop[4].ram.r/prim_noinit.ram/DEVICE_7SERIES.WITH_BMM_INFO.TRUE_DP.SIMPLE_PRIM36.TDP_SP36_NO_ECC_ATTR.ram/CLKBWRCLK
                         clock pessimism              0.492     8.979    
                         clock uncertainty           -0.074     8.905    
    RAMB36_X0Y6          RAMB36E1 (Setup_ramb36e1_CLKBWRCLK_ADDRBWRADDR[4])
                                                     -0.774     8.131    design_1_i/microblaze_0_local_memory/lmb_bram/U0/inst_blk_mem_gen/gnbram.gnative_mem_map_bmg.native_mem_map_blk_mem_gen/valid.cstr/ramloop[4].ram.r/prim_noinit.ram/DEVICE_7SERIES.WITH_BMM_INFO.TRUE_DP.SIMPLE_PRIM36.TDP_SP36_NO_ECC_ATTR.ram
  -------------------------------------------------------------------
                         required time                          8.131    
                         arrival time                          -5.945    
  -------------------------------------------------------------------
                         slack                                  2.185    

Slack (MET) :             2.212ns  (required time - arrival time)
  Source:                 design_1_i/microblaze_0_local_memory/dlmb_bram_if_cntlr/U0/No_ECC.lmb_as_reg/C
                            (rising edge-triggered cell FDRE clocked by clk_out1_design_1_clk_wiz_1_0_1  {rise@0.000ns fall@5.000ns period=10.000ns})
  Destination:            design_1_i/microblaze_0_local_memory/lmb_bram/U0/inst_blk_mem_gen/gnbram.gnative_mem_map_bmg.native_mem_map_blk_mem_gen/valid.cstr/ramloop[11].ram.r/prim_noinit.ram/DEVICE_7SERIES.WITH_BMM_INFO.TRUE_DP.SIMPLE_PRIM36.TDP_SP36_NO_ECC_ATTR.ram/ENARDEN
                            (rising edge-triggered cell RAMB36E1 clocked by clk_out1_design_1_clk_wiz_1_0  {rise@0.000ns fall@5.000ns period=10.000ns})
  Path Group:             clk_out1_design_1_clk_wiz_1_0
  Path Type:              Setup (Max at Slow Process Corner)
  Requirement:            10.000ns  (clk_out1_design_1_clk_wiz_1_0 rise@10.000ns - clk_out1_design_1_clk_wiz_1_0_1 rise@0.000ns)
  Data Path Delay:        7.077ns  (logic 2.261ns (31.947%)  route 4.816ns (68.053%))
  Logic Levels:           5  (AND2B1L=1 CARRY4=1 LUT2=3)
  Clock Path Skew:        0.009ns (DCD - SCD + CPR)
    Destination Clock Delay (DCD):    -1.504ns = ( 8.496 - 10.000 ) 
    Source Clock Delay      (SCD):    -0.950ns
    Clock Pessimism Removal (CPR):    0.564ns
  Clock Uncertainty:      0.074ns  ((TSJ^2 + DJ^2)^1/2) / 2 + PE
    Total System Jitter     (TSJ):    0.071ns
    Discrete Jitter          (DJ):    0.131ns
    Phase Error              (PE):    0.000ns
  Clock Domain Crossing:  Inter clock paths are considered valid unless explicitly excluded by timing constraints such as set_clock_groups or set_false_path.

    Location             Delay type                Incr(ns)  Path(ns)    Netlist Resource(s)
  -------------------------------------------------------------------    -------------------
                         (clock clk_out1_design_1_clk_wiz_1_0_1 rise edge)
                                                      0.000     0.000 r  
    W5                                                0.000     0.000 r  sys_clock (IN)
                         net (fo=0)                   0.000     0.000    design_1_i/clk_wiz_1/inst/clk_in1
    W5                   IBUF (Prop_ibuf_I_O)         1.458     1.458 r  design_1_i/clk_wiz_1/inst/clkin1_ibufg/O
                         net (fo=1, routed)           1.233     2.691    design_1_i/clk_wiz_1/inst/clk_in1_design_1_clk_wiz_1_0
    MMCME2_ADV_X1Y0      MMCME2_ADV (Prop_mmcme2_adv_CLKIN1_CLKOUT0)
                                                     -6.961    -4.269 r  design_1_i/clk_wiz_1/inst/mmcm_adv_inst/CLKOUT0
                         net (fo=1, routed)           1.661    -2.608    design_1_i/clk_wiz_1/inst/clk_out1_design_1_clk_wiz_1_0
    BUFGCTRL_X0Y0        BUFG (Prop_bufg_I_O)         0.096    -2.512 r  design_1_i/clk_wiz_1/inst/clkout1_buf/O
                         net (fo=1516, routed)        1.562    -0.950    design_1_i/microblaze_0_local_memory/dlmb_bram_if_cntlr/U0/LMB_Clk
    SLICE_X35Y39         FDRE                                         r  design_1_i/microblaze_0_local_memory/dlmb_bram_if_cntlr/U0/No_ECC.lmb_as_reg/C
  -------------------------------------------------------------------    -------------------
    SLICE_X35Y39         FDRE (Prop_fdre_C_Q)         0.419    -0.531 r  design_1_i/microblaze_0_local_memory/dlmb_bram_if_cntlr/U0/No_ECC.lmb_as_reg/Q
                         net (fo=1, routed)           0.433    -0.097    design_1_i/microblaze_0_local_memory/dlmb_bram_if_cntlr/U0/lmb_as
    SLICE_X35Y39         LUT2 (Prop_lut2_I0_O)        0.299     0.202 r  design_1_i/microblaze_0_local_memory/dlmb_bram_if_cntlr/U0/Sl_Ready_INST_0/O
                         net (fo=4, routed)           0.754     0.956    design_1_i/microblaze_0/U0/MicroBlaze_Core_I/Performance.Core/Use_DBUS.DAXI_Interface_I1/DReady
    SLICE_X30Y38         LUT2 (Prop_lut2_I0_O)        0.150     1.106 r  design_1_i/microblaze_0/U0/MicroBlaze_Core_I/Performance.Core/Use_DBUS.DAXI_Interface_I1/Using_FPGA.Native_i_2__33/O
                         net (fo=1, routed)           0.690     1.797    design_1_i/microblaze_0/U0/MicroBlaze_Core_I/Performance.Core/Decode_I/mem_wait_on_ready_N_carry_or/MUXCY_I/MEM_DataBus_Ready
    SLICE_X46Y39         CARRY4 (Prop_carry4_CYINIT_CO[1])
                                                      0.770     2.567 r  design_1_i/microblaze_0/U0/MicroBlaze_Core_I/Performance.Core/Decode_I/mem_wait_on_ready_N_carry_or/MUXCY_I/Using_FPGA.Native_CARRY4/CO[1]
                         net (fo=94, routed)          0.000     2.567    design_1_i/microblaze_0/U0/MicroBlaze_Core_I/Performance.Core/Use_DLMB.Using_Latch_AS_Logic.AND2B1L_I1/D_AS_0
    SLICE_X46Y39         AND2B1L (Prop_and2b1l_DI_O)
                                                      0.470     3.037 r  design_1_i/microblaze_0/U0/MicroBlaze_Core_I/Performance.Core/Use_DLMB.Using_Latch_AS_Logic.AND2B1L_I1/Using_FPGA.Native/O
                         net (fo=5, routed)           0.586     3.622    design_1_i/microblaze_0_local_memory/lmb_bram/U0/inst_blk_mem_gen/gnbram.gnative_mem_map_bmg.native_mem_map_blk_mem_gen/valid.cstr/ramloop[31].ram.r/prim_noinit.ram/ena
    SLICE_X45Y39         LUT2 (Prop_lut2_I1_O)        0.153     3.775 r  design_1_i/microblaze_0_local_memory/lmb_bram/U0/inst_blk_mem_gen/gnbram.gnative_mem_map_bmg.native_mem_map_blk_mem_gen/valid.cstr/ramloop[31].ram.r/prim_noinit.ram/DEVICE_7SERIES.WITH_BMM_INFO.TRUE_DP.SIMPLE_PRIM36.TDP_SP36_NO_ECC_ATTR.ram_i_1__0/O
                         net (fo=10, routed)          2.352     6.128    design_1_i/microblaze_0_local_memory/lmb_bram/U0/inst_blk_mem_gen/gnbram.gnative_mem_map_bmg.native_mem_map_blk_mem_gen/valid.cstr/ramloop[11].ram.r/prim_noinit.ram/DEVICE_7SERIES.WITH_BMM_INFO.TRUE_DP.SIMPLE_PRIM36.TDP_SP36_NO_ECC_ATTR.ram_0
    RAMB36_X0Y1          RAMB36E1                                     r  design_1_i/microblaze_0_local_memory/lmb_bram/U0/inst_blk_mem_gen/gnbram.gnative_mem_map_bmg.native_mem_map_blk_mem_gen/valid.cstr/ramloop[11].ram.r/prim_noinit.ram/DEVICE_7SERIES.WITH_BMM_INFO.TRUE_DP.SIMPLE_PRIM36.TDP_SP36_NO_ECC_ATTR.ram/ENARDEN
  -------------------------------------------------------------------    -------------------

                         (clock clk_out1_design_1_clk_wiz_1_0 rise edge)
                                                     10.000    10.000 r  
    W5                                                0.000    10.000 r  sys_clock (IN)
                         net (fo=0)                   0.000    10.000    design_1_i/clk_wiz_1/inst/clk_in1
    W5                   IBUF (Prop_ibuf_I_O)         1.388    11.388 r  design_1_i/clk_wiz_1/inst/clkin1_ibufg/O
                         net (fo=1, routed)           1.162    12.550    design_1_i/clk_wiz_1/inst/clk_in1_design_1_clk_wiz_1_0
    MMCME2_ADV_X1Y0      MMCME2_ADV (Prop_mmcme2_adv_CLKIN1_CLKOUT0)
                                                     -7.217     5.332 r  design_1_i/clk_wiz_1/inst/mmcm_adv_inst/CLKOUT0
                         net (fo=1, routed)           1.581     6.914    design_1_i/clk_wiz_1/inst/clk_out1_design_1_clk_wiz_1_0
    BUFGCTRL_X0Y0        BUFG (Prop_bufg_I_O)         0.091     7.005 r  design_1_i/clk_wiz_1/inst/clkout1_buf/O
                         net (fo=1516, routed)        1.492     8.496    design_1_i/microblaze_0_local_memory/lmb_bram/U0/inst_blk_mem_gen/gnbram.gnative_mem_map_bmg.native_mem_map_blk_mem_gen/valid.cstr/ramloop[11].ram.r/prim_noinit.ram/clka
    RAMB36_X0Y1          RAMB36E1                                     r  design_1_i/microblaze_0_local_memory/lmb_bram/U0/inst_blk_mem_gen/gnbram.gnative_mem_map_bmg.native_mem_map_blk_mem_gen/valid.cstr/ramloop[11].ram.r/prim_noinit.ram/DEVICE_7SERIES.WITH_BMM_INFO.TRUE_DP.SIMPLE_PRIM36.TDP_SP36_NO_ECC_ATTR.ram/CLKARDCLK
                         clock pessimism              0.564     9.060    
                         clock uncertainty           -0.074     8.986    
    RAMB36_X0Y1          RAMB36E1 (Setup_ramb36e1_CLKARDCLK_ENARDEN)
                                                     -0.646     8.340    design_1_i/microblaze_0_local_memory/lmb_bram/U0/inst_blk_mem_gen/gnbram.gnative_mem_map_bmg.native_mem_map_blk_mem_gen/valid.cstr/ramloop[11].ram.r/prim_noinit.ram/DEVICE_7SERIES.WITH_BMM_INFO.TRUE_DP.SIMPLE_PRIM36.TDP_SP36_NO_ECC_ATTR.ram
  -------------------------------------------------------------------
                         required time                          8.340    
                         arrival time                          -6.128    
  -------------------------------------------------------------------
                         slack                                  2.212    

Slack (MET) :             2.221ns  (required time - arrival time)
  Source:                 design_1_i/microblaze_0/U0/MicroBlaze_Core_I/Performance.Core/Data_Flow_I/Operand_Select_I/EX_Branch_CMP_Op1_reg[24]/C
                            (rising edge-triggered cell FDRE clocked by clk_out1_design_1_clk_wiz_1_0_1  {rise@0.000ns fall@5.000ns period=10.000ns})
  Destination:            design_1_i/microblaze_0_local_memory/lmb_bram/U0/inst_blk_mem_gen/gnbram.gnative_mem_map_bmg.native_mem_map_blk_mem_gen/valid.cstr/ramloop[3].ram.r/prim_noinit.ram/DEVICE_7SERIES.WITH_BMM_INFO.TRUE_DP.SIMPLE_PRIM36.TDP_SP36_NO_ECC_ATTR.ram/ADDRBWRADDR[2]
                            (rising edge-triggered cell RAMB36E1 clocked by clk_out1_design_1_clk_wiz_1_0  {rise@0.000ns fall@5.000ns period=10.000ns})
  Path Group:             clk_out1_design_1_clk_wiz_1_0
  Path Type:              Setup (Max at Slow Process Corner)
  Requirement:            10.000ns  (clk_out1_design_1_clk_wiz_1_0 rise@10.000ns - clk_out1_design_1_clk_wiz_1_0_1 rise@0.000ns)
  Data Path Delay:        6.859ns  (logic 1.882ns (27.437%)  route 4.977ns (72.563%))
  Logic Levels:           5  (CARRY4=3 LUT3=1 LUT6=1)
  Clock Path Skew:        -0.077ns (DCD - SCD + CPR)
    Destination Clock Delay (DCD):    -1.512ns = ( 8.488 - 10.000 ) 
    Source Clock Delay      (SCD):    -0.952ns
    Clock Pessimism Removal (CPR):    0.484ns
  Clock Uncertainty:      0.074ns  ((TSJ^2 + DJ^2)^1/2) / 2 + PE
    Total System Jitter     (TSJ):    0.071ns
    Discrete Jitter          (DJ):    0.131ns
    Phase Error              (PE):    0.000ns
  Clock Domain Crossing:  Inter clock paths are considered valid unless explicitly excluded by timing constraints such as set_clock_groups or set_false_path.

    Location             Delay type                Incr(ns)  Path(ns)    Netlist Resource(s)
  -------------------------------------------------------------------    -------------------
                         (clock clk_out1_design_1_clk_wiz_1_0_1 rise edge)
                                                      0.000     0.000 r  
    W5                                                0.000     0.000 r  sys_clock (IN)
                         net (fo=0)                   0.000     0.000    design_1_i/clk_wiz_1/inst/clk_in1
    W5                   IBUF (Prop_ibuf_I_O)         1.458     1.458 r  design_1_i/clk_wiz_1/inst/clkin1_ibufg/O
                         net (fo=1, routed)           1.233     2.691    design_1_i/clk_wiz_1/inst/clk_in1_design_1_clk_wiz_1_0
    MMCME2_ADV_X1Y0      MMCME2_ADV (Prop_mmcme2_adv_CLKIN1_CLKOUT0)
                                                     -6.961    -4.269 r  design_1_i/clk_wiz_1/inst/mmcm_adv_inst/CLKOUT0
                         net (fo=1, routed)           1.661    -2.608    design_1_i/clk_wiz_1/inst/clk_out1_design_1_clk_wiz_1_0
    BUFGCTRL_X0Y0        BUFG (Prop_bufg_I_O)         0.096    -2.512 r  design_1_i/clk_wiz_1/inst/clkout1_buf/O
                         net (fo=1516, routed)        1.560    -0.952    design_1_i/microblaze_0/U0/MicroBlaze_Core_I/Performance.Core/Data_Flow_I/Operand_Select_I/Clk
    SLICE_X51Y31         FDRE                                         r  design_1_i/microblaze_0/U0/MicroBlaze_Core_I/Performance.Core/Data_Flow_I/Operand_Select_I/EX_Branch_CMP_Op1_reg[24]/C
  -------------------------------------------------------------------    -------------------
    SLICE_X51Y31         FDRE (Prop_fdre_C_Q)         0.456    -0.496 f  design_1_i/microblaze_0/U0/MicroBlaze_Core_I/Performance.Core/Data_Flow_I/Operand_Select_I/EX_Branch_CMP_Op1_reg[24]/Q
                         net (fo=1, routed)           1.342     0.847    design_1_i/microblaze_0/U0/MicroBlaze_Core_I/Performance.Core/Data_Flow_I/Zero_Detect_I/Q[5]
    SLICE_X45Y34         LUT6 (Prop_lut6_I1_O)        0.124     0.971 r  design_1_i/microblaze_0/U0/MicroBlaze_Core_I/Performance.Core/Data_Flow_I/Zero_Detect_I/S0_inferred__0/i_/O
                         net (fo=1, routed)           0.000     0.971    design_1_i/microblaze_0/U0/MicroBlaze_Core_I/Performance.Core/Data_Flow_I/Zero_Detect_I/Zero_Detecting[3].I_Part_Of_Zero_Detect/lopt_2
    SLICE_X45Y34         CARRY4 (Prop_carry4_S[1]_CO[3])
                                                      0.550     1.521 r  design_1_i/microblaze_0/U0/MicroBlaze_Core_I/Performance.Core/Data_Flow_I/Zero_Detect_I/Zero_Detecting[3].I_Part_Of_Zero_Detect/Using_FPGA.Native_CARRY4/CO[3]
                         net (fo=1, routed)           0.000     1.521    design_1_i/microblaze_0/U0/MicroBlaze_Core_I/Performance.Core/Decode_I/jump_logic_I1/MUXCY_JUMP_CARRY2/jump_carry1
    SLICE_X45Y35         CARRY4 (Prop_carry4_CI_CO[3])
                                                      0.114     1.635 r  design_1_i/microblaze_0/U0/MicroBlaze_Core_I/Performance.Core/Decode_I/jump_logic_I1/MUXCY_JUMP_CARRY2/Using_FPGA.Native_CARRY4/CO[3]
                         net (fo=1, routed)           0.000     1.635    design_1_i/microblaze_0/U0/MicroBlaze_Core_I/Performance.Core/Decode_I/jump_logic_I1/MUXCY_JUMP_CARRY6/jump_carry5
    SLICE_X45Y36         CARRY4 (Prop_carry4_CI_CO[0])
                                                      0.271     1.906 r  design_1_i/microblaze_0/U0/MicroBlaze_Core_I/Performance.Core/Decode_I/jump_logic_I1/MUXCY_JUMP_CARRY6/Using_FPGA.Native_CARRY4/CO[0]
                         net (fo=46, routed)          0.958     2.864    design_1_i/microblaze_0/U0/MicroBlaze_Core_I/Performance.Core/Decode_I/jump_logic_I1/MUXCY_JUMP_CARRY6/in0
    SLICE_X40Y26         LUT3 (Prop_lut3_I1_O)        0.367     3.231 r  design_1_i/microblaze_0/U0/MicroBlaze_Core_I/Performance.Core/Decode_I/jump_logic_I1/MUXCY_JUMP_CARRY6/Instr_Addr[27]_INST_0/O
                         net (fo=33, routed)          2.677     5.908    design_1_i/microblaze_0_local_memory/lmb_bram/U0/inst_blk_mem_gen/gnbram.gnative_mem_map_bmg.native_mem_map_blk_mem_gen/valid.cstr/ramloop[3].ram.r/prim_noinit.ram/addrb[2]
    RAMB36_X0Y10         RAMB36E1                                     r  design_1_i/microblaze_0_local_memory/lmb_bram/U0/inst_blk_mem_gen/gnbram.gnative_mem_map_bmg.native_mem_map_blk_mem_gen/valid.cstr/ramloop[3].ram.r/prim_noinit.ram/DEVICE_7SERIES.WITH_BMM_INFO.TRUE_DP.SIMPLE_PRIM36.TDP_SP36_NO_ECC_ATTR.ram/ADDRBWRADDR[2]
  -------------------------------------------------------------------    -------------------

                         (clock clk_out1_design_1_clk_wiz_1_0 rise edge)
                                                     10.000    10.000 r  
    W5                                                0.000    10.000 r  sys_clock (IN)
                         net (fo=0)                   0.000    10.000    design_1_i/clk_wiz_1/inst/clk_in1
    W5                   IBUF (Prop_ibuf_I_O)         1.388    11.388 r  design_1_i/clk_wiz_1/inst/clkin1_ibufg/O
                         net (fo=1, routed)           1.162    12.550    design_1_i/clk_wiz_1/inst/clk_in1_design_1_clk_wiz_1_0
    MMCME2_ADV_X1Y0      MMCME2_ADV (Prop_mmcme2_adv_CLKIN1_CLKOUT0)
                                                     -7.217     5.332 r  design_1_i/clk_wiz_1/inst/mmcm_adv_inst/CLKOUT0
                         net (fo=1, routed)           1.581     6.914    design_1_i/clk_wiz_1/inst/clk_out1_design_1_clk_wiz_1_0
    BUFGCTRL_X0Y0        BUFG (Prop_bufg_I_O)         0.091     7.005 r  design_1_i/clk_wiz_1/inst/clkout1_buf/O
                         net (fo=1516, routed)        1.483     8.488    design_1_i/microblaze_0_local_memory/lmb_bram/U0/inst_blk_mem_gen/gnbram.gnative_mem_map_bmg.native_mem_map_blk_mem_gen/valid.cstr/ramloop[3].ram.r/prim_noinit.ram/clkb
    RAMB36_X0Y10         RAMB36E1                                     r  design_1_i/microblaze_0_local_memory/lmb_bram/U0/inst_blk_mem_gen/gnbram.gnative_mem_map_bmg.native_mem_map_blk_mem_gen/valid.cstr/ramloop[3].ram.r/prim_noinit.ram/DEVICE_7SERIES.WITH_BMM_INFO.TRUE_DP.SIMPLE_PRIM36.TDP_SP36_NO_ECC_ATTR.ram/CLKBWRCLK
                         clock pessimism              0.484     8.971    
                         clock uncertainty           -0.074     8.897    
    RAMB36_X0Y10         RAMB36E1 (Setup_ramb36e1_CLKBWRCLK_ADDRBWRADDR[2])
                                                     -0.768     8.129    design_1_i/microblaze_0_local_memory/lmb_bram/U0/inst_blk_mem_gen/gnbram.gnative_mem_map_bmg.native_mem_map_blk_mem_gen/valid.cstr/ramloop[3].ram.r/prim_noinit.ram/DEVICE_7SERIES.WITH_BMM_INFO.TRUE_DP.SIMPLE_PRIM36.TDP_SP36_NO_ECC_ATTR.ram
  -------------------------------------------------------------------
                         required time                          8.129    
                         arrival time                          -5.908    
  -------------------------------------------------------------------
                         slack                                  2.221    

Slack (MET) :             2.229ns  (required time - arrival time)
  Source:                 design_1_i/microblaze_0/U0/MicroBlaze_Core_I/Performance.Core/Data_Flow_I/Operand_Select_I/EX_Branch_CMP_Op1_reg[24]/C
                            (rising edge-triggered cell FDRE clocked by clk_out1_design_1_clk_wiz_1_0_1  {rise@0.000ns fall@5.000ns period=10.000ns})
  Destination:            design_1_i/microblaze_0_local_memory/lmb_bram/U0/inst_blk_mem_gen/gnbram.gnative_mem_map_bmg.native_mem_map_blk_mem_gen/valid.cstr/ramloop[31].ram.r/prim_noinit.ram/DEVICE_7SERIES.WITH_BMM_INFO.TRUE_DP.SIMPLE_PRIM36.TDP_SP36_NO_ECC_ATTR.ram/ADDRBWRADDR[2]
                            (rising edge-triggered cell RAMB36E1 clocked by clk_out1_design_1_clk_wiz_1_0  {rise@0.000ns fall@5.000ns period=10.000ns})
  Path Group:             clk_out1_design_1_clk_wiz_1_0
  Path Type:              Setup (Max at Slow Process Corner)
  Requirement:            10.000ns  (clk_out1_design_1_clk_wiz_1_0 rise@10.000ns - clk_out1_design_1_clk_wiz_1_0_1 rise@0.000ns)
  Data Path Delay:        6.869ns  (logic 1.882ns (27.400%)  route 4.987ns (72.600%))
  Logic Levels:           5  (CARRY4=3 LUT3=1 LUT6=1)
  Clock Path Skew:        -0.061ns (DCD - SCD + CPR)
    Destination Clock Delay (DCD):    -1.504ns = ( 8.496 - 10.000 ) 
    Source Clock Delay      (SCD):    -0.952ns
    Clock Pessimism Removal (CPR):    0.492ns
  Clock Uncertainty:      0.074ns  ((TSJ^2 + DJ^2)^1/2) / 2 + PE
    Total System Jitter     (TSJ):    0.071ns
    Discrete Jitter          (DJ):    0.131ns
    Phase Error              (PE):    0.000ns
  Clock Domain Crossing:  Inter clock paths are considered valid unless explicitly excluded by timing constraints such as set_clock_groups or set_false_path.

    Location             Delay type                Incr(ns)  Path(ns)    Netlist Resource(s)
  -------------------------------------------------------------------    -------------------
                         (clock clk_out1_design_1_clk_wiz_1_0_1 rise edge)
                                                      0.000     0.000 r  
    W5                                                0.000     0.000 r  sys_clock (IN)
                         net (fo=0)                   0.000     0.000    design_1_i/clk_wiz_1/inst/clk_in1
    W5                   IBUF (Prop_ibuf_I_O)         1.458     1.458 r  design_1_i/clk_wiz_1/inst/clkin1_ibufg/O
                         net (fo=1, routed)           1.233     2.691    design_1_i/clk_wiz_1/inst/clk_in1_design_1_clk_wiz_1_0
    MMCME2_ADV_X1Y0      MMCME2_ADV (Prop_mmcme2_adv_CLKIN1_CLKOUT0)
                                                     -6.961    -4.269 r  design_1_i/clk_wiz_1/inst/mmcm_adv_inst/CLKOUT0
                         net (fo=1, routed)           1.661    -2.608    design_1_i/clk_wiz_1/inst/clk_out1_design_1_clk_wiz_1_0
    BUFGCTRL_X0Y0        BUFG (Prop_bufg_I_O)         0.096    -2.512 r  design_1_i/clk_wiz_1/inst/clkout1_buf/O
                         net (fo=1516, routed)        1.560    -0.952    design_1_i/microblaze_0/U0/MicroBlaze_Core_I/Performance.Core/Data_Flow_I/Operand_Select_I/Clk
    SLICE_X51Y31         FDRE                                         r  design_1_i/microblaze_0/U0/MicroBlaze_Core_I/Performance.Core/Data_Flow_I/Operand_Select_I/EX_Branch_CMP_Op1_reg[24]/C
  -------------------------------------------------------------------    -------------------
    SLICE_X51Y31         FDRE (Prop_fdre_C_Q)         0.456    -0.496 f  design_1_i/microblaze_0/U0/MicroBlaze_Core_I/Performance.Core/Data_Flow_I/Operand_Select_I/EX_Branch_CMP_Op1_reg[24]/Q
                         net (fo=1, routed)           1.342     0.847    design_1_i/microblaze_0/U0/MicroBlaze_Core_I/Performance.Core/Data_Flow_I/Zero_Detect_I/Q[5]
    SLICE_X45Y34         LUT6 (Prop_lut6_I1_O)        0.124     0.971 r  design_1_i/microblaze_0/U0/MicroBlaze_Core_I/Performance.Core/Data_Flow_I/Zero_Detect_I/S0_inferred__0/i_/O
                         net (fo=1, routed)           0.000     0.971    design_1_i/microblaze_0/U0/MicroBlaze_Core_I/Performance.Core/Data_Flow_I/Zero_Detect_I/Zero_Detecting[3].I_Part_Of_Zero_Detect/lopt_2
    SLICE_X45Y34         CARRY4 (Prop_carry4_S[1]_CO[3])
                                                      0.550     1.521 r  design_1_i/microblaze_0/U0/MicroBlaze_Core_I/Performance.Core/Data_Flow_I/Zero_Detect_I/Zero_Detecting[3].I_Part_Of_Zero_Detect/Using_FPGA.Native_CARRY4/CO[3]
                         net (fo=1, routed)           0.000     1.521    design_1_i/microblaze_0/U0/MicroBlaze_Core_I/Performance.Core/Decode_I/jump_logic_I1/MUXCY_JUMP_CARRY2/jump_carry1
    SLICE_X45Y35         CARRY4 (Prop_carry4_CI_CO[3])
                                                      0.114     1.635 r  design_1_i/microblaze_0/U0/MicroBlaze_Core_I/Performance.Core/Decode_I/jump_logic_I1/MUXCY_JUMP_CARRY2/Using_FPGA.Native_CARRY4/CO[3]
                         net (fo=1, routed)           0.000     1.635    design_1_i/microblaze_0/U0/MicroBlaze_Core_I/Performance.Core/Decode_I/jump_logic_I1/MUXCY_JUMP_CARRY6/jump_carry5
    SLICE_X45Y36         CARRY4 (Prop_carry4_CI_CO[0])
                                                      0.271     1.906 r  design_1_i/microblaze_0/U0/MicroBlaze_Core_I/Performance.Core/Decode_I/jump_logic_I1/MUXCY_JUMP_CARRY6/Using_FPGA.Native_CARRY4/CO[0]
                         net (fo=46, routed)          0.958     2.864    design_1_i/microblaze_0/U0/MicroBlaze_Core_I/Performance.Core/Decode_I/jump_logic_I1/MUXCY_JUMP_CARRY6/in0
    SLICE_X40Y26         LUT3 (Prop_lut3_I1_O)        0.367     3.231 r  design_1_i/microblaze_0/U0/MicroBlaze_Core_I/Performance.Core/Decode_I/jump_logic_I1/MUXCY_JUMP_CARRY6/Instr_Addr[27]_INST_0/O
                         net (fo=33, routed)          2.686     5.917    design_1_i/microblaze_0_local_memory/lmb_bram/U0/inst_blk_mem_gen/gnbram.gnative_mem_map_bmg.native_mem_map_blk_mem_gen/valid.cstr/ramloop[31].ram.r/prim_noinit.ram/addrb[2]
    RAMB36_X0Y8          RAMB36E1                                     r  design_1_i/microblaze_0_local_memory/lmb_bram/U0/inst_blk_mem_gen/gnbram.gnative_mem_map_bmg.native_mem_map_blk_mem_gen/valid.cstr/ramloop[31].ram.r/prim_noinit.ram/DEVICE_7SERIES.WITH_BMM_INFO.TRUE_DP.SIMPLE_PRIM36.TDP_SP36_NO_ECC_ATTR.ram/ADDRBWRADDR[2]
  -------------------------------------------------------------------    -------------------

                         (clock clk_out1_design_1_clk_wiz_1_0 rise edge)
                                                     10.000    10.000 r  
    W5                                                0.000    10.000 r  sys_clock (IN)
                         net (fo=0)                   0.000    10.000    design_1_i/clk_wiz_1/inst/clk_in1
    W5                   IBUF (Prop_ibuf_I_O)         1.388    11.388 r  design_1_i/clk_wiz_1/inst/clkin1_ibufg/O
                         net (fo=1, routed)           1.162    12.550    design_1_i/clk_wiz_1/inst/clk_in1_design_1_clk_wiz_1_0
    MMCME2_ADV_X1Y0      MMCME2_ADV (Prop_mmcme2_adv_CLKIN1_CLKOUT0)
                                                     -7.217     5.332 r  design_1_i/clk_wiz_1/inst/mmcm_adv_inst/CLKOUT0
                         net (fo=1, routed)           1.581     6.914    design_1_i/clk_wiz_1/inst/clk_out1_design_1_clk_wiz_1_0
    BUFGCTRL_X0Y0        BUFG (Prop_bufg_I_O)         0.091     7.005 r  design_1_i/clk_wiz_1/inst/clkout1_buf/O
                         net (fo=1516, routed)        1.492     8.496    design_1_i/microblaze_0_local_memory/lmb_bram/U0/inst_blk_mem_gen/gnbram.gnative_mem_map_bmg.native_mem_map_blk_mem_gen/valid.cstr/ramloop[31].ram.r/prim_noinit.ram/clkb
    RAMB36_X0Y8          RAMB36E1                                     r  design_1_i/microblaze_0_local_memory/lmb_bram/U0/inst_blk_mem_gen/gnbram.gnative_mem_map_bmg.native_mem_map_blk_mem_gen/valid.cstr/ramloop[31].ram.r/prim_noinit.ram/DEVICE_7SERIES.WITH_BMM_INFO.TRUE_DP.SIMPLE_PRIM36.TDP_SP36_NO_ECC_ATTR.ram/CLKBWRCLK
                         clock pessimism              0.492     8.988    
                         clock uncertainty           -0.074     8.914    
    RAMB36_X0Y8          RAMB36E1 (Setup_ramb36e1_CLKBWRCLK_ADDRBWRADDR[2])
                                                     -0.768     8.146    design_1_i/microblaze_0_local_memory/lmb_bram/U0/inst_blk_mem_gen/gnbram.gnative_mem_map_bmg.native_mem_map_blk_mem_gen/valid.cstr/ramloop[31].ram.r/prim_noinit.ram/DEVICE_7SERIES.WITH_BMM_INFO.TRUE_DP.SIMPLE_PRIM36.TDP_SP36_NO_ECC_ATTR.ram
  -------------------------------------------------------------------
                         required time                          8.146    
                         arrival time                          -5.917    
  -------------------------------------------------------------------
                         slack                                  2.229    

Slack (MET) :             2.232ns  (required time - arrival time)
  Source:                 design_1_i/microblaze_0/U0/MicroBlaze_Core_I/Performance.Core/Data_Flow_I/Operand_Select_I/EX_Branch_CMP_Op1_reg[24]/C
                            (rising edge-triggered cell FDRE clocked by clk_out1_design_1_clk_wiz_1_0_1  {rise@0.000ns fall@5.000ns period=10.000ns})
  Destination:            design_1_i/microblaze_0_local_memory/lmb_bram/U0/inst_blk_mem_gen/gnbram.gnative_mem_map_bmg.native_mem_map_blk_mem_gen/valid.cstr/ramloop[26].ram.r/prim_noinit.ram/DEVICE_7SERIES.WITH_BMM_INFO.TRUE_DP.SIMPLE_PRIM36.TDP_SP36_NO_ECC_ATTR.ram/ADDRBWRADDR[11]
                            (rising edge-triggered cell RAMB36E1 clocked by clk_out1_design_1_clk_wiz_1_0  {rise@0.000ns fall@5.000ns period=10.000ns})
  Path Group:             clk_out1_design_1_clk_wiz_1_0
  Path Type:              Setup (Max at Slow Process Corner)
  Requirement:            10.000ns  (clk_out1_design_1_clk_wiz_1_0 rise@10.000ns - clk_out1_design_1_clk_wiz_1_0_1 rise@0.000ns)
  Data Path Delay:        7.065ns  (logic 1.888ns (26.725%)  route 5.177ns (73.275%))
  Logic Levels:           5  (CARRY4=3 LUT3=1 LUT6=1)
  Clock Path Skew:        -0.063ns (DCD - SCD + CPR)
    Destination Clock Delay (DCD):    -1.506ns = ( 8.494 - 10.000 ) 
    Source Clock Delay      (SCD):    -0.952ns
    Clock Pessimism Removal (CPR):    0.492ns
  Clock Uncertainty:      0.074ns  ((TSJ^2 + DJ^2)^1/2) / 2 + PE
    Total System Jitter     (TSJ):    0.071ns
    Discrete Jitter          (DJ):    0.131ns
    Phase Error              (PE):    0.000ns
  Clock Domain Crossing:  Inter clock paths are considered valid unless explicitly excluded by timing constraints such as set_clock_groups or set_false_path.

    Location             Delay type                Incr(ns)  Path(ns)    Netlist Resource(s)
  -------------------------------------------------------------------    -------------------
                         (clock clk_out1_design_1_clk_wiz_1_0_1 rise edge)
                                                      0.000     0.000 r  
    W5                                                0.000     0.000 r  sys_clock (IN)
                         net (fo=0)                   0.000     0.000    design_1_i/clk_wiz_1/inst/clk_in1
    W5                   IBUF (Prop_ibuf_I_O)         1.458     1.458 r  design_1_i/clk_wiz_1/inst/clkin1_ibufg/O
                         net (fo=1, routed)           1.233     2.691    design_1_i/clk_wiz_1/inst/clk_in1_design_1_clk_wiz_1_0
    MMCME2_ADV_X1Y0      MMCME2_ADV (Prop_mmcme2_adv_CLKIN1_CLKOUT0)
                                                     -6.961    -4.269 r  design_1_i/clk_wiz_1/inst/mmcm_adv_inst/CLKOUT0
                         net (fo=1, routed)           1.661    -2.608    design_1_i/clk_wiz_1/inst/clk_out1_design_1_clk_wiz_1_0
    BUFGCTRL_X0Y0        BUFG (Prop_bufg_I_O)         0.096    -2.512 r  design_1_i/clk_wiz_1/inst/clkout1_buf/O
                         net (fo=1516, routed)        1.560    -0.952    design_1_i/microblaze_0/U0/MicroBlaze_Core_I/Performance.Core/Data_Flow_I/Operand_Select_I/Clk
    SLICE_X51Y31         FDRE                                         r  design_1_i/microblaze_0/U0/MicroBlaze_Core_I/Performance.Core/Data_Flow_I/Operand_Select_I/EX_Branch_CMP_Op1_reg[24]/C
  -------------------------------------------------------------------    -------------------
    SLICE_X51Y31         FDRE (Prop_fdre_C_Q)         0.456    -0.496 f  design_1_i/microblaze_0/U0/MicroBlaze_Core_I/Performance.Core/Data_Flow_I/Operand_Select_I/EX_Branch_CMP_Op1_reg[24]/Q
                         net (fo=1, routed)           1.342     0.847    design_1_i/microblaze_0/U0/MicroBlaze_Core_I/Performance.Core/Data_Flow_I/Zero_Detect_I/Q[5]
    SLICE_X45Y34         LUT6 (Prop_lut6_I1_O)        0.124     0.971 r  design_1_i/microblaze_0/U0/MicroBlaze_Core_I/Performance.Core/Data_Flow_I/Zero_Detect_I/S0_inferred__0/i_/O
                         net (fo=1, routed)           0.000     0.971    design_1_i/microblaze_0/U0/MicroBlaze_Core_I/Performance.Core/Data_Flow_I/Zero_Detect_I/Zero_Detecting[3].I_Part_Of_Zero_Detect/lopt_2
    SLICE_X45Y34         CARRY4 (Prop_carry4_S[1]_CO[3])
                                                      0.550     1.521 r  design_1_i/microblaze_0/U0/MicroBlaze_Core_I/Performance.Core/Data_Flow_I/Zero_Detect_I/Zero_Detecting[3].I_Part_Of_Zero_Detect/Using_FPGA.Native_CARRY4/CO[3]
                         net (fo=1, routed)           0.000     1.521    design_1_i/microblaze_0/U0/MicroBlaze_Core_I/Performance.Core/Decode_I/jump_logic_I1/MUXCY_JUMP_CARRY2/jump_carry1
    SLICE_X45Y35         CARRY4 (Prop_carry4_CI_CO[3])
                                                      0.114     1.635 r  design_1_i/microblaze_0/U0/MicroBlaze_Core_I/Performance.Core/Decode_I/jump_logic_I1/MUXCY_JUMP_CARRY2/Using_FPGA.Native_CARRY4/CO[3]
                         net (fo=1, routed)           0.000     1.635    design_1_i/microblaze_0/U0/MicroBlaze_Core_I/Performance.Core/Decode_I/jump_logic_I1/MUXCY_JUMP_CARRY6/jump_carry5
    SLICE_X45Y36         CARRY4 (Prop_carry4_CI_CO[0])
                                                      0.271     1.906 r  design_1_i/microblaze_0/U0/MicroBlaze_Core_I/Performance.Core/Decode_I/jump_logic_I1/MUXCY_JUMP_CARRY6/Using_FPGA.Native_CARRY4/CO[0]
                         net (fo=46, routed)          1.291     3.197    design_1_i/microblaze_0/U0/MicroBlaze_Core_I/Performance.Core/Decode_I/jump_logic_I1/MUXCY_JUMP_CARRY6/in0
    SLICE_X40Y29         LUT3 (Prop_lut3_I1_O)        0.373     3.570 r  design_1_i/microblaze_0/U0/MicroBlaze_Core_I/Performance.Core/Decode_I/jump_logic_I1/MUXCY_JUMP_CARRY6/Instr_Addr[18]_INST_0/O
                         net (fo=33, routed)          2.543     6.113    design_1_i/microblaze_0_local_memory/lmb_bram/U0/inst_blk_mem_gen/gnbram.gnative_mem_map_bmg.native_mem_map_blk_mem_gen/valid.cstr/ramloop[26].ram.r/prim_noinit.ram/addrb[11]
    RAMB36_X0Y2          RAMB36E1                                     r  design_1_i/microblaze_0_local_memory/lmb_bram/U0/inst_blk_mem_gen/gnbram.gnative_mem_map_bmg.native_mem_map_blk_mem_gen/valid.cstr/ramloop[26].ram.r/prim_noinit.ram/DEVICE_7SERIES.WITH_BMM_INFO.TRUE_DP.SIMPLE_PRIM36.TDP_SP36_NO_ECC_ATTR.ram/ADDRBWRADDR[11]
  -------------------------------------------------------------------    -------------------

                         (clock clk_out1_design_1_clk_wiz_1_0 rise edge)
                                                     10.000    10.000 r  
    W5                                                0.000    10.000 r  sys_clock (IN)
                         net (fo=0)                   0.000    10.000    design_1_i/clk_wiz_1/inst/clk_in1
    W5                   IBUF (Prop_ibuf_I_O)         1.388    11.388 r  design_1_i/clk_wiz_1/inst/clkin1_ibufg/O
                         net (fo=1, routed)           1.162    12.550    design_1_i/clk_wiz_1/inst/clk_in1_design_1_clk_wiz_1_0
    MMCME2_ADV_X1Y0      MMCME2_ADV (Prop_mmcme2_adv_CLKIN1_CLKOUT0)
                                                     -7.217     5.332 r  design_1_i/clk_wiz_1/inst/mmcm_adv_inst/CLKOUT0
                         net (fo=1, routed)           1.581     6.914    design_1_i/clk_wiz_1/inst/clk_out1_design_1_clk_wiz_1_0
    BUFGCTRL_X0Y0        BUFG (Prop_bufg_I_O)         0.091     7.005 r  design_1_i/clk_wiz_1/inst/clkout1_buf/O
                         net (fo=1516, routed)        1.490     8.494    design_1_i/microblaze_0_local_memory/lmb_bram/U0/inst_blk_mem_gen/gnbram.gnative_mem_map_bmg.native_mem_map_blk_mem_gen/valid.cstr/ramloop[26].ram.r/prim_noinit.ram/clkb
    RAMB36_X0Y2          RAMB36E1                                     r  design_1_i/microblaze_0_local_memory/lmb_bram/U0/inst_blk_mem_gen/gnbram.gnative_mem_map_bmg.native_mem_map_blk_mem_gen/valid.cstr/ramloop[26].ram.r/prim_noinit.ram/DEVICE_7SERIES.WITH_BMM_INFO.TRUE_DP.SIMPLE_PRIM36.TDP_SP36_NO_ECC_ATTR.ram/CLKBWRCLK
                         clock pessimism              0.492     8.986    
                         clock uncertainty           -0.074     8.912    
    RAMB36_X0Y2          RAMB36E1 (Setup_ramb36e1_CLKBWRCLK_ADDRBWRADDR[11])
                                                     -0.566     8.346    design_1_i/microblaze_0_local_memory/lmb_bram/U0/inst_blk_mem_gen/gnbram.gnative_mem_map_bmg.native_mem_map_blk_mem_gen/valid.cstr/ramloop[26].ram.r/prim_noinit.ram/DEVICE_7SERIES.WITH_BMM_INFO.TRUE_DP.SIMPLE_PRIM36.TDP_SP36_NO_ECC_ATTR.ram
  -------------------------------------------------------------------
                         required time                          8.346    
                         arrival time                          -6.113    
  -------------------------------------------------------------------
                         slack                                  2.232    

Slack (MET) :             2.263ns  (required time - arrival time)
  Source:                 design_1_i/microblaze_0/U0/MicroBlaze_Core_I/Performance.Core/Data_Flow_I/Operand_Select_I/EX_Branch_CMP_Op1_reg[24]/C
                            (rising edge-triggered cell FDRE clocked by clk_out1_design_1_clk_wiz_1_0_1  {rise@0.000ns fall@5.000ns period=10.000ns})
  Destination:            design_1_i/microblaze_0_local_memory/lmb_bram/U0/inst_blk_mem_gen/gnbram.gnative_mem_map_bmg.native_mem_map_blk_mem_gen/valid.cstr/ramloop[12].ram.r/prim_noinit.ram/DEVICE_7SERIES.WITH_BMM_INFO.TRUE_DP.SIMPLE_PRIM36.TDP_SP36_NO_ECC_ATTR.ram/ADDRBWRADDR[0]
                            (rising edge-triggered cell RAMB36E1 clocked by clk_out1_design_1_clk_wiz_1_0  {rise@0.000ns fall@5.000ns period=10.000ns})
  Path Group:             clk_out1_design_1_clk_wiz_1_0
  Path Type:              Setup (Max at Slow Process Corner)
  Requirement:            10.000ns  (clk_out1_design_1_clk_wiz_1_0 rise@10.000ns - clk_out1_design_1_clk_wiz_1_0_1 rise@0.000ns)
  Data Path Delay:        6.820ns  (logic 1.914ns (28.064%)  route 4.906ns (71.936%))
  Logic Levels:           5  (CARRY4=3 LUT3=1 LUT6=1)
  Clock Path Skew:        -0.074ns (DCD - SCD + CPR)
    Destination Clock Delay (DCD):    -1.509ns = ( 8.491 - 10.000 ) 
    Source Clock Delay      (SCD):    -0.952ns
    Clock Pessimism Removal (CPR):    0.484ns
  Clock Uncertainty:      0.074ns  ((TSJ^2 + DJ^2)^1/2) / 2 + PE
    Total System Jitter     (TSJ):    0.071ns
    Discrete Jitter          (DJ):    0.131ns
    Phase Error              (PE):    0.000ns
  Clock Domain Crossing:  Inter clock paths are considered valid unless explicitly excluded by timing constraints such as set_clock_groups or set_false_path.

    Location             Delay type                Incr(ns)  Path(ns)    Netlist Resource(s)
  -------------------------------------------------------------------    -------------------
                         (clock clk_out1_design_1_clk_wiz_1_0_1 rise edge)
                                                      0.000     0.000 r  
    W5                                                0.000     0.000 r  sys_clock (IN)
                         net (fo=0)                   0.000     0.000    design_1_i/clk_wiz_1/inst/clk_in1
    W5                   IBUF (Prop_ibuf_I_O)         1.458     1.458 r  design_1_i/clk_wiz_1/inst/clkin1_ibufg/O
                         net (fo=1, routed)           1.233     2.691    design_1_i/clk_wiz_1/inst/clk_in1_design_1_clk_wiz_1_0
    MMCME2_ADV_X1Y0      MMCME2_ADV (Prop_mmcme2_adv_CLKIN1_CLKOUT0)
                                                     -6.961    -4.269 r  design_1_i/clk_wiz_1/inst/mmcm_adv_inst/CLKOUT0
                         net (fo=1, routed)           1.661    -2.608    design_1_i/clk_wiz_1/inst/clk_out1_design_1_clk_wiz_1_0
    BUFGCTRL_X0Y0        BUFG (Prop_bufg_I_O)         0.096    -2.512 r  design_1_i/clk_wiz_1/inst/clkout1_buf/O
                         net (fo=1516, routed)        1.560    -0.952    design_1_i/microblaze_0/U0/MicroBlaze_Core_I/Performance.Core/Data_Flow_I/Operand_Select_I/Clk
    SLICE_X51Y31         FDRE                                         r  design_1_i/microblaze_0/U0/MicroBlaze_Core_I/Performance.Core/Data_Flow_I/Operand_Select_I/EX_Branch_CMP_Op1_reg[24]/C
  -------------------------------------------------------------------    -------------------
    SLICE_X51Y31         FDRE (Prop_fdre_C_Q)         0.456    -0.496 f  design_1_i/microblaze_0/U0/MicroBlaze_Core_I/Performance.Core/Data_Flow_I/Operand_Select_I/EX_Branch_CMP_Op1_reg[24]/Q
                         net (fo=1, routed)           1.342     0.847    design_1_i/microblaze_0/U0/MicroBlaze_Core_I/Performance.Core/Data_Flow_I/Zero_Detect_I/Q[5]
    SLICE_X45Y34         LUT6 (Prop_lut6_I1_O)        0.124     0.971 r  design_1_i/microblaze_0/U0/MicroBlaze_Core_I/Performance.Core/Data_Flow_I/Zero_Detect_I/S0_inferred__0/i_/O
                         net (fo=1, routed)           0.000     0.971    design_1_i/microblaze_0/U0/MicroBlaze_Core_I/Performance.Core/Data_Flow_I/Zero_Detect_I/Zero_Detecting[3].I_Part_Of_Zero_Detect/lopt_2
    SLICE_X45Y34         CARRY4 (Prop_carry4_S[1]_CO[3])
                                                      0.550     1.521 r  design_1_i/microblaze_0/U0/MicroBlaze_Core_I/Performance.Core/Data_Flow_I/Zero_Detect_I/Zero_Detecting[3].I_Part_Of_Zero_Detect/Using_FPGA.Native_CARRY4/CO[3]
                         net (fo=1, routed)           0.000     1.521    design_1_i/microblaze_0/U0/MicroBlaze_Core_I/Performance.Core/Decode_I/jump_logic_I1/MUXCY_JUMP_CARRY2/jump_carry1
    SLICE_X45Y35         CARRY4 (Prop_carry4_CI_CO[3])
                                                      0.114     1.635 r  design_1_i/microblaze_0/U0/MicroBlaze_Core_I/Performance.Core/Decode_I/jump_logic_I1/MUXCY_JUMP_CARRY2/Using_FPGA.Native_CARRY4/CO[3]
                         net (fo=1, routed)           0.000     1.635    design_1_i/microblaze_0/U0/MicroBlaze_Core_I/Performance.Core/Decode_I/jump_logic_I1/MUXCY_JUMP_CARRY6/jump_carry5
    SLICE_X45Y36         CARRY4 (Prop_carry4_CI_CO[0])
                                                      0.271     1.906 r  design_1_i/microblaze_0/U0/MicroBlaze_Core_I/Performance.Core/Decode_I/jump_logic_I1/MUXCY_JUMP_CARRY6/Using_FPGA.Native_CARRY4/CO[0]
                         net (fo=46, routed)          1.344     3.249    design_1_i/microblaze_0/U0/MicroBlaze_Core_I/Performance.Core/Decode_I/jump_logic_I1/MUXCY_JUMP_CARRY6/in0
    SLICE_X39Y27         LUT3 (Prop_lut3_I1_O)        0.399     3.648 r  design_1_i/microblaze_0/U0/MicroBlaze_Core_I/Performance.Core/Decode_I/jump_logic_I1/MUXCY_JUMP_CARRY6/Instr_Addr[29]_INST_0/O
                         net (fo=33, routed)          2.220     5.869    design_1_i/microblaze_0_local_memory/lmb_bram/U0/inst_blk_mem_gen/gnbram.gnative_mem_map_bmg.native_mem_map_blk_mem_gen/valid.cstr/ramloop[12].ram.r/prim_noinit.ram/addrb[0]
    RAMB36_X2Y10         RAMB36E1                                     r  design_1_i/microblaze_0_local_memory/lmb_bram/U0/inst_blk_mem_gen/gnbram.gnative_mem_map_bmg.native_mem_map_blk_mem_gen/valid.cstr/ramloop[12].ram.r/prim_noinit.ram/DEVICE_7SERIES.WITH_BMM_INFO.TRUE_DP.SIMPLE_PRIM36.TDP_SP36_NO_ECC_ATTR.ram/ADDRBWRADDR[0]
  -------------------------------------------------------------------    -------------------

                         (clock clk_out1_design_1_clk_wiz_1_0 rise edge)
                                                     10.000    10.000 r  
    W5                                                0.000    10.000 r  sys_clock (IN)
                         net (fo=0)                   0.000    10.000    design_1_i/clk_wiz_1/inst/clk_in1
    W5                   IBUF (Prop_ibuf_I_O)         1.388    11.388 r  design_1_i/clk_wiz_1/inst/clkin1_ibufg/O
                         net (fo=1, routed)           1.162    12.550    design_1_i/clk_wiz_1/inst/clk_in1_design_1_clk_wiz_1_0
    MMCME2_ADV_X1Y0      MMCME2_ADV (Prop_mmcme2_adv_CLKIN1_CLKOUT0)
                                                     -7.217     5.332 r  design_1_i/clk_wiz_1/inst/mmcm_adv_inst/CLKOUT0
                         net (fo=1, routed)           1.581     6.914    design_1_i/clk_wiz_1/inst/clk_out1_design_1_clk_wiz_1_0
    BUFGCTRL_X0Y0        BUFG (Prop_bufg_I_O)         0.091     7.005 r  design_1_i/clk_wiz_1/inst/clkout1_buf/O
                         net (fo=1516, routed)        1.486     8.491    design_1_i/microblaze_0_local_memory/lmb_bram/U0/inst_blk_mem_gen/gnbram.gnative_mem_map_bmg.native_mem_map_blk_mem_gen/valid.cstr/ramloop[12].ram.r/prim_noinit.ram/clkb
    RAMB36_X2Y10         RAMB36E1                                     r  design_1_i/microblaze_0_local_memory/lmb_bram/U0/inst_blk_mem_gen/gnbram.gnative_mem_map_bmg.native_mem_map_blk_mem_gen/valid.cstr/ramloop[12].ram.r/prim_noinit.ram/DEVICE_7SERIES.WITH_BMM_INFO.TRUE_DP.SIMPLE_PRIM36.TDP_SP36_NO_ECC_ATTR.ram/CLKBWRCLK
                         clock pessimism              0.484     8.974    
                         clock uncertainty           -0.074     8.900    
    RAMB36_X2Y10         RAMB36E1 (Setup_ramb36e1_CLKBWRCLK_ADDRBWRADDR[0])
                                                     -0.768     8.132    design_1_i/microblaze_0_local_memory/lmb_bram/U0/inst_blk_mem_gen/gnbram.gnative_mem_map_bmg.native_mem_map_blk_mem_gen/valid.cstr/ramloop[12].ram.r/prim_noinit.ram/DEVICE_7SERIES.WITH_BMM_INFO.TRUE_DP.SIMPLE_PRIM36.TDP_SP36_NO_ECC_ATTR.ram
  -------------------------------------------------------------------
                         required time                          8.132    
                         arrival time                          -5.869    
  -------------------------------------------------------------------
                         slack                                  2.263    

Slack (MET) :             2.281ns  (required time - arrival time)
  Source:                 design_1_i/microblaze_0/U0/MicroBlaze_Core_I/Performance.Core/Data_Flow_I/Operand_Select_I/EX_Branch_CMP_Op1_reg[24]/C
                            (rising edge-triggered cell FDRE clocked by clk_out1_design_1_clk_wiz_1_0_1  {rise@0.000ns fall@5.000ns period=10.000ns})
  Destination:            design_1_i/microblaze_0_local_memory/lmb_bram/U0/inst_blk_mem_gen/gnbram.gnative_mem_map_bmg.native_mem_map_blk_mem_gen/valid.cstr/ramloop[0].ram.r/prim_noinit.ram/DEVICE_7SERIES.WITH_BMM_INFO.TRUE_DP.SIMPLE_PRIM36.TDP_SP36_NO_ECC_ATTR.ram/ADDRBWRADDR[10]
                            (rising edge-triggered cell RAMB36E1 clocked by clk_out1_design_1_clk_wiz_1_0  {rise@0.000ns fall@5.000ns period=10.000ns})
  Path Group:             clk_out1_design_1_clk_wiz_1_0
  Path Type:              Setup (Max at Slow Process Corner)
  Requirement:            10.000ns  (clk_out1_design_1_clk_wiz_1_0 rise@10.000ns - clk_out1_design_1_clk_wiz_1_0_1 rise@0.000ns)
  Data Path Delay:        6.811ns  (logic 1.916ns (28.130%)  route 4.895ns (71.870%))
  Logic Levels:           5  (CARRY4=3 LUT3=1 LUT6=1)
  Clock Path Skew:        -0.060ns (DCD - SCD + CPR)
    Destination Clock Delay (DCD):    -1.503ns = ( 8.497 - 10.000 ) 
    Source Clock Delay      (SCD):    -0.952ns
    Clock Pessimism Removal (CPR):    0.492ns
  Clock Uncertainty:      0.074ns  ((TSJ^2 + DJ^2)^1/2) / 2 + PE
    Total System Jitter     (TSJ):    0.071ns
    Discrete Jitter          (DJ):    0.131ns
    Phase Error              (PE):    0.000ns
  Clock Domain Crossing:  Inter clock paths are considered valid unless explicitly excluded by timing constraints such as set_clock_groups or set_false_path.

    Location             Delay type                Incr(ns)  Path(ns)    Netlist Resource(s)
  -------------------------------------------------------------------    -------------------
                         (clock clk_out1_design_1_clk_wiz_1_0_1 rise edge)
                                                      0.000     0.000 r  
    W5                                                0.000     0.000 r  sys_clock (IN)
                         net (fo=0)                   0.000     0.000    design_1_i/clk_wiz_1/inst/clk_in1
    W5                   IBUF (Prop_ibuf_I_O)         1.458     1.458 r  design_1_i/clk_wiz_1/inst/clkin1_ibufg/O
                         net (fo=1, routed)           1.233     2.691    design_1_i/clk_wiz_1/inst/clk_in1_design_1_clk_wiz_1_0
    MMCME2_ADV_X1Y0      MMCME2_ADV (Prop_mmcme2_adv_CLKIN1_CLKOUT0)
                                                     -6.961    -4.269 r  design_1_i/clk_wiz_1/inst/mmcm_adv_inst/CLKOUT0
                         net (fo=1, routed)           1.661    -2.608    design_1_i/clk_wiz_1/inst/clk_out1_design_1_clk_wiz_1_0
    BUFGCTRL_X0Y0        BUFG (Prop_bufg_I_O)         0.096    -2.512 r  design_1_i/clk_wiz_1/inst/clkout1_buf/O
                         net (fo=1516, routed)        1.560    -0.952    design_1_i/microblaze_0/U0/MicroBlaze_Core_I/Performance.Core/Data_Flow_I/Operand_Select_I/Clk
    SLICE_X51Y31         FDRE                                         r  design_1_i/microblaze_0/U0/MicroBlaze_Core_I/Performance.Core/Data_Flow_I/Operand_Select_I/EX_Branch_CMP_Op1_reg[24]/C
  -------------------------------------------------------------------    -------------------
    SLICE_X51Y31         FDRE (Prop_fdre_C_Q)         0.456    -0.496 f  design_1_i/microblaze_0/U0/MicroBlaze_Core_I/Performance.Core/Data_Flow_I/Operand_Select_I/EX_Branch_CMP_Op1_reg[24]/Q
                         net (fo=1, routed)           1.342     0.847    design_1_i/microblaze_0/U0/MicroBlaze_Core_I/Performance.Core/Data_Flow_I/Zero_Detect_I/Q[5]
    SLICE_X45Y34         LUT6 (Prop_lut6_I1_O)        0.124     0.971 r  design_1_i/microblaze_0/U0/MicroBlaze_Core_I/Performance.Core/Data_Flow_I/Zero_Detect_I/S0_inferred__0/i_/O
                         net (fo=1, routed)           0.000     0.971    design_1_i/microblaze_0/U0/MicroBlaze_Core_I/Performance.Core/Data_Flow_I/Zero_Detect_I/Zero_Detecting[3].I_Part_Of_Zero_Detect/lopt_2
    SLICE_X45Y34         CARRY4 (Prop_carry4_S[1]_CO[3])
                                                      0.550     1.521 r  design_1_i/microblaze_0/U0/MicroBlaze_Core_I/Performance.Core/Data_Flow_I/Zero_Detect_I/Zero_Detecting[3].I_Part_Of_Zero_Detect/Using_FPGA.Native_CARRY4/CO[3]
                         net (fo=1, routed)           0.000     1.521    design_1_i/microblaze_0/U0/MicroBlaze_Core_I/Performance.Core/Decode_I/jump_logic_I1/MUXCY_JUMP_CARRY2/jump_carry1
    SLICE_X45Y35         CARRY4 (Prop_carry4_CI_CO[3])
                                                      0.114     1.635 r  design_1_i/microblaze_0/U0/MicroBlaze_Core_I/Performance.Core/Decode_I/jump_logic_I1/MUXCY_JUMP_CARRY2/Using_FPGA.Native_CARRY4/CO[3]
                         net (fo=1, routed)           0.000     1.635    design_1_i/microblaze_0/U0/MicroBlaze_Core_I/Performance.Core/Decode_I/jump_logic_I1/MUXCY_JUMP_CARRY6/jump_carry5
    SLICE_X45Y36         CARRY4 (Prop_carry4_CI_CO[0])
                                                      0.271     1.906 r  design_1_i/microblaze_0/U0/MicroBlaze_Core_I/Performance.Core/Decode_I/jump_logic_I1/MUXCY_JUMP_CARRY6/Using_FPGA.Native_CARRY4/CO[0]
                         net (fo=46, routed)          1.291     3.197    design_1_i/microblaze_0/U0/MicroBlaze_Core_I/Performance.Core/Decode_I/jump_logic_I1/MUXCY_JUMP_CARRY6/in0
    SLICE_X40Y29         LUT3 (Prop_lut3_I1_O)        0.401     3.598 r  design_1_i/microblaze_0/U0/MicroBlaze_Core_I/Performance.Core/Decode_I/jump_logic_I1/MUXCY_JUMP_CARRY6/Instr_Addr[19]_INST_0/O
                         net (fo=33, routed)          2.262     5.860    design_1_i/microblaze_0_local_memory/lmb_bram/U0/inst_blk_mem_gen/gnbram.gnative_mem_map_bmg.native_mem_map_blk_mem_gen/valid.cstr/ramloop[0].ram.r/prim_noinit.ram/addrb[10]
    RAMB36_X0Y9          RAMB36E1                                     r  design_1_i/microblaze_0_local_memory/lmb_bram/U0/inst_blk_mem_gen/gnbram.gnative_mem_map_bmg.native_mem_map_blk_mem_gen/valid.cstr/ramloop[0].ram.r/prim_noinit.ram/DEVICE_7SERIES.WITH_BMM_INFO.TRUE_DP.SIMPLE_PRIM36.TDP_SP36_NO_ECC_ATTR.ram/ADDRBWRADDR[10]
  -------------------------------------------------------------------    -------------------

                         (clock clk_out1_design_1_clk_wiz_1_0 rise edge)
                                                     10.000    10.000 r  
    W5                                                0.000    10.000 r  sys_clock (IN)
                         net (fo=0)                   0.000    10.000    design_1_i/clk_wiz_1/inst/clk_in1
    W5                   IBUF (Prop_ibuf_I_O)         1.388    11.388 r  design_1_i/clk_wiz_1/inst/clkin1_ibufg/O
                         net (fo=1, routed)           1.162    12.550    design_1_i/clk_wiz_1/inst/clk_in1_design_1_clk_wiz_1_0
    MMCME2_ADV_X1Y0      MMCME2_ADV (Prop_mmcme2_adv_CLKIN1_CLKOUT0)
                                                     -7.217     5.332 r  design_1_i/clk_wiz_1/inst/mmcm_adv_inst/CLKOUT0
                         net (fo=1, routed)           1.581     6.914    design_1_i/clk_wiz_1/inst/clk_out1_design_1_clk_wiz_1_0
    BUFGCTRL_X0Y0        BUFG (Prop_bufg_I_O)         0.091     7.005 r  design_1_i/clk_wiz_1/inst/clkout1_buf/O
                         net (fo=1516, routed)        1.493     8.497    design_1_i/microblaze_0_local_memory/lmb_bram/U0/inst_blk_mem_gen/gnbram.gnative_mem_map_bmg.native_mem_map_blk_mem_gen/valid.cstr/ramloop[0].ram.r/prim_noinit.ram/clkb
    RAMB36_X0Y9          RAMB36E1                                     r  design_1_i/microblaze_0_local_memory/lmb_bram/U0/inst_blk_mem_gen/gnbram.gnative_mem_map_bmg.native_mem_map_blk_mem_gen/valid.cstr/ramloop[0].ram.r/prim_noinit.ram/DEVICE_7SERIES.WITH_BMM_INFO.TRUE_DP.SIMPLE_PRIM36.TDP_SP36_NO_ECC_ATTR.ram/CLKBWRCLK
                         clock pessimism              0.492     8.989    
                         clock uncertainty           -0.074     8.915    
    RAMB36_X0Y9          RAMB36E1 (Setup_ramb36e1_CLKBWRCLK_ADDRBWRADDR[10])
                                                     -0.774     8.141    design_1_i/microblaze_0_local_memory/lmb_bram/U0/inst_blk_mem_gen/gnbram.gnative_mem_map_bmg.native_mem_map_blk_mem_gen/valid.cstr/ramloop[0].ram.r/prim_noinit.ram/DEVICE_7SERIES.WITH_BMM_INFO.TRUE_DP.SIMPLE_PRIM36.TDP_SP36_NO_ECC_ATTR.ram
  -------------------------------------------------------------------
                         required time                          8.141    
                         arrival time                          -5.860    
  -------------------------------------------------------------------
                         slack                                  2.281    

Slack (MET) :             2.290ns  (required time - arrival time)
  Source:                 design_1_i/microblaze_0/U0/MicroBlaze_Core_I/Performance.Core/Data_Flow_I/Operand_Select_I/EX_Branch_CMP_Op1_reg[24]/C
                            (rising edge-triggered cell FDRE clocked by clk_out1_design_1_clk_wiz_1_0_1  {rise@0.000ns fall@5.000ns period=10.000ns})
  Destination:            design_1_i/microblaze_0_local_memory/lmb_bram/U0/inst_blk_mem_gen/gnbram.gnative_mem_map_bmg.native_mem_map_blk_mem_gen/valid.cstr/ramloop[3].ram.r/prim_noinit.ram/DEVICE_7SERIES.WITH_BMM_INFO.TRUE_DP.SIMPLE_PRIM36.TDP_SP36_NO_ECC_ATTR.ram/ADDRBWRADDR[10]
                            (rising edge-triggered cell RAMB36E1 clocked by clk_out1_design_1_clk_wiz_1_0  {rise@0.000ns fall@5.000ns period=10.000ns})
  Path Group:             clk_out1_design_1_clk_wiz_1_0
  Path Type:              Setup (Max at Slow Process Corner)
  Requirement:            10.000ns  (clk_out1_design_1_clk_wiz_1_0 rise@10.000ns - clk_out1_design_1_clk_wiz_1_0_1 rise@0.000ns)
  Data Path Delay:        6.784ns  (logic 1.916ns (28.243%)  route 4.868ns (71.757%))
  Logic Levels:           5  (CARRY4=3 LUT3=1 LUT6=1)
  Clock Path Skew:        -0.077ns (DCD - SCD + CPR)
    Destination Clock Delay (DCD):    -1.512ns = ( 8.488 - 10.000 ) 
    Source Clock Delay      (SCD):    -0.952ns
    Clock Pessimism Removal (CPR):    0.484ns
  Clock Uncertainty:      0.074ns  ((TSJ^2 + DJ^2)^1/2) / 2 + PE
    Total System Jitter     (TSJ):    0.071ns
    Discrete Jitter          (DJ):    0.131ns
    Phase Error              (PE):    0.000ns
  Clock Domain Crossing:  Inter clock paths are considered valid unless explicitly excluded by timing constraints such as set_clock_groups or set_false_path.

    Location             Delay type                Incr(ns)  Path(ns)    Netlist Resource(s)
  -------------------------------------------------------------------    -------------------
                         (clock clk_out1_design_1_clk_wiz_1_0_1 rise edge)
                                                      0.000     0.000 r  
    W5                                                0.000     0.000 r  sys_clock (IN)
                         net (fo=0)                   0.000     0.000    design_1_i/clk_wiz_1/inst/clk_in1
    W5                   IBUF (Prop_ibuf_I_O)         1.458     1.458 r  design_1_i/clk_wiz_1/inst/clkin1_ibufg/O
                         net (fo=1, routed)           1.233     2.691    design_1_i/clk_wiz_1/inst/clk_in1_design_1_clk_wiz_1_0
    MMCME2_ADV_X1Y0      MMCME2_ADV (Prop_mmcme2_adv_CLKIN1_CLKOUT0)
                                                     -6.961    -4.269 r  design_1_i/clk_wiz_1/inst/mmcm_adv_inst/CLKOUT0
                         net (fo=1, routed)           1.661    -2.608    design_1_i/clk_wiz_1/inst/clk_out1_design_1_clk_wiz_1_0
    BUFGCTRL_X0Y0        BUFG (Prop_bufg_I_O)         0.096    -2.512 r  design_1_i/clk_wiz_1/inst/clkout1_buf/O
                         net (fo=1516, routed)        1.560    -0.952    design_1_i/microblaze_0/U0/MicroBlaze_Core_I/Performance.Core/Data_Flow_I/Operand_Select_I/Clk
    SLICE_X51Y31         FDRE                                         r  design_1_i/microblaze_0/U0/MicroBlaze_Core_I/Performance.Core/Data_Flow_I/Operand_Select_I/EX_Branch_CMP_Op1_reg[24]/C
  -------------------------------------------------------------------    -------------------
    SLICE_X51Y31         FDRE (Prop_fdre_C_Q)         0.456    -0.496 f  design_1_i/microblaze_0/U0/MicroBlaze_Core_I/Performance.Core/Data_Flow_I/Operand_Select_I/EX_Branch_CMP_Op1_reg[24]/Q
                         net (fo=1, routed)           1.342     0.847    design_1_i/microblaze_0/U0/MicroBlaze_Core_I/Performance.Core/Data_Flow_I/Zero_Detect_I/Q[5]
    SLICE_X45Y34         LUT6 (Prop_lut6_I1_O)        0.124     0.971 r  design_1_i/microblaze_0/U0/MicroBlaze_Core_I/Performance.Core/Data_Flow_I/Zero_Detect_I/S0_inferred__0/i_/O
                         net (fo=1, routed)           0.000     0.971    design_1_i/microblaze_0/U0/MicroBlaze_Core_I/Performance.Core/Data_Flow_I/Zero_Detect_I/Zero_Detecting[3].I_Part_Of_Zero_Detect/lopt_2
    SLICE_X45Y34         CARRY4 (Prop_carry4_S[1]_CO[3])
                                                      0.550     1.521 r  design_1_i/microblaze_0/U0/MicroBlaze_Core_I/Performance.Core/Data_Flow_I/Zero_Detect_I/Zero_Detecting[3].I_Part_Of_Zero_Detect/Using_FPGA.Native_CARRY4/CO[3]
                         net (fo=1, routed)           0.000     1.521    design_1_i/microblaze_0/U0/MicroBlaze_Core_I/Performance.Core/Decode_I/jump_logic_I1/MUXCY_JUMP_CARRY2/jump_carry1
    SLICE_X45Y35         CARRY4 (Prop_carry4_CI_CO[3])
                                                      0.114     1.635 r  design_1_i/microblaze_0/U0/MicroBlaze_Core_I/Performance.Core/Decode_I/jump_logic_I1/MUXCY_JUMP_CARRY2/Using_FPGA.Native_CARRY4/CO[3]
                         net (fo=1, routed)           0.000     1.635    design_1_i/microblaze_0/U0/MicroBlaze_Core_I/Performance.Core/Decode_I/jump_logic_I1/MUXCY_JUMP_CARRY6/jump_carry5
    SLICE_X45Y36         CARRY4 (Prop_carry4_CI_CO[0])
                                                      0.271     1.906 r  design_1_i/microblaze_0/U0/MicroBlaze_Core_I/Performance.Core/Decode_I/jump_logic_I1/MUXCY_JUMP_CARRY6/Using_FPGA.Native_CARRY4/CO[0]
                         net (fo=46, routed)          1.291     3.197    design_1_i/microblaze_0/U0/MicroBlaze_Core_I/Performance.Core/Decode_I/jump_logic_I1/MUXCY_JUMP_CARRY6/in0
    SLICE_X40Y29         LUT3 (Prop_lut3_I1_O)        0.401     3.598 r  design_1_i/microblaze_0/U0/MicroBlaze_Core_I/Performance.Core/Decode_I/jump_logic_I1/MUXCY_JUMP_CARRY6/Instr_Addr[19]_INST_0/O
                         net (fo=33, routed)          2.234     5.832    design_1_i/microblaze_0_local_memory/lmb_bram/U0/inst_blk_mem_gen/gnbram.gnative_mem_map_bmg.native_mem_map_blk_mem_gen/valid.cstr/ramloop[3].ram.r/prim_noinit.ram/addrb[10]
    RAMB36_X0Y10         RAMB36E1                                     r  design_1_i/microblaze_0_local_memory/lmb_bram/U0/inst_blk_mem_gen/gnbram.gnative_mem_map_bmg.native_mem_map_blk_mem_gen/valid.cstr/ramloop[3].ram.r/prim_noinit.ram/DEVICE_7SERIES.WITH_BMM_INFO.TRUE_DP.SIMPLE_PRIM36.TDP_SP36_NO_ECC_ATTR.ram/ADDRBWRADDR[10]
  -------------------------------------------------------------------    -------------------

                         (clock clk_out1_design_1_clk_wiz_1_0 rise edge)
                                                     10.000    10.000 r  
    W5                                                0.000    10.000 r  sys_clock (IN)
                         net (fo=0)                   0.000    10.000    design_1_i/clk_wiz_1/inst/clk_in1
    W5                   IBUF (Prop_ibuf_I_O)         1.388    11.388 r  design_1_i/clk_wiz_1/inst/clkin1_ibufg/O
                         net (fo=1, routed)           1.162    12.550    design_1_i/clk_wiz_1/inst/clk_in1_design_1_clk_wiz_1_0
    MMCME2_ADV_X1Y0      MMCME2_ADV (Prop_mmcme2_adv_CLKIN1_CLKOUT0)
                                                     -7.217     5.332 r  design_1_i/clk_wiz_1/inst/mmcm_adv_inst/CLKOUT0
                         net (fo=1, routed)           1.581     6.914    design_1_i/clk_wiz_1/inst/clk_out1_design_1_clk_wiz_1_0
    BUFGCTRL_X0Y0        BUFG (Prop_bufg_I_O)         0.091     7.005 r  design_1_i/clk_wiz_1/inst/clkout1_buf/O
                         net (fo=1516, routed)        1.483     8.488    design_1_i/microblaze_0_local_memory/lmb_bram/U0/inst_blk_mem_gen/gnbram.gnative_mem_map_bmg.native_mem_map_blk_mem_gen/valid.cstr/ramloop[3].ram.r/prim_noinit.ram/clkb
    RAMB36_X0Y10         RAMB36E1                                     r  design_1_i/microblaze_0_local_memory/lmb_bram/U0/inst_blk_mem_gen/gnbram.gnative_mem_map_bmg.native_mem_map_blk_mem_gen/valid.cstr/ramloop[3].ram.r/prim_noinit.ram/DEVICE_7SERIES.WITH_BMM_INFO.TRUE_DP.SIMPLE_PRIM36.TDP_SP36_NO_ECC_ATTR.ram/CLKBWRCLK
                         clock pessimism              0.484     8.971    
                         clock uncertainty           -0.074     8.897    
    RAMB36_X0Y10         RAMB36E1 (Setup_ramb36e1_CLKBWRCLK_ADDRBWRADDR[10])
                                                     -0.774     8.123    design_1_i/microblaze_0_local_memory/lmb_bram/U0/inst_blk_mem_gen/gnbram.gnative_mem_map_bmg.native_mem_map_blk_mem_gen/valid.cstr/ramloop[3].ram.r/prim_noinit.ram/DEVICE_7SERIES.WITH_BMM_INFO.TRUE_DP.SIMPLE_PRIM36.TDP_SP36_NO_ECC_ATTR.ram
  -------------------------------------------------------------------
                         required time                          8.123    
                         arrival time                          -5.832    
  -------------------------------------------------------------------
                         slack                                  2.290    





Min Delay Paths
--------------------------------------------------------------------------------------
Slack (MET) :             0.032ns  (arrival time - required time)
  Source:                 design_1_i/axi_gpio_0/U0/gpio_core_1/Not_Dual.gpio_OE_reg[1]/C
                            (rising edge-triggered cell FDSE clocked by clk_out1_design_1_clk_wiz_1_0_1  {rise@0.000ns fall@5.000ns period=10.000ns})
  Destination:            design_1_i/axi_gpio_0/U0/gpio_core_1/Not_Dual.ALLIN1_ND.READ_REG_GEN[1].reg1_reg[17]/D
                            (rising edge-triggered cell FDRE clocked by clk_out1_design_1_clk_wiz_1_0  {rise@0.000ns fall@5.000ns period=10.000ns})
  Path Group:             clk_out1_design_1_clk_wiz_1_0
  Path Type:              Hold (Min at Fast Process Corner)
  Requirement:            0.000ns  (clk_out1_design_1_clk_wiz_1_0 rise@0.000ns - clk_out1_design_1_clk_wiz_1_0_1 rise@0.000ns)
  Data Path Delay:        0.240ns  (logic 0.186ns (77.466%)  route 0.054ns (22.534%))
  Logic Levels:           1  (LUT5=1)
  Clock Path Skew:        0.013ns (DCD - SCD - CPR)
    Destination Clock Delay (DCD):    -0.873ns
    Source Clock Delay      (SCD):    -0.630ns
    Clock Pessimism Removal (CPR):    -0.255ns
  Clock Uncertainty:      0.074ns  ((TSJ^2 + DJ^2)^1/2) / 2 + PE
    Total System Jitter     (TSJ):    0.071ns
    Discrete Jitter          (DJ):    0.131ns
    Phase Error              (PE):    0.000ns
  Clock Domain Crossing:  Inter clock paths are considered valid unless explicitly excluded by timing constraints such as set_clock_groups or set_false_path.

    Location             Delay type                Incr(ns)  Path(ns)    Netlist Resource(s)
  -------------------------------------------------------------------    -------------------
                         (clock clk_out1_design_1_clk_wiz_1_0_1 rise edge)
                                                      0.000     0.000 r  
    W5                                                0.000     0.000 r  sys_clock (IN)
                         net (fo=0)                   0.000     0.000    design_1_i/clk_wiz_1/inst/clk_in1
    W5                   IBUF (Prop_ibuf_I_O)         0.226     0.226 r  design_1_i/clk_wiz_1/inst/clkin1_ibufg/O
                         net (fo=1, routed)           0.440     0.667    design_1_i/clk_wiz_1/inst/clk_in1_design_1_clk_wiz_1_0
    MMCME2_ADV_X1Y0      MMCME2_ADV (Prop_mmcme2_adv_CLKIN1_CLKOUT0)
                                                     -2.360    -1.693 r  design_1_i/clk_wiz_1/inst/mmcm_adv_inst/CLKOUT0
                         net (fo=1, routed)           0.486    -1.207    design_1_i/clk_wiz_1/inst/clk_out1_design_1_clk_wiz_1_0
    BUFGCTRL_X0Y0        BUFG (Prop_bufg_I_O)         0.026    -1.181 r  design_1_i/clk_wiz_1/inst/clkout1_buf/O
                         net (fo=1516, routed)        0.551    -0.630    design_1_i/axi_gpio_0/U0/gpio_core_1/s_axi_aclk
    SLICE_X31Y26         FDSE                                         r  design_1_i/axi_gpio_0/U0/gpio_core_1/Not_Dual.gpio_OE_reg[1]/C
  -------------------------------------------------------------------    -------------------
    SLICE_X31Y26         FDSE (Prop_fdse_C_Q)         0.141    -0.489 r  design_1_i/axi_gpio_0/U0/gpio_core_1/Not_Dual.gpio_OE_reg[1]/Q
                         net (fo=1, routed)           0.054    -0.435    design_1_i/axi_gpio_0/U0/gpio_core_1/Not_Dual.gpio_OE_reg_n_0_[1]
    SLICE_X30Y26         LUT5 (Prop_lut5_I4_O)        0.045    -0.390 r  design_1_i/axi_gpio_0/U0/gpio_core_1/Not_Dual.ALLIN1_ND.READ_REG_GEN[1].reg1[17]_i_1/O
                         net (fo=1, routed)           0.000    -0.390    design_1_i/axi_gpio_0/U0/gpio_core_1/Read_Reg_In[1]
    SLICE_X30Y26         FDRE                                         r  design_1_i/axi_gpio_0/U0/gpio_core_1/Not_Dual.ALLIN1_ND.READ_REG_GEN[1].reg1_reg[17]/D
  -------------------------------------------------------------------    -------------------

                         (clock clk_out1_design_1_clk_wiz_1_0 rise edge)
                                                      0.000     0.000 r  
    W5                                                0.000     0.000 r  sys_clock (IN)
                         net (fo=0)                   0.000     0.000    design_1_i/clk_wiz_1/inst/clk_in1
    W5                   IBUF (Prop_ibuf_I_O)         0.414     0.414 r  design_1_i/clk_wiz_1/inst/clkin1_ibufg/O
                         net (fo=1, routed)           0.480     0.894    design_1_i/clk_wiz_1/inst/clk_in1_design_1_clk_wiz_1_0
    MMCME2_ADV_X1Y0      MMCME2_ADV (Prop_mmcme2_adv_CLKIN1_CLKOUT0)
                                                     -3.142    -2.248 r  design_1_i/clk_wiz_1/inst/mmcm_adv_inst/CLKOUT0
                         net (fo=1, routed)           0.530    -1.718    design_1_i/clk_wiz_1/inst/clk_out1_design_1_clk_wiz_1_0
    BUFGCTRL_X0Y0        BUFG (Prop_bufg_I_O)         0.029    -1.689 r  design_1_i/clk_wiz_1/inst/clkout1_buf/O
                         net (fo=1516, routed)        0.817    -0.873    design_1_i/axi_gpio_0/U0/gpio_core_1/s_axi_aclk
    SLICE_X30Y26         FDRE                                         r  design_1_i/axi_gpio_0/U0/gpio_core_1/Not_Dual.ALLIN1_ND.READ_REG_GEN[1].reg1_reg[17]/C
                         clock pessimism              0.255    -0.617    
                         clock uncertainty            0.074    -0.543    
    SLICE_X30Y26         FDRE (Hold_fdre_C_D)         0.121    -0.422    design_1_i/axi_gpio_0/U0/gpio_core_1/Not_Dual.ALLIN1_ND.READ_REG_GEN[1].reg1_reg[17]
  -------------------------------------------------------------------
                         required time                          0.422    
                         arrival time                          -0.390    
  -------------------------------------------------------------------
                         slack                                  0.032    

Slack (MET) :             0.038ns  (arrival time - required time)
  Source:                 design_1_i/axi_uartlite_0/U0/UARTLITE_CORE_I/UARTLITE_TX_I/data_shift_reg[0]/C
                            (rising edge-triggered cell FDSE clocked by clk_out1_design_1_clk_wiz_1_0_1  {rise@0.000ns fall@5.000ns period=10.000ns})
  Destination:            design_1_i/axi_uartlite_0/U0/UARTLITE_CORE_I/UARTLITE_TX_I/data_shift_reg[13]_srl13___UARTLITE_CORE_I_UARTLITE_RX_I_data_shift_reg_r_11/D
                            (rising edge-triggered cell SRL16E clocked by clk_out1_design_1_clk_wiz_1_0  {rise@0.000ns fall@5.000ns period=10.000ns})
  Path Group:             clk_out1_design_1_clk_wiz_1_0
  Path Type:              Hold (Min at Fast Process Corner)
  Requirement:            0.000ns  (clk_out1_design_1_clk_wiz_1_0 rise@0.000ns - clk_out1_design_1_clk_wiz_1_0_1 rise@0.000ns)
  Data Path Delay:        0.187ns  (logic 0.128ns (68.470%)  route 0.059ns (31.530%))
  Logic Levels:           0  
  Clock Path Skew:        0.013ns (DCD - SCD - CPR)
    Destination Clock Delay (DCD):    -0.869ns
    Source Clock Delay      (SCD):    -0.627ns
    Clock Pessimism Removal (CPR):    -0.254ns
  Clock Uncertainty:      0.074ns  ((TSJ^2 + DJ^2)^1/2) / 2 + PE
    Total System Jitter     (TSJ):    0.071ns
    Discrete Jitter          (DJ):    0.131ns
    Phase Error              (PE):    0.000ns
  Clock Domain Crossing:  Inter clock paths are considered valid unless explicitly excluded by timing constraints such as set_clock_groups or set_false_path.

    Location             Delay type                Incr(ns)  Path(ns)    Netlist Resource(s)
  -------------------------------------------------------------------    -------------------
                         (clock clk_out1_design_1_clk_wiz_1_0_1 rise edge)
                                                      0.000     0.000 r  
    W5                                                0.000     0.000 r  sys_clock (IN)
                         net (fo=0)                   0.000     0.000    design_1_i/clk_wiz_1/inst/clk_in1
    W5                   IBUF (Prop_ibuf_I_O)         0.226     0.226 r  design_1_i/clk_wiz_1/inst/clkin1_ibufg/O
                         net (fo=1, routed)           0.440     0.667    design_1_i/clk_wiz_1/inst/clk_in1_design_1_clk_wiz_1_0
    MMCME2_ADV_X1Y0      MMCME2_ADV (Prop_mmcme2_adv_CLKIN1_CLKOUT0)
                                                     -2.360    -1.693 r  design_1_i/clk_wiz_1/inst/mmcm_adv_inst/CLKOUT0
                         net (fo=1, routed)           0.486    -1.207    design_1_i/clk_wiz_1/inst/clk_out1_design_1_clk_wiz_1_0
    BUFGCTRL_X0Y0        BUFG (Prop_bufg_I_O)         0.026    -1.181 r  design_1_i/clk_wiz_1/inst/clkout1_buf/O
                         net (fo=1516, routed)        0.554    -0.627    design_1_i/axi_uartlite_0/U0/UARTLITE_CORE_I/UARTLITE_TX_I/s_axi_aclk
    SLICE_X31Y20         FDSE                                         r  design_1_i/axi_uartlite_0/U0/UARTLITE_CORE_I/UARTLITE_TX_I/data_shift_reg[0]/C
  -------------------------------------------------------------------    -------------------
    SLICE_X31Y20         FDSE (Prop_fdse_C_Q)         0.128    -0.499 r  design_1_i/axi_uartlite_0/U0/UARTLITE_CORE_I/UARTLITE_TX_I/data_shift_reg[0]/Q
                         net (fo=1, routed)           0.059    -0.440    design_1_i/axi_uartlite_0/U0/UARTLITE_CORE_I/UARTLITE_TX_I/data_shift_reg_n_0_[0]
    SLICE_X30Y20         SRL16E                                       r  design_1_i/axi_uartlite_0/U0/UARTLITE_CORE_I/UARTLITE_TX_I/data_shift_reg[13]_srl13___UARTLITE_CORE_I_UARTLITE_RX_I_data_shift_reg_r_11/D
  -------------------------------------------------------------------    -------------------

                         (clock clk_out1_design_1_clk_wiz_1_0 rise edge)
                                                      0.000     0.000 r  
    W5                                                0.000     0.000 r  sys_clock (IN)
                         net (fo=0)                   0.000     0.000    design_1_i/clk_wiz_1/inst/clk_in1
    W5                   IBUF (Prop_ibuf_I_O)         0.414     0.414 r  design_1_i/clk_wiz_1/inst/clkin1_ibufg/O
                         net (fo=1, routed)           0.480     0.894    design_1_i/clk_wiz_1/inst/clk_in1_design_1_clk_wiz_1_0
    MMCME2_ADV_X1Y0      MMCME2_ADV (Prop_mmcme2_adv_CLKIN1_CLKOUT0)
                                                     -3.142    -2.248 r  design_1_i/clk_wiz_1/inst/mmcm_adv_inst/CLKOUT0
                         net (fo=1, routed)           0.530    -1.718    design_1_i/clk_wiz_1/inst/clk_out1_design_1_clk_wiz_1_0
    BUFGCTRL_X0Y0        BUFG (Prop_bufg_I_O)         0.029    -1.689 r  design_1_i/clk_wiz_1/inst/clkout1_buf/O
                         net (fo=1516, routed)        0.821    -0.869    design_1_i/axi_uartlite_0/U0/UARTLITE_CORE_I/UARTLITE_TX_I/s_axi_aclk
    SLICE_X30Y20         SRL16E                                       r  design_1_i/axi_uartlite_0/U0/UARTLITE_CORE_I/UARTLITE_TX_I/data_shift_reg[13]_srl13___UARTLITE_CORE_I_UARTLITE_RX_I_data_shift_reg_r_11/CLK
                         clock pessimism              0.254    -0.614    
                         clock uncertainty            0.074    -0.540    
    SLICE_X30Y20         SRL16E (Hold_srl16e_CLK_D)
                                                      0.062    -0.478    design_1_i/axi_uartlite_0/U0/UARTLITE_CORE_I/UARTLITE_TX_I/data_shift_reg[13]_srl13___UARTLITE_CORE_I_UARTLITE_RX_I_data_shift_reg_r_11
  -------------------------------------------------------------------
                         required time                          0.478    
                         arrival time                          -0.440    
  -------------------------------------------------------------------
                         slack                                  0.038    

Slack (MET) :             0.040ns  (arrival time - required time)
  Source:                 design_1_i/microblaze_0/U0/MicroBlaze_Core_I/Performance.Core/Decode_I/MEM_DataBus_Addr_reg[29]/C
                            (rising edge-triggered cell FDRE clocked by clk_out1_design_1_clk_wiz_1_0_1  {rise@0.000ns fall@5.000ns period=10.000ns})
  Destination:            design_1_i/microblaze_0_axi_periph/xbar/inst/gen_sasd.crossbar_sasd_0/addr_arbiter_inst/gen_no_arbiter.m_amesg_i_reg[3]/D
                            (rising edge-triggered cell FDRE clocked by clk_out1_design_1_clk_wiz_1_0  {rise@0.000ns fall@5.000ns period=10.000ns})
  Path Group:             clk_out1_design_1_clk_wiz_1_0
  Path Type:              Hold (Min at Fast Process Corner)
  Requirement:            0.000ns  (clk_out1_design_1_clk_wiz_1_0 rise@0.000ns - clk_out1_design_1_clk_wiz_1_0_1 rise@0.000ns)
  Data Path Delay:        0.453ns  (logic 0.141ns (31.116%)  route 0.312ns (68.884%))
  Logic Levels:           0  
  Clock Path Skew:        0.267ns (DCD - SCD - CPR)
    Destination Clock Delay (DCD):    -0.865ns
    Source Clock Delay      (SCD):    -0.628ns
    Clock Pessimism Removal (CPR):    -0.503ns
  Clock Uncertainty:      0.074ns  ((TSJ^2 + DJ^2)^1/2) / 2 + PE
    Total System Jitter     (TSJ):    0.071ns
    Discrete Jitter          (DJ):    0.131ns
    Phase Error              (PE):    0.000ns
  Clock Domain Crossing:  Inter clock paths are considered valid unless explicitly excluded by timing constraints such as set_clock_groups or set_false_path.

    Location             Delay type                Incr(ns)  Path(ns)    Netlist Resource(s)
  -------------------------------------------------------------------    -------------------
                         (clock clk_out1_design_1_clk_wiz_1_0_1 rise edge)
                                                      0.000     0.000 r  
    W5                                                0.000     0.000 r  sys_clock (IN)
                         net (fo=0)                   0.000     0.000    design_1_i/clk_wiz_1/inst/clk_in1
    W5                   IBUF (Prop_ibuf_I_O)         0.226     0.226 r  design_1_i/clk_wiz_1/inst/clkin1_ibufg/O
                         net (fo=1, routed)           0.440     0.667    design_1_i/clk_wiz_1/inst/clk_in1_design_1_clk_wiz_1_0
    MMCME2_ADV_X1Y0      MMCME2_ADV (Prop_mmcme2_adv_CLKIN1_CLKOUT0)
                                                     -2.360    -1.693 r  design_1_i/clk_wiz_1/inst/mmcm_adv_inst/CLKOUT0
                         net (fo=1, routed)           0.486    -1.207    design_1_i/clk_wiz_1/inst/clk_out1_design_1_clk_wiz_1_0
    BUFGCTRL_X0Y0        BUFG (Prop_bufg_I_O)         0.026    -1.181 r  design_1_i/clk_wiz_1/inst/clkout1_buf/O
                         net (fo=1516, routed)        0.553    -0.628    design_1_i/microblaze_0/U0/MicroBlaze_Core_I/Performance.Core/Decode_I/Clk
    SLICE_X43Y28         FDRE                                         r  design_1_i/microblaze_0/U0/MicroBlaze_Core_I/Performance.Core/Decode_I/MEM_DataBus_Addr_reg[29]/C
  -------------------------------------------------------------------    -------------------
    SLICE_X43Y28         FDRE (Prop_fdre_C_Q)         0.141    -0.487 r  design_1_i/microblaze_0/U0/MicroBlaze_Core_I/Performance.Core/Decode_I/MEM_DataBus_Addr_reg[29]/Q
                         net (fo=1, routed)           0.312    -0.175    design_1_i/microblaze_0_axi_periph/xbar/inst/gen_sasd.crossbar_sasd_0/addr_arbiter_inst/s_axi_araddr[2]
    SLICE_X29Y32         FDRE                                         r  design_1_i/microblaze_0_axi_periph/xbar/inst/gen_sasd.crossbar_sasd_0/addr_arbiter_inst/gen_no_arbiter.m_amesg_i_reg[3]/D
  -------------------------------------------------------------------    -------------------

                         (clock clk_out1_design_1_clk_wiz_1_0 rise edge)
                                                      0.000     0.000 r  
    W5                                                0.000     0.000 r  sys_clock (IN)
                         net (fo=0)                   0.000     0.000    design_1_i/clk_wiz_1/inst/clk_in1
    W5                   IBUF (Prop_ibuf_I_O)         0.414     0.414 r  design_1_i/clk_wiz_1/inst/clkin1_ibufg/O
                         net (fo=1, routed)           0.480     0.894    design_1_i/clk_wiz_1/inst/clk_in1_design_1_clk_wiz_1_0
    MMCME2_ADV_X1Y0      MMCME2_ADV (Prop_mmcme2_adv_CLKIN1_CLKOUT0)
                                                     -3.142    -2.248 r  design_1_i/clk_wiz_1/inst/mmcm_adv_inst/CLKOUT0
                         net (fo=1, routed)           0.530    -1.718    design_1_i/clk_wiz_1/inst/clk_out1_design_1_clk_wiz_1_0
    BUFGCTRL_X0Y0        BUFG (Prop_bufg_I_O)         0.029    -1.689 r  design_1_i/clk_wiz_1/inst/clkout1_buf/O
                         net (fo=1516, routed)        0.825    -0.865    design_1_i/microblaze_0_axi_periph/xbar/inst/gen_sasd.crossbar_sasd_0/addr_arbiter_inst/aclk
    SLICE_X29Y32         FDRE                                         r  design_1_i/microblaze_0_axi_periph/xbar/inst/gen_sasd.crossbar_sasd_0/addr_arbiter_inst/gen_no_arbiter.m_amesg_i_reg[3]/C
                         clock pessimism              0.503    -0.361    
                         clock uncertainty            0.074    -0.287    
    SLICE_X29Y32         FDRE (Hold_fdre_C_D)         0.072    -0.215    design_1_i/microblaze_0_axi_periph/xbar/inst/gen_sasd.crossbar_sasd_0/addr_arbiter_inst/gen_no_arbiter.m_amesg_i_reg[3]
  -------------------------------------------------------------------
                         required time                          0.215    
                         arrival time                          -0.175    
  -------------------------------------------------------------------
                         slack                                  0.040    

Slack (MET) :             0.042ns  (arrival time - required time)
  Source:                 design_1_i/microblaze_0/U0/MicroBlaze_Core_I/Performance.Core/Decode_I/PC_Module_I/if_pc_reg[31]/C
                            (rising edge-triggered cell FDRE clocked by clk_out1_design_1_clk_wiz_1_0_1  {rise@0.000ns fall@5.000ns period=10.000ns})
  Destination:            design_1_i/microblaze_0/U0/MicroBlaze_Core_I/Performance.Core/Decode_I/PC_Module_I/PC_Buffer_reg[3][31]_srl4/D
                            (rising edge-triggered cell SRL16E clocked by clk_out1_design_1_clk_wiz_1_0  {rise@0.000ns fall@5.000ns period=10.000ns})
  Path Group:             clk_out1_design_1_clk_wiz_1_0
  Path Type:              Hold (Min at Fast Process Corner)
  Requirement:            0.000ns  (clk_out1_design_1_clk_wiz_1_0 rise@0.000ns - clk_out1_design_1_clk_wiz_1_0_1 rise@0.000ns)
  Data Path Delay:        0.258ns  (logic 0.128ns (49.621%)  route 0.130ns (50.379%))
  Logic Levels:           0  
  Clock Path Skew:        0.013ns (DCD - SCD - CPR)
    Destination Clock Delay (DCD):    -0.871ns
    Source Clock Delay      (SCD):    -0.629ns
    Clock Pessimism Removal (CPR):    -0.254ns
  Clock Uncertainty:      0.074ns  ((TSJ^2 + DJ^2)^1/2) / 2 + PE
    Total System Jitter     (TSJ):    0.071ns
    Discrete Jitter          (DJ):    0.131ns
    Phase Error              (PE):    0.000ns
  Clock Domain Crossing:  Inter clock paths are considered valid unless explicitly excluded by timing constraints such as set_clock_groups or set_false_path.

    Location             Delay type                Incr(ns)  Path(ns)    Netlist Resource(s)
  -------------------------------------------------------------------    -------------------
                         (clock clk_out1_design_1_clk_wiz_1_0_1 rise edge)
                                                      0.000     0.000 r  
    W5                                                0.000     0.000 r  sys_clock (IN)
                         net (fo=0)                   0.000     0.000    design_1_i/clk_wiz_1/inst/clk_in1
    W5                   IBUF (Prop_ibuf_I_O)         0.226     0.226 r  design_1_i/clk_wiz_1/inst/clkin1_ibufg/O
                         net (fo=1, routed)           0.440     0.667    design_1_i/clk_wiz_1/inst/clk_in1_design_1_clk_wiz_1_0
    MMCME2_ADV_X1Y0      MMCME2_ADV (Prop_mmcme2_adv_CLKIN1_CLKOUT0)
                                                     -2.360    -1.693 r  design_1_i/clk_wiz_1/inst/mmcm_adv_inst/CLKOUT0
                         net (fo=1, routed)           0.486    -1.207    design_1_i/clk_wiz_1/inst/clk_out1_design_1_clk_wiz_1_0
    BUFGCTRL_X0Y0        BUFG (Prop_bufg_I_O)         0.026    -1.181 r  design_1_i/clk_wiz_1/inst/clkout1_buf/O
                         net (fo=1516, routed)        0.552    -0.629    design_1_i/microblaze_0/U0/MicroBlaze_Core_I/Performance.Core/Decode_I/PC_Module_I/Clk
    SLICE_X44Y26         FDRE                                         r  design_1_i/microblaze_0/U0/MicroBlaze_Core_I/Performance.Core/Decode_I/PC_Module_I/if_pc_reg[31]/C
  -------------------------------------------------------------------    -------------------
    SLICE_X44Y26         FDRE (Prop_fdre_C_Q)         0.128    -0.501 r  design_1_i/microblaze_0/U0/MicroBlaze_Core_I/Performance.Core/Decode_I/PC_Module_I/if_pc_reg[31]/Q
                         net (fo=4, routed)           0.130    -0.371    design_1_i/microblaze_0/U0/MicroBlaze_Core_I/Performance.Core/Decode_I/PC_Module_I/Q[0]
    SLICE_X46Y26         SRL16E                                       r  design_1_i/microblaze_0/U0/MicroBlaze_Core_I/Performance.Core/Decode_I/PC_Module_I/PC_Buffer_reg[3][31]_srl4/D
  -------------------------------------------------------------------    -------------------

                         (clock clk_out1_design_1_clk_wiz_1_0 rise edge)
                                                      0.000     0.000 r  
    W5                                                0.000     0.000 r  sys_clock (IN)
                         net (fo=0)                   0.000     0.000    design_1_i/clk_wiz_1/inst/clk_in1
    W5                   IBUF (Prop_ibuf_I_O)         0.414     0.414 r  design_1_i/clk_wiz_1/inst/clkin1_ibufg/O
                         net (fo=1, routed)           0.480     0.894    design_1_i/clk_wiz_1/inst/clk_in1_design_1_clk_wiz_1_0
    MMCME2_ADV_X1Y0      MMCME2_ADV (Prop_mmcme2_adv_CLKIN1_CLKOUT0)
                                                     -3.142    -2.248 r  design_1_i/clk_wiz_1/inst/mmcm_adv_inst/CLKOUT0
                         net (fo=1, routed)           0.530    -1.718    design_1_i/clk_wiz_1/inst/clk_out1_design_1_clk_wiz_1_0
    BUFGCTRL_X0Y0        BUFG (Prop_bufg_I_O)         0.029    -1.689 r  design_1_i/clk_wiz_1/inst/clkout1_buf/O
                         net (fo=1516, routed)        0.819    -0.871    design_1_i/microblaze_0/U0/MicroBlaze_Core_I/Performance.Core/Decode_I/PC_Module_I/Clk
    SLICE_X46Y26         SRL16E                                       r  design_1_i/microblaze_0/U0/MicroBlaze_Core_I/Performance.Core/Decode_I/PC_Module_I/PC_Buffer_reg[3][31]_srl4/CLK
                         clock pessimism              0.254    -0.616    
                         clock uncertainty            0.074    -0.542    
    SLICE_X46Y26         SRL16E (Hold_srl16e_CLK_D)
                                                      0.129    -0.413    design_1_i/microblaze_0/U0/MicroBlaze_Core_I/Performance.Core/Decode_I/PC_Module_I/PC_Buffer_reg[3][31]_srl4
  -------------------------------------------------------------------
                         required time                          0.413    
                         arrival time                          -0.371    
  -------------------------------------------------------------------
                         slack                                  0.042    

Slack (MET) :             0.044ns  (arrival time - required time)
  Source:                 design_1_i/microblaze_0/U0/MicroBlaze_Core_I/Performance.Core/Decode_I/MEM_DataBus_Addr_reg[23]/C
                            (rising edge-triggered cell FDRE clocked by clk_out1_design_1_clk_wiz_1_0_1  {rise@0.000ns fall@5.000ns period=10.000ns})
  Destination:            design_1_i/microblaze_0_axi_periph/xbar/inst/gen_sasd.crossbar_sasd_0/addr_arbiter_inst/gen_no_arbiter.m_amesg_i_reg[9]/D
                            (rising edge-triggered cell FDRE clocked by clk_out1_design_1_clk_wiz_1_0  {rise@0.000ns fall@5.000ns period=10.000ns})
  Path Group:             clk_out1_design_1_clk_wiz_1_0
  Path Type:              Hold (Min at Fast Process Corner)
  Requirement:            0.000ns  (clk_out1_design_1_clk_wiz_1_0 rise@0.000ns - clk_out1_design_1_clk_wiz_1_0_1 rise@0.000ns)
  Data Path Delay:        0.455ns  (logic 0.141ns (30.980%)  route 0.314ns (69.020%))
  Logic Levels:           0  
  Clock Path Skew:        0.266ns (DCD - SCD - CPR)
    Destination Clock Delay (DCD):    -0.865ns
    Source Clock Delay      (SCD):    -0.627ns
    Clock Pessimism Removal (CPR):    -0.503ns
  Clock Uncertainty:      0.074ns  ((TSJ^2 + DJ^2)^1/2) / 2 + PE
    Total System Jitter     (TSJ):    0.071ns
    Discrete Jitter          (DJ):    0.131ns
    Phase Error              (PE):    0.000ns
  Clock Domain Crossing:  Inter clock paths are considered valid unless explicitly excluded by timing constraints such as set_clock_groups or set_false_path.

    Location             Delay type                Incr(ns)  Path(ns)    Netlist Resource(s)
  -------------------------------------------------------------------    -------------------
                         (clock clk_out1_design_1_clk_wiz_1_0_1 rise edge)
                                                      0.000     0.000 r  
    W5                                                0.000     0.000 r  sys_clock (IN)
                         net (fo=0)                   0.000     0.000    design_1_i/clk_wiz_1/inst/clk_in1
    W5                   IBUF (Prop_ibuf_I_O)         0.226     0.226 r  design_1_i/clk_wiz_1/inst/clkin1_ibufg/O
                         net (fo=1, routed)           0.440     0.667    design_1_i/clk_wiz_1/inst/clk_in1_design_1_clk_wiz_1_0
    MMCME2_ADV_X1Y0      MMCME2_ADV (Prop_mmcme2_adv_CLKIN1_CLKOUT0)
                                                     -2.360    -1.693 r  design_1_i/clk_wiz_1/inst/mmcm_adv_inst/CLKOUT0
                         net (fo=1, routed)           0.486    -1.207    design_1_i/clk_wiz_1/inst/clk_out1_design_1_clk_wiz_1_0
    BUFGCTRL_X0Y0        BUFG (Prop_bufg_I_O)         0.026    -1.181 r  design_1_i/clk_wiz_1/inst/clkout1_buf/O
                         net (fo=1516, routed)        0.554    -0.627    design_1_i/microblaze_0/U0/MicroBlaze_Core_I/Performance.Core/Decode_I/Clk
    SLICE_X43Y29         FDRE                                         r  design_1_i/microblaze_0/U0/MicroBlaze_Core_I/Performance.Core/Decode_I/MEM_DataBus_Addr_reg[23]/C
  -------------------------------------------------------------------    -------------------
    SLICE_X43Y29         FDRE (Prop_fdre_C_Q)         0.141    -0.486 r  design_1_i/microblaze_0/U0/MicroBlaze_Core_I/Performance.Core/Decode_I/MEM_DataBus_Addr_reg[23]/Q
                         net (fo=1, routed)           0.314    -0.172    design_1_i/microblaze_0_axi_periph/xbar/inst/gen_sasd.crossbar_sasd_0/addr_arbiter_inst/s_axi_araddr[8]
    SLICE_X29Y32         FDRE                                         r  design_1_i/microblaze_0_axi_periph/xbar/inst/gen_sasd.crossbar_sasd_0/addr_arbiter_inst/gen_no_arbiter.m_amesg_i_reg[9]/D
  -------------------------------------------------------------------    -------------------

                         (clock clk_out1_design_1_clk_wiz_1_0 rise edge)
                                                      0.000     0.000 r  
    W5                                                0.000     0.000 r  sys_clock (IN)
                         net (fo=0)                   0.000     0.000    design_1_i/clk_wiz_1/inst/clk_in1
    W5                   IBUF (Prop_ibuf_I_O)         0.414     0.414 r  design_1_i/clk_wiz_1/inst/clkin1_ibufg/O
                         net (fo=1, routed)           0.480     0.894    design_1_i/clk_wiz_1/inst/clk_in1_design_1_clk_wiz_1_0
    MMCME2_ADV_X1Y0      MMCME2_ADV (Prop_mmcme2_adv_CLKIN1_CLKOUT0)
                                                     -3.142    -2.248 r  design_1_i/clk_wiz_1/inst/mmcm_adv_inst/CLKOUT0
                         net (fo=1, routed)           0.530    -1.718    design_1_i/clk_wiz_1/inst/clk_out1_design_1_clk_wiz_1_0
    BUFGCTRL_X0Y0        BUFG (Prop_bufg_I_O)         0.029    -1.689 r  design_1_i/clk_wiz_1/inst/clkout1_buf/O
                         net (fo=1516, routed)        0.825    -0.865    design_1_i/microblaze_0_axi_periph/xbar/inst/gen_sasd.crossbar_sasd_0/addr_arbiter_inst/aclk
    SLICE_X29Y32         FDRE                                         r  design_1_i/microblaze_0_axi_periph/xbar/inst/gen_sasd.crossbar_sasd_0/addr_arbiter_inst/gen_no_arbiter.m_amesg_i_reg[9]/C
                         clock pessimism              0.503    -0.361    
                         clock uncertainty            0.074    -0.287    
    SLICE_X29Y32         FDRE (Hold_fdre_C_D)         0.071    -0.216    design_1_i/microblaze_0_axi_periph/xbar/inst/gen_sasd.crossbar_sasd_0/addr_arbiter_inst/gen_no_arbiter.m_amesg_i_reg[9]
  -------------------------------------------------------------------
                         required time                          0.216    
                         arrival time                          -0.172    
  -------------------------------------------------------------------
                         slack                                  0.044    

Slack (MET) :             0.046ns  (arrival time - required time)
  Source:                 design_1_i/microblaze_0/U0/MicroBlaze_Core_I/Performance.Core/Data_Flow_I/Data_Flow_Logic_I/WB_MEM_Result_reg[9]/C
                            (rising edge-triggered cell FDRE clocked by clk_out1_design_1_clk_wiz_1_0_1  {rise@0.000ns fall@5.000ns period=10.000ns})
  Destination:            design_1_i/microblaze_0/U0/MicroBlaze_Core_I/Performance.Core/Data_Flow_I/Register_File_I/Using_LUT6.All_RAM32M[4].ram32m_i/Using_FPGA.Native/RAMD/I
                            (rising edge-triggered cell RAMS32 clocked by clk_out1_design_1_clk_wiz_1_0  {rise@0.000ns fall@5.000ns period=10.000ns})
  Path Group:             clk_out1_design_1_clk_wiz_1_0
  Path Type:              Hold (Min at Fast Process Corner)
  Requirement:            0.000ns  (clk_out1_design_1_clk_wiz_1_0 rise@0.000ns - clk_out1_design_1_clk_wiz_1_0_1 rise@0.000ns)
  Data Path Delay:        0.527ns  (logic 0.227ns (43.084%)  route 0.300ns (56.916%))
  Logic Levels:           1  (LUT6=1)
  Clock Path Skew:        0.262ns (DCD - SCD - CPR)
    Destination Clock Delay (DCD):    -0.865ns
    Source Clock Delay      (SCD):    -0.623ns
    Clock Pessimism Removal (CPR):    -0.503ns
  Clock Uncertainty:      0.074ns  ((TSJ^2 + DJ^2)^1/2) / 2 + PE
    Total System Jitter     (TSJ):    0.071ns
    Discrete Jitter          (DJ):    0.131ns
    Phase Error              (PE):    0.000ns
  Clock Domain Crossing:  Inter clock paths are considered valid unless explicitly excluded by timing constraints such as set_clock_groups or set_false_path.

    Location             Delay type                Incr(ns)  Path(ns)    Netlist Resource(s)
  -------------------------------------------------------------------    -------------------
                         (clock clk_out1_design_1_clk_wiz_1_0_1 rise edge)
                                                      0.000     0.000 r  
    W5                                                0.000     0.000 r  sys_clock (IN)
                         net (fo=0)                   0.000     0.000    design_1_i/clk_wiz_1/inst/clk_in1
    W5                   IBUF (Prop_ibuf_I_O)         0.226     0.226 r  design_1_i/clk_wiz_1/inst/clkin1_ibufg/O
                         net (fo=1, routed)           0.440     0.667    design_1_i/clk_wiz_1/inst/clk_in1_design_1_clk_wiz_1_0
    MMCME2_ADV_X1Y0      MMCME2_ADV (Prop_mmcme2_adv_CLKIN1_CLKOUT0)
                                                     -2.360    -1.693 r  design_1_i/clk_wiz_1/inst/mmcm_adv_inst/CLKOUT0
                         net (fo=1, routed)           0.486    -1.207    design_1_i/clk_wiz_1/inst/clk_out1_design_1_clk_wiz_1_0
    BUFGCTRL_X0Y0        BUFG (Prop_bufg_I_O)         0.026    -1.181 r  design_1_i/clk_wiz_1/inst/clkout1_buf/O
                         net (fo=1516, routed)        0.558    -0.623    design_1_i/microblaze_0/U0/MicroBlaze_Core_I/Performance.Core/Data_Flow_I/Data_Flow_Logic_I/Clk
    SLICE_X32Y33         FDRE                                         r  design_1_i/microblaze_0/U0/MicroBlaze_Core_I/Performance.Core/Data_Flow_I/Data_Flow_Logic_I/WB_MEM_Result_reg[9]/C
  -------------------------------------------------------------------    -------------------
    SLICE_X32Y33         FDRE (Prop_fdre_C_Q)         0.128    -0.495 r  design_1_i/microblaze_0/U0/MicroBlaze_Core_I/Performance.Core/Data_Flow_I/Data_Flow_Logic_I/WB_MEM_Result_reg[9]/Q
                         net (fo=1, routed)           0.061    -0.435    design_1_i/microblaze_0/U0/MicroBlaze_Core_I/Performance.Core/Decode_I/EX_Op3_reg[0]_1[14]
    SLICE_X32Y33         LUT6 (Prop_lut6_I5_O)        0.099    -0.336 r  design_1_i/microblaze_0/U0/MicroBlaze_Core_I/Performance.Core/Decode_I/Using_FPGA.Native_i_2__29/O
                         net (fo=8, routed)           0.239    -0.096    design_1_i/microblaze_0/U0/MicroBlaze_Core_I/Performance.Core/Data_Flow_I/Register_File_I/Using_LUT6.All_RAM32M[4].ram32m_i/Using_FPGA.Native/DID0
    SLICE_X38Y33         RAMS32                                       r  design_1_i/microblaze_0/U0/MicroBlaze_Core_I/Performance.Core/Data_Flow_I/Register_File_I/Using_LUT6.All_RAM32M[4].ram32m_i/Using_FPGA.Native/RAMD/I
  -------------------------------------------------------------------    -------------------

                         (clock clk_out1_design_1_clk_wiz_1_0 rise edge)
                                                      0.000     0.000 r  
    W5                                                0.000     0.000 r  sys_clock (IN)
                         net (fo=0)                   0.000     0.000    design_1_i/clk_wiz_1/inst/clk_in1
    W5                   IBUF (Prop_ibuf_I_O)         0.414     0.414 r  design_1_i/clk_wiz_1/inst/clkin1_ibufg/O
                         net (fo=1, routed)           0.480     0.894    design_1_i/clk_wiz_1/inst/clk_in1_design_1_clk_wiz_1_0
    MMCME2_ADV_X1Y0      MMCME2_ADV (Prop_mmcme2_adv_CLKIN1_CLKOUT0)
                                                     -3.142    -2.248 r  design_1_i/clk_wiz_1/inst/mmcm_adv_inst/CLKOUT0
                         net (fo=1, routed)           0.530    -1.718    design_1_i/clk_wiz_1/inst/clk_out1_design_1_clk_wiz_1_0
    BUFGCTRL_X0Y0        BUFG (Prop_bufg_I_O)         0.029    -1.689 r  design_1_i/clk_wiz_1/inst/clkout1_buf/O
                         net (fo=1516, routed)        0.825    -0.865    design_1_i/microblaze_0/U0/MicroBlaze_Core_I/Performance.Core/Data_Flow_I/Register_File_I/Using_LUT6.All_RAM32M[4].ram32m_i/Using_FPGA.Native/WCLK
    SLICE_X38Y33         RAMS32                                       r  design_1_i/microblaze_0/U0/MicroBlaze_Core_I/Performance.Core/Data_Flow_I/Register_File_I/Using_LUT6.All_RAM32M[4].ram32m_i/Using_FPGA.Native/RAMD/CLK
                         clock pessimism              0.503    -0.361    
                         clock uncertainty            0.074    -0.287    
    SLICE_X38Y33         RAMS32 (Hold_rams32_CLK_I)
                                                      0.144    -0.143    design_1_i/microblaze_0/U0/MicroBlaze_Core_I/Performance.Core/Data_Flow_I/Register_File_I/Using_LUT6.All_RAM32M[4].ram32m_i/Using_FPGA.Native/RAMD
  -------------------------------------------------------------------
                         required time                          0.143    
                         arrival time                          -0.096    
  -------------------------------------------------------------------
                         slack                                  0.046    

Slack (MET) :             0.047ns  (arrival time - required time)
  Source:                 design_1_i/axi_gpio_0/U0/gpio_core_1/Not_Dual.INPUT_DOUBLE_REGS3/GENERATE_LEVEL_P_S_CDC.MULTI_BIT.FOR_CROSS_PLEVEL_IN2SCNDRY_bus_d2[1].CROSS2_PLEVEL_IN2SCNDRY_s_level_out_bus_d2/C
                            (rising edge-triggered cell FDRE clocked by clk_out1_design_1_clk_wiz_1_0_1  {rise@0.000ns fall@5.000ns period=10.000ns})
  Destination:            design_1_i/axi_gpio_0/U0/gpio_core_1/Not_Dual.INPUT_DOUBLE_REGS3/GENERATE_LEVEL_P_S_CDC.MULTI_BIT.FOR_CROSS_PLEVEL_IN2SCNDRY_bus_d3[1].CROSS2_PLEVEL_IN2SCNDRY_s_level_out_bus_d3/D
                            (rising edge-triggered cell FDRE clocked by clk_out1_design_1_clk_wiz_1_0  {rise@0.000ns fall@5.000ns period=10.000ns})
  Path Group:             clk_out1_design_1_clk_wiz_1_0
  Path Type:              Hold (Min at Fast Process Corner)
  Requirement:            0.000ns  (clk_out1_design_1_clk_wiz_1_0 rise@0.000ns - clk_out1_design_1_clk_wiz_1_0_1 rise@0.000ns)
  Data Path Delay:        0.197ns  (logic 0.141ns (71.611%)  route 0.056ns (28.389%))
  Logic Levels:           0  
  Clock Path Skew:        0.000ns (DCD - SCD - CPR)
    Destination Clock Delay (DCD):    -0.865ns
    Source Clock Delay      (SCD):    -0.624ns
    Clock Pessimism Removal (CPR):    -0.240ns
  Clock Uncertainty:      0.074ns  ((TSJ^2 + DJ^2)^1/2) / 2 + PE
    Total System Jitter     (TSJ):    0.071ns
    Discrete Jitter          (DJ):    0.131ns
    Phase Error              (PE):    0.000ns
  Clock Domain Crossing:  Inter clock paths are considered valid unless explicitly excluded by timing constraints such as set_clock_groups or set_false_path.

    Location             Delay type                Incr(ns)  Path(ns)    Netlist Resource(s)
  -------------------------------------------------------------------    -------------------
                         (clock clk_out1_design_1_clk_wiz_1_0_1 rise edge)
                                                      0.000     0.000 r  
    W5                                                0.000     0.000 r  sys_clock (IN)
                         net (fo=0)                   0.000     0.000    design_1_i/clk_wiz_1/inst/clk_in1
    W5                   IBUF (Prop_ibuf_I_O)         0.226     0.226 r  design_1_i/clk_wiz_1/inst/clkin1_ibufg/O
                         net (fo=1, routed)           0.440     0.667    design_1_i/clk_wiz_1/inst/clk_in1_design_1_clk_wiz_1_0
    MMCME2_ADV_X1Y0      MMCME2_ADV (Prop_mmcme2_adv_CLKIN1_CLKOUT0)
                                                     -2.360    -1.693 r  design_1_i/clk_wiz_1/inst/mmcm_adv_inst/CLKOUT0
                         net (fo=1, routed)           0.486    -1.207    design_1_i/clk_wiz_1/inst/clk_out1_design_1_clk_wiz_1_0
    BUFGCTRL_X0Y0        BUFG (Prop_bufg_I_O)         0.026    -1.181 r  design_1_i/clk_wiz_1/inst/clkout1_buf/O
                         net (fo=1516, routed)        0.557    -0.624    design_1_i/axi_gpio_0/U0/gpio_core_1/Not_Dual.INPUT_DOUBLE_REGS3/s_axi_aclk
    SLICE_X15Y29         FDRE                                         r  design_1_i/axi_gpio_0/U0/gpio_core_1/Not_Dual.INPUT_DOUBLE_REGS3/GENERATE_LEVEL_P_S_CDC.MULTI_BIT.FOR_CROSS_PLEVEL_IN2SCNDRY_bus_d2[1].CROSS2_PLEVEL_IN2SCNDRY_s_level_out_bus_d2/C
  -------------------------------------------------------------------    -------------------
    SLICE_X15Y29         FDRE (Prop_fdre_C_Q)         0.141    -0.483 r  design_1_i/axi_gpio_0/U0/gpio_core_1/Not_Dual.INPUT_DOUBLE_REGS3/GENERATE_LEVEL_P_S_CDC.MULTI_BIT.FOR_CROSS_PLEVEL_IN2SCNDRY_bus_d2[1].CROSS2_PLEVEL_IN2SCNDRY_s_level_out_bus_d2/Q
                         net (fo=1, routed)           0.056    -0.427    design_1_i/axi_gpio_0/U0/gpio_core_1/Not_Dual.INPUT_DOUBLE_REGS3/s_level_out_bus_d2_1
    SLICE_X15Y29         FDRE                                         r  design_1_i/axi_gpio_0/U0/gpio_core_1/Not_Dual.INPUT_DOUBLE_REGS3/GENERATE_LEVEL_P_S_CDC.MULTI_BIT.FOR_CROSS_PLEVEL_IN2SCNDRY_bus_d3[1].CROSS2_PLEVEL_IN2SCNDRY_s_level_out_bus_d3/D
  -------------------------------------------------------------------    -------------------

                         (clock clk_out1_design_1_clk_wiz_1_0 rise edge)
                                                      0.000     0.000 r  
    W5                                                0.000     0.000 r  sys_clock (IN)
                         net (fo=0)                   0.000     0.000    design_1_i/clk_wiz_1/inst/clk_in1
    W5                   IBUF (Prop_ibuf_I_O)         0.414     0.414 r  design_1_i/clk_wiz_1/inst/clkin1_ibufg/O
                         net (fo=1, routed)           0.480     0.894    design_1_i/clk_wiz_1/inst/clk_in1_design_1_clk_wiz_1_0
    MMCME2_ADV_X1Y0      MMCME2_ADV (Prop_mmcme2_adv_CLKIN1_CLKOUT0)
                                                     -3.142    -2.248 r  design_1_i/clk_wiz_1/inst/mmcm_adv_inst/CLKOUT0
                         net (fo=1, routed)           0.530    -1.718    design_1_i/clk_wiz_1/inst/clk_out1_design_1_clk_wiz_1_0
    BUFGCTRL_X0Y0        BUFG (Prop_bufg_I_O)         0.029    -1.689 r  design_1_i/clk_wiz_1/inst/clkout1_buf/O
                         net (fo=1516, routed)        0.825    -0.865    design_1_i/axi_gpio_0/U0/gpio_core_1/Not_Dual.INPUT_DOUBLE_REGS3/s_axi_aclk
    SLICE_X15Y29         FDRE                                         r  design_1_i/axi_gpio_0/U0/gpio_core_1/Not_Dual.INPUT_DOUBLE_REGS3/GENERATE_LEVEL_P_S_CDC.MULTI_BIT.FOR_CROSS_PLEVEL_IN2SCNDRY_bus_d3[1].CROSS2_PLEVEL_IN2SCNDRY_s_level_out_bus_d3/C
                         clock pessimism              0.240    -0.624    
                         clock uncertainty            0.074    -0.550    
    SLICE_X15Y29         FDRE (Hold_fdre_C_D)         0.075    -0.475    design_1_i/axi_gpio_0/U0/gpio_core_1/Not_Dual.INPUT_DOUBLE_REGS3/GENERATE_LEVEL_P_S_CDC.MULTI_BIT.FOR_CROSS_PLEVEL_IN2SCNDRY_bus_d3[1].CROSS2_PLEVEL_IN2SCNDRY_s_level_out_bus_d3
  -------------------------------------------------------------------
                         required time                          0.475    
                         arrival time                          -0.427    
  -------------------------------------------------------------------
                         slack                                  0.047    

Slack (MET) :             0.047ns  (arrival time - required time)
  Source:                 design_1_i/axi_gpio_0/U0/gpio_core_1/Not_Dual.INPUT_DOUBLE_REGS3/GENERATE_LEVEL_P_S_CDC.MULTI_BIT.FOR_CROSS_PLEVEL_IN2SCNDRY_bus_d2[3].CROSS2_PLEVEL_IN2SCNDRY_s_level_out_bus_d2/C
                            (rising edge-triggered cell FDRE clocked by clk_out1_design_1_clk_wiz_1_0_1  {rise@0.000ns fall@5.000ns period=10.000ns})
  Destination:            design_1_i/axi_gpio_0/U0/gpio_core_1/Not_Dual.INPUT_DOUBLE_REGS3/GENERATE_LEVEL_P_S_CDC.MULTI_BIT.FOR_CROSS_PLEVEL_IN2SCNDRY_bus_d3[3].CROSS2_PLEVEL_IN2SCNDRY_s_level_out_bus_d3/D
                            (rising edge-triggered cell FDRE clocked by clk_out1_design_1_clk_wiz_1_0  {rise@0.000ns fall@5.000ns period=10.000ns})
  Path Group:             clk_out1_design_1_clk_wiz_1_0
  Path Type:              Hold (Min at Fast Process Corner)
  Requirement:            0.000ns  (clk_out1_design_1_clk_wiz_1_0 rise@0.000ns - clk_out1_design_1_clk_wiz_1_0_1 rise@0.000ns)
  Data Path Delay:        0.197ns  (logic 0.141ns (71.611%)  route 0.056ns (28.389%))
  Logic Levels:           0  
  Clock Path Skew:        0.000ns (DCD - SCD - CPR)
    Destination Clock Delay (DCD):    -0.867ns
    Source Clock Delay      (SCD):    -0.626ns
    Clock Pessimism Removal (CPR):    -0.240ns
  Clock Uncertainty:      0.074ns  ((TSJ^2 + DJ^2)^1/2) / 2 + PE
    Total System Jitter     (TSJ):    0.071ns
    Discrete Jitter          (DJ):    0.131ns
    Phase Error              (PE):    0.000ns
  Clock Domain Crossing:  Inter clock paths are considered valid unless explicitly excluded by timing constraints such as set_clock_groups or set_false_path.

    Location             Delay type                Incr(ns)  Path(ns)    Netlist Resource(s)
  -------------------------------------------------------------------    -------------------
                         (clock clk_out1_design_1_clk_wiz_1_0_1 rise edge)
                                                      0.000     0.000 r  
    W5                                                0.000     0.000 r  sys_clock (IN)
                         net (fo=0)                   0.000     0.000    design_1_i/clk_wiz_1/inst/clk_in1
    W5                   IBUF (Prop_ibuf_I_O)         0.226     0.226 r  design_1_i/clk_wiz_1/inst/clkin1_ibufg/O
                         net (fo=1, routed)           0.440     0.667    design_1_i/clk_wiz_1/inst/clk_in1_design_1_clk_wiz_1_0
    MMCME2_ADV_X1Y0      MMCME2_ADV (Prop_mmcme2_adv_CLKIN1_CLKOUT0)
                                                     -2.360    -1.693 r  design_1_i/clk_wiz_1/inst/mmcm_adv_inst/CLKOUT0
                         net (fo=1, routed)           0.486    -1.207    design_1_i/clk_wiz_1/inst/clk_out1_design_1_clk_wiz_1_0
    BUFGCTRL_X0Y0        BUFG (Prop_bufg_I_O)         0.026    -1.181 r  design_1_i/clk_wiz_1/inst/clkout1_buf/O
                         net (fo=1516, routed)        0.555    -0.626    design_1_i/axi_gpio_0/U0/gpio_core_1/Not_Dual.INPUT_DOUBLE_REGS3/s_axi_aclk
    SLICE_X29Y19         FDRE                                         r  design_1_i/axi_gpio_0/U0/gpio_core_1/Not_Dual.INPUT_DOUBLE_REGS3/GENERATE_LEVEL_P_S_CDC.MULTI_BIT.FOR_CROSS_PLEVEL_IN2SCNDRY_bus_d2[3].CROSS2_PLEVEL_IN2SCNDRY_s_level_out_bus_d2/C
  -------------------------------------------------------------------    -------------------
    SLICE_X29Y19         FDRE (Prop_fdre_C_Q)         0.141    -0.485 r  design_1_i/axi_gpio_0/U0/gpio_core_1/Not_Dual.INPUT_DOUBLE_REGS3/GENERATE_LEVEL_P_S_CDC.MULTI_BIT.FOR_CROSS_PLEVEL_IN2SCNDRY_bus_d2[3].CROSS2_PLEVEL_IN2SCNDRY_s_level_out_bus_d2/Q
                         net (fo=1, routed)           0.056    -0.429    design_1_i/axi_gpio_0/U0/gpio_core_1/Not_Dual.INPUT_DOUBLE_REGS3/s_level_out_bus_d2_3
    SLICE_X29Y19         FDRE                                         r  design_1_i/axi_gpio_0/U0/gpio_core_1/Not_Dual.INPUT_DOUBLE_REGS3/GENERATE_LEVEL_P_S_CDC.MULTI_BIT.FOR_CROSS_PLEVEL_IN2SCNDRY_bus_d3[3].CROSS2_PLEVEL_IN2SCNDRY_s_level_out_bus_d3/D
  -------------------------------------------------------------------    -------------------

                         (clock clk_out1_design_1_clk_wiz_1_0 rise edge)
                                                      0.000     0.000 r  
    W5                                                0.000     0.000 r  sys_clock (IN)
                         net (fo=0)                   0.000     0.000    design_1_i/clk_wiz_1/inst/clk_in1
    W5                   IBUF (Prop_ibuf_I_O)         0.414     0.414 r  design_1_i/clk_wiz_1/inst/clkin1_ibufg/O
                         net (fo=1, routed)           0.480     0.894    design_1_i/clk_wiz_1/inst/clk_in1_design_1_clk_wiz_1_0
    MMCME2_ADV_X1Y0      MMCME2_ADV (Prop_mmcme2_adv_CLKIN1_CLKOUT0)
                                                     -3.142    -2.248 r  design_1_i/clk_wiz_1/inst/mmcm_adv_inst/CLKOUT0
                         net (fo=1, routed)           0.530    -1.718    design_1_i/clk_wiz_1/inst/clk_out1_design_1_clk_wiz_1_0
    BUFGCTRL_X0Y0        BUFG (Prop_bufg_I_O)         0.029    -1.689 r  design_1_i/clk_wiz_1/inst/clkout1_buf/O
                         net (fo=1516, routed)        0.823    -0.867    design_1_i/axi_gpio_0/U0/gpio_core_1/Not_Dual.INPUT_DOUBLE_REGS3/s_axi_aclk
    SLICE_X29Y19         FDRE                                         r  design_1_i/axi_gpio_0/U0/gpio_core_1/Not_Dual.INPUT_DOUBLE_REGS3/GENERATE_LEVEL_P_S_CDC.MULTI_BIT.FOR_CROSS_PLEVEL_IN2SCNDRY_bus_d3[3].CROSS2_PLEVEL_IN2SCNDRY_s_level_out_bus_d3/C
                         clock pessimism              0.240    -0.626    
                         clock uncertainty            0.074    -0.552    
    SLICE_X29Y19         FDRE (Hold_fdre_C_D)         0.075    -0.477    design_1_i/axi_gpio_0/U0/gpio_core_1/Not_Dual.INPUT_DOUBLE_REGS3/GENERATE_LEVEL_P_S_CDC.MULTI_BIT.FOR_CROSS_PLEVEL_IN2SCNDRY_bus_d3[3].CROSS2_PLEVEL_IN2SCNDRY_s_level_out_bus_d3
  -------------------------------------------------------------------
                         required time                          0.477    
                         arrival time                          -0.429    
  -------------------------------------------------------------------
                         slack                                  0.047    

Slack (MET) :             0.047ns  (arrival time - required time)
  Source:                 design_1_i/axi_gpio_0/U0/gpio_core_1/Not_Dual.INPUT_DOUBLE_REGS3/GENERATE_LEVEL_P_S_CDC.MULTI_BIT.FOR_CROSS_PLEVEL_IN2SCNDRY_bus_d2[5].CROSS2_PLEVEL_IN2SCNDRY_s_level_out_bus_d2/C
                            (rising edge-triggered cell FDRE clocked by clk_out1_design_1_clk_wiz_1_0_1  {rise@0.000ns fall@5.000ns period=10.000ns})
  Destination:            design_1_i/axi_gpio_0/U0/gpio_core_1/Not_Dual.INPUT_DOUBLE_REGS3/GENERATE_LEVEL_P_S_CDC.MULTI_BIT.FOR_CROSS_PLEVEL_IN2SCNDRY_bus_d3[5].CROSS2_PLEVEL_IN2SCNDRY_s_level_out_bus_d3/D
                            (rising edge-triggered cell FDRE clocked by clk_out1_design_1_clk_wiz_1_0  {rise@0.000ns fall@5.000ns period=10.000ns})
  Path Group:             clk_out1_design_1_clk_wiz_1_0
  Path Type:              Hold (Min at Fast Process Corner)
  Requirement:            0.000ns  (clk_out1_design_1_clk_wiz_1_0 rise@0.000ns - clk_out1_design_1_clk_wiz_1_0_1 rise@0.000ns)
  Data Path Delay:        0.197ns  (logic 0.141ns (71.611%)  route 0.056ns (28.389%))
  Logic Levels:           0  
  Clock Path Skew:        0.000ns (DCD - SCD - CPR)
    Destination Clock Delay (DCD):    -0.865ns
    Source Clock Delay      (SCD):    -0.623ns
    Clock Pessimism Removal (CPR):    -0.241ns
  Clock Uncertainty:      0.074ns  ((TSJ^2 + DJ^2)^1/2) / 2 + PE
    Total System Jitter     (TSJ):    0.071ns
    Discrete Jitter          (DJ):    0.131ns
    Phase Error              (PE):    0.000ns
  Clock Domain Crossing:  Inter clock paths are considered valid unless explicitly excluded by timing constraints such as set_clock_groups or set_false_path.

    Location             Delay type                Incr(ns)  Path(ns)    Netlist Resource(s)
  -------------------------------------------------------------------    -------------------
                         (clock clk_out1_design_1_clk_wiz_1_0_1 rise edge)
                                                      0.000     0.000 r  
    W5                                                0.000     0.000 r  sys_clock (IN)
                         net (fo=0)                   0.000     0.000    design_1_i/clk_wiz_1/inst/clk_in1
    W5                   IBUF (Prop_ibuf_I_O)         0.226     0.226 r  design_1_i/clk_wiz_1/inst/clkin1_ibufg/O
                         net (fo=1, routed)           0.440     0.667    design_1_i/clk_wiz_1/inst/clk_in1_design_1_clk_wiz_1_0
    MMCME2_ADV_X1Y0      MMCME2_ADV (Prop_mmcme2_adv_CLKIN1_CLKOUT0)
                                                     -2.360    -1.693 r  design_1_i/clk_wiz_1/inst/mmcm_adv_inst/CLKOUT0
                         net (fo=1, routed)           0.486    -1.207    design_1_i/clk_wiz_1/inst/clk_out1_design_1_clk_wiz_1_0
    BUFGCTRL_X0Y0        BUFG (Prop_bufg_I_O)         0.026    -1.181 r  design_1_i/clk_wiz_1/inst/clkout1_buf/O
                         net (fo=1516, routed)        0.558    -0.623    design_1_i/axi_gpio_0/U0/gpio_core_1/Not_Dual.INPUT_DOUBLE_REGS3/s_axi_aclk
    SLICE_X33Y16         FDRE                                         r  design_1_i/axi_gpio_0/U0/gpio_core_1/Not_Dual.INPUT_DOUBLE_REGS3/GENERATE_LEVEL_P_S_CDC.MULTI_BIT.FOR_CROSS_PLEVEL_IN2SCNDRY_bus_d2[5].CROSS2_PLEVEL_IN2SCNDRY_s_level_out_bus_d2/C
  -------------------------------------------------------------------    -------------------
    SLICE_X33Y16         FDRE (Prop_fdre_C_Q)         0.141    -0.482 r  design_1_i/axi_gpio_0/U0/gpio_core_1/Not_Dual.INPUT_DOUBLE_REGS3/GENERATE_LEVEL_P_S_CDC.MULTI_BIT.FOR_CROSS_PLEVEL_IN2SCNDRY_bus_d2[5].CROSS2_PLEVEL_IN2SCNDRY_s_level_out_bus_d2/Q
                         net (fo=1, routed)           0.056    -0.426    design_1_i/axi_gpio_0/U0/gpio_core_1/Not_Dual.INPUT_DOUBLE_REGS3/s_level_out_bus_d2_5
    SLICE_X33Y16         FDRE                                         r  design_1_i/axi_gpio_0/U0/gpio_core_1/Not_Dual.INPUT_DOUBLE_REGS3/GENERATE_LEVEL_P_S_CDC.MULTI_BIT.FOR_CROSS_PLEVEL_IN2SCNDRY_bus_d3[5].CROSS2_PLEVEL_IN2SCNDRY_s_level_out_bus_d3/D
  -------------------------------------------------------------------    -------------------

                         (clock clk_out1_design_1_clk_wiz_1_0 rise edge)
                                                      0.000     0.000 r  
    W5                                                0.000     0.000 r  sys_clock (IN)
                         net (fo=0)                   0.000     0.000    design_1_i/clk_wiz_1/inst/clk_in1
    W5                   IBUF (Prop_ibuf_I_O)         0.414     0.414 r  design_1_i/clk_wiz_1/inst/clkin1_ibufg/O
                         net (fo=1, routed)           0.480     0.894    design_1_i/clk_wiz_1/inst/clk_in1_design_1_clk_wiz_1_0
    MMCME2_ADV_X1Y0      MMCME2_ADV (Prop_mmcme2_adv_CLKIN1_CLKOUT0)
                                                     -3.142    -2.248 r  design_1_i/clk_wiz_1/inst/mmcm_adv_inst/CLKOUT0
                         net (fo=1, routed)           0.530    -1.718    design_1_i/clk_wiz_1/inst/clk_out1_design_1_clk_wiz_1_0
    BUFGCTRL_X0Y0        BUFG (Prop_bufg_I_O)         0.029    -1.689 r  design_1_i/clk_wiz_1/inst/clkout1_buf/O
                         net (fo=1516, routed)        0.825    -0.865    design_1_i/axi_gpio_0/U0/gpio_core_1/Not_Dual.INPUT_DOUBLE_REGS3/s_axi_aclk
    SLICE_X33Y16         FDRE                                         r  design_1_i/axi_gpio_0/U0/gpio_core_1/Not_Dual.INPUT_DOUBLE_REGS3/GENERATE_LEVEL_P_S_CDC.MULTI_BIT.FOR_CROSS_PLEVEL_IN2SCNDRY_bus_d3[5].CROSS2_PLEVEL_IN2SCNDRY_s_level_out_bus_d3/C
                         clock pessimism              0.241    -0.623    
                         clock uncertainty            0.074    -0.549    
    SLICE_X33Y16         FDRE (Hold_fdre_C_D)         0.075    -0.474    design_1_i/axi_gpio_0/U0/gpio_core_1/Not_Dual.INPUT_DOUBLE_REGS3/GENERATE_LEVEL_P_S_CDC.MULTI_BIT.FOR_CROSS_PLEVEL_IN2SCNDRY_bus_d3[5].CROSS2_PLEVEL_IN2SCNDRY_s_level_out_bus_d3
  -------------------------------------------------------------------
                         required time                          0.474    
                         arrival time                          -0.426    
  -------------------------------------------------------------------
                         slack                                  0.047    

Slack (MET) :             0.047ns  (arrival time - required time)
  Source:                 design_1_i/rst_clk_wiz_1_100M/U0/EXT_LPF/ACTIVE_LOW_AUX.ACT_LO_AUX/GENERATE_LEVEL_P_S_CDC.SINGLE_BIT.CROSS_PLEVEL_IN2SCNDRY_IN_cdc_to/C
                            (rising edge-triggered cell FDRE clocked by clk_out1_design_1_clk_wiz_1_0_1  {rise@0.000ns fall@5.000ns period=10.000ns})
  Destination:            design_1_i/rst_clk_wiz_1_100M/U0/EXT_LPF/ACTIVE_LOW_AUX.ACT_LO_AUX/GENERATE_LEVEL_P_S_CDC.SINGLE_BIT.CROSS_PLEVEL_IN2SCNDRY_s_level_out_d2/D
                            (rising edge-triggered cell FDRE clocked by clk_out1_design_1_clk_wiz_1_0  {rise@0.000ns fall@5.000ns period=10.000ns})
  Path Group:             clk_out1_design_1_clk_wiz_1_0
  Path Type:              Hold (Min at Fast Process Corner)
  Requirement:            0.000ns  (clk_out1_design_1_clk_wiz_1_0 rise@0.000ns - clk_out1_design_1_clk_wiz_1_0_1 rise@0.000ns)
  Data Path Delay:        0.197ns  (logic 0.141ns (71.611%)  route 0.056ns (28.389%))
  Logic Levels:           0  
  Clock Path Skew:        0.000ns (DCD - SCD - CPR)
    Destination Clock Delay (DCD):    -0.857ns
    Source Clock Delay      (SCD):    -0.618ns
    Clock Pessimism Removal (CPR):    -0.238ns
  Clock Uncertainty:      0.074ns  ((TSJ^2 + DJ^2)^1/2) / 2 + PE
    Total System Jitter     (TSJ):    0.071ns
    Discrete Jitter          (DJ):    0.131ns
    Phase Error              (PE):    0.000ns
  Clock Domain Crossing:  Inter clock paths are considered valid unless explicitly excluded by timing constraints such as set_clock_groups or set_false_path.

    Location             Delay type                Incr(ns)  Path(ns)    Netlist Resource(s)
  -------------------------------------------------------------------    -------------------
                         (clock clk_out1_design_1_clk_wiz_1_0_1 rise edge)
                                                      0.000     0.000 r  
    W5                                                0.000     0.000 r  sys_clock (IN)
                         net (fo=0)                   0.000     0.000    design_1_i/clk_wiz_1/inst/clk_in1
    W5                   IBUF (Prop_ibuf_I_O)         0.226     0.226 r  design_1_i/clk_wiz_1/inst/clkin1_ibufg/O
                         net (fo=1, routed)           0.440     0.667    design_1_i/clk_wiz_1/inst/clk_in1_design_1_clk_wiz_1_0
    MMCME2_ADV_X1Y0      MMCME2_ADV (Prop_mmcme2_adv_CLKIN1_CLKOUT0)
                                                     -2.360    -1.693 r  design_1_i/clk_wiz_1/inst/mmcm_adv_inst/CLKOUT0
                         net (fo=1, routed)           0.486    -1.207    design_1_i/clk_wiz_1/inst/clk_out1_design_1_clk_wiz_1_0
    BUFGCTRL_X0Y0        BUFG (Prop_bufg_I_O)         0.026    -1.181 r  design_1_i/clk_wiz_1/inst/clkout1_buf/O
                         net (fo=1516, routed)        0.563    -0.618    design_1_i/rst_clk_wiz_1_100M/U0/EXT_LPF/ACTIVE_LOW_AUX.ACT_LO_AUX/slowest_sync_clk
    SLICE_X43Y43         FDRE                                         r  design_1_i/rst_clk_wiz_1_100M/U0/EXT_LPF/ACTIVE_LOW_AUX.ACT_LO_AUX/GENERATE_LEVEL_P_S_CDC.SINGLE_BIT.CROSS_PLEVEL_IN2SCNDRY_IN_cdc_to/C
  -------------------------------------------------------------------    -------------------
    SLICE_X43Y43         FDRE (Prop_fdre_C_Q)         0.141    -0.477 r  design_1_i/rst_clk_wiz_1_100M/U0/EXT_LPF/ACTIVE_LOW_AUX.ACT_LO_AUX/GENERATE_LEVEL_P_S_CDC.SINGLE_BIT.CROSS_PLEVEL_IN2SCNDRY_IN_cdc_to/Q
                         net (fo=1, routed)           0.056    -0.421    design_1_i/rst_clk_wiz_1_100M/U0/EXT_LPF/ACTIVE_LOW_AUX.ACT_LO_AUX/s_level_out_d1_cdc_to
    SLICE_X43Y43         FDRE                                         r  design_1_i/rst_clk_wiz_1_100M/U0/EXT_LPF/ACTIVE_LOW_AUX.ACT_LO_AUX/GENERATE_LEVEL_P_S_CDC.SINGLE_BIT.CROSS_PLEVEL_IN2SCNDRY_s_level_out_d2/D
  -------------------------------------------------------------------    -------------------

                         (clock clk_out1_design_1_clk_wiz_1_0 rise edge)
                                                      0.000     0.000 r  
    W5                                                0.000     0.000 r  sys_clock (IN)
                         net (fo=0)                   0.000     0.000    design_1_i/clk_wiz_1/inst/clk_in1
    W5                   IBUF (Prop_ibuf_I_O)         0.414     0.414 r  design_1_i/clk_wiz_1/inst/clkin1_ibufg/O
                         net (fo=1, routed)           0.480     0.894    design_1_i/clk_wiz_1/inst/clk_in1_design_1_clk_wiz_1_0
    MMCME2_ADV_X1Y0      MMCME2_ADV (Prop_mmcme2_adv_CLKIN1_CLKOUT0)
                                                     -3.142    -2.248 r  design_1_i/clk_wiz_1/inst/mmcm_adv_inst/CLKOUT0
                         net (fo=1, routed)           0.530    -1.718    design_1_i/clk_wiz_1/inst/clk_out1_design_1_clk_wiz_1_0
    BUFGCTRL_X0Y0        BUFG (Prop_bufg_I_O)         0.029    -1.689 r  design_1_i/clk_wiz_1/inst/clkout1_buf/O
                         net (fo=1516, routed)        0.833    -0.857    design_1_i/rst_clk_wiz_1_100M/U0/EXT_LPF/ACTIVE_LOW_AUX.ACT_LO_AUX/slowest_sync_clk
    SLICE_X43Y43         FDRE                                         r  design_1_i/rst_clk_wiz_1_100M/U0/EXT_LPF/ACTIVE_LOW_AUX.ACT_LO_AUX/GENERATE_LEVEL_P_S_CDC.SINGLE_BIT.CROSS_PLEVEL_IN2SCNDRY_s_level_out_d2/C
                         clock pessimism              0.238    -0.618    
                         clock uncertainty            0.074    -0.544    
    SLICE_X43Y43         FDRE (Hold_fdre_C_D)         0.075    -0.469    design_1_i/rst_clk_wiz_1_100M/U0/EXT_LPF/ACTIVE_LOW_AUX.ACT_LO_AUX/GENERATE_LEVEL_P_S_CDC.SINGLE_BIT.CROSS_PLEVEL_IN2SCNDRY_s_level_out_d2
  -------------------------------------------------------------------
                         required time                          0.469    
                         arrival time                          -0.421    
  -------------------------------------------------------------------
                         slack                                  0.047    





