Copyright 1986-2020 Xilinx, Inc. All Rights Reserved.
-----------------------------------------------------------------------------------------------
| Tool Version : Vivado v.2020.2 (win64) Build 3064766 Wed Nov 18 09:12:45 MST 2020
| Date         : Wed Jun 11 17:31:31 2025
| Host         : DESKTOP-7CFQ9ND running 64-bit major release  (build 9200)
| Command      : report_control_sets -verbose -file OV7670_VGA_Display_control_sets_placed.rpt
| Design       : OV7670_VGA_Display
| Device       : xc7a35t
-----------------------------------------------------------------------------------------------

Control Set Information

Table of Contents
-----------------
1. Summary
2. Histogram
3. Flip-Flop Distribution
4. Detailed Control Set Information

1. Summary
----------

+----------------------------------------------------------+-------+
|                          Status                          | Count |
+----------------------------------------------------------+-------+
| Total control sets                                       |  1401 |
|    Minimum number of control sets                        |  1401 |
|    Addition due to synthesis replication                 |     0 |
|    Addition due to physical synthesis replication        |     0 |
| Unused register locations in slices containing registers |  4317 |
+----------------------------------------------------------+-------+
* Control sets can be merged at opt_design using control_set_merge or merge_equivalent_drivers
** Run report_qor_suggestions for automated merging and remapping suggestions


2. Histogram
------------

+--------------------+-------+
|       Fanout       | Count |
+--------------------+-------+
| Total control sets |  1401 |
| >= 0 to < 4        |     4 |
| >= 4 to < 6        |   964 |
| >= 6 to < 8        |   331 |
| >= 8 to < 10       |    20 |
| >= 10 to < 12      |     5 |
| >= 12 to < 14      |     3 |
| >= 14 to < 16      |    32 |
| >= 16              |    42 |
+--------------------+-------+
* Control sets can be remapped at either synth_design or opt_design


3. Flip-Flop Distribution
-------------------------

+--------------+-----------------------+------------------------+-----------------+--------------+
| Clock Enable | Synchronous Set/Reset | Asynchronous Set/Reset | Total Registers | Total Slices |
+--------------+-----------------------+------------------------+-----------------+--------------+
| No           | No                    | No                     |              25 |           16 |
| No           | No                    | Yes                    |             493 |          221 |
| No           | Yes                   | No                     |               0 |            0 |
| Yes          | No                    | No                     |            3524 |         1571 |
| Yes          | No                    | Yes                    |            2360 |          658 |
| Yes          | Yes                   | No                     |            1729 |          559 |
+--------------+-----------------------+------------------------+-----------------+--------------+


4. Detailed Control Set Information
-----------------------------------

+-----------------------------------------------+-------------------------------------------------------------------+----------------------------------------------------+------------------+----------------+--------------+
|                  Clock Signal                 |                           Enable Signal                           |                  Set/Reset Signal                  | Slice Load Count | Bel Load Count | Bels / Slice |
+-----------------------------------------------+-------------------------------------------------------------------+----------------------------------------------------+------------------+----------------+--------------+
|  U_fnd/u_clock_div/CLK                        |                                                                   | reset_IBUF                                         |                1 |              2 |         2.00 |
|  clk_IBUF_BUFG                                |                                                                   |                                                    |                3 |              3 |         1.00 |
|  tick_BUFG                                    |                                                                   | reset_IBUF                                         |                1 |              3 |         3.00 |
|  i_reg_reg[2]_i_2_n_0                         |                                                                   | reset_IBUF                                         |                2 |              3 |         1.50 |
|  pclk_BUFG                                    | u_VGA_Controller/u_counter/h_counter_reg[2]_rep__12_3[0]          |                                                    |                1 |              4 |         4.00 |
|  pclk_BUFG                                    | u_VGA_Controller/u_counter/h_counter_reg[2]_rep__0_33[0]          |                                                    |                1 |              4 |         4.00 |
|  pclk_BUFG                                    | u_VGA_Controller/u_counter/h_counter_reg[2]_rep__2_4[0]           |                                                    |                1 |              4 |         4.00 |
|  pclk_BUFG                                    | u_VGA_Controller/u_counter/h_counter_reg[2]_rep__2_17[0]          |                                                    |                3 |              4 |         1.33 |
|  tick_BUFG                                    | u_top_SCCB2/U_SCCBa/state[3]_i_1_n_0                              | reset_IBUF                                         |                2 |              4 |         2.00 |
|  pclk_BUFG                                    | u_VGA_Controller/u_counter/h_counter_reg[2]_rep__1_22[0]          |                                                    |                1 |              4 |         4.00 |
|  pclk_BUFG                                    | u_VGA_Controller/u_counter/h_counter_reg[2]_rep__2_3[0]           |                                                    |                3 |              4 |         1.33 |
|  clk_IBUF_BUFG                                | u_VGA_Controller/u_counter/h_counter_reg[9]_0                     |                                                    |                3 |              4 |         1.33 |
|  pclk_BUFG                                    | u_VGA_Controller/u_counter/h_counter_reg[2]_rep__2_16[0]          |                                                    |                3 |              4 |         1.33 |
|  pclk_BUFG                                    | u_VGA_Controller/u_counter/h_counter_reg[2]_rep__2_12[0]          |                                                    |                1 |              4 |         4.00 |
|  pclk_BUFG                                    | u_VGA_Controller/u_counter/h_counter_reg[2]_rep__2_10[0]          |                                                    |                1 |              4 |         4.00 |
|  pclk_BUFG                                    | u_VGA_Controller/u_counter/h_counter_reg[2]_rep__2_1[0]           |                                                    |                2 |              4 |         2.00 |
|  pclk_BUFG                                    | u_VGA_Controller/u_counter/h_counter_reg[2]_rep__1_7[0]           |                                                    |                3 |              4 |         1.33 |
|  pclk_BUFG                                    | u_VGA_Controller/u_counter/h_counter_reg[1]_rep__0_34[0]          |                                                    |                1 |              4 |         4.00 |
|  pclk_BUFG                                    | u_VGA_Controller/u_counter/h_counter_reg[2]_rep__1_6[0]           |                                                    |                1 |              4 |         4.00 |
|  pclk_BUFG                                    | u_VGA_Controller/u_counter/h_counter_reg[2]_rep__1_29[0]          |                                                    |                2 |              4 |         2.00 |
|  pclk_BUFG                                    | u_VGA_Controller/u_counter/h_counter_reg[2]_rep__1_25[0]          |                                                    |                2 |              4 |         2.00 |
|  pclk_BUFG                                    | u_VGA_Controller/u_counter/h_counter_reg[2]_rep__1_10[0]          |                                                    |                3 |              4 |         1.33 |
|  pclk_BUFG                                    | u_VGA_Controller/u_counter/h_counter_reg[2]_rep__0_6[0]           |                                                    |                1 |              4 |         4.00 |
|  pclk_BUFG                                    | u_VGA_Controller/u_counter/h_counter_reg[2]_rep__1_26[0]          |                                                    |                2 |              4 |         2.00 |
|  pclk_BUFG                                    | u_VGA_Controller/u_counter/h_counter_reg[2]_rep__1_2[0]           |                                                    |                1 |              4 |         4.00 |
|  pclk_BUFG                                    | u_VGA_Controller/u_counter/h_counter_reg[2]_rep__1_17[0]          |                                                    |                2 |              4 |         2.00 |
|  pclk_BUFG                                    | u_VGA_Controller/u_counter/h_counter_reg[2]_rep__1_11[0]          |                                                    |                2 |              4 |         2.00 |
|  pclk_BUFG                                    | u_VGA_Controller/u_counter/h_counter_reg[2]_rep__0_7[0]           |                                                    |                1 |              4 |         4.00 |
|  pclk_BUFG                                    | u_VGA_Controller/u_counter/h_counter_reg[2]_rep__1_18[0]          |                                                    |                1 |              4 |         4.00 |
|  pclk_BUFG                                    | u_VGA_Controller/u_counter/h_counter_reg[2]_rep__1_15[0]          |                                                    |                1 |              4 |         4.00 |
|  pclk_BUFG                                    | u_VGA_Controller/u_counter/h_counter_reg[2]_rep__1_0[0]           |                                                    |                1 |              4 |         4.00 |
|  pclk_BUFG                                    | u_VGA_Controller/u_counter/h_counter_reg[2]_rep__0_4[0]           |                                                    |                1 |              4 |         4.00 |
|  pclk_BUFG                                    | u_VGA_Controller/u_counter/h_counter_reg[2]_rep__1_12[0]          |                                                    |                3 |              4 |         1.33 |
|  pclk_BUFG                                    | u_VGA_Controller/u_counter/h_counter_reg[2]_rep__0_8[0]           |                                                    |                1 |              4 |         4.00 |
|  pclk_BUFG                                    | u_VGA_Controller/u_counter/h_counter_reg[3]_0[0]                  |                                                    |                3 |              4 |         1.33 |
|  pclk_BUFG                                    | u_VGA_Controller/u_counter/h_counter_reg[2]_rep__1_20[0]          |                                                    |                2 |              4 |         2.00 |
|  pclk_BUFG                                    | u_VGA_Controller/u_counter/h_counter_reg[2]_rep__2_9[0]           |                                                    |                1 |              4 |         4.00 |
|  pclk_BUFG                                    | u_VGA_Controller/u_counter/h_counter_reg[2]_rep__12_5[0]          |                                                    |                3 |              4 |         1.33 |
|  pclk_BUFG                                    | u_VGA_Controller/u_counter/h_counter_reg[2]_rep__1_1[0]           |                                                    |                2 |              4 |         2.00 |
|  pclk_BUFG                                    | u_VGA_Controller/u_counter/h_counter_reg[2]_rep__0_1[0]           |                                                    |                2 |              4 |         2.00 |
|  pclk_BUFG                                    | u_VGA_Controller/u_counter/h_counter_reg[2]_rep__0_17[0]          |                                                    |                3 |              4 |         1.33 |
|  pclk_BUFG                                    | u_VGA_Controller/u_counter/h_counter_reg[2]_rep_15[0]             |                                                    |                2 |              4 |         2.00 |
|  pclk_BUFG                                    | u_VGA_Controller/u_counter/h_counter_reg[2]_rep__0_15[0]          |                                                    |                1 |              4 |         4.00 |
|  pclk_BUFG                                    | u_VGA_Controller/u_counter/h_counter_reg[2]_rep__0_14[0]          |                                                    |                2 |              4 |         2.00 |
|  pclk_BUFG                                    | u_VGA_Controller/u_counter/h_counter_reg[2]_rep__0_13[0]          |                                                    |                2 |              4 |         2.00 |
|  pclk_BUFG                                    | u_VGA_Controller/u_counter/h_counter_reg[2]_rep__0_10[0]          |                                                    |                2 |              4 |         2.00 |
|  pclk_BUFG                                    | u_VGA_Controller/u_counter/h_counter_reg[2]_rep_9[0]              |                                                    |                1 |              4 |         4.00 |
|  pclk_BUFG                                    | u_VGA_Controller/u_counter/h_counter_reg[2]_rep_8[0]              |                                                    |                3 |              4 |         1.33 |
|  pclk_BUFG                                    | u_VGA_Controller/u_counter/h_counter_reg[2]_rep_22[0]             |                                                    |                2 |              4 |         2.00 |
|  pclk_BUFG                                    | u_VGA_Controller/u_counter/h_counter_reg[2]_rep_14[0]             |                                                    |                2 |              4 |         2.00 |
|  pclk_BUFG                                    | u_VGA_Controller/u_counter/h_counter_reg[2]_rep_13[0]             |                                                    |                2 |              4 |         2.00 |
|  pclk_BUFG                                    | u_VGA_Controller/u_counter/h_counter_reg[2]_rep__0_32[0]          |                                                    |                4 |              4 |         1.00 |
|  pclk_BUFG                                    | u_VGA_Controller/u_counter/h_counter_reg[2]_rep__0_3[0]           |                                                    |                1 |              4 |         4.00 |
|  pclk_BUFG                                    | u_VGA_Controller/u_counter/h_counter_reg[2]_rep_6[0]              |                                                    |                3 |              4 |         1.33 |
|  pclk_BUFG                                    | u_VGA_Controller/u_counter/h_counter_reg[2]_rep_11[0]             |                                                    |                1 |              4 |         4.00 |
|  pclk_BUFG                                    | u_VGA_Controller/u_counter/h_counter_reg[2]_8[0]                  |                                                    |                1 |              4 |         4.00 |
|  pclk_BUFG                                    | u_VGA_Controller/u_counter/h_counter_reg[2]_rep_21[0]             |                                                    |                1 |              4 |         4.00 |
|  pclk_BUFG                                    | u_VGA_Controller/u_counter/h_counter_reg[2]_rep__0_28[0]          |                                                    |                2 |              4 |         2.00 |
|  pclk_BUFG                                    | u_VGA_Controller/u_counter/h_counter_reg[2]_rep__0_20[0]          |                                                    |                2 |              4 |         2.00 |
|  pclk_BUFG                                    | u_VGA_Controller/u_counter/h_counter_reg[2]_rep_5[0]              |                                                    |                2 |              4 |         2.00 |
|  pclk_BUFG                                    | u_VGA_Controller/u_counter/h_counter_reg[2]_rep_10[0]             |                                                    |                1 |              4 |         4.00 |
|  pclk_BUFG                                    | u_VGA_Controller/u_counter/h_counter_reg[2]_rep__0_26[0]          |                                                    |                3 |              4 |         1.33 |
|  pclk_BUFG                                    | u_VGA_Controller/u_counter/h_counter_reg[2]_rep_19[0]             |                                                    |                3 |              4 |         1.33 |
|  pclk_BUFG                                    | u_VGA_Controller/u_counter/h_counter_reg[2]_rep_16[0]             |                                                    |                2 |              4 |         2.00 |
|  pclk_BUFG                                    | u_VGA_Controller/u_counter/h_counter_reg[2]_rep_4[0]              |                                                    |                3 |              4 |         1.33 |
|  pclk_BUFG                                    | u_VGA_Controller/u_counter/h_counter_reg[2]_32[0]                 |                                                    |                1 |              4 |         4.00 |
|  pclk_BUFG                                    | u_VGA_Controller/u_counter/h_counter_reg[2]_rep__0_19[0]          |                                                    |                2 |              4 |         2.00 |
|  pclk_BUFG                                    | u_VGA_Controller/u_counter/h_counter_reg[2]_rep_26[0]             |                                                    |                2 |              4 |         2.00 |
|  pclk_BUFG                                    | u_VGA_Controller/u_counter/h_counter_reg[2]_rep_25[0]             |                                                    |                2 |              4 |         2.00 |
|  pclk_BUFG                                    | u_VGA_Controller/u_counter/h_counter_reg[2]_rep_20[0]             |                                                    |                3 |              4 |         1.33 |
|  pclk_BUFG                                    | u_VGA_Controller/u_counter/h_counter_reg[2]_rep__0_30[0]          |                                                    |                3 |              4 |         1.33 |
|  pclk_BUFG                                    | u_VGA_Controller/u_counter/h_counter_reg[2]_rep__0_23[0]          |                                                    |                3 |              4 |         1.33 |
|  pclk_BUFG                                    | u_VGA_Controller/u_counter/h_counter_reg[2]_rep_28[0]             |                                                    |                2 |              4 |         2.00 |
|  pclk_BUFG                                    | u_VGA_Controller/u_counter/h_counter_reg[2]_rep_24[0]             |                                                    |                2 |              4 |         2.00 |
|  pclk_BUFG                                    | u_VGA_Controller/u_counter/h_counter_reg[2]_6[0]                  |                                                    |                2 |              4 |         2.00 |
|  pclk_BUFG                                    | u_VGA_Controller/u_counter/h_counter_reg[2]_rep__0_16[0]          |                                                    |                2 |              4 |         2.00 |
|  pclk_BUFG                                    | u_VGA_Controller/u_counter/h_counter_reg[2]_rep__0_12[0]          |                                                    |                2 |              4 |         2.00 |
|  pclk_BUFG                                    | u_VGA_Controller/u_counter/h_counter_reg[2]_33[0]                 |                                                    |                3 |              4 |         1.33 |
|  pclk_BUFG                                    | u_VGA_Controller/u_counter/h_counter_reg[2]_rep_7[0]              |                                                    |                1 |              4 |         4.00 |
|  pclk_BUFG                                    | u_VGA_Controller/u_counter/h_counter_reg[2]_rep_27[0]             |                                                    |                2 |              4 |         2.00 |
|  pclk_BUFG                                    | u_VGA_Controller/u_counter/h_counter_reg[2]_rep_12[0]             |                                                    |                2 |              4 |         2.00 |
|  pclk_BUFG                                    | u_VGA_Controller/u_counter/h_counter_reg[2]_7[0]                  |                                                    |                2 |              4 |         2.00 |
|  pclk_BUFG                                    | u_VGA_Controller/u_counter/h_counter_reg[2]_5[0]                  |                                                    |                4 |              4 |         1.00 |
|  pclk_BUFG                                    | u_VGA_Controller/u_counter/h_counter_reg[2]_rep__0_31[0]          |                                                    |                3 |              4 |         1.33 |
|  pclk_BUFG                                    | u_VGA_Controller/u_counter/h_counter_reg[2]_rep_3[0]              |                                                    |                3 |              4 |         1.33 |
|  pclk_BUFG                                    | u_VGA_Controller/u_counter/h_counter_reg[2]_rep_23[0]             |                                                    |                3 |              4 |         1.33 |
|  pclk_BUFG                                    | u_VGA_Controller/u_counter/h_counter_reg[2]_4[0]                  |                                                    |                1 |              4 |         4.00 |
|  pclk_BUFG                                    | u_VGA_Controller/u_counter/h_counter_reg[2]_rep_0[0]              |                                                    |                1 |              4 |         4.00 |
|  pclk_BUFG                                    | u_VGA_Controller/u_counter/h_counter_reg[2]_9[0]                  |                                                    |                2 |              4 |         2.00 |
|  pclk_BUFG                                    | u_VGA_Controller/u_counter/h_counter_reg[2]_rep_17[0]             |                                                    |                2 |              4 |         2.00 |
|  pclk_BUFG                                    | u_VGA_Controller/u_counter/h_counter_reg[2]_rep__0_29[0]          |                                                    |                3 |              4 |         1.33 |
|  pclk_BUFG                                    | u_VGA_Controller/u_counter/h_counter_reg[2]_rep__0_27[0]          |                                                    |                4 |              4 |         1.00 |
|  pclk_BUFG                                    | u_VGA_Controller/u_counter/h_counter_reg[2]_rep_18[0]             |                                                    |                2 |              4 |         2.00 |
|  pclk_BUFG                                    | u_VGA_Controller/u_counter/h_counter_reg[2]_rep__0_21[0]          |                                                    |                3 |              4 |         1.33 |
|  pclk_BUFG                                    | u_VGA_Controller/u_counter/h_counter_reg[2]_rep__0_11[0]          |                                                    |                3 |              4 |         1.33 |
|  pclk_BUFG                                    | u_VGA_Controller/u_counter/h_counter_reg[2]_rep_2[0]              |                                                    |                1 |              4 |         4.00 |
|  pclk_BUFG                                    | u_VGA_Controller/u_counter/h_counter_reg[2]_rep_29[0]             |                                                    |                2 |              4 |         2.00 |
|  pclk_BUFG                                    | u_VGA_Controller/u_counter/h_counter_reg[2]_rep_1[0]              |                                                    |                1 |              4 |         4.00 |
|  pclk_BUFG                                    | u_VGA_Controller/u_counter/h_counter_reg[2]_rep__0_25[0]          |                                                    |                2 |              4 |         2.00 |
|  pclk_BUFG                                    | u_VGA_Controller/u_counter/h_counter_reg[2]_rep__0_24[0]          |                                                    |                3 |              4 |         1.33 |
|  pclk_BUFG                                    | u_VGA_Controller/u_counter/h_counter_reg[2]_rep__0_22[0]          |                                                    |                3 |              4 |         1.33 |
|  pclk_BUFG                                    | u_VGA_Controller/u_counter/h_counter_reg[2]_rep__0_2[0]           |                                                    |                1 |              4 |         4.00 |
|  pclk_BUFG                                    | u_VGA_Controller/u_counter/h_counter_reg[2]_rep__0_18[0]          |                                                    |                1 |              4 |         4.00 |
|  pclk_BUFG                                    | u_VGA_Controller/u_counter/h_counter_reg[2]_17[0]                 |                                                    |                1 |              4 |         4.00 |
|  pclk_BUFG                                    | u_VGA_Controller/u_counter/h_counter_reg[2]_15[0]                 |                                                    |                2 |              4 |         2.00 |
|  pclk_BUFG                                    | u_VGA_Controller/u_counter/h_counter_reg[1]_rep__1_81[0]          |                                                    |                1 |              4 |         4.00 |
|  pclk_BUFG                                    | u_VGA_Controller/u_counter/h_counter_reg[1]_rep__2_4[0]           |                                                    |                2 |              4 |         2.00 |
|  pclk_BUFG                                    | u_VGA_Controller/u_counter/h_counter_reg[1]_rep__1_99[0]          |                                                    |                2 |              4 |         2.00 |
|  pclk_BUFG                                    | u_VGA_Controller/u_counter/h_counter_reg[1]_rep__1_84[0]          |                                                    |                3 |              4 |         1.33 |
|  pclk_BUFG                                    | u_VGA_Controller/u_counter/h_counter_reg[1]_rep__1_97[0]          |                                                    |                4 |              4 |         1.00 |
|  pclk_BUFG                                    | u_VGA_Controller/u_counter/h_counter_reg[1]_rep__1_83[0]          |                                                    |                3 |              4 |         1.33 |
|  pclk_BUFG                                    | u_VGA_Controller/u_counter/h_counter_reg[1]_rep__1_91[0]          |                                                    |                2 |              4 |         2.00 |
|  pclk_BUFG                                    | u_VGA_Controller/u_counter/h_counter_reg[1]_rep__1_89[0]          |                                                    |                2 |              4 |         2.00 |
|  pclk_BUFG                                    | u_VGA_Controller/u_counter/h_counter_reg[1]_rep__1_80[0]          |                                                    |                2 |              4 |         2.00 |
|  pclk_BUFG                                    | u_VGA_Controller/u_counter/h_counter_reg[1]_rep__1_96[0]          |                                                    |                2 |              4 |         2.00 |
|  pclk_BUFG                                    | u_VGA_Controller/u_counter/h_counter_reg[2]_20[0]                 |                                                    |                3 |              4 |         1.33 |
|  pclk_BUFG                                    | u_VGA_Controller/u_counter/h_counter_reg[1]_rep__2_0[0]           |                                                    |                1 |              4 |         4.00 |
|  pclk_BUFG                                    | u_VGA_Controller/u_counter/h_counter_reg[2]_18[0]                 |                                                    |                2 |              4 |         2.00 |
|  pclk_BUFG                                    | u_VGA_Controller/u_counter/h_counter_reg[1]_rep__1_94[0]          |                                                    |                1 |              4 |         4.00 |
|  pclk_BUFG                                    | u_VGA_Controller/u_counter/h_counter_reg[2]_11[0]                 |                                                    |                2 |              4 |         2.00 |
|  pclk_BUFG                                    | u_VGA_Controller/u_counter/h_counter_reg[1]_rep__2_7[0]           |                                                    |                1 |              4 |         4.00 |
|  pclk_BUFG                                    | u_VGA_Controller/u_counter/h_counter_reg[1]_rep__1_82[0]          |                                                    |                3 |              4 |         1.33 |
|  pclk_BUFG                                    | u_VGA_Controller/u_counter/h_counter_reg[1]_rep__2_6[0]           |                                                    |                1 |              4 |         4.00 |
|  pclk_BUFG                                    | u_VGA_Controller/u_counter/h_counter_reg[1]_rep__2_5[0]           |                                                    |                1 |              4 |         4.00 |
|  pclk_BUFG                                    | u_VGA_Controller/u_counter/h_counter_reg[1]_rep__1_93[0]          |                                                    |                4 |              4 |         1.00 |
|  pclk_BUFG                                    | u_VGA_Controller/u_counter/h_counter_reg[1]_rep__2_2[0]           |                                                    |                1 |              4 |         4.00 |
|  pclk_BUFG                                    | u_VGA_Controller/u_counter/h_counter_reg[1]_rep__2_12[0]          |                                                    |                2 |              4 |         2.00 |
|  pclk_BUFG                                    | u_VGA_Controller/u_counter/h_counter_reg[1]_rep__1_90[0]          |                                                    |                2 |              4 |         2.00 |
|  pclk_BUFG                                    | u_VGA_Controller/u_counter/h_counter_reg[1]_rep__1_88[0]          |                                                    |                2 |              4 |         2.00 |
|  pclk_BUFG                                    | u_VGA_Controller/u_counter/h_counter_reg[1]_rep__1_86[0]          |                                                    |                3 |              4 |         1.33 |
|  pclk_BUFG                                    | u_VGA_Controller/u_counter/h_counter_reg[1]_rep__1_85[0]          |                                                    |                3 |              4 |         1.33 |
|  pclk_BUFG                                    | u_VGA_Controller/u_counter/h_counter_reg[1]_rep__1_79[0]          |                                                    |                3 |              4 |         1.33 |
|  pclk_BUFG                                    | u_VGA_Controller/u_counter/h_counter_reg[1]_rep__1_76[0]          |                                                    |                1 |              4 |         4.00 |
|  pclk_BUFG                                    | u_VGA_Controller/u_counter/h_counter_reg[1]_rep__1_8[0]           |                                                    |                3 |              4 |         1.33 |
|  pclk_BUFG                                    | u_VGA_Controller/u_counter/h_counter_reg[2]_31[0]                 |                                                    |                1 |              4 |         4.00 |
|  pclk_BUFG                                    | u_VGA_Controller/u_counter/h_counter_reg[2]_30[0]                 |                                                    |                2 |              4 |         2.00 |
|  pclk_BUFG                                    | u_VGA_Controller/u_counter/h_counter_reg[2]_22[0]                 |                                                    |                1 |              4 |         4.00 |
|  pclk_BUFG                                    | u_VGA_Controller/u_counter/h_counter_reg[2]_13[0]                 |                                                    |                1 |              4 |         4.00 |
|  pclk_BUFG                                    | u_VGA_Controller/u_counter/h_counter_reg[2]_0[0]                  |                                                    |                1 |              4 |         4.00 |
|  pclk_BUFG                                    | u_VGA_Controller/u_counter/h_counter_reg[1]_rep__1_98[0]          |                                                    |                2 |              4 |         2.00 |
|  pclk_BUFG                                    | u_VGA_Controller/u_counter/h_counter_reg[1]_rep__1_87[0]          |                                                    |                2 |              4 |         2.00 |
|  pclk_BUFG                                    | u_VGA_Controller/u_counter/h_counter_reg[2]_3[0]                  |                                                    |                1 |              4 |         4.00 |
|  pclk_BUFG                                    | u_VGA_Controller/u_counter/h_counter_reg[2]_29[0]                 |                                                    |                2 |              4 |         2.00 |
|  pclk_BUFG                                    | u_VGA_Controller/u_counter/h_counter_reg[2]_28[0]                 |                                                    |                2 |              4 |         2.00 |
|  pclk_BUFG                                    | u_VGA_Controller/u_counter/h_counter_reg[2]_27[0]                 |                                                    |                2 |              4 |         2.00 |
|  pclk_BUFG                                    | u_VGA_Controller/u_counter/h_counter_reg[1]_rep__1_95[0]          |                                                    |                1 |              4 |         4.00 |
|  pclk_BUFG                                    | u_VGA_Controller/u_counter/h_counter_reg[2]_25[0]                 |                                                    |                2 |              4 |         2.00 |
|  pclk_BUFG                                    | u_VGA_Controller/u_counter/h_counter_reg[1]_rep__1_9[0]           |                                                    |                3 |              4 |         1.33 |
|  pclk_BUFG                                    | u_VGA_Controller/u_counter/h_counter_reg[1]_rep__2_9[0]           |                                                    |                1 |              4 |         4.00 |
|  pclk_BUFG                                    | u_VGA_Controller/u_counter/h_counter_reg[1]_rep__2_10[0]          |                                                    |                2 |              4 |         2.00 |
|  pclk_BUFG                                    | u_VGA_Controller/u_counter/h_counter_reg[1]_rep__2_3[0]           |                                                    |                1 |              4 |         4.00 |
|  pclk_BUFG                                    | u_VGA_Controller/u_counter/h_counter_reg[2]_12[0]                 |                                                    |                3 |              4 |         1.33 |
|  pclk_BUFG                                    | u_VGA_Controller/u_counter/h_counter_reg[1]_rep__2_8[0]           |                                                    |                2 |              4 |         2.00 |
|  pclk_BUFG                                    | u_VGA_Controller/u_counter/h_counter_reg[1]_rep__1_77[0]          |                                                    |                1 |              4 |         4.00 |
|  pclk_BUFG                                    | u_VGA_Controller/u_counter/h_counter_reg[2]_26[0]                 |                                                    |                2 |              4 |         2.00 |
|  pclk_BUFG                                    | u_VGA_Controller/u_counter/h_counter_reg[1]_rep__2_11[0]          |                                                    |                2 |              4 |         2.00 |
|  pclk_BUFG                                    | u_VGA_Controller/u_counter/h_counter_reg[1]_rep__1_78[0]          |                                                    |                1 |              4 |         4.00 |
|  pclk_BUFG                                    | u_VGA_Controller/u_counter/h_counter_reg[2]_24[0]                 |                                                    |                1 |              4 |         4.00 |
|  pclk_BUFG                                    | u_VGA_Controller/u_counter/h_counter_reg[2]_10[0]                 |                                                    |                1 |              4 |         4.00 |
|  pclk_BUFG                                    | u_VGA_Controller/u_counter/h_counter_reg[2]_14[0]                 |                                                    |                2 |              4 |         2.00 |
|  pclk_BUFG                                    | u_VGA_Controller/u_counter/h_counter_reg[2]_1[0]                  |                                                    |                1 |              4 |         4.00 |
|  pclk_BUFG                                    | u_VGA_Controller/u_counter/h_counter_reg[2]_23[0]                 |                                                    |                4 |              4 |         1.00 |
|  pclk_BUFG                                    | u_VGA_Controller/u_counter/h_counter_reg[2]_21[0]                 |                                                    |                1 |              4 |         4.00 |
|  pclk_BUFG                                    | u_VGA_Controller/u_counter/h_counter_reg[2]_2[0]                  |                                                    |                3 |              4 |         1.33 |
|  pclk_BUFG                                    | u_VGA_Controller/u_counter/h_counter_reg[2]_16[0]                 |                                                    |                2 |              4 |         2.00 |
|  pclk_BUFG                                    | u_VGA_Controller/u_counter/h_counter_reg[2]_19[0]                 |                                                    |                3 |              4 |         1.33 |
|  pclk_BUFG                                    | u_VGA_Controller/u_counter/h_counter_reg[1]_rep__1_92[0]          |                                                    |                1 |              4 |         4.00 |
|  pclk_BUFG                                    | u_VGA_Controller/u_counter/h_counter_reg[1]_rep__1_53[0]          |                                                    |                1 |              4 |         4.00 |
|  pclk_BUFG                                    | u_VGA_Controller/u_counter/h_counter_reg[1]_rep__1_51[0]          |                                                    |                2 |              4 |         2.00 |
|  pclk_BUFG                                    | u_VGA_Controller/u_counter/h_counter_reg[1]_rep__1_47[0]          |                                                    |                3 |              4 |         1.33 |
|  pclk_BUFG                                    | u_VGA_Controller/u_counter/h_counter_reg[1]_rep__1_45[0]          |                                                    |                2 |              4 |         2.00 |
|  pclk_BUFG                                    | u_VGA_Controller/u_counter/h_counter_reg[1]_rep__1_34[0]          |                                                    |                4 |              4 |         1.00 |
|  pclk_BUFG                                    | u_VGA_Controller/u_counter/h_counter_reg[1]_rep__1_36[0]          |                                                    |                2 |              4 |         2.00 |
|  pclk_BUFG                                    | u_VGA_Controller/u_counter/h_counter_reg[1]_rep__1_35[0]          |                                                    |                1 |              4 |         4.00 |
|  pclk_BUFG                                    | u_VGA_Controller/u_counter/h_counter_reg[1]_rep__1_3[0]           |                                                    |                2 |              4 |         2.00 |
|  pclk_BUFG                                    | u_VGA_Controller/u_counter/h_counter_reg[1]_66[0]                 |                                                    |                3 |              4 |         1.33 |
|  pclk_BUFG                                    | u_VGA_Controller/u_counter/h_counter_reg[1]_rep__1_33[0]          |                                                    |                3 |              4 |         1.33 |
|  pclk_BUFG                                    | u_VGA_Controller/u_counter/h_counter_reg[1]_rep__1_30[0]          |                                                    |                2 |              4 |         2.00 |
|  pclk_BUFG                                    | u_VGA_Controller/u_counter/h_counter_reg[1]_rep__1_24[0]          |                                                    |                2 |              4 |         2.00 |
|  pclk_BUFG                                    | u_VGA_Controller/u_counter/h_counter_reg[1]_rep__1_23[0]          |                                                    |                3 |              4 |         1.33 |
|  pclk_BUFG                                    | u_VGA_Controller/u_counter/h_counter_reg[1]_rep__1_65[0]          |                                                    |                3 |              4 |         1.33 |
|  pclk_BUFG                                    | u_VGA_Controller/u_counter/h_counter_reg[1]_rep__1_64[0]          |                                                    |                2 |              4 |         2.00 |
|  pclk_BUFG                                    | u_VGA_Controller/u_counter/h_counter_reg[1]_rep__1_27[0]          |                                                    |                2 |              4 |         2.00 |
|  pclk_BUFG                                    | u_VGA_Controller/u_counter/h_counter_reg[1]_rep__1_21[0]          |                                                    |                2 |              4 |         2.00 |
|  pclk_BUFG                                    | u_VGA_Controller/u_counter/h_counter_reg[1]_rep__1_42[0]          |                                                    |                2 |              4 |         2.00 |
|  pclk_BUFG                                    | u_VGA_Controller/u_counter/h_counter_reg[1]_rep__1_63[0]          |                                                    |                1 |              4 |         4.00 |
|  pclk_BUFG                                    | u_VGA_Controller/u_counter/h_counter_reg[1]_rep__1_58[0]          |                                                    |                2 |              4 |         2.00 |
|  pclk_BUFG                                    | u_VGA_Controller/u_counter/h_counter_reg[1]_rep__1_59[0]          |                                                    |                1 |              4 |         4.00 |
|  pclk_BUFG                                    | u_VGA_Controller/u_counter/h_counter_reg[1]_rep__1_48[0]          |                                                    |                2 |              4 |         2.00 |
|  pclk_BUFG                                    | u_VGA_Controller/u_counter/h_counter_reg[1]_rep__1_20[0]          |                                                    |                2 |              4 |         2.00 |
|  pclk_BUFG                                    | u_VGA_Controller/u_counter/h_counter_reg[1]_rep__1_6[0]           |                                                    |                3 |              4 |         1.33 |
|  pclk_BUFG                                    | u_VGA_Controller/u_counter/h_counter_reg[1]_rep__1_32[0]          |                                                    |                3 |              4 |         1.33 |
|  pclk_BUFG                                    | u_VGA_Controller/u_counter/h_counter_reg[1]_rep__1_28[0]          |                                                    |                1 |              4 |         4.00 |
|  pclk_BUFG                                    | u_VGA_Controller/u_counter/h_counter_reg[1]_rep__1_57[0]          |                                                    |                2 |              4 |         2.00 |
|  pclk_BUFG                                    | u_VGA_Controller/u_counter/h_counter_reg[1]_rep__1_37[0]          |                                                    |                1 |              4 |         4.00 |
|  pclk_BUFG                                    | u_VGA_Controller/u_counter/h_counter_reg[1]_rep__1_26[0]          |                                                    |                2 |              4 |         2.00 |
|  pclk_BUFG                                    | u_VGA_Controller/u_counter/h_counter_reg[1]_rep__1_18[0]          |                                                    |                2 |              4 |         2.00 |
|  pclk_BUFG                                    | u_VGA_Controller/u_counter/h_counter_reg[1]_rep__1_7[0]           |                                                    |                3 |              4 |         1.33 |
|  pclk_BUFG                                    | u_VGA_Controller/u_counter/h_counter_reg[1]_rep__1_29[0]          |                                                    |                3 |              4 |         1.33 |
|  pclk_BUFG                                    | u_VGA_Controller/u_counter/h_counter_reg[1]_rep__1_75[0]          |                                                    |                3 |              4 |         1.33 |
|  pclk_BUFG                                    | u_VGA_Controller/u_counter/h_counter_reg[1]_rep__1_74[0]          |                                                    |                2 |              4 |         2.00 |
|  pclk_BUFG                                    | u_VGA_Controller/u_counter/h_counter_reg[1]_rep__1_73[0]          |                                                    |                2 |              4 |         2.00 |
|  pclk_BUFG                                    | u_VGA_Controller/u_counter/h_counter_reg[1]_rep__1_50[0]          |                                                    |                1 |              4 |         4.00 |
|  pclk_BUFG                                    | u_VGA_Controller/u_counter/h_counter_reg[1]_rep__1_40[0]          |                                                    |                2 |              4 |         2.00 |
|  pclk_BUFG                                    | u_VGA_Controller/u_counter/h_counter_reg[1]_rep__1_31[0]          |                                                    |                1 |              4 |         4.00 |
|  pclk_BUFG                                    | u_VGA_Controller/u_counter/h_counter_reg[1]_rep__1_72[0]          |                                                    |                3 |              4 |         1.33 |
|  pclk_BUFG                                    | u_VGA_Controller/u_counter/h_counter_reg[1]_rep__1_38[0]          |                                                    |                2 |              4 |         2.00 |
|  pclk_BUFG                                    | u_VGA_Controller/u_counter/h_counter_reg[1]_rep__1_71[0]          |                                                    |                1 |              4 |         4.00 |
|  pclk_BUFG                                    | u_VGA_Controller/u_counter/h_counter_reg[1]_rep__1_49[0]          |                                                    |                1 |              4 |         4.00 |
|  pclk_BUFG                                    | u_VGA_Controller/u_counter/h_counter_reg[1]_rep__1_41[0]          |                                                    |                1 |              4 |         4.00 |
|  pclk_BUFG                                    | u_VGA_Controller/u_counter/h_counter_reg[1]_rep__1_22[0]          |                                                    |                2 |              4 |         2.00 |
|  pclk_BUFG                                    | u_VGA_Controller/u_counter/h_counter_reg[1]_rep__1_4[0]           |                                                    |                2 |              4 |         2.00 |
|  pclk_BUFG                                    | u_VGA_Controller/u_counter/h_counter_reg[1]_rep__1_70[0]          |                                                    |                3 |              4 |         1.33 |
|  pclk_BUFG                                    | u_VGA_Controller/u_counter/h_counter_reg[1]_rep__1_67[0]          |                                                    |                2 |              4 |         2.00 |
|  pclk_BUFG                                    | u_VGA_Controller/u_counter/h_counter_reg[1]_rep__1_44[0]          |                                                    |                3 |              4 |         1.33 |
|  pclk_BUFG                                    | u_VGA_Controller/u_counter/h_counter_reg[1]_rep__1_39[0]          |                                                    |                3 |              4 |         1.33 |
|  pclk_BUFG                                    | u_VGA_Controller/u_counter/h_counter_reg[1]_rep__1_19[0]          |                                                    |                2 |              4 |         2.00 |
|  pclk_BUFG                                    | u_VGA_Controller/u_counter/h_counter_reg[1]_rep__1_43[0]          |                                                    |                2 |              4 |         2.00 |
|  pclk_BUFG                                    | u_VGA_Controller/u_counter/h_counter_reg[1]_rep__1_52[0]          |                                                    |                1 |              4 |         4.00 |
|  pclk_BUFG                                    | u_VGA_Controller/u_counter/h_counter_reg[1]_rep__1_69[0]          |                                                    |                1 |              4 |         4.00 |
|  pclk_BUFG                                    | u_VGA_Controller/u_counter/h_counter_reg[1]_rep__1_46[0]          |                                                    |                3 |              4 |         1.33 |
|  pclk_BUFG                                    | u_VGA_Controller/u_counter/h_counter_reg[1]_rep__1_62[0]          |                                                    |                1 |              4 |         4.00 |
|  pclk_BUFG                                    | u_VGA_Controller/u_counter/h_counter_reg[1]_rep__1_5[0]           |                                                    |                3 |              4 |         1.33 |
|  pclk_BUFG                                    | u_VGA_Controller/u_counter/h_counter_reg[1]_rep__1_68[0]          |                                                    |                1 |              4 |         4.00 |
|  pclk_BUFG                                    | u_VGA_Controller/u_counter/h_counter_reg[1]_rep__1_61[0]          |                                                    |                1 |              4 |         4.00 |
|  pclk_BUFG                                    | u_VGA_Controller/u_counter/h_counter_reg[1]_rep__1_56[0]          |                                                    |                2 |              4 |         2.00 |
|  pclk_BUFG                                    | u_VGA_Controller/u_counter/h_counter_reg[1]_rep__1_2[0]           |                                                    |                3 |              4 |         1.33 |
|  pclk_BUFG                                    | u_VGA_Controller/u_counter/h_counter_reg[1]_rep__1_55[0]          |                                                    |                4 |              4 |         1.00 |
|  pclk_BUFG                                    | u_VGA_Controller/u_counter/h_counter_reg[1]_rep__1_54[0]          |                                                    |                2 |              4 |         2.00 |
|  pclk_BUFG                                    | u_VGA_Controller/u_counter/h_counter_reg[1]_rep__1_25[0]          |                                                    |                3 |              4 |         1.33 |
|  pclk_BUFG                                    | u_VGA_Controller/u_counter/h_counter_reg[1]_rep__1_66[0]          |                                                    |                1 |              4 |         4.00 |
|  pclk_BUFG                                    | u_VGA_Controller/u_counter/h_counter_reg[1]_rep__1_60[0]          |                                                    |                2 |              4 |         2.00 |
|  pclk_BUFG                                    | u_VGA_Controller/u_counter/h_counter_reg[1]_rep__1_16[0]          |                                                    |                2 |              4 |         2.00 |
|  pclk_BUFG                                    | u_VGA_Controller/u_counter/h_counter_reg[1]_rep__1_12[0]          |                                                    |                1 |              4 |         4.00 |
|  pclk_BUFG                                    | u_VGA_Controller/u_counter/h_counter_reg[1]_rep__16_8[0]          |                                                    |                1 |              4 |         4.00 |
|  pclk_BUFG                                    | u_VGA_Controller/u_counter/h_counter_reg[1]_rep__1_11[0]          |                                                    |                1 |              4 |         4.00 |
|  pclk_BUFG                                    | u_VGA_Controller/u_counter/h_counter_reg[1]_rep__1_100[0]         |                                                    |                1 |              4 |         4.00 |
|  pclk_BUFG                                    | u_VGA_Controller/u_counter/h_counter_reg[1]_rep__16_74[0]         |                                                    |                2 |              4 |         2.00 |
|  pclk_BUFG                                    | u_VGA_Controller/u_counter/h_counter_reg[1]_rep__1_10[0]          |                                                    |                2 |              4 |         2.00 |
|  pclk_BUFG                                    | u_VGA_Controller/u_counter/h_counter_reg[1]_rep__16_73[0]         |                                                    |                2 |              4 |         2.00 |
|  pclk_BUFG                                    | u_VGA_Controller/u_counter/h_counter_reg[1]_rep__16_66[0]         |                                                    |                3 |              4 |         1.33 |
|  pclk_BUFG                                    | u_VGA_Controller/u_counter/h_counter_reg[1]_rep__16_61[0]         |                                                    |                2 |              4 |         2.00 |
|  pclk_BUFG                                    | u_VGA_Controller/u_counter/h_counter_reg[1]_rep__16_41[0]         |                                                    |                1 |              4 |         4.00 |
|  pclk_BUFG                                    | u_VGA_Controller/u_counter/h_counter_reg[1]_rep__16_50[0]         |                                                    |                2 |              4 |         2.00 |
|  pclk_BUFG                                    | u_VGA_Controller/u_counter/h_counter_reg[1]_rep__16_60[0]         |                                                    |                2 |              4 |         2.00 |
|  pclk_BUFG                                    | u_VGA_Controller/u_counter/h_counter_reg[1]_rep__16_57[0]         |                                                    |                2 |              4 |         2.00 |
|  pclk_BUFG                                    | u_VGA_Controller/u_counter/h_counter_reg[1]_rep__16_59[0]         |                                                    |                1 |              4 |         4.00 |
|  pclk_BUFG                                    | u_VGA_Controller/u_counter/h_counter_reg[1]_rep__16_40[0]         |                                                    |                2 |              4 |         2.00 |
|  pclk_BUFG                                    | u_VGA_Controller/u_counter/h_counter_reg[1]_rep__16_68[0]         |                                                    |                3 |              4 |         1.33 |
|  pclk_BUFG                                    | u_VGA_Controller/u_counter/h_counter_reg[1]_rep__16_63[0]         |                                                    |                2 |              4 |         2.00 |
|  pclk_BUFG                                    | u_VGA_Controller/u_counter/h_counter_reg[1]_rep__16_6[0]          |                                                    |                1 |              4 |         4.00 |
|  pclk_BUFG                                    | u_VGA_Controller/u_counter/h_counter_reg[1]_rep__16_55[0]         |                                                    |                2 |              4 |         2.00 |
|  pclk_BUFG                                    | u_VGA_Controller/u_counter/h_counter_reg[1]_rep__16_53[0]         |                                                    |                2 |              4 |         2.00 |
|  pclk_BUFG                                    | u_VGA_Controller/u_counter/h_counter_reg[1]_rep__16_51[0]         |                                                    |                1 |              4 |         4.00 |
|  pclk_BUFG                                    | u_VGA_Controller/u_counter/h_counter_reg[1]_rep__16_38[0]         |                                                    |                1 |              4 |         4.00 |
|  pclk_BUFG                                    | u_VGA_Controller/u_counter/h_counter_reg[1]_rep__16_5[0]          |                                                    |                2 |              4 |         2.00 |
|  pclk_BUFG                                    | u_VGA_Controller/u_counter/h_counter_reg[1]_rep__16_45[0]         |                                                    |                2 |              4 |         2.00 |
|  pclk_BUFG                                    | u_VGA_Controller/u_counter/h_counter_reg[1]_rep__16_44[0]         |                                                    |                1 |              4 |         4.00 |
|  pclk_BUFG                                    | u_VGA_Controller/u_counter/h_counter_reg[1]_rep__16_4[0]          |                                                    |                1 |              4 |         4.00 |
|  pclk_BUFG                                    | u_VGA_Controller/u_counter/h_counter_reg[1]_rep__16_67[0]         |                                                    |                2 |              4 |         2.00 |
|  pclk_BUFG                                    | u_VGA_Controller/u_counter/h_counter_reg[1]_rep__16_64[0]         |                                                    |                3 |              4 |         1.33 |
|  pclk_BUFG                                    | u_VGA_Controller/u_counter/h_counter_reg[1]_rep__16_58[0]         |                                                    |                2 |              4 |         2.00 |
|  pclk_BUFG                                    | u_VGA_Controller/u_counter/h_counter_reg[1]_rep__16_47[0]         |                                                    |                2 |              4 |         2.00 |
|  pclk_BUFG                                    | u_VGA_Controller/u_counter/h_counter_reg[1]_rep__16_43[0]         |                                                    |                3 |              4 |         1.33 |
|  pclk_BUFG                                    | u_VGA_Controller/u_counter/h_counter_reg[1]_rep__16_70[0]         |                                                    |                3 |              4 |         1.33 |
|  pclk_BUFG                                    | u_VGA_Controller/u_counter/h_counter_reg[1]_rep__16_69[0]         |                                                    |                3 |              4 |         1.33 |
|  pclk_BUFG                                    | u_VGA_Controller/u_counter/h_counter_reg[1]_rep__1_17[0]          |                                                    |                1 |              4 |         4.00 |
|  pclk_BUFG                                    | u_VGA_Controller/u_counter/h_counter_reg[1]_rep__16_71[0]         |                                                    |                3 |              4 |         1.33 |
|  pclk_BUFG                                    | u_VGA_Controller/u_counter/h_counter_reg[1]_rep__16_46[0]         |                                                    |                2 |              4 |         2.00 |
|  pclk_BUFG                                    | u_VGA_Controller/u_counter/h_counter_reg[1]_rep__16_52[0]         |                                                    |                1 |              4 |         4.00 |
|  pclk_BUFG                                    | u_VGA_Controller/u_counter/h_counter_reg[1]_rep__1_15[0]          |                                                    |                2 |              4 |         2.00 |
|  pclk_BUFG                                    | u_VGA_Controller/u_counter/h_counter_reg[1]_rep__1_14[0]          |                                                    |                2 |              4 |         2.00 |
|  pclk_BUFG                                    | u_VGA_Controller/u_counter/h_counter_reg[1]_rep__16_75[0]         |                                                    |                2 |              4 |         2.00 |
|  pclk_BUFG                                    | u_VGA_Controller/u_counter/h_counter_reg[1]_rep__16_42[0]         |                                                    |                3 |              4 |         1.33 |
|  pclk_BUFG                                    | u_VGA_Controller/u_counter/h_counter_reg[1]_rep__16_56[0]         |                                                    |                2 |              4 |         2.00 |
|  pclk_BUFG                                    | u_VGA_Controller/u_counter/h_counter_reg[1]_rep__16_49[0]         |                                                    |                3 |              4 |         1.33 |
|  pclk_BUFG                                    | u_VGA_Controller/u_counter/h_counter_reg[1]_rep__16_65[0]         |                                                    |                1 |              4 |         4.00 |
|  pclk_BUFG                                    | u_VGA_Controller/u_counter/h_counter_reg[1]_rep__1_1[0]           |                                                    |                2 |              4 |         2.00 |
|  pclk_BUFG                                    | u_VGA_Controller/u_counter/h_counter_reg[1]_rep__16_37[0]         |                                                    |                1 |              4 |         4.00 |
|  pclk_BUFG                                    | u_VGA_Controller/u_counter/h_counter_reg[1]_rep__16_72[0]         |                                                    |                3 |              4 |         1.33 |
|  pclk_BUFG                                    | u_VGA_Controller/u_counter/h_counter_reg[1]_rep__16_7[0]          |                                                    |                1 |              4 |         4.00 |
|  pclk_BUFG                                    | u_VGA_Controller/u_counter/h_counter_reg[1]_rep__16_39[0]         |                                                    |                1 |              4 |         4.00 |
|  pclk_BUFG                                    | u_VGA_Controller/u_counter/h_counter_reg[1]_rep__16_62[0]         |                                                    |                2 |              4 |         2.00 |
|  pclk_BUFG                                    | u_VGA_Controller/u_counter/h_counter_reg[1]_rep__16_48[0]         |                                                    |                4 |              4 |         1.00 |
|  pclk_BUFG                                    | u_VGA_Controller/u_counter/h_counter_reg[1]_rep__1_0[0]           |                                                    |                3 |              4 |         1.33 |
|  pclk_BUFG                                    | u_VGA_Controller/u_counter/h_counter_reg[1]_rep__16_9[0]          |                                                    |                1 |              4 |         4.00 |
|  pclk_BUFG                                    | u_VGA_Controller/u_counter/h_counter_reg[1]_rep__1_13[0]          |                                                    |                1 |              4 |         4.00 |
|  pclk_BUFG                                    | u_VGA_Controller/u_counter/h_counter_reg[1]_rep__16_54[0]         |                                                    |                2 |              4 |         2.00 |
|  pclk_BUFG                                    | u_VGA_Controller/u_counter/h_counter_reg[1]_rep__0_74[0]          |                                                    |                3 |              4 |         1.33 |
|  pclk_BUFG                                    | u_VGA_Controller/u_counter/h_counter_reg[1]_rep__16_1[0]          |                                                    |                2 |              4 |         2.00 |
|  pclk_BUFG                                    | u_VGA_Controller/u_counter/h_counter_reg[1]_rep__0_9[0]           |                                                    |                4 |              4 |         1.00 |
|  pclk_BUFG                                    | u_VGA_Controller/u_counter/h_counter_reg[1]_rep__0_8[0]           |                                                    |                2 |              4 |         2.00 |
|  pclk_BUFG                                    | u_VGA_Controller/u_counter/h_counter_reg[1]_rep__0_79[0]          |                                                    |                1 |              4 |         4.00 |
|  pclk_BUFG                                    | u_VGA_Controller/u_counter/h_counter_reg[1]_rep__0_81[0]          |                                                    |                3 |              4 |         1.33 |
|  pclk_BUFG                                    | u_VGA_Controller/u_counter/h_counter_reg[1]_rep__0_78[0]          |                                                    |                2 |              4 |         2.00 |
|  pclk_BUFG                                    | u_VGA_Controller/u_counter/h_counter_reg[1]_rep__0_75[0]          |                                                    |                4 |              4 |         1.00 |
|  pclk_BUFG                                    | u_VGA_Controller/u_counter/h_counter_reg[1]_rep__0_73[0]          |                                                    |                2 |              4 |         2.00 |
|  pclk_BUFG                                    | u_VGA_Controller/u_counter/h_counter_reg[1]_rep__0_72[0]          |                                                    |                3 |              4 |         1.33 |
|  pclk_BUFG                                    | u_VGA_Controller/u_counter/h_counter_reg[1]_rep__0_58[0]          |                                                    |                3 |              4 |         1.33 |
|  pclk_BUFG                                    | u_VGA_Controller/u_counter/h_counter_reg[1]_rep__0_66[0]          |                                                    |                2 |              4 |         2.00 |
|  pclk_BUFG                                    | u_VGA_Controller/u_counter/h_counter_reg[1]_rep__16_35[0]         |                                                    |                1 |              4 |         4.00 |
|  pclk_BUFG                                    | u_VGA_Controller/u_counter/h_counter_reg[1]_rep__16_33[0]         |                                                    |                1 |              4 |         4.00 |
|  pclk_BUFG                                    | u_VGA_Controller/u_counter/h_counter_reg[1]_rep__16_32[0]         |                                                    |                2 |              4 |         2.00 |
|  pclk_BUFG                                    | u_VGA_Controller/u_counter/h_counter_reg[1]_rep__0_70[0]          |                                                    |                4 |              4 |         1.00 |
|  pclk_BUFG                                    | u_VGA_Controller/u_counter/h_counter_reg[1]_rep__16_30[0]         |                                                    |                2 |              4 |         2.00 |
|  pclk_BUFG                                    | u_VGA_Controller/u_counter/h_counter_reg[1]_rep__16_21[0]         |                                                    |                2 |              4 |         2.00 |
|  pclk_BUFG                                    | u_VGA_Controller/u_counter/h_counter_reg[1]_rep__15_2[0]          |                                                    |                1 |              4 |         4.00 |
|  pclk_BUFG                                    | u_VGA_Controller/u_counter/h_counter_reg[1]_rep__16_14[0]         |                                                    |                2 |              4 |         2.00 |
|  pclk_BUFG                                    | u_VGA_Controller/u_counter/h_counter_reg[1]_rep__0_82[0]          |                                                    |                1 |              4 |         4.00 |
|  pclk_BUFG                                    | u_VGA_Controller/u_counter/h_counter_reg[1]_rep__0_7[0]           |                                                    |                2 |              4 |         2.00 |
|  pclk_BUFG                                    | u_VGA_Controller/u_counter/h_counter_reg[1]_rep__16_26[0]         |                                                    |                1 |              4 |         4.00 |
|  pclk_BUFG                                    | u_VGA_Controller/u_counter/h_counter_reg[1]_rep__16_19[0]         |                                                    |                1 |              4 |         4.00 |
|  pclk_BUFG                                    | u_VGA_Controller/u_counter/h_counter_reg[1]_rep__15_4[0]          |                                                    |                4 |              4 |         1.00 |
|  pclk_BUFG                                    | u_VGA_Controller/u_counter/h_counter_reg[1]_rep__16_25[0]         |                                                    |                1 |              4 |         4.00 |
|  pclk_BUFG                                    | u_VGA_Controller/u_counter/h_counter_reg[1]_rep__16_20[0]         |                                                    |                2 |              4 |         2.00 |
|  pclk_BUFG                                    | u_VGA_Controller/u_counter/h_counter_reg[1]_rep__0_67[0]          |                                                    |                2 |              4 |         2.00 |
|  pclk_BUFG                                    | u_VGA_Controller/u_counter/h_counter_reg[1]_rep__0_61[0]          |                                                    |                2 |              4 |         2.00 |
|  pclk_BUFG                                    | u_VGA_Controller/u_counter/h_counter_reg[1]_rep__0_60[0]          |                                                    |                3 |              4 |         1.33 |
|  pclk_BUFG                                    | u_VGA_Controller/u_counter/h_counter_reg[1]_rep__16_0[0]          |                                                    |                2 |              4 |         2.00 |
|  pclk_BUFG                                    | u_VGA_Controller/u_counter/h_counter_reg[1]_rep__16_28[0]         |                                                    |                2 |              4 |         2.00 |
|  pclk_BUFG                                    | u_VGA_Controller/u_counter/h_counter_reg[1]_rep__16_27[0]         |                                                    |                4 |              4 |         1.00 |
|  pclk_BUFG                                    | u_VGA_Controller/u_counter/h_counter_reg[1]_rep__16_24[0]         |                                                    |                1 |              4 |         4.00 |
|  pclk_BUFG                                    | u_VGA_Controller/u_counter/h_counter_reg[1]_rep__0_63[0]          |                                                    |                3 |              4 |         1.33 |
|  pclk_BUFG                                    | u_VGA_Controller/u_counter/h_counter_reg[1]_rep__0_6[0]           |                                                    |                2 |              4 |         2.00 |
|  pclk_BUFG                                    | u_VGA_Controller/u_counter/h_counter_reg[1]_rep__16_11[0]         |                                                    |                1 |              4 |         4.00 |
|  pclk_BUFG                                    | u_VGA_Controller/u_counter/h_counter_reg[1]_rep__0_80[0]          |                                                    |                2 |              4 |         2.00 |
|  pclk_BUFG                                    | u_VGA_Controller/u_counter/h_counter_reg[1]_rep__16_18[0]         |                                                    |                3 |              4 |         1.33 |
|  pclk_BUFG                                    | u_VGA_Controller/u_counter/h_counter_reg[1]_rep__16_16[0]         |                                                    |                3 |              4 |         1.33 |
|  pclk_BUFG                                    | u_VGA_Controller/u_counter/h_counter_reg[1]_rep__0_77[0]          |                                                    |                1 |              4 |         4.00 |
|  pclk_BUFG                                    | u_VGA_Controller/u_counter/h_counter_reg[1]_rep__0_62[0]          |                                                    |                2 |              4 |         2.00 |
|  pclk_BUFG                                    | u_VGA_Controller/u_counter/h_counter_reg[1]_rep__0_71[0]          |                                                    |                2 |              4 |         2.00 |
|  pclk_BUFG                                    | u_VGA_Controller/u_counter/h_counter_reg[1]_rep__16_23[0]         |                                                    |                2 |              4 |         2.00 |
|  pclk_BUFG                                    | u_VGA_Controller/u_counter/h_counter_reg[1]_rep__16_15[0]         |                                                    |                1 |              4 |         4.00 |
|  pclk_BUFG                                    | u_VGA_Controller/u_counter/h_counter_reg[1]_rep__16_12[0]         |                                                    |                1 |              4 |         4.00 |
|  pclk_BUFG                                    | u_VGA_Controller/u_counter/h_counter_reg[1]_rep__0_59[0]          |                                                    |                4 |              4 |         1.00 |
|  pclk_BUFG                                    | u_VGA_Controller/u_counter/h_counter_reg[1]_rep__16_17[0]         |                                                    |                2 |              4 |         2.00 |
|  pclk_BUFG                                    | u_VGA_Controller/u_counter/h_counter_reg[1]_rep__0_68[0]          |                                                    |                3 |              4 |         1.33 |
|  pclk_BUFG                                    | u_VGA_Controller/u_counter/h_counter_reg[1]_rep__16_3[0]          |                                                    |                2 |              4 |         2.00 |
|  pclk_BUFG                                    | u_VGA_Controller/u_counter/h_counter_reg[1]_rep__0_65[0]          |                                                    |                2 |              4 |         2.00 |
|  pclk_BUFG                                    | u_VGA_Controller/u_counter/h_counter_reg[1]_rep__16_34[0]         |                                                    |                2 |              4 |         2.00 |
|  pclk_BUFG                                    | u_VGA_Controller/u_counter/h_counter_reg[1]_rep__16_31[0]         |                                                    |                2 |              4 |         2.00 |
|  pclk_BUFG                                    | u_VGA_Controller/u_counter/h_counter_reg[1]_rep__16_29[0]         |                                                    |                2 |              4 |         2.00 |
|  pclk_BUFG                                    | u_VGA_Controller/u_counter/h_counter_reg[1]_rep__16_2[0]          |                                                    |                2 |              4 |         2.00 |
|  pclk_BUFG                                    | u_VGA_Controller/u_counter/h_counter_reg[1]_rep__16_36[0]         |                                                    |                1 |              4 |         4.00 |
|  pclk_BUFG                                    | u_VGA_Controller/u_counter/h_counter_reg[1]_rep__0_33[0]          |                                                    |                3 |              4 |         1.33 |
|  pclk_BUFG                                    | u_VGA_Controller/u_counter/h_counter_reg[1]_rep__0_36[0]          |                                                    |                2 |              4 |         2.00 |
|  i_reg_reg[2]_i_2_n_0                         | u_top_SCCB/U_SCCB/state[3]_i_1__0_n_0                             | reset_IBUF                                         |                3 |              4 |         1.33 |
|  pclk_BUFG                                    | u_VGA_Controller/u_counter/h_counter_reg[1]_rep__0_35[0]          |                                                    |                2 |              4 |         2.00 |
|  pclk_BUFG                                    | u_VGA_Controller/u_counter/h_counter_reg[1]_rep__16_13[0]         |                                                    |                1 |              4 |         4.00 |
|  pclk_BUFG                                    | u_VGA_Controller/u_counter/h_counter_reg[1]_rep__16_22[0]         |                                                    |                2 |              4 |         2.00 |
|  pclk_BUFG                                    | u_VGA_Controller/u_counter/h_counter_reg[1]_rep__15_3[0]          |                                                    |                3 |              4 |         1.33 |
|  pclk_BUFG                                    | u_VGA_Controller/u_counter/h_counter_reg[1]_rep__16_10[0]         |                                                    |                2 |              4 |         2.00 |
|  pclk_BUFG                                    | u_VGA_Controller/u_counter/h_counter_reg[1]_rep__15_0[0]          |                                                    |                1 |              4 |         4.00 |
|  pclk_BUFG                                    | u_VGA_Controller/u_counter/h_counter_reg[1]_rep__0_83[0]          |                                                    |                1 |              4 |         4.00 |
|  pclk_BUFG                                    | u_VGA_Controller/u_counter/h_counter_reg[1]_rep__0_48[0]          |                                                    |                1 |              4 |         4.00 |
|  pclk_BUFG                                    | u_VGA_Controller/u_counter/h_counter_reg[1]_rep__0_49[0]          |                                                    |                1 |              4 |         4.00 |
|  pclk_BUFG                                    | u_VGA_Controller/u_counter/h_counter_reg[1]_rep__0_45[0]          |                                                    |                1 |              4 |         4.00 |
|  pclk_BUFG                                    | u_VGA_Controller/u_counter/h_counter_reg[1]_rep__0_44[0]          |                                                    |                2 |              4 |         2.00 |
|  pclk_BUFG                                    | u_VGA_Controller/u_counter/h_counter_reg[1]_rep__0_57[0]          |                                                    |                3 |              4 |         1.33 |
|  pclk_BUFG                                    | u_VGA_Controller/u_counter/h_counter_reg[1]_rep__0_56[0]          |                                                    |                3 |              4 |         1.33 |
|  pclk_BUFG                                    | u_VGA_Controller/u_counter/h_counter_reg[1]_rep__0_55[0]          |                                                    |                2 |              4 |         2.00 |
|  pclk_BUFG                                    | u_VGA_Controller/u_counter/h_counter_reg[1]_rep__0_54[0]          |                                                    |                3 |              4 |         1.33 |
|  pclk_BUFG                                    | u_VGA_Controller/u_counter/h_counter_reg[1]_rep__0_53[0]          |                                                    |                2 |              4 |         2.00 |
|  pclk_BUFG                                    | u_VGA_Controller/u_counter/h_counter_reg[1]_rep__0_52[0]          |                                                    |                1 |              4 |         4.00 |
|  pclk_BUFG                                    | u_VGA_Controller/u_counter/h_counter_reg[1]_rep__0_76[0]          |                                                    |                2 |              4 |         2.00 |
|  pclk_BUFG                                    | u_VGA_Controller/u_counter/h_counter_reg[1]_rep__0_69[0]          |                                                    |                1 |              4 |         4.00 |
|  pclk_BUFG                                    | u_VGA_Controller/u_counter/h_counter_reg[1]_rep__0_64[0]          |                                                    |                2 |              4 |         2.00 |
|  pclk_BUFG                                    | u_VGA_Controller/u_counter/h_counter_reg[1]_rep__0_5[0]           |                                                    |                1 |              4 |         4.00 |
|  pclk_BUFG                                    | u_VGA_Controller/u_counter/h_counter_reg[1]_rep__0_51[0]          |                                                    |                2 |              4 |         2.00 |
|  pclk_BUFG                                    | u_VGA_Controller/u_counter/h_counter_reg[1]_rep__0_50[0]          |                                                    |                2 |              4 |         2.00 |
|  pclk_BUFG                                    | u_VGA_Controller/u_counter/h_counter_reg[1]_rep__0_47[0]          |                                                    |                1 |              4 |         4.00 |
|  pclk_BUFG                                    | u_VGA_Controller/u_counter/h_counter_reg[1]_rep__0_46[0]          |                                                    |                1 |              4 |         4.00 |
|  pclk_BUFG                                    | u_VGA_Controller/u_counter/h_counter_reg[1]_rep__0_43[0]          |                                                    |                2 |              4 |         2.00 |
|  pclk_BUFG                                    | u_VGA_Controller/u_counter/h_counter_reg[1]_rep__0_42[0]          |                                                    |                2 |              4 |         2.00 |
|  pclk_BUFG                                    | u_VGA_Controller/u_counter/h_counter_reg[1]_rep__0_39[0]          |                                                    |                2 |              4 |         2.00 |
|  pclk_BUFG                                    | u_VGA_Controller/u_counter/h_counter_reg[1]_rep__0_41[0]          |                                                    |                2 |              4 |         2.00 |
|  pclk_BUFG                                    | u_VGA_Controller/u_counter/h_counter_reg[1]_rep__0_40[0]          |                                                    |                1 |              4 |         4.00 |
|  pclk_BUFG                                    | u_VGA_Controller/u_counter/h_counter_reg[1]_rep__0_4[0]           |                                                    |                1 |              4 |         4.00 |
|  pclk_BUFG                                    | u_VGA_Controller/u_counter/h_counter_reg[1]_rep__0_38[0]          |                                                    |                3 |              4 |         1.33 |
|  pclk_BUFG                                    | u_VGA_Controller/u_counter/h_counter_reg[1]_rep__0_37[0]          |                                                    |                3 |              4 |         1.33 |
|  pclk_BUFG                                    | u_VGA_Controller/u_counter/h_counter_reg[2]_rep__12_6[0]          |                                                    |                2 |              4 |         2.00 |
|  pclk_BUFG                                    | u_VGA_Controller/u_counter/h_counter_reg[2]_rep__1_4[0]           |                                                    |                2 |              4 |         2.00 |
|  pclk_BUFG                                    | u_VGA_Controller/u_counter/h_counter_reg[2]_rep__1_16[0]          |                                                    |                3 |              4 |         1.33 |
|  pclk_BUFG                                    | u_VGA_Controller/u_counter/h_counter_reg[2]_rep__1_27[0]          |                                                    |                3 |              4 |         1.33 |
|  pclk_BUFG                                    | u_VGA_Controller/u_counter/h_counter_reg[2]_rep__2_13[0]          |                                                    |                1 |              4 |         4.00 |
|  pclk_BUFG                                    | u_VGA_Controller/u_counter/h_counter_reg[2]_rep__2_18[0]          |                                                    |                3 |              4 |         1.33 |
|  pclk_BUFG                                    | u_VGA_Controller/u_counter/h_counter_reg[2]_rep__2_2[0]           |                                                    |                1 |              4 |         4.00 |
|  pclk_BUFG                                    | u_VGA_Controller/u_counter/h_counter_reg[2]_rep__1_5[0]           |                                                    |                1 |              4 |         4.00 |
|  pclk_BUFG                                    | u_VGA_Controller/u_counter/h_counter_reg[2]_rep__1_28[0]          |                                                    |                1 |              4 |         4.00 |
|  pclk_BUFG                                    | u_VGA_Controller/u_counter/h_counter_reg[2]_rep__1_30[0]          |                                                    |                3 |              4 |         1.33 |
|  pclk_BUFG                                    | u_VGA_Controller/u_counter/h_counter_reg[2]_rep__1_9[0]           |                                                    |                2 |              4 |         2.00 |
|  pclk_BUFG                                    | u_VGA_Controller/u_counter/h_counter_reg[2]_rep__2_11[0]          |                                                    |                2 |              4 |         2.00 |
|  pclk_BUFG                                    | u_VGA_Controller/u_counter/h_counter_reg[2]_rep__0_9[0]           |                                                    |                3 |              4 |         1.33 |
|  pclk_BUFG                                    | u_VGA_Controller/u_counter/h_counter_reg[2]_rep__2_5[0]           |                                                    |                2 |              4 |         2.00 |
|  pclk_BUFG                                    | u_VGA_Controller/u_counter/h_counter_reg[2]_rep__2_14[0]          |                                                    |                2 |              4 |         2.00 |
|  pclk_BUFG                                    | u_VGA_Controller/u_counter/h_counter_reg[2]_rep__2_6[0]           |                                                    |                1 |              4 |         4.00 |
|  pclk_BUFG                                    | u_VGA_Controller/u_counter/h_counter_reg[2]_rep__1_19[0]          |                                                    |                2 |              4 |         2.00 |
|  pclk_BUFG                                    | u_VGA_Controller/u_counter/h_counter_reg[2]_rep__12_2[0]          |                                                    |                2 |              4 |         2.00 |
|  pclk_BUFG                                    | u_VGA_Controller/u_counter/h_counter_reg[2]_rep__1_24[0]          |                                                    |                2 |              4 |         2.00 |
|  pclk_BUFG                                    | u_VGA_Controller/u_counter/h_counter_reg[2]_rep__2_7[0]           |                                                    |                2 |              4 |         2.00 |
|  pclk_BUFG                                    | u_VGA_Controller/u_counter/h_counter_reg[2]_rep__2_8[0]           |                                                    |                1 |              4 |         4.00 |
|  pclk_BUFG                                    | u_VGA_Controller/u_counter/h_counter_reg[2]_rep__2_15[0]          |                                                    |                1 |              4 |         4.00 |
|  pclk_BUFG                                    | u_VGA_Controller/u_counter/h_counter_reg[2]_rep__1_14[0]          |                                                    |                2 |              4 |         2.00 |
|  pclk_BUFG                                    | u_VGA_Controller/u_counter/h_counter_reg[2]_rep__1_13[0]          |                                                    |                1 |              4 |         4.00 |
|  pclk_BUFG                                    | u_VGA_Controller/u_counter/h_counter_reg[2]_rep__1_3[0]           |                                                    |                1 |              4 |         4.00 |
|  pclk_BUFG                                    | u_VGA_Controller/u_counter/h_counter_reg[2]_rep__12_4[0]          |                                                    |                3 |              4 |         1.33 |
|  pclk_BUFG                                    | u_VGA_Controller/u_counter/h_counter_reg[2]_rep__1_21[0]          |                                                    |                1 |              4 |         4.00 |
|  pclk_BUFG                                    | u_VGA_Controller/u_counter/h_counter_reg[2]_rep__1_23[0]          |                                                    |                2 |              4 |         2.00 |
|  pclk_BUFG                                    | u_VGA_Controller/u_counter/h_counter_reg[2]_rep__12_1[0]          |                                                    |                1 |              4 |         4.00 |
|  pclk_BUFG                                    | u_VGA_Controller/u_counter/h_counter_reg[2]_rep__1_8[0]           |                                                    |                2 |              4 |         2.00 |
|  pclk_BUFG                                    | u_VGA_Controller/u_counter/h_counter_reg[2]_rep__0_5[0]           |                                                    |                2 |              4 |         2.00 |
|  pclk_BUFG                                    | u_VGA_Controller/u_counter/h_counter_reg[3]_rep__7_8[0]           |                                                    |                3 |              4 |         1.33 |
|  pclk_BUFG                                    | u_VGA_Controller/u_counter/h_counter_reg[3]_rep__7_1[0]           |                                                    |                3 |              4 |         1.33 |
|  pclk_BUFG                                    | u_VGA_Controller/u_counter/h_counter_reg[3]_rep__7_11[0]          |                                                    |                1 |              4 |         4.00 |
|  pclk_BUFG                                    | u_VGA_Controller/u_counter/h_counter_reg[3]_rep__7_9[0]           |                                                    |                2 |              4 |         2.00 |
|  pclk_BUFG                                    | u_VGA_Controller/u_counter/h_counter_reg[3]_7[0]                  |                                                    |                1 |              4 |         4.00 |
|  pclk_BUFG                                    | u_VGA_Controller/u_counter/h_counter_reg[3]_rep__7_0[0]           |                                                    |                2 |              4 |         2.00 |
|  pclk_BUFG                                    | u_VGA_Controller/u_counter/h_counter_reg[3]_rep__7_6[0]           |                                                    |                1 |              4 |         4.00 |
|  pclk_BUFG                                    | u_VGA_Controller/u_counter/h_counter_reg[3]_6[0]                  |                                                    |                2 |              4 |         2.00 |
|  pclk_BUFG                                    | u_VGA_Controller/u_counter/h_counter_reg[3]_rep__7_10[0]          |                                                    |                3 |              4 |         1.33 |
|  pclk_BUFG                                    | u_VGA_Controller/u_counter/h_counter_reg[3]_rep__7_2[0]           |                                                    |                1 |              4 |         4.00 |
|  pclk_BUFG                                    | u_VGA_Controller/u_counter/h_counter_reg[3]_rep__7_3[0]           |                                                    |                1 |              4 |         4.00 |
|  pclk_BUFG                                    | u_VGA_Controller/u_counter/h_counter_reg[3]_5[0]                  |                                                    |                2 |              4 |         2.00 |
|  pclk_BUFG                                    | u_VGA_Controller/u_counter/h_counter_reg[3]_rep__7_15[0]          |                                                    |                2 |              4 |         2.00 |
|  pclk_BUFG                                    | u_VGA_Controller/u_counter/h_counter_reg[3]_rep__7_5[0]           |                                                    |                1 |              4 |         4.00 |
|  pclk_BUFG                                    | u_VGA_Controller/u_counter/h_counter_reg[3]_rep__7_14[0]          |                                                    |                3 |              4 |         1.33 |
|  pclk_BUFG                                    | u_VGA_Controller/u_counter/h_counter_reg[3]_rep__7_13[0]          |                                                    |                2 |              4 |         2.00 |
|  pclk_BUFG                                    | u_VGA_Controller/u_counter/h_counter_reg[3]_4[0]                  |                                                    |                3 |              4 |         1.33 |
|  pclk_BUFG                                    | u_VGA_Controller/u_counter/h_counter_reg[3]_3[0]                  |                                                    |                2 |              4 |         2.00 |
|  pclk_BUFG                                    | u_VGA_Controller/u_counter/h_counter_reg[3]_1[0]                  |                                                    |                3 |              4 |         1.33 |
|  pclk_BUFG                                    | u_VGA_Controller/u_counter/h_counter_reg[3]_rep__7_4[0]           |                                                    |                1 |              4 |         4.00 |
|  pclk_BUFG                                    | u_VGA_Controller/u_counter/h_counter_reg[3]_2[0]                  |                                                    |                1 |              4 |         4.00 |
|  pclk_BUFG                                    | u_VGA_Controller/u_counter/h_counter_reg[3]_rep__7_12[0]          |                                                    |                1 |              4 |         4.00 |
|  pclk_BUFG                                    | u_VGA_Controller/u_counter/h_counter_reg[3]_rep__7_7[0]           |                                                    |                1 |              4 |         4.00 |
|  pclk_BUFG                                    | u_VGA_Controller/u_counter/E[0]                                   |                                                    |                2 |              4 |         2.00 |
|  pclk_BUFG                                    | u_VGA_Controller/u_counter/h_counter_reg[1]_0[0]                  |                                                    |                3 |              4 |         1.33 |
|  pclk_BUFG                                    | u_VGA_Controller/u_counter/h_counter_reg[1]_54[0]                 |                                                    |                3 |              4 |         1.33 |
|  pclk_BUFG                                    | u_VGA_Controller/u_counter/h_counter_reg[1]_23[0]                 |                                                    |                3 |              4 |         1.33 |
|  pclk_BUFG                                    | u_VGA_Controller/u_counter/h_counter_reg[1]_58[0]                 |                                                    |                1 |              4 |         4.00 |
|  pclk_BUFG                                    | u_VGA_Controller/u_counter/h_counter_reg[1]_59[0]                 |                                                    |                2 |              4 |         2.00 |
|  pclk_BUFG                                    | u_VGA_Controller/u_counter/h_counter_reg[1]_6[0]                  |                                                    |                1 |              4 |         4.00 |
|  pclk_BUFG                                    | u_VGA_Controller/u_counter/h_counter_reg[1]_11[0]                 |                                                    |                2 |              4 |         2.00 |
|  pclk_BUFG                                    | u_VGA_Controller/u_counter/h_counter_reg[1]_25[0]                 |                                                    |                3 |              4 |         1.33 |
|  pclk_BUFG                                    | u_VGA_Controller/u_counter/h_counter_reg[1]_36[0]                 |                                                    |                2 |              4 |         2.00 |
|  pclk_BUFG                                    | u_VGA_Controller/u_counter/h_counter_reg[1]_24[0]                 |                                                    |                2 |              4 |         2.00 |
|  pclk_BUFG                                    | u_VGA_Controller/u_counter/h_counter_reg[1]_17[0]                 |                                                    |                1 |              4 |         4.00 |
|  pclk_BUFG                                    | u_VGA_Controller/u_counter/h_counter_reg[1]_19[0]                 |                                                    |                2 |              4 |         2.00 |
|  pclk_BUFG                                    | u_VGA_Controller/u_counter/h_counter_reg[1]_4[0]                  |                                                    |                1 |              4 |         4.00 |
|  pclk_BUFG                                    | u_VGA_Controller/u_counter/h_counter_reg[1]_42[0]                 |                                                    |                2 |              4 |         2.00 |
|  pclk_BUFG                                    | u_VGA_Controller/u_counter/h_counter_reg[1]_39[0]                 |                                                    |                2 |              4 |         2.00 |
|  pclk_BUFG                                    | u_VGA_Controller/u_counter/h_counter_reg[1]_33[0]                 |                                                    |                2 |              4 |         2.00 |
|  pclk_BUFG                                    | u_VGA_Controller/u_counter/h_counter_reg[1]_48[0]                 |                                                    |                2 |              4 |         2.00 |
|  pclk_BUFG                                    | u_VGA_Controller/u_counter/h_counter_reg[1]_34[0]                 |                                                    |                3 |              4 |         1.33 |
|  pclk_BUFG                                    | u_VGA_Controller/u_counter/h_counter_reg[1]_49[0]                 |                                                    |                1 |              4 |         4.00 |
|  pclk_BUFG                                    | u_VGA_Controller/u_counter/h_counter_reg[1]_50[0]                 |                                                    |                3 |              4 |         1.33 |
|  pclk_BUFG                                    | u_VGA_Controller/u_counter/h_counter_reg[1]_35[0]                 |                                                    |                4 |              4 |         1.00 |
|  pclk_BUFG                                    | u_VGA_Controller/u_counter/h_counter_reg[1]_53[0]                 |                                                    |                2 |              4 |         2.00 |
|  pclk_BUFG                                    | u_VGA_Controller/u_counter/h_counter_reg[1]_26[0]                 |                                                    |                3 |              4 |         1.33 |
|  pclk_BUFG                                    | u_VGA_Controller/u_counter/h_counter_reg[1]_13[0]                 |                                                    |                2 |              4 |         2.00 |
|  pclk_BUFG                                    | u_VGA_Controller/u_counter/h_counter_reg[1]_46[0]                 |                                                    |                3 |              4 |         1.33 |
|  pclk_BUFG                                    | u_VGA_Controller/u_counter/h_counter_reg[1]_56[0]                 |                                                    |                2 |              4 |         2.00 |
|  pclk_BUFG                                    | u_VGA_Controller/u_counter/h_counter_reg[1]_60[0]                 |                                                    |                2 |              4 |         2.00 |
|  pclk_BUFG                                    | u_VGA_Controller/u_counter/h_counter_reg[1]_30[0]                 |                                                    |                2 |              4 |         2.00 |
|  pclk_BUFG                                    | u_VGA_Controller/u_counter/h_counter_reg[1]_16[0]                 |                                                    |                3 |              4 |         1.33 |
|  pclk_BUFG                                    | u_VGA_Controller/u_counter/h_counter_reg[1]_38[0]                 |                                                    |                3 |              4 |         1.33 |
|  pclk_BUFG                                    | u_VGA_Controller/u_counter/h_counter_reg[1]_47[0]                 |                                                    |                3 |              4 |         1.33 |
|  pclk_BUFG                                    | u_VGA_Controller/u_counter/h_counter_reg[1]_55[0]                 |                                                    |                2 |              4 |         2.00 |
|  pclk_BUFG                                    | u_VGA_Controller/u_counter/h_counter_reg[1]_21[0]                 |                                                    |                2 |              4 |         2.00 |
|  pclk_BUFG                                    | u_VGA_Controller/u_counter/h_counter_reg[1]_62[0]                 |                                                    |                2 |              4 |         2.00 |
|  pclk_BUFG                                    | u_VGA_Controller/u_counter/h_counter_reg[1]_1[0]                  |                                                    |                1 |              4 |         4.00 |
|  pclk_BUFG                                    | u_VGA_Controller/u_counter/h_counter_reg[1]_31[0]                 |                                                    |                2 |              4 |         2.00 |
|  pclk_BUFG                                    | u_VGA_Controller/u_counter/h_counter_reg[1]_40[0]                 |                                                    |                3 |              4 |         1.33 |
|  pclk_BUFG                                    | u_VGA_Controller/u_counter/h_counter_reg[1]_41[0]                 |                                                    |                1 |              4 |         4.00 |
|  pclk_BUFG                                    | u_VGA_Controller/u_counter/h_counter_reg[1]_45[0]                 |                                                    |                1 |              4 |         4.00 |
|  pclk_BUFG                                    | u_VGA_Controller/u_counter/h_counter_reg[1]_29[0]                 |                                                    |                1 |              4 |         4.00 |
|  pclk_BUFG                                    | u_VGA_Controller/u_counter/h_counter_reg[1]_27[0]                 |                                                    |                4 |              4 |         1.00 |
|  pclk_BUFG                                    | u_VGA_Controller/u_counter/h_counter_reg[1]_32[0]                 |                                                    |                1 |              4 |         4.00 |
|  pclk_BUFG                                    | u_VGA_Controller/u_counter/h_counter_reg[1]_5[0]                  |                                                    |                1 |              4 |         4.00 |
|  pclk_BUFG                                    | u_VGA_Controller/u_counter/h_counter_reg[1]_22[0]                 |                                                    |                1 |              4 |         4.00 |
|  pclk_BUFG                                    | u_VGA_Controller/u_counter/h_counter_reg[1]_10[0]                 |                                                    |                1 |              4 |         4.00 |
|  pclk_BUFG                                    | u_VGA_Controller/u_counter/h_counter_reg[1]_18[0]                 |                                                    |                2 |              4 |         2.00 |
|  pclk_BUFG                                    | u_VGA_Controller/u_counter/h_counter_reg[1]_61[0]                 |                                                    |                4 |              4 |         1.00 |
|  pclk_BUFG                                    | u_VGA_Controller/u_counter/h_counter_reg[1]_63[0]                 |                                                    |                1 |              4 |         4.00 |
|  pclk_BUFG                                    | u_VGA_Controller/u_counter/h_counter_reg[1]_64[0]                 |                                                    |                3 |              4 |         1.33 |
|  pclk_BUFG                                    | u_VGA_Controller/u_counter/h_counter_reg[1]_65[0]                 |                                                    |                1 |              4 |         4.00 |
|  pclk_BUFG                                    | u_VGA_Controller/u_counter/h_counter_reg[1]_2[0]                  |                                                    |                2 |              4 |         2.00 |
|  pclk_BUFG                                    | u_VGA_Controller/u_counter/h_counter_reg[1]_67[0]                 |                                                    |                1 |              4 |         4.00 |
|  pclk_BUFG                                    | u_VGA_Controller/u_counter/h_counter_reg[1]_14[0]                 |                                                    |                2 |              4 |         2.00 |
|  pclk_BUFG                                    | u_VGA_Controller/u_counter/h_counter_reg[1]_37[0]                 |                                                    |                3 |              4 |         1.33 |
|  pclk_BUFG                                    | u_VGA_Controller/u_counter/h_counter_reg[1]_43[0]                 |                                                    |                1 |              4 |         4.00 |
|  pclk_BUFG                                    | u_VGA_Controller/u_counter/h_counter_reg[1]_12[0]                 |                                                    |                2 |              4 |         2.00 |
|  pclk_BUFG                                    | u_VGA_Controller/u_counter/h_counter_reg[1]_44[0]                 |                                                    |                1 |              4 |         4.00 |
|  pclk_BUFG                                    | u_VGA_Controller/u_counter/h_counter_reg[1]_57[0]                 |                                                    |                1 |              4 |         4.00 |
|  pclk_BUFG                                    | u_VGA_Controller/u_counter/h_counter_reg[1]_28[0]                 |                                                    |                2 |              4 |         2.00 |
|  pclk_BUFG                                    | u_VGA_Controller/u_counter/h_counter_reg[1]_15[0]                 |                                                    |                2 |              4 |         2.00 |
|  pclk_BUFG                                    | u_VGA_Controller/u_counter/h_counter_reg[1]_20[0]                 |                                                    |                1 |              4 |         4.00 |
|  pclk_BUFG                                    | u_VGA_Controller/u_counter/h_counter_reg[1]_3[0]                  |                                                    |                3 |              4 |         1.33 |
|  pclk_BUFG                                    | u_VGA_Controller/u_counter/h_counter_reg[1]_51[0]                 |                                                    |                2 |              4 |         2.00 |
|  pclk_BUFG                                    | u_VGA_Controller/u_counter/h_counter_reg[1]_52[0]                 |                                                    |                2 |              4 |         2.00 |
|  pclk_BUFG                                    | u_VGA_Controller/u_counter/h_counter_reg[1]_rep_15[0]             |                                                    |                2 |              4 |         2.00 |
|  pclk_BUFG                                    | u_VGA_Controller/u_counter/h_counter_reg[1]_rep_16[0]             |                                                    |                2 |              4 |         2.00 |
|  pclk_BUFG                                    | u_VGA_Controller/u_counter/h_counter_reg[1]_rep_19[0]             |                                                    |                3 |              4 |         1.33 |
|  pclk_BUFG                                    | u_VGA_Controller/u_counter/h_counter_reg[1]_rep_22[0]             |                                                    |                3 |              4 |         1.33 |
|  pclk_BUFG                                    | u_VGA_Controller/u_counter/h_counter_reg[1]_rep_11[0]             |                                                    |                3 |              4 |         1.33 |
|  pclk_BUFG                                    | u_VGA_Controller/u_counter/h_counter_reg[1]_rep_27[0]             |                                                    |                3 |              4 |         1.33 |
|  pclk_BUFG                                    | u_VGA_Controller/u_counter/h_counter_reg[1]_70[0]                 |                                                    |                2 |              4 |         2.00 |
|  pclk_BUFG                                    | u_VGA_Controller/u_counter/h_counter_reg[1]_9[0]                  |                                                    |                3 |              4 |         1.33 |
|  pclk_BUFG                                    | u_VGA_Controller/u_counter/h_counter_reg[1]_rep_26[0]             |                                                    |                1 |              4 |         4.00 |
|  pclk_BUFG                                    | u_VGA_Controller/u_counter/h_counter_reg[1]_rep_28[0]             |                                                    |                2 |              4 |         2.00 |
|  pclk_BUFG                                    | u_VGA_Controller/u_counter/h_counter_reg[1]_rep_32[0]             |                                                    |                1 |              4 |         4.00 |
|  pclk_BUFG                                    | u_VGA_Controller/u_counter/h_counter_reg[1]_rep_37[0]             |                                                    |                1 |              4 |         4.00 |
|  pclk_BUFG                                    | u_VGA_Controller/u_counter/h_counter_reg[1]_rep_4[0]              |                                                    |                2 |              4 |         2.00 |
|  pclk_BUFG                                    | u_VGA_Controller/u_counter/h_counter_reg[1]_rep_40[0]             |                                                    |                1 |              4 |         4.00 |
|  pclk_BUFG                                    | u_VGA_Controller/u_counter/h_counter_reg[1]_73[0]                 |                                                    |                4 |              4 |         1.00 |
|  pclk_BUFG                                    | u_VGA_Controller/u_counter/h_counter_reg[1]_77[0]                 |                                                    |                2 |              4 |         2.00 |
|  pclk_BUFG                                    | u_VGA_Controller/u_counter/h_counter_reg[1]_74[0]                 |                                                    |                4 |              4 |         1.00 |
|  pclk_BUFG                                    | u_VGA_Controller/u_counter/h_counter_reg[1]_rep_2[0]              |                                                    |                1 |              4 |         4.00 |
|  pclk_BUFG                                    | u_VGA_Controller/u_counter/h_counter_reg[1]_rep_24[0]             |                                                    |                2 |              4 |         2.00 |
|  pclk_BUFG                                    | u_VGA_Controller/u_counter/h_counter_reg[1]_75[0]                 |                                                    |                3 |              4 |         1.33 |
|  pclk_BUFG                                    | u_VGA_Controller/u_counter/h_counter_reg[1]_rep_13[0]             |                                                    |                3 |              4 |         1.33 |
|  pclk_BUFG                                    | u_VGA_Controller/u_counter/h_counter_reg[1]_rep_0[0]              |                                                    |                2 |              4 |         2.00 |
|  pclk_BUFG                                    | u_VGA_Controller/u_counter/h_counter_reg[1]_76[0]                 |                                                    |                1 |              4 |         4.00 |
|  pclk_BUFG                                    | u_VGA_Controller/u_counter/h_counter_reg[1]_rep_25[0]             |                                                    |                1 |              4 |         4.00 |
|  pclk_BUFG                                    | u_VGA_Controller/u_counter/h_counter_reg[1]_78[0]                 |                                                    |                2 |              4 |         2.00 |
|  pclk_BUFG                                    | u_VGA_Controller/u_counter/h_counter_reg[1]_rep_38[0]             |                                                    |                2 |              4 |         2.00 |
|  pclk_BUFG                                    | u_VGA_Controller/u_counter/h_counter_reg[1]_rep_101[0]            |                                                    |                1 |              4 |         4.00 |
|  pclk_BUFG                                    | u_VGA_Controller/u_counter/h_counter_reg[1]_rep_29[0]             |                                                    |                2 |              4 |         2.00 |
|  pclk_BUFG                                    | u_VGA_Controller/u_counter/h_counter_reg[1]_rep_35[0]             |                                                    |                2 |              4 |         2.00 |
|  pclk_BUFG                                    | u_VGA_Controller/u_counter/h_counter_reg[1]_rep_41[0]             |                                                    |                2 |              4 |         2.00 |
|  pclk_BUFG                                    | u_VGA_Controller/u_counter/h_counter_reg[1]_rep_43[0]             |                                                    |                1 |              4 |         4.00 |
|  pclk_BUFG                                    | u_VGA_Controller/u_counter/h_counter_reg[1]_8[0]                  |                                                    |                2 |              4 |         2.00 |
|  pclk_BUFG                                    | u_VGA_Controller/u_counter/h_counter_reg[1]_rep_23[0]             |                                                    |                3 |              4 |         1.33 |
|  pclk_BUFG                                    | u_VGA_Controller/u_counter/h_counter_reg[1]_71[0]                 |                                                    |                3 |              4 |         1.33 |
|  pclk_BUFG                                    | u_VGA_Controller/u_counter/h_counter_reg[1]_rep_33[0]             |                                                    |                1 |              4 |         4.00 |
|  pclk_BUFG                                    | u_VGA_Controller/u_counter/h_counter_reg[1]_rep_36[0]             |                                                    |                1 |              4 |         4.00 |
|  pclk_BUFG                                    | u_VGA_Controller/u_counter/h_counter_reg[1]_rep_34[0]             |                                                    |                1 |              4 |         4.00 |
|  pclk_BUFG                                    | u_VGA_Controller/u_counter/h_counter_reg[1]_rep_18[0]             |                                                    |                3 |              4 |         1.33 |
|  pclk_BUFG                                    | u_VGA_Controller/u_counter/h_counter_reg[1]_rep_39[0]             |                                                    |                1 |              4 |         4.00 |
|  pclk_BUFG                                    | u_VGA_Controller/u_counter/h_counter_reg[1]_72[0]                 |                                                    |                1 |              4 |         4.00 |
|  pclk_BUFG                                    | u_VGA_Controller/u_counter/h_counter_reg[1]_68[0]                 |                                                    |                2 |              4 |         2.00 |
|  pclk_BUFG                                    | u_VGA_Controller/u_counter/h_counter_reg[1]_69[0]                 |                                                    |                2 |              4 |         2.00 |
|  pclk_BUFG                                    | u_VGA_Controller/u_counter/h_counter_reg[1]_rep_12[0]             |                                                    |                3 |              4 |         1.33 |
|  pclk_BUFG                                    | u_VGA_Controller/u_counter/h_counter_reg[1]_rep_42[0]             |                                                    |                1 |              4 |         4.00 |
|  pclk_BUFG                                    | u_VGA_Controller/u_counter/h_counter_reg[1]_rep_14[0]             |                                                    |                1 |              4 |         4.00 |
|  pclk_BUFG                                    | u_VGA_Controller/u_counter/h_counter_reg[1]_rep_30[0]             |                                                    |                1 |              4 |         4.00 |
|  pclk_BUFG                                    | u_VGA_Controller/u_counter/h_counter_reg[1]_rep_20[0]             |                                                    |                2 |              4 |         2.00 |
|  pclk_BUFG                                    | u_VGA_Controller/u_counter/h_counter_reg[1]_rep_21[0]             |                                                    |                4 |              4 |         1.00 |
|  pclk_BUFG                                    | u_VGA_Controller/u_counter/h_counter_reg[1]_rep_44[0]             |                                                    |                1 |              4 |         4.00 |
|  pclk_BUFG                                    | u_VGA_Controller/u_counter/h_counter_reg[1]_rep_45[0]             |                                                    |                2 |              4 |         2.00 |
|  pclk_BUFG                                    | u_VGA_Controller/u_counter/h_counter_reg[1]_rep_46[0]             |                                                    |                1 |              4 |         4.00 |
|  pclk_BUFG                                    | u_VGA_Controller/u_counter/h_counter_reg[1]_rep_17[0]             |                                                    |                4 |              4 |         1.00 |
|  pclk_BUFG                                    | u_VGA_Controller/u_counter/h_counter_reg[1]_rep_1[0]              |                                                    |                1 |              4 |         4.00 |
|  pclk_BUFG                                    | u_VGA_Controller/u_counter/h_counter_reg[1]_rep_47[0]             |                                                    |                2 |              4 |         2.00 |
|  pclk_BUFG                                    | u_VGA_Controller/u_counter/h_counter_reg[1]_82[0]                 |                                                    |                2 |              4 |         2.00 |
|  pclk_BUFG                                    | u_VGA_Controller/u_counter/h_counter_reg[1]_rep_102[0]            |                                                    |                2 |              4 |         2.00 |
|  pclk_BUFG                                    | u_VGA_Controller/u_counter/h_counter_reg[1]_7[0]                  |                                                    |                1 |              4 |         4.00 |
|  pclk_BUFG                                    | u_VGA_Controller/u_counter/h_counter_reg[1]_rep_31[0]             |                                                    |                1 |              4 |         4.00 |
|  pclk_BUFG                                    | u_VGA_Controller/u_counter/h_counter_reg[1]_rep_3[0]              |                                                    |                2 |              4 |         2.00 |
|  pclk_BUFG                                    | u_VGA_Controller/u_counter/h_counter_reg[1]_rep_10[0]             |                                                    |                2 |              4 |         2.00 |
|  pclk_BUFG                                    | u_VGA_Controller/u_counter/h_counter_reg[1]_79[0]                 |                                                    |                3 |              4 |         1.33 |
|  pclk_BUFG                                    | u_VGA_Controller/u_counter/h_counter_reg[1]_rep_100[0]            |                                                    |                1 |              4 |         4.00 |
|  pclk_BUFG                                    | u_VGA_Controller/u_counter/h_counter_reg[1]_80[0]                 |                                                    |                2 |              4 |         2.00 |
|  pclk_BUFG                                    | u_VGA_Controller/u_counter/h_counter_reg[1]_81[0]                 |                                                    |                1 |              4 |         4.00 |
|  pclk_BUFG                                    | u_VGA_Controller/u_counter/h_counter_reg[1]_rep_79[0]             |                                                    |                3 |              4 |         1.33 |
|  pclk_BUFG                                    | u_VGA_Controller/u_counter/h_counter_reg[1]_rep_93[0]             |                                                    |                1 |              4 |         4.00 |
|  pclk_BUFG                                    | u_VGA_Controller/u_counter/h_counter_reg[1]_rep_5[0]              |                                                    |                1 |              4 |         4.00 |
|  pclk_BUFG                                    | u_VGA_Controller/u_counter/h_counter_reg[1]_rep_94[0]             |                                                    |                2 |              4 |         2.00 |
|  pclk_BUFG                                    | u_VGA_Controller/u_counter/h_counter_reg[1]_rep__0_0[0]           |                                                    |                2 |              4 |         2.00 |
|  pclk_BUFG                                    | u_VGA_Controller/u_counter/h_counter_reg[1]_rep_64[0]             |                                                    |                2 |              4 |         2.00 |
|  pclk_BUFG                                    | u_VGA_Controller/u_counter/h_counter_reg[1]_rep_8[0]              |                                                    |                3 |              4 |         1.33 |
|  pclk_BUFG                                    | u_VGA_Controller/u_counter/h_counter_reg[1]_rep_72[0]             |                                                    |                3 |              4 |         1.33 |
|  pclk_BUFG                                    | u_VGA_Controller/u_counter/h_counter_reg[1]_rep_61[0]             |                                                    |                1 |              4 |         4.00 |
|  pclk_BUFG                                    | u_VGA_Controller/u_counter/h_counter_reg[1]_rep_65[0]             |                                                    |                2 |              4 |         2.00 |
|  pclk_BUFG                                    | u_VGA_Controller/u_counter/h_counter_reg[1]_rep_80[0]             |                                                    |                1 |              4 |         4.00 |
|  pclk_BUFG                                    | u_VGA_Controller/u_counter/h_counter_reg[1]_rep_84[0]             |                                                    |                1 |              4 |         4.00 |
|  pclk_BUFG                                    | u_VGA_Controller/u_counter/h_counter_reg[1]_rep_83[0]             |                                                    |                2 |              4 |         2.00 |
|  pclk_BUFG                                    | u_VGA_Controller/u_counter/h_counter_reg[1]_rep_75[0]             |                                                    |                1 |              4 |         4.00 |
|  pclk_BUFG                                    | u_VGA_Controller/u_counter/h_counter_reg[1]_rep__0_1[0]           |                                                    |                1 |              4 |         4.00 |
|  pclk_BUFG                                    | u_VGA_Controller/u_counter/h_counter_reg[1]_rep__0_12[0]          |                                                    |                4 |              4 |         1.00 |
|  pclk_BUFG                                    | u_VGA_Controller/u_counter/h_counter_reg[1]_rep_6[0]              |                                                    |                2 |              4 |         2.00 |
|  pclk_BUFG                                    | u_VGA_Controller/u_counter/h_counter_reg[1]_rep_98[0]             |                                                    |                2 |              4 |         2.00 |
|  pclk_BUFG                                    | u_VGA_Controller/u_counter/h_counter_reg[1]_rep_57[0]             |                                                    |                1 |              4 |         4.00 |
|  pclk_BUFG                                    | u_VGA_Controller/u_counter/h_counter_reg[1]_rep_49[0]             |                                                    |                3 |              4 |         1.33 |
|  pclk_BUFG                                    | u_VGA_Controller/u_counter/h_counter_reg[1]_rep_60[0]             |                                                    |                2 |              4 |         2.00 |
|  pclk_BUFG                                    | u_VGA_Controller/u_counter/h_counter_reg[1]_rep_92[0]             |                                                    |                1 |              4 |         4.00 |
|  pclk_BUFG                                    | u_VGA_Controller/u_counter/h_counter_reg[1]_rep_97[0]             |                                                    |                1 |              4 |         4.00 |
|  pclk_BUFG                                    | u_VGA_Controller/u_counter/h_counter_reg[1]_rep__0_10[0]          |                                                    |                1 |              4 |         4.00 |
|  pclk_BUFG                                    | u_VGA_Controller/u_counter/h_counter_reg[1]_rep__0_13[0]          |                                                    |                1 |              4 |         4.00 |
|  pclk_BUFG                                    | u_VGA_Controller/u_counter/h_counter_reg[1]_rep__0_14[0]          |                                                    |                2 |              4 |         2.00 |
|  pclk_BUFG                                    | u_VGA_Controller/u_counter/h_counter_reg[1]_rep_95[0]             |                                                    |                1 |              4 |         4.00 |
|  pclk_BUFG                                    | u_VGA_Controller/u_counter/h_counter_reg[1]_rep_56[0]             |                                                    |                2 |              4 |         2.00 |
|  pclk_BUFG                                    | u_VGA_Controller/u_counter/h_counter_reg[1]_rep_99[0]             |                                                    |                1 |              4 |         4.00 |
|  pclk_BUFG                                    | u_VGA_Controller/u_counter/h_counter_reg[1]_rep_48[0]             |                                                    |                1 |              4 |         4.00 |
|  pclk_BUFG                                    | u_VGA_Controller/u_counter/h_counter_reg[1]_rep_96[0]             |                                                    |                2 |              4 |         2.00 |
|  pclk_BUFG                                    | u_VGA_Controller/u_counter/h_counter_reg[1]_rep_59[0]             |                                                    |                1 |              4 |         4.00 |
|  pclk_BUFG                                    | u_VGA_Controller/u_counter/h_counter_reg[1]_rep__0_11[0]          |                                                    |                1 |              4 |         4.00 |
|  pclk_BUFG                                    | u_VGA_Controller/u_counter/h_counter_reg[1]_rep_53[0]             |                                                    |                2 |              4 |         2.00 |
|  pclk_BUFG                                    | u_VGA_Controller/u_counter/h_counter_reg[1]_rep_76[0]             |                                                    |                2 |              4 |         2.00 |
|  pclk_BUFG                                    | u_VGA_Controller/u_counter/h_counter_reg[1]_rep_50[0]             |                                                    |                2 |              4 |         2.00 |
|  pclk_BUFG                                    | u_VGA_Controller/u_counter/h_counter_reg[1]_rep_90[0]             |                                                    |                3 |              4 |         1.33 |
|  pclk_BUFG                                    | u_VGA_Controller/u_counter/h_counter_reg[1]_rep_62[0]             |                                                    |                2 |              4 |         2.00 |
|  pclk_BUFG                                    | u_VGA_Controller/u_counter/h_counter_reg[1]_rep_63[0]             |                                                    |                2 |              4 |         2.00 |
|  pclk_BUFG                                    | u_VGA_Controller/u_counter/h_counter_reg[1]_rep_52[0]             |                                                    |                1 |              4 |         4.00 |
|  pclk_BUFG                                    | u_VGA_Controller/u_counter/h_counter_reg[1]_rep_7[0]              |                                                    |                3 |              4 |         1.33 |
|  pclk_BUFG                                    | u_VGA_Controller/u_counter/h_counter_reg[1]_rep_70[0]             |                                                    |                2 |              4 |         2.00 |
|  pclk_BUFG                                    | u_VGA_Controller/u_counter/h_counter_reg[1]_rep_77[0]             |                                                    |                2 |              4 |         2.00 |
|  pclk_BUFG                                    | u_VGA_Controller/u_counter/h_counter_reg[1]_rep_78[0]             |                                                    |                1 |              4 |         4.00 |
|  pclk_BUFG                                    | u_VGA_Controller/u_counter/h_counter_reg[1]_rep_66[0]             |                                                    |                2 |              4 |         2.00 |
|  pclk_BUFG                                    | u_VGA_Controller/u_counter/h_counter_reg[1]_rep_73[0]             |                                                    |                3 |              4 |         1.33 |
|  pclk_BUFG                                    | u_VGA_Controller/u_counter/h_counter_reg[1]_rep_81[0]             |                                                    |                2 |              4 |         2.00 |
|  pclk_BUFG                                    | u_VGA_Controller/u_counter/h_counter_reg[1]_rep_85[0]             |                                                    |                3 |              4 |         1.33 |
|  pclk_BUFG                                    | u_VGA_Controller/u_counter/h_counter_reg[1]_rep_86[0]             |                                                    |                2 |              4 |         2.00 |
|  pclk_BUFG                                    | u_VGA_Controller/u_counter/h_counter_reg[1]_rep_51[0]             |                                                    |                1 |              4 |         4.00 |
|  pclk_BUFG                                    | u_VGA_Controller/u_counter/h_counter_reg[1]_rep_82[0]             |                                                    |                1 |              4 |         4.00 |
|  pclk_BUFG                                    | u_VGA_Controller/u_counter/h_counter_reg[1]_rep_69[0]             |                                                    |                2 |              4 |         2.00 |
|  pclk_BUFG                                    | u_VGA_Controller/u_counter/h_counter_reg[1]_rep_74[0]             |                                                    |                2 |              4 |         2.00 |
|  pclk_BUFG                                    | u_VGA_Controller/u_counter/h_counter_reg[1]_rep_87[0]             |                                                    |                2 |              4 |         2.00 |
|  pclk_BUFG                                    | u_VGA_Controller/u_counter/h_counter_reg[1]_rep_55[0]             |                                                    |                1 |              4 |         4.00 |
|  pclk_BUFG                                    | u_VGA_Controller/u_counter/h_counter_reg[1]_rep_71[0]             |                                                    |                2 |              4 |         2.00 |
|  pclk_BUFG                                    | u_VGA_Controller/u_counter/h_counter_reg[1]_rep_54[0]             |                                                    |                1 |              4 |         4.00 |
|  pclk_BUFG                                    | u_VGA_Controller/u_counter/h_counter_reg[1]_rep_88[0]             |                                                    |                2 |              4 |         2.00 |
|  pclk_BUFG                                    | u_VGA_Controller/u_counter/h_counter_reg[1]_rep_9[0]              |                                                    |                2 |              4 |         2.00 |
|  pclk_BUFG                                    | u_VGA_Controller/u_counter/h_counter_reg[1]_rep_58[0]             |                                                    |                1 |              4 |         4.00 |
|  pclk_BUFG                                    | u_VGA_Controller/u_counter/h_counter_reg[1]_rep_89[0]             |                                                    |                2 |              4 |         2.00 |
|  pclk_BUFG                                    | u_VGA_Controller/u_counter/h_counter_reg[1]_rep_67[0]             |                                                    |                2 |              4 |         2.00 |
|  pclk_BUFG                                    | u_VGA_Controller/u_counter/h_counter_reg[1]_rep_91[0]             |                                                    |                3 |              4 |         1.33 |
|  pclk_BUFG                                    | u_VGA_Controller/u_counter/h_counter_reg[1]_rep_68[0]             |                                                    |                2 |              4 |         2.00 |
|  pclk_BUFG                                    | u_VGA_Controller/u_counter/h_counter_reg[1]_rep__0_29[0]          |                                                    |                2 |              4 |         2.00 |
|  pclk_BUFG                                    | u_VGA_Controller/u_counter/h_counter_reg[1]_rep__0_18[0]          |                                                    |                2 |              4 |         2.00 |
|  pclk_BUFG                                    | u_VGA_Controller/u_counter/h_counter_reg[1]_rep__0_20[0]          |                                                    |                2 |              4 |         2.00 |
|  pclk_BUFG                                    | u_VGA_Controller/u_counter/h_counter_reg[1]_rep__0_17[0]          |                                                    |                2 |              4 |         2.00 |
|  pclk_BUFG                                    | u_VGA_Controller/u_counter/h_counter_reg[1]_rep__0_22[0]          |                                                    |                3 |              4 |         1.33 |
|  pclk_BUFG                                    | u_VGA_Controller/u_counter/h_counter_reg[1]_rep__0_16[0]          |                                                    |                2 |              4 |         2.00 |
|  pclk_BUFG                                    | u_VGA_Controller/u_counter/h_counter_reg[1]_rep__0_23[0]          |                                                    |                2 |              4 |         2.00 |
|  pclk_BUFG                                    | u_VGA_Controller/u_counter/h_counter_reg[1]_rep__0_28[0]          |                                                    |                2 |              4 |         2.00 |
|  pclk_BUFG                                    | u_VGA_Controller/u_counter/h_counter_reg[1]_rep__0_3[0]           |                                                    |                4 |              4 |         1.00 |
|  pclk_BUFG                                    | u_VGA_Controller/u_counter/h_counter_reg[1]_rep__0_31[0]          |                                                    |                2 |              4 |         2.00 |
|  pclk_BUFG                                    | u_VGA_Controller/u_counter/h_counter_reg[1]_rep__0_21[0]          |                                                    |                1 |              4 |         4.00 |
|  pclk_BUFG                                    | u_VGA_Controller/u_counter/h_counter_reg[1]_rep__0_24[0]          |                                                    |                4 |              4 |         1.00 |
|  pclk_BUFG                                    | u_VGA_Controller/u_counter/h_counter_reg[1]_rep__0_25[0]          |                                                    |                3 |              4 |         1.33 |
|  pclk_BUFG                                    | u_VGA_Controller/u_counter/h_counter_reg[1]_rep__0_27[0]          |                                                    |                4 |              4 |         1.00 |
|  pclk_BUFG                                    | u_VGA_Controller/u_counter/h_counter_reg[1]_rep__0_30[0]          |                                                    |                2 |              4 |         2.00 |
|  pclk_BUFG                                    | u_VGA_Controller/u_counter/h_counter_reg[1]_rep__0_32[0]          |                                                    |                2 |              4 |         2.00 |
|  pclk_BUFG                                    | u_VGA_Controller/u_counter/h_counter_reg[1]_rep__0_15[0]          |                                                    |                3 |              4 |         1.33 |
|  pclk_BUFG                                    | u_VGA_Controller/u_counter/h_counter_reg[1]_rep__0_19[0]          |                                                    |                2 |              4 |         2.00 |
|  pclk_BUFG                                    | u_VGA_Controller/u_counter/h_counter_reg[1]_rep__0_2[0]           |                                                    |                2 |              4 |         2.00 |
|  pclk_BUFG                                    | u_VGA_Controller/u_counter/h_counter_reg[1]_rep__0_26[0]          |                                                    |                3 |              4 |         1.33 |
|  clk_IBUF_BUFG                                | u_sad_matcher_top/disparity_buffer[276][4]_i_2_n_0                | u_sad_matcher_top/disparity_buffer[276][4]_i_1_n_0 |                1 |              5 |         5.00 |
|  clk_IBUF_BUFG                                | u_sad_matcher_top/disparity_buffer[280][4]_i_2_n_0                | u_sad_matcher_top/disparity_buffer[280][4]_i_1_n_0 |                1 |              5 |         5.00 |
|  clk_IBUF_BUFG                                | u_sad_matcher_top/disparity_buffer[281][4]_i_2_n_0                | u_sad_matcher_top/disparity_buffer[281][4]_i_1_n_0 |                1 |              5 |         5.00 |
|  clk_IBUF_BUFG                                | u_sad_matcher_top/disparity_buffer[294][4]_i_2_n_0                | u_sad_matcher_top/disparity_buffer[294][4]_i_1_n_0 |                1 |              5 |         5.00 |
|  clk_IBUF_BUFG                                | u_sad_matcher_top/disparity_buffer[291][4]_i_2_n_0                | u_sad_matcher_top/disparity_buffer[291][4]_i_1_n_0 |                1 |              5 |         5.00 |
|  clk_IBUF_BUFG                                | u_sad_matcher_top/disparity_buffer[299][4]_i_2_n_0                | u_sad_matcher_top/disparity_buffer[299][4]_i_1_n_0 |                1 |              5 |         5.00 |
|  clk_IBUF_BUFG                                | u_sad_matcher_top/disparity_buffer[303][4]_i_2_n_0                | u_sad_matcher_top/disparity_buffer[303][4]_i_1_n_0 |                4 |              5 |         1.25 |
|  clk_IBUF_BUFG                                | u_sad_matcher_top/disparity_buffer[302][4]_i_2_n_0                | u_sad_matcher_top/disparity_buffer[302][4]_i_1_n_0 |                1 |              5 |         5.00 |
|  clk_IBUF_BUFG                                | u_sad_matcher_top/disparity_buffer[308][4]_i_2_n_0                | u_sad_matcher_top/disparity_buffer[308][4]_i_1_n_0 |                1 |              5 |         5.00 |
|  clk_IBUF_BUFG                                | u_sad_matcher_top/disparity_buffer[296][4]_i_2_n_0                | u_sad_matcher_top/disparity_buffer[296][4]_i_1_n_0 |                1 |              5 |         5.00 |
|  clk_IBUF_BUFG                                | u_sad_matcher_top/disparity_buffer[298][4]_i_2_n_0                | u_sad_matcher_top/disparity_buffer[298][4]_i_1_n_0 |                1 |              5 |         5.00 |
|  clk_IBUF_BUFG                                | u_sad_matcher_top/disparity_buffer[305][4]_i_2_n_0                | u_sad_matcher_top/disparity_buffer[305][4]_i_1_n_0 |                1 |              5 |         5.00 |
|  clk_IBUF_BUFG                                | u_sad_matcher_top/disparity_buffer[292][4]_i_2_n_0                | u_sad_matcher_top/disparity_buffer[292][4]_i_1_n_0 |                1 |              5 |         5.00 |
|  clk_IBUF_BUFG                                | u_sad_matcher_top/disparity_buffer[306][4]_i_2_n_0                | u_sad_matcher_top/disparity_buffer[306][4]_i_1_n_0 |                1 |              5 |         5.00 |
|  clk_IBUF_BUFG                                | u_sad_matcher_top/disparity_buffer[307][4]_i_2_n_0                | u_sad_matcher_top/disparity_buffer[307][4]_i_1_n_0 |                1 |              5 |         5.00 |
|  clk_IBUF_BUFG                                | u_sad_matcher_top/disparity_buffer[309][4]_i_2_n_0                | u_sad_matcher_top/disparity_buffer[309][4]_i_1_n_0 |                1 |              5 |         5.00 |
|  clk_IBUF_BUFG                                | u_sad_matcher_top/disparity_buffer[290][4]_i_2_n_0                | u_sad_matcher_top/disparity_buffer[290][4]_i_1_n_0 |                1 |              5 |         5.00 |
|  clk_IBUF_BUFG                                | u_sad_matcher_top/disparity_buffer[293][4]_i_2_n_0                | u_sad_matcher_top/disparity_buffer[293][4]_i_1_n_0 |                1 |              5 |         5.00 |
|  clk_IBUF_BUFG                                | u_sad_matcher_top/disparity_buffer[295][4]_i_2_n_0                | u_sad_matcher_top/disparity_buffer[295][4]_i_1_n_0 |                2 |              5 |         2.50 |
|  clk_IBUF_BUFG                                | u_sad_matcher_top/disparity_buffer[297][4]_i_2_n_0                | u_sad_matcher_top/disparity_buffer[297][4]_i_1_n_0 |                1 |              5 |         5.00 |
|  clk_IBUF_BUFG                                | u_sad_matcher_top/disparity_buffer[2][4]_i_2_n_0                  | u_sad_matcher_top/disparity_buffer[2][4]_i_1_n_0   |                2 |              5 |         2.50 |
|  clk_IBUF_BUFG                                | u_sad_matcher_top/disparity_buffer[300][4]_i_2_n_0                | u_sad_matcher_top/disparity_buffer[300][4]_i_1_n_0 |                3 |              5 |         1.67 |
|  clk_IBUF_BUFG                                | u_sad_matcher_top/disparity_buffer[29][4]_i_2_n_0                 | u_sad_matcher_top/disparity_buffer[29][4]_i_1_n_0  |                1 |              5 |         5.00 |
|  clk_IBUF_BUFG                                | u_sad_matcher_top/disparity_buffer[304][4]_i_2_n_0                | u_sad_matcher_top/disparity_buffer[304][4]_i_1_n_0 |                1 |              5 |         5.00 |
|  clk_IBUF_BUFG                                | u_sad_matcher_top/disparity_buffer[301][4]_i_2_n_0                | u_sad_matcher_top/disparity_buffer[301][4]_i_1_n_0 |                3 |              5 |         1.67 |
|  clk_IBUF_BUFG                                | u_sad_matcher_top/disparity_buffer[318][4]_i_2_n_0                | u_sad_matcher_top/disparity_buffer[318][4]_i_1_n_0 |                5 |              5 |         1.00 |
|  clk_IBUF_BUFG                                | u_sad_matcher_top/disparity_buffer[316][4]_i_2_n_0                | u_sad_matcher_top/disparity_buffer[316][4]_i_1_n_0 |                1 |              5 |         5.00 |
|  clk_IBUF_BUFG                                | u_sad_matcher_top/disparity_buffer[313][4]_i_2_n_0                | u_sad_matcher_top/disparity_buffer[313][4]_i_1_n_0 |                1 |              5 |         5.00 |
|  clk_IBUF_BUFG                                | u_sad_matcher_top/disparity_buffer[315][4]_i_2_n_0                | u_sad_matcher_top/disparity_buffer[315][4]_i_1_n_0 |                2 |              5 |         2.50 |
|  clk_IBUF_BUFG                                | u_sad_matcher_top/disparity_buffer[312][4]_i_2_n_0                | u_sad_matcher_top/disparity_buffer[312][4]_i_1_n_0 |                1 |              5 |         5.00 |
|  clk_IBUF_BUFG                                | u_sad_matcher_top/disparity_buffer[311][4]_i_2_n_0                | u_sad_matcher_top/disparity_buffer[311][4]_i_1_n_0 |                3 |              5 |         1.67 |
|  clk_IBUF_BUFG                                | u_sad_matcher_top/disparity_buffer[319][4]_i_2_n_0                | u_sad_matcher_top/disparity_buffer[319][4]_i_1_n_0 |                1 |              5 |         5.00 |
|  clk_IBUF_BUFG                                | u_sad_matcher_top/disparity_buffer[314][4]_i_2_n_0                | u_sad_matcher_top/disparity_buffer[314][4]_i_1_n_0 |                1 |              5 |         5.00 |
|  clk_IBUF_BUFG                                | u_sad_matcher_top/disparity_buffer[30][4]_i_2_n_0                 | u_sad_matcher_top/disparity_buffer[30][4]_i_1_n_0  |                1 |              5 |         5.00 |
|  clk_IBUF_BUFG                                | u_sad_matcher_top/disparity_buffer[310][4]_i_2_n_0                | u_sad_matcher_top/disparity_buffer[310][4]_i_1_n_0 |                1 |              5 |         5.00 |
|  clk_IBUF_BUFG                                | u_sad_matcher_top/disparity_buffer[317][4]_i_2_n_0                | u_sad_matcher_top/disparity_buffer[317][4]_i_1_n_0 |                1 |              5 |         5.00 |
|  clk_IBUF_BUFG                                | u_sad_matcher_top/disparity_buffer[35][4]_i_2_n_0                 | u_sad_matcher_top/disparity_buffer[35][4]_i_1_n_0  |                2 |              5 |         2.50 |
|  clk_IBUF_BUFG                                | u_sad_matcher_top/disparity_buffer[33][4]_i_2_n_0                 | u_sad_matcher_top/disparity_buffer[33][4]_i_1_n_0  |                1 |              5 |         5.00 |
|  clk_IBUF_BUFG                                | u_sad_matcher_top/disparity_buffer[38][4]_i_2_n_0                 | u_sad_matcher_top/disparity_buffer[38][4]_i_1_n_0  |                1 |              5 |         5.00 |
|  clk_IBUF_BUFG                                | u_sad_matcher_top/disparity_buffer[39][4]_i_2_n_0                 | u_sad_matcher_top/disparity_buffer[39][4]_i_1_n_0  |                1 |              5 |         5.00 |
|  clk_IBUF_BUFG                                | u_sad_matcher_top/disparity_buffer[34][4]_i_2_n_0                 | u_sad_matcher_top/disparity_buffer[34][4]_i_1_n_0  |                1 |              5 |         5.00 |
|  clk_IBUF_BUFG                                | u_sad_matcher_top/disparity_buffer[3][4]_i_2_n_0                  | u_sad_matcher_top/disparity_buffer[3][4]_i_1_n_0   |                3 |              5 |         1.67 |
|  clk_IBUF_BUFG                                | u_sad_matcher_top/disparity_buffer[41][4]_i_2_n_0                 | u_sad_matcher_top/disparity_buffer[41][4]_i_1_n_0  |                3 |              5 |         1.67 |
|  clk_IBUF_BUFG                                | u_sad_matcher_top/disparity_buffer[40][4]_i_2_n_0                 | u_sad_matcher_top/disparity_buffer[40][4]_i_1_n_0  |                2 |              5 |         2.50 |
|  clk_IBUF_BUFG                                | u_sad_matcher_top/disparity_buffer[42][4]_i_2_n_0                 | u_sad_matcher_top/disparity_buffer[42][4]_i_1_n_0  |                1 |              5 |         5.00 |
|  clk_IBUF_BUFG                                | u_sad_matcher_top/disparity_buffer[44][4]_i_2_n_0                 | u_sad_matcher_top/disparity_buffer[44][4]_i_1_n_0  |                1 |              5 |         5.00 |
|  clk_IBUF_BUFG                                | u_sad_matcher_top/disparity_buffer[37][4]_i_2_n_0                 | u_sad_matcher_top/disparity_buffer[37][4]_i_1_n_0  |                1 |              5 |         5.00 |
|  clk_IBUF_BUFG                                | u_sad_matcher_top/disparity_buffer[43][4]_i_2_n_0                 | u_sad_matcher_top/disparity_buffer[43][4]_i_1_n_0  |                1 |              5 |         5.00 |
|  clk_IBUF_BUFG                                | u_sad_matcher_top/disparity_buffer[31][4]_i_2_n_0                 | u_sad_matcher_top/disparity_buffer[31][4]_i_1_n_0  |                2 |              5 |         2.50 |
|  clk_IBUF_BUFG                                | u_sad_matcher_top/disparity_buffer[32][4]_i_2_n_0                 | u_sad_matcher_top/disparity_buffer[32][4]_i_1_n_0  |                1 |              5 |         5.00 |
|  clk_IBUF_BUFG                                | u_sad_matcher_top/disparity_buffer[45][4]_i_2_n_0                 | u_sad_matcher_top/disparity_buffer[45][4]_i_1_n_0  |                1 |              5 |         5.00 |
|  clk_IBUF_BUFG                                | u_sad_matcher_top/disparity_buffer[36][4]_i_2_n_0                 | u_sad_matcher_top/disparity_buffer[36][4]_i_1_n_0  |                2 |              5 |         2.50 |
|  clk_IBUF_BUFG                                | u_sad_matcher_top/disparity_buffer[46][4]_i_2_n_0                 | u_sad_matcher_top/disparity_buffer[46][4]_i_1_n_0  |                3 |              5 |         1.67 |
|  clk_IBUF_BUFG                                | u_sad_matcher_top/disparity_buffer[216][4]_i_2_n_0                | u_sad_matcher_top/disparity_buffer[216][4]_i_1_n_0 |                1 |              5 |         5.00 |
|  clk_IBUF_BUFG                                | u_sad_matcher_top/disparity_buffer[64][4]_i_2_n_0                 | u_sad_matcher_top/disparity_buffer[64][4]_i_1_n_0  |                1 |              5 |         5.00 |
|  clk_IBUF_BUFG                                | u_disparity_generator/FSM_onehot_state[2]_i_1_n_0                 | reset_IBUF                                         |                2 |              5 |         2.50 |
|  clk_IBUF_BUFG                                | u_sad_matcher_top/disparity_buffer[4][4]_i_2_n_0                  | u_sad_matcher_top/disparity_buffer[4][4]_i_1_n_0   |                1 |              5 |         5.00 |
|  clk_IBUF_BUFG                                | u_sad_matcher_top/disparity_buffer[61][4]_i_2_n_0                 | u_sad_matcher_top/disparity_buffer[61][4]_i_1_n_0  |                2 |              5 |         2.50 |
|  clk_IBUF_BUFG                                | u_sad_matcher_top/disparity_buffer[66][4]_i_2_n_0                 | u_sad_matcher_top/disparity_buffer[66][4]_i_1_n_0  |                1 |              5 |         5.00 |
|  clk_IBUF_BUFG                                | u_sad_matcher_top/disparity_buffer[63][4]_i_2_n_0                 | u_sad_matcher_top/disparity_buffer[63][4]_i_1_n_0  |                2 |              5 |         2.50 |
|  clk_IBUF_BUFG                                | u_sad_matcher_top/disparity_buffer[55][4]_i_2_n_0                 | u_sad_matcher_top/disparity_buffer[55][4]_i_1_n_0  |                1 |              5 |         5.00 |
|  clk_IBUF_BUFG                                | u_sad_matcher_top/disparity_buffer[68][4]_i_2_n_0                 | u_sad_matcher_top/disparity_buffer[68][4]_i_1_n_0  |                1 |              5 |         5.00 |
|  clk_IBUF_BUFG                                | u_sad_matcher_top/disparity_buffer[65][4]_i_2_n_0                 | u_sad_matcher_top/disparity_buffer[65][4]_i_1_n_0  |                1 |              5 |         5.00 |
|  clk_IBUF_BUFG                                | u_sad_matcher_top/disparity_buffer[70][4]_i_2_n_0                 | u_sad_matcher_top/disparity_buffer[70][4]_i_1_n_0  |                1 |              5 |         5.00 |
|  clk_IBUF_BUFG                                | u_sad_matcher_top/disparity_buffer[48][4]_i_2_n_0                 | u_sad_matcher_top/disparity_buffer[48][4]_i_1_n_0  |                2 |              5 |         2.50 |
|  clk_IBUF_BUFG                                | u_sad_matcher_top/disparity_buffer[60][4]_i_2_n_0                 | u_sad_matcher_top/disparity_buffer[60][4]_i_1_n_0  |                1 |              5 |         5.00 |
|  clk_IBUF_BUFG                                | u_sad_matcher_top/disparity_buffer[6][4]_i_2_n_0                  | u_sad_matcher_top/disparity_buffer[6][4]_i_1_n_0   |                1 |              5 |         5.00 |
|  clk_IBUF_BUFG                                | u_sad_matcher_top/disparity_buffer[67][4]_i_2_n_0                 | u_sad_matcher_top/disparity_buffer[67][4]_i_1_n_0  |                1 |              5 |         5.00 |
|  clk_IBUF_BUFG                                | u_sad_matcher_top/disparity_buffer[5][4]_i_2_n_0                  | u_sad_matcher_top/disparity_buffer[5][4]_i_1_n_0   |                4 |              5 |         1.25 |
|  clk_IBUF_BUFG                                | u_sad_matcher_top/disparity_buffer[71][4]_i_2_n_0                 | u_sad_matcher_top/disparity_buffer[71][4]_i_1_n_0  |                1 |              5 |         5.00 |
|  clk_IBUF_BUFG                                | u_sad_matcher_top/disparity_buffer[72][4]_i_2_n_0                 | u_sad_matcher_top/disparity_buffer[72][4]_i_1_n_0  |                1 |              5 |         5.00 |
|  clk_IBUF_BUFG                                | u_sad_matcher_top/disparity_buffer[49][4]_i_2_n_0                 | u_sad_matcher_top/disparity_buffer[49][4]_i_1_n_0  |                1 |              5 |         5.00 |
|  clk_IBUF_BUFG                                | u_sad_matcher_top/disparity_buffer[54][4]_i_2_n_0                 | u_sad_matcher_top/disparity_buffer[54][4]_i_1_n_0  |                4 |              5 |         1.25 |
|  clk_IBUF_BUFG                                | u_sad_matcher_top/disparity_buffer[52][4]_i_2_n_0                 | u_sad_matcher_top/disparity_buffer[52][4]_i_1_n_0  |                2 |              5 |         2.50 |
|  clk_IBUF_BUFG                                | u_sad_matcher_top/disparity_buffer[57][4]_i_2_n_0                 | u_sad_matcher_top/disparity_buffer[57][4]_i_1_n_0  |                1 |              5 |         5.00 |
|  clk_IBUF_BUFG                                | u_sad_matcher_top/disparity_buffer[62][4]_i_2_n_0                 | u_sad_matcher_top/disparity_buffer[62][4]_i_1_n_0  |                1 |              5 |         5.00 |
|  clk_IBUF_BUFG                                | u_sad_matcher_top/disparity_buffer[51][4]_i_2_n_0                 | u_sad_matcher_top/disparity_buffer[51][4]_i_1_n_0  |                1 |              5 |         5.00 |
|  clk_IBUF_BUFG                                | u_sad_matcher_top/disparity_buffer[56][4]_i_2_n_0                 | u_sad_matcher_top/disparity_buffer[56][4]_i_1_n_0  |                2 |              5 |         2.50 |
|  clk_IBUF_BUFG                                | u_sad_matcher_top/disparity_buffer[59][4]_i_2_n_0                 | u_sad_matcher_top/disparity_buffer[59][4]_i_1_n_0  |                1 |              5 |         5.00 |
|  clk_IBUF_BUFG                                | u_sad_matcher_top/disparity_buffer[50][4]_i_2_n_0                 | u_sad_matcher_top/disparity_buffer[50][4]_i_1_n_0  |                1 |              5 |         5.00 |
|  clk_IBUF_BUFG                                | u_sad_matcher_top/disparity_buffer[69][4]_i_2_n_0                 | u_sad_matcher_top/disparity_buffer[69][4]_i_1_n_0  |                2 |              5 |         2.50 |
|  clk_IBUF_BUFG                                | u_sad_matcher_top/disparity_buffer[47][4]_i_2_n_0                 | u_sad_matcher_top/disparity_buffer[47][4]_i_1_n_0  |                1 |              5 |         5.00 |
|  clk_IBUF_BUFG                                | u_sad_matcher_top/disparity_buffer[58][4]_i_2_n_0                 | u_sad_matcher_top/disparity_buffer[58][4]_i_1_n_0  |                1 |              5 |         5.00 |
|  clk_IBUF_BUFG                                | u_sad_matcher_top/disparity_buffer[53][4]_i_2_n_0                 | u_sad_matcher_top/disparity_buffer[53][4]_i_1_n_0  |                1 |              5 |         5.00 |
|  clk_IBUF_BUFG                                | u_sad_matcher_top/disparity_buffer[79][4]_i_2_n_0                 | u_sad_matcher_top/disparity_buffer[79][4]_i_1_n_0  |                4 |              5 |         1.25 |
|  clk_IBUF_BUFG                                | u_sad_matcher_top/disparity_buffer[86][4]_i_2_n_0                 | u_sad_matcher_top/disparity_buffer[86][4]_i_1_n_0  |                1 |              5 |         5.00 |
|  clk_IBUF_BUFG                                | u_sad_matcher_top/disparity_buffer[90][4]_i_2_n_0                 | u_sad_matcher_top/disparity_buffer[90][4]_i_1_n_0  |                4 |              5 |         1.25 |
|  clk_IBUF_BUFG                                | u_sad_matcher_top/disparity_buffer[75][4]_i_2_n_0                 | u_sad_matcher_top/disparity_buffer[75][4]_i_1_n_0  |                1 |              5 |         5.00 |
|  clk_IBUF_BUFG                                | u_sad_matcher_top/disparity_buffer[74][4]_i_2_n_0                 | u_sad_matcher_top/disparity_buffer[74][4]_i_1_n_0  |                1 |              5 |         5.00 |
|  clk_IBUF_BUFG                                | u_sad_matcher_top/disparity_buffer[8][4]_i_2_n_0                  | u_sad_matcher_top/disparity_buffer[8][4]_i_1_n_0   |                1 |              5 |         5.00 |
|  clk_IBUF_BUFG                                | u_sad_matcher_top/disparity_buffer[7][4]_i_2_n_0                  | u_sad_matcher_top/disparity_buffer[7][4]_i_1_n_0   |                1 |              5 |         5.00 |
|  clk_IBUF_BUFG                                | u_sad_matcher_top/disparity_buffer[87][4]_i_2_n_0                 | u_sad_matcher_top/disparity_buffer[87][4]_i_1_n_0  |                1 |              5 |         5.00 |
|  clk_IBUF_BUFG                                | u_sad_matcher_top/disparity_buffer[76][4]_i_2_n_0                 | u_sad_matcher_top/disparity_buffer[76][4]_i_1_n_0  |                1 |              5 |         5.00 |
|  clk_IBUF_BUFG                                | u_sad_matcher_top/disparity_buffer[78][4]_i_2_n_0                 | u_sad_matcher_top/disparity_buffer[78][4]_i_1_n_0  |                3 |              5 |         1.67 |
|  clk_IBUF_BUFG                                | u_sad_matcher_top/disparity_buffer[80][4]_i_2_n_0                 | u_sad_matcher_top/disparity_buffer[80][4]_i_1_n_0  |                1 |              5 |         5.00 |
|  clk_IBUF_BUFG                                | u_sad_matcher_top/disparity_buffer[77][4]_i_2_n_0                 | u_sad_matcher_top/disparity_buffer[77][4]_i_1_n_0  |                2 |              5 |         2.50 |
|  clk_IBUF_BUFG                                | u_sad_matcher_top/disparity_buffer[82][4]_i_2_n_0                 | u_sad_matcher_top/disparity_buffer[82][4]_i_1_n_0  |                1 |              5 |         5.00 |
|  clk_IBUF_BUFG                                | u_sad_matcher_top/disparity_buffer[83][4]_i_2_n_0                 | u_sad_matcher_top/disparity_buffer[83][4]_i_1_n_0  |                1 |              5 |         5.00 |
|  clk_IBUF_BUFG                                | u_sad_matcher_top/disparity_buffer[85][4]_i_2_n_0                 | u_sad_matcher_top/disparity_buffer[85][4]_i_1_n_0  |                1 |              5 |         5.00 |
|  clk_IBUF_BUFG                                | u_sad_matcher_top/disparity_buffer[88][4]_i_2_n_0                 | u_sad_matcher_top/disparity_buffer[88][4]_i_1_n_0  |                2 |              5 |         2.50 |
|  clk_IBUF_BUFG                                | u_sad_matcher_top/disparity_buffer[93][4]_i_2_n_0                 | u_sad_matcher_top/disparity_buffer[93][4]_i_1_n_0  |                2 |              5 |         2.50 |
|  clk_IBUF_BUFG                                | u_sad_matcher_top/disparity_buffer[98][4]_i_2_n_0                 | u_sad_matcher_top/disparity_buffer[98][4]_i_1_n_0  |                1 |              5 |         5.00 |
|  clk_IBUF_BUFG                                | u_sad_matcher_top/disparity_buffer[92][4]_i_2_n_0                 | u_sad_matcher_top/disparity_buffer[92][4]_i_1_n_0  |                2 |              5 |         2.50 |
|  clk_IBUF_BUFG                                | u_sad_matcher_top/disparity_buffer[99][4]_i_2_n_0                 | u_sad_matcher_top/disparity_buffer[99][4]_i_1_n_0  |                4 |              5 |         1.25 |
|  clk_IBUF_BUFG                                | u_sad_matcher_top/disparity_buffer[91][4]_i_2_n_0                 | u_sad_matcher_top/disparity_buffer[91][4]_i_1_n_0  |                1 |              5 |         5.00 |
|  clk_IBUF_BUFG                                | u_sad_matcher_top/disparity_buffer[73][4]_i_2_n_0                 | u_sad_matcher_top/disparity_buffer[73][4]_i_1_n_0  |                1 |              5 |         5.00 |
|  clk_IBUF_BUFG                                | u_sad_matcher_top/disparity_buffer[89][4]_i_2_n_0                 | u_sad_matcher_top/disparity_buffer[89][4]_i_1_n_0  |                1 |              5 |         5.00 |
|  clk_IBUF_BUFG                                | u_sad_matcher_top/disparity_buffer[94][4]_i_2_n_0                 | u_sad_matcher_top/disparity_buffer[94][4]_i_1_n_0  |                1 |              5 |         5.00 |
|  clk_IBUF_BUFG                                | u_sad_matcher_top/disparity_buffer[84][4]_i_2_n_0                 | u_sad_matcher_top/disparity_buffer[84][4]_i_1_n_0  |                1 |              5 |         5.00 |
|  clk_IBUF_BUFG                                | u_sad_matcher_top/disparity_buffer[95][4]_i_2_n_0                 | u_sad_matcher_top/disparity_buffer[95][4]_i_1_n_0  |                1 |              5 |         5.00 |
|  clk_IBUF_BUFG                                | u_sad_matcher_top/disparity_buffer[96][4]_i_2_n_0                 | u_sad_matcher_top/disparity_buffer[96][4]_i_1_n_0  |                1 |              5 |         5.00 |
|  clk_IBUF_BUFG                                | u_sad_matcher_top/disparity_buffer[81][4]_i_2_n_0                 | u_sad_matcher_top/disparity_buffer[81][4]_i_1_n_0  |                1 |              5 |         5.00 |
|  clk_IBUF_BUFG                                | u_sad_matcher_top/disparity_buffer[97][4]_i_2_n_0                 | u_sad_matcher_top/disparity_buffer[97][4]_i_1_n_0  |                2 |              5 |         2.50 |
|  clk_IBUF_BUFG                                | u_sad_matcher_top/disparity_buffer[9][4]_i_2_n_0                  | u_sad_matcher_top/disparity_buffer[9][4]_i_1_n_0   |                2 |              5 |         2.50 |
|  clk_IBUF_BUFG                                | u_sad_matcher_top/disparity_buffer[0][4]_i_2_n_0                  | u_sad_matcher_top/disparity_buffer[0][4]_i_1_n_0   |                2 |              5 |         2.50 |
|  clk_IBUF_BUFG                                | u_sad_matcher_top/disparity_buffer[103][4]_i_2_n_0                | u_sad_matcher_top/disparity_buffer[103][4]_i_1_n_0 |                1 |              5 |         5.00 |
|  clk_IBUF_BUFG                                | u_sad_matcher_top/disparity_buffer[10][4]_i_2_n_0                 | u_sad_matcher_top/disparity_buffer[10][4]_i_1_n_0  |                1 |              5 |         5.00 |
|  clk_IBUF_BUFG                                | u_sad_matcher_top/disparity_buffer[114][4]_i_2_n_0                | u_sad_matcher_top/disparity_buffer[114][4]_i_1_n_0 |                1 |              5 |         5.00 |
|  clk_IBUF_BUFG                                | u_sad_matcher_top/disparity_buffer[118][4]_i_2_n_0                | u_sad_matcher_top/disparity_buffer[118][4]_i_1_n_0 |                1 |              5 |         5.00 |
|  clk_IBUF_BUFG                                | u_sad_matcher_top/disparity_buffer[112][4]_i_2_n_0                | u_sad_matcher_top/disparity_buffer[112][4]_i_1_n_0 |                1 |              5 |         5.00 |
|  clk_IBUF_BUFG                                | u_sad_matcher_top/disparity_buffer[106][4]_i_2_n_0                | u_sad_matcher_top/disparity_buffer[106][4]_i_1_n_0 |                1 |              5 |         5.00 |
|  clk_IBUF_BUFG                                | u_sad_matcher_top/disparity_buffer[107][4]_i_2_n_0                | u_sad_matcher_top/disparity_buffer[107][4]_i_1_n_0 |                1 |              5 |         5.00 |
|  clk_IBUF_BUFG                                | u_sad_matcher_top/disparity_buffer[100][4]_i_2_n_0                | u_sad_matcher_top/disparity_buffer[100][4]_i_1_n_0 |                1 |              5 |         5.00 |
|  clk_IBUF_BUFG                                | u_sad_matcher_top/disparity_buffer[108][4]_i_2_n_0                | u_sad_matcher_top/disparity_buffer[108][4]_i_1_n_0 |                1 |              5 |         5.00 |
|  clk_IBUF_BUFG                                | u_sad_matcher_top/disparity_buffer[110][4]_i_2_n_0                | u_sad_matcher_top/disparity_buffer[110][4]_i_1_n_0 |                4 |              5 |         1.25 |
|  clk_IBUF_BUFG                                | u_sad_matcher_top/disparity_buffer[117][4]_i_2_n_0                | u_sad_matcher_top/disparity_buffer[117][4]_i_1_n_0 |                1 |              5 |         5.00 |
|  clk_IBUF_BUFG                                | u_sad_matcher_top/disparity_buffer[121][4]_i_2_n_0                | u_sad_matcher_top/disparity_buffer[121][4]_i_1_n_0 |                1 |              5 |         5.00 |
|  clk_IBUF_BUFG                                | u_sad_matcher_top/disparity_buffer[101][4]_i_2_n_0                | u_sad_matcher_top/disparity_buffer[101][4]_i_1_n_0 |                1 |              5 |         5.00 |
|  clk_IBUF_BUFG                                | u_sad_matcher_top/disparity_buffer[105][4]_i_2_n_0                | u_sad_matcher_top/disparity_buffer[105][4]_i_1_n_0 |                1 |              5 |         5.00 |
|  clk_IBUF_BUFG                                | u_sad_matcher_top/disparity_buffer[120][4]_i_2_n_0                | u_sad_matcher_top/disparity_buffer[120][4]_i_1_n_0 |                1 |              5 |         5.00 |
|  clk_IBUF_BUFG                                | u_sad_matcher_top/disparity_buffer[122][4]_i_2_n_0                | u_sad_matcher_top/disparity_buffer[122][4]_i_1_n_0 |                1 |              5 |         5.00 |
|  clk_IBUF_BUFG                                | u_sad_matcher_top/disparity_buffer[111][4]_i_2_n_0                | u_sad_matcher_top/disparity_buffer[111][4]_i_1_n_0 |                1 |              5 |         5.00 |
|  clk_IBUF_BUFG                                | u_sad_matcher_top/disparity_buffer[123][4]_i_2_n_0                | u_sad_matcher_top/disparity_buffer[123][4]_i_1_n_0 |                2 |              5 |         2.50 |
|  clk_IBUF_BUFG                                | u_sad_matcher_top/disparity_buffer[119][4]_i_2_n_0                | u_sad_matcher_top/disparity_buffer[119][4]_i_1_n_0 |                3 |              5 |         1.67 |
|  clk_IBUF_BUFG                                | u_sad_matcher_top/disparity_buffer[113][4]_i_2_n_0                | u_sad_matcher_top/disparity_buffer[113][4]_i_1_n_0 |                2 |              5 |         2.50 |
|  clk_IBUF_BUFG                                | u_sad_matcher_top/disparity_buffer[102][4]_i_2_n_0                | u_sad_matcher_top/disparity_buffer[102][4]_i_1_n_0 |                1 |              5 |         5.00 |
|  clk_IBUF_BUFG                                | u_sad_matcher_top/disparity_buffer[109][4]_i_2_n_0                | u_sad_matcher_top/disparity_buffer[109][4]_i_1_n_0 |                1 |              5 |         5.00 |
|  clk_IBUF_BUFG                                | u_sad_matcher_top/disparity_buffer[11][4]_i_2_n_0                 | u_sad_matcher_top/disparity_buffer[11][4]_i_1_n_0  |                1 |              5 |         5.00 |
|  clk_IBUF_BUFG                                | u_sad_matcher_top/disparity_buffer[124][4]_i_2_n_0                | u_sad_matcher_top/disparity_buffer[124][4]_i_1_n_0 |                3 |              5 |         1.67 |
|  clk_IBUF_BUFG                                | u_sad_matcher_top/disparity_buffer[115][4]_i_2_n_0                | u_sad_matcher_top/disparity_buffer[115][4]_i_1_n_0 |                1 |              5 |         5.00 |
|  clk_IBUF_BUFG                                | u_sad_matcher_top/disparity_buffer[116][4]_i_2_n_0                | u_sad_matcher_top/disparity_buffer[116][4]_i_1_n_0 |                1 |              5 |         5.00 |
|  clk_IBUF_BUFG                                | u_sad_matcher_top/disparity_buffer[104][4]_i_2_n_0                | u_sad_matcher_top/disparity_buffer[104][4]_i_1_n_0 |                2 |              5 |         2.50 |
|  clk_IBUF_BUFG                                | u_sad_matcher_top/disparity_buffer[127][4]_i_2_n_0                | u_sad_matcher_top/disparity_buffer[127][4]_i_1_n_0 |                1 |              5 |         5.00 |
|  clk_IBUF_BUFG                                | u_sad_matcher_top/disparity_buffer[146][4]_i_2_n_0                | u_sad_matcher_top/disparity_buffer[146][4]_i_1_n_0 |                1 |              5 |         5.00 |
|  clk_IBUF_BUFG                                | u_sad_matcher_top/disparity_buffer[142][4]_i_2_n_0                | u_sad_matcher_top/disparity_buffer[142][4]_i_1_n_0 |                1 |              5 |         5.00 |
|  clk_IBUF_BUFG                                | u_sad_matcher_top/disparity_buffer[138][4]_i_2_n_0                | u_sad_matcher_top/disparity_buffer[138][4]_i_1_n_0 |                1 |              5 |         5.00 |
|  clk_IBUF_BUFG                                | u_sad_matcher_top/disparity_buffer[150][4]_i_2_n_0                | u_sad_matcher_top/disparity_buffer[150][4]_i_1_n_0 |                1 |              5 |         5.00 |
|  clk_IBUF_BUFG                                | u_sad_matcher_top/disparity_buffer[135][4]_i_2_n_0                | u_sad_matcher_top/disparity_buffer[135][4]_i_1_n_0 |                1 |              5 |         5.00 |
|  clk_IBUF_BUFG                                | u_sad_matcher_top/disparity_buffer[136][4]_i_2_n_0                | u_sad_matcher_top/disparity_buffer[136][4]_i_1_n_0 |                1 |              5 |         5.00 |
|  clk_IBUF_BUFG                                | u_sad_matcher_top/disparity_buffer[128][4]_i_2_n_0                | u_sad_matcher_top/disparity_buffer[128][4]_i_1_n_0 |                1 |              5 |         5.00 |
|  clk_IBUF_BUFG                                | u_sad_matcher_top/disparity_buffer[132][4]_i_2_n_0                | u_sad_matcher_top/disparity_buffer[132][4]_i_1_n_0 |                1 |              5 |         5.00 |
|  clk_IBUF_BUFG                                | u_sad_matcher_top/disparity_buffer[143][4]_i_2_n_0                | u_sad_matcher_top/disparity_buffer[143][4]_i_1_n_0 |                1 |              5 |         5.00 |
|  clk_IBUF_BUFG                                | u_sad_matcher_top/disparity_buffer[144][4]_i_2_n_0                | u_sad_matcher_top/disparity_buffer[144][4]_i_1_n_0 |                1 |              5 |         5.00 |
|  clk_IBUF_BUFG                                | u_sad_matcher_top/disparity_buffer[141][4]_i_2_n_0                | u_sad_matcher_top/disparity_buffer[141][4]_i_1_n_0 |                2 |              5 |         2.50 |
|  clk_IBUF_BUFG                                | u_sad_matcher_top/disparity_buffer[125][4]_i_2_n_0                | u_sad_matcher_top/disparity_buffer[125][4]_i_1_n_0 |                1 |              5 |         5.00 |
|  clk_IBUF_BUFG                                | u_sad_matcher_top/disparity_buffer[126][4]_i_2_n_0                | u_sad_matcher_top/disparity_buffer[126][4]_i_1_n_0 |                3 |              5 |         1.67 |
|  clk_IBUF_BUFG                                | u_sad_matcher_top/disparity_buffer[129][4]_i_2_n_0                | u_sad_matcher_top/disparity_buffer[129][4]_i_1_n_0 |                2 |              5 |         2.50 |
|  clk_IBUF_BUFG                                | u_sad_matcher_top/disparity_buffer[137][4]_i_2_n_0                | u_sad_matcher_top/disparity_buffer[137][4]_i_1_n_0 |                1 |              5 |         5.00 |
|  clk_IBUF_BUFG                                | u_sad_matcher_top/disparity_buffer[13][4]_i_2_n_0                 | u_sad_matcher_top/disparity_buffer[13][4]_i_1_n_0  |                1 |              5 |         5.00 |
|  clk_IBUF_BUFG                                | u_sad_matcher_top/disparity_buffer[139][4]_i_2_n_0                | u_sad_matcher_top/disparity_buffer[139][4]_i_1_n_0 |                1 |              5 |         5.00 |
|  clk_IBUF_BUFG                                | u_sad_matcher_top/disparity_buffer[145][4]_i_2_n_0                | u_sad_matcher_top/disparity_buffer[145][4]_i_1_n_0 |                1 |              5 |         5.00 |
|  clk_IBUF_BUFG                                | u_sad_matcher_top/disparity_buffer[131][4]_i_2_n_0                | u_sad_matcher_top/disparity_buffer[131][4]_i_1_n_0 |                1 |              5 |         5.00 |
|  clk_IBUF_BUFG                                | u_sad_matcher_top/disparity_buffer[130][4]_i_2_n_0                | u_sad_matcher_top/disparity_buffer[130][4]_i_1_n_0 |                1 |              5 |         5.00 |
|  clk_IBUF_BUFG                                | u_sad_matcher_top/disparity_buffer[149][4]_i_2_n_0                | u_sad_matcher_top/disparity_buffer[149][4]_i_1_n_0 |                1 |              5 |         5.00 |
|  clk_IBUF_BUFG                                | u_sad_matcher_top/disparity_buffer[148][4]_i_2_n_0                | u_sad_matcher_top/disparity_buffer[148][4]_i_1_n_0 |                1 |              5 |         5.00 |
|  clk_IBUF_BUFG                                | u_sad_matcher_top/disparity_buffer[133][4]_i_2_n_0                | u_sad_matcher_top/disparity_buffer[133][4]_i_1_n_0 |                1 |              5 |         5.00 |
|  clk_IBUF_BUFG                                | u_sad_matcher_top/disparity_buffer[140][4]_i_2_n_0                | u_sad_matcher_top/disparity_buffer[140][4]_i_1_n_0 |                5 |              5 |         1.00 |
|  clk_IBUF_BUFG                                | u_sad_matcher_top/disparity_buffer[12][4]_i_2_n_0                 | u_sad_matcher_top/disparity_buffer[12][4]_i_1_n_0  |                1 |              5 |         5.00 |
|  clk_IBUF_BUFG                                | u_sad_matcher_top/disparity_buffer[147][4]_i_2_n_0                | u_sad_matcher_top/disparity_buffer[147][4]_i_1_n_0 |                2 |              5 |         2.50 |
|  clk_IBUF_BUFG                                | u_sad_matcher_top/disparity_buffer[14][4]_i_2_n_0                 | u_sad_matcher_top/disparity_buffer[14][4]_i_1_n_0  |                3 |              5 |         1.67 |
|  clk_IBUF_BUFG                                | u_sad_matcher_top/disparity_buffer[151][4]_i_2_n_0                | u_sad_matcher_top/disparity_buffer[151][4]_i_1_n_0 |                1 |              5 |         5.00 |
|  clk_IBUF_BUFG                                | u_sad_matcher_top/disparity_buffer[134][4]_i_2_n_0                | u_sad_matcher_top/disparity_buffer[134][4]_i_1_n_0 |                2 |              5 |         2.50 |
|  clk_IBUF_BUFG                                | u_sad_matcher_top/disparity_buffer[154][4]_i_2_n_0                | u_sad_matcher_top/disparity_buffer[154][4]_i_1_n_0 |                1 |              5 |         5.00 |
|  clk_IBUF_BUFG                                | u_sad_matcher_top/disparity_buffer[157][4]_i_2_n_0                | u_sad_matcher_top/disparity_buffer[157][4]_i_1_n_0 |                1 |              5 |         5.00 |
|  clk_IBUF_BUFG                                | u_sad_matcher_top/disparity_buffer[161][4]_i_2_n_0                | u_sad_matcher_top/disparity_buffer[161][4]_i_1_n_0 |                1 |              5 |         5.00 |
|  clk_IBUF_BUFG                                | u_sad_matcher_top/disparity_buffer[174][4]_i_2_n_0                | u_sad_matcher_top/disparity_buffer[174][4]_i_1_n_0 |                1 |              5 |         5.00 |
|  clk_IBUF_BUFG                                | u_sad_matcher_top/disparity_buffer[175][4]_i_2_n_0                | u_sad_matcher_top/disparity_buffer[175][4]_i_1_n_0 |                5 |              5 |         1.00 |
|  clk_IBUF_BUFG                                | u_sad_matcher_top/disparity_buffer[177][4]_i_2_n_0                | u_sad_matcher_top/disparity_buffer[177][4]_i_1_n_0 |                2 |              5 |         2.50 |
|  clk_IBUF_BUFG                                | u_sad_matcher_top/disparity_buffer[170][4]_i_2_n_0                | u_sad_matcher_top/disparity_buffer[170][4]_i_1_n_0 |                1 |              5 |         5.00 |
|  clk_IBUF_BUFG                                | u_sad_matcher_top/disparity_buffer[159][4]_i_2_n_0                | u_sad_matcher_top/disparity_buffer[159][4]_i_1_n_0 |                1 |              5 |         5.00 |
|  clk_IBUF_BUFG                                | u_sad_matcher_top/disparity_buffer[15][4]_i_2_n_0                 | u_sad_matcher_top/disparity_buffer[15][4]_i_1_n_0  |                1 |              5 |         5.00 |
|  clk_IBUF_BUFG                                | u_sad_matcher_top/disparity_buffer[165][4]_i_2_n_0                | u_sad_matcher_top/disparity_buffer[165][4]_i_1_n_0 |                1 |              5 |         5.00 |
|  clk_IBUF_BUFG                                | u_sad_matcher_top/disparity_buffer[16][4]_i_2_n_0                 | u_sad_matcher_top/disparity_buffer[16][4]_i_1_n_0  |                1 |              5 |         5.00 |
|  clk_IBUF_BUFG                                | u_sad_matcher_top/disparity_buffer[172][4]_i_2_n_0                | u_sad_matcher_top/disparity_buffer[172][4]_i_1_n_0 |                1 |              5 |         5.00 |
|  clk_IBUF_BUFG                                | u_sad_matcher_top/disparity_buffer[176][4]_i_2_n_0                | u_sad_matcher_top/disparity_buffer[176][4]_i_1_n_0 |                4 |              5 |         1.25 |
|  clk_IBUF_BUFG                                | u_sad_matcher_top/disparity_buffer[166][4]_i_2_n_0                | u_sad_matcher_top/disparity_buffer[166][4]_i_1_n_0 |                1 |              5 |         5.00 |
|  clk_IBUF_BUFG                                | u_sad_matcher_top/disparity_buffer[178][4]_i_2_n_0                | u_sad_matcher_top/disparity_buffer[178][4]_i_1_n_0 |                2 |              5 |         2.50 |
|  clk_IBUF_BUFG                                | u_sad_matcher_top/disparity_buffer[164][4]_i_2_n_0                | u_sad_matcher_top/disparity_buffer[164][4]_i_1_n_0 |                1 |              5 |         5.00 |
|  clk_IBUF_BUFG                                | u_sad_matcher_top/disparity_buffer[152][4]_i_2_n_0                | u_sad_matcher_top/disparity_buffer[152][4]_i_1_n_0 |                5 |              5 |         1.00 |
|  clk_IBUF_BUFG                                | u_sad_matcher_top/disparity_buffer[156][4]_i_2_n_0                | u_sad_matcher_top/disparity_buffer[156][4]_i_1_n_0 |                2 |              5 |         2.50 |
|  clk_IBUF_BUFG                                | u_sad_matcher_top/disparity_buffer[160][4]_i_2_n_0                | u_sad_matcher_top/disparity_buffer[160][4]_i_1_n_0 |                1 |              5 |         5.00 |
|  clk_IBUF_BUFG                                | u_sad_matcher_top/disparity_buffer[153][4]_i_2_n_0                | u_sad_matcher_top/disparity_buffer[153][4]_i_1_n_0 |                2 |              5 |         2.50 |
|  clk_IBUF_BUFG                                | u_sad_matcher_top/disparity_buffer[168][4]_i_2_n_0                | u_sad_matcher_top/disparity_buffer[168][4]_i_1_n_0 |                2 |              5 |         2.50 |
|  clk_IBUF_BUFG                                | u_sad_matcher_top/disparity_buffer[171][4]_i_2_n_0                | u_sad_matcher_top/disparity_buffer[171][4]_i_1_n_0 |                1 |              5 |         5.00 |
|  clk_IBUF_BUFG                                | u_sad_matcher_top/disparity_buffer[155][4]_i_2_n_0                | u_sad_matcher_top/disparity_buffer[155][4]_i_1_n_0 |                2 |              5 |         2.50 |
|  clk_IBUF_BUFG                                | u_sad_matcher_top/disparity_buffer[162][4]_i_2_n_0                | u_sad_matcher_top/disparity_buffer[162][4]_i_1_n_0 |                1 |              5 |         5.00 |
|  clk_IBUF_BUFG                                | u_sad_matcher_top/disparity_buffer[163][4]_i_2_n_0                | u_sad_matcher_top/disparity_buffer[163][4]_i_1_n_0 |                1 |              5 |         5.00 |
|  clk_IBUF_BUFG                                | u_sad_matcher_top/disparity_buffer[167][4]_i_2_n_0                | u_sad_matcher_top/disparity_buffer[167][4]_i_1_n_0 |                1 |              5 |         5.00 |
|  clk_IBUF_BUFG                                | u_sad_matcher_top/disparity_buffer[169][4]_i_2_n_0                | u_sad_matcher_top/disparity_buffer[169][4]_i_1_n_0 |                1 |              5 |         5.00 |
|  clk_IBUF_BUFG                                | u_sad_matcher_top/disparity_buffer[158][4]_i_2_n_0                | u_sad_matcher_top/disparity_buffer[158][4]_i_1_n_0 |                1 |              5 |         5.00 |
|  clk_IBUF_BUFG                                | u_sad_matcher_top/disparity_buffer[173][4]_i_2_n_0                | u_sad_matcher_top/disparity_buffer[173][4]_i_1_n_0 |                1 |              5 |         5.00 |
|  clk_IBUF_BUFG                                | u_sad_matcher_top/disparity_buffer[184][4]_i_2_n_0                | u_sad_matcher_top/disparity_buffer[184][4]_i_1_n_0 |                1 |              5 |         5.00 |
|  clk_IBUF_BUFG                                | u_sad_matcher_top/disparity_buffer[190][4]_i_2_n_0                | u_sad_matcher_top/disparity_buffer[190][4]_i_1_n_0 |                1 |              5 |         5.00 |
|  clk_IBUF_BUFG                                | u_sad_matcher_top/disparity_buffer[195][4]_i_2_n_0                | u_sad_matcher_top/disparity_buffer[195][4]_i_1_n_0 |                3 |              5 |         1.67 |
|  clk_IBUF_BUFG                                | u_sad_matcher_top/disparity_buffer[189][4]_i_2_n_0                | u_sad_matcher_top/disparity_buffer[189][4]_i_1_n_0 |                1 |              5 |         5.00 |
|  clk_IBUF_BUFG                                | u_sad_matcher_top/disparity_buffer[191][4]_i_2_n_0                | u_sad_matcher_top/disparity_buffer[191][4]_i_1_n_0 |                1 |              5 |         5.00 |
|  clk_IBUF_BUFG                                | u_sad_matcher_top/disparity_buffer[196][4]_i_2_n_0                | u_sad_matcher_top/disparity_buffer[196][4]_i_1_n_0 |                1 |              5 |         5.00 |
|  clk_IBUF_BUFG                                | u_sad_matcher_top/disparity_buffer[182][4]_i_2_n_0                | u_sad_matcher_top/disparity_buffer[182][4]_i_1_n_0 |                1 |              5 |         5.00 |
|  clk_IBUF_BUFG                                | u_sad_matcher_top/disparity_buffer[188][4]_i_2_n_0                | u_sad_matcher_top/disparity_buffer[188][4]_i_1_n_0 |                2 |              5 |         2.50 |
|  clk_IBUF_BUFG                                | u_sad_matcher_top/disparity_buffer[198][4]_i_2_n_0                | u_sad_matcher_top/disparity_buffer[198][4]_i_1_n_0 |                1 |              5 |         5.00 |
|  clk_IBUF_BUFG                                | u_sad_matcher_top/disparity_buffer[17][4]_i_2_n_0                 | u_sad_matcher_top/disparity_buffer[17][4]_i_1_n_0  |                1 |              5 |         5.00 |
|  clk_IBUF_BUFG                                | u_sad_matcher_top/disparity_buffer[200][4]_i_2_n_0                | u_sad_matcher_top/disparity_buffer[200][4]_i_1_n_0 |                1 |              5 |         5.00 |
|  clk_IBUF_BUFG                                | u_sad_matcher_top/disparity_buffer[1][4]_i_2_n_0                  | u_sad_matcher_top/disparity_buffer[1][4]_i_1_n_0   |                3 |              5 |         1.67 |
|  clk_IBUF_BUFG                                | u_sad_matcher_top/disparity_buffer[201][4]_i_2_n_0                | u_sad_matcher_top/disparity_buffer[201][4]_i_1_n_0 |                2 |              5 |         2.50 |
|  clk_IBUF_BUFG                                | u_sad_matcher_top/disparity_buffer[186][4]_i_2_n_0                | u_sad_matcher_top/disparity_buffer[186][4]_i_1_n_0 |                1 |              5 |         5.00 |
|  clk_IBUF_BUFG                                | u_sad_matcher_top/disparity_buffer[18][4]_i_2_n_0                 | u_sad_matcher_top/disparity_buffer[18][4]_i_1_n_0  |                3 |              5 |         1.67 |
|  clk_IBUF_BUFG                                | u_sad_matcher_top/disparity_buffer[183][4]_i_2_n_0                | u_sad_matcher_top/disparity_buffer[183][4]_i_1_n_0 |                1 |              5 |         5.00 |
|  clk_IBUF_BUFG                                | u_sad_matcher_top/disparity_buffer[194][4]_i_2_n_0                | u_sad_matcher_top/disparity_buffer[194][4]_i_1_n_0 |                1 |              5 |         5.00 |
|  clk_IBUF_BUFG                                | u_sad_matcher_top/disparity_buffer[19][4]_i_2_n_0                 | u_sad_matcher_top/disparity_buffer[19][4]_i_1_n_0  |                1 |              5 |         5.00 |
|  clk_IBUF_BUFG                                | u_sad_matcher_top/disparity_buffer[197][4]_i_2_n_0                | u_sad_matcher_top/disparity_buffer[197][4]_i_1_n_0 |                2 |              5 |         2.50 |
|  clk_IBUF_BUFG                                | u_sad_matcher_top/disparity_buffer[202][4]_i_2_n_0                | u_sad_matcher_top/disparity_buffer[202][4]_i_1_n_0 |                1 |              5 |         5.00 |
|  clk_IBUF_BUFG                                | u_sad_matcher_top/disparity_buffer[199][4]_i_2_n_0                | u_sad_matcher_top/disparity_buffer[199][4]_i_1_n_0 |                3 |              5 |         1.67 |
|  clk_IBUF_BUFG                                | u_sad_matcher_top/disparity_buffer[192][4]_i_2_n_0                | u_sad_matcher_top/disparity_buffer[192][4]_i_1_n_0 |                1 |              5 |         5.00 |
|  clk_IBUF_BUFG                                | u_sad_matcher_top/disparity_buffer[180][4]_i_2_n_0                | u_sad_matcher_top/disparity_buffer[180][4]_i_1_n_0 |                2 |              5 |         2.50 |
|  clk_IBUF_BUFG                                | u_sad_matcher_top/disparity_buffer[179][4]_i_2_n_0                | u_sad_matcher_top/disparity_buffer[179][4]_i_1_n_0 |                1 |              5 |         5.00 |
|  clk_IBUF_BUFG                                | u_sad_matcher_top/disparity_buffer[185][4]_i_2_n_0                | u_sad_matcher_top/disparity_buffer[185][4]_i_1_n_0 |                1 |              5 |         5.00 |
|  clk_IBUF_BUFG                                | u_sad_matcher_top/disparity_buffer[187][4]_i_2_n_0                | u_sad_matcher_top/disparity_buffer[187][4]_i_1_n_0 |                1 |              5 |         5.00 |
|  clk_IBUF_BUFG                                | u_sad_matcher_top/disparity_buffer[193][4]_i_2_n_0                | u_sad_matcher_top/disparity_buffer[193][4]_i_1_n_0 |                1 |              5 |         5.00 |
|  clk_IBUF_BUFG                                | u_sad_matcher_top/disparity_buffer[181][4]_i_2_n_0                | u_sad_matcher_top/disparity_buffer[181][4]_i_1_n_0 |                2 |              5 |         2.50 |
|  clk_IBUF_BUFG                                | u_sad_matcher_top/disparity_buffer[20][4]_i_2_n_0                 | u_sad_matcher_top/disparity_buffer[20][4]_i_1_n_0  |                1 |              5 |         5.00 |
|  clk_IBUF_BUFG                                | u_sad_matcher_top/disparity_buffer[205][4]_i_2_n_0                | u_sad_matcher_top/disparity_buffer[205][4]_i_1_n_0 |                2 |              5 |         2.50 |
|  clk_IBUF_BUFG                                | u_sad_matcher_top/disparity_buffer[204][4]_i_2_n_0                | u_sad_matcher_top/disparity_buffer[204][4]_i_1_n_0 |                2 |              5 |         2.50 |
|  clk_IBUF_BUFG                                | u_sad_matcher_top/disparity_buffer[212][4]_i_2_n_0                | u_sad_matcher_top/disparity_buffer[212][4]_i_1_n_0 |                1 |              5 |         5.00 |
|  clk_IBUF_BUFG                                | u_sad_matcher_top/disparity_buffer[215][4]_i_2_n_0                | u_sad_matcher_top/disparity_buffer[215][4]_i_1_n_0 |                1 |              5 |         5.00 |
|  clk_IBUF_BUFG                                | u_sad_matcher_top/disparity_buffer[220][4]_i_2_n_0                | u_sad_matcher_top/disparity_buffer[220][4]_i_1_n_0 |                1 |              5 |         5.00 |
|  clk_IBUF_BUFG                                | u_sad_matcher_top/disparity_buffer[203][4]_i_2_n_0                | u_sad_matcher_top/disparity_buffer[203][4]_i_1_n_0 |                1 |              5 |         5.00 |
|  clk_IBUF_BUFG                                | u_sad_matcher_top/disparity_buffer[221][4]_i_2_n_0                | u_sad_matcher_top/disparity_buffer[221][4]_i_1_n_0 |                4 |              5 |         1.25 |
|  clk_IBUF_BUFG                                | u_sad_matcher_top/disparity_buffer[222][4]_i_2_n_0                | u_sad_matcher_top/disparity_buffer[222][4]_i_1_n_0 |                1 |              5 |         5.00 |
|  clk_IBUF_BUFG                                | u_sad_matcher_top/disparity_buffer[223][4]_i_2_n_0                | u_sad_matcher_top/disparity_buffer[223][4]_i_1_n_0 |                1 |              5 |         5.00 |
|  clk_IBUF_BUFG                                | u_sad_matcher_top/disparity_buffer[208][4]_i_2_n_0                | u_sad_matcher_top/disparity_buffer[208][4]_i_1_n_0 |                1 |              5 |         5.00 |
|  clk_IBUF_BUFG                                | u_sad_matcher_top/disparity_buffer[206][4]_i_2_n_0                | u_sad_matcher_top/disparity_buffer[206][4]_i_1_n_0 |                2 |              5 |         2.50 |
|  clk_IBUF_BUFG                                | u_sad_matcher_top/disparity_buffer[213][4]_i_2_n_0                | u_sad_matcher_top/disparity_buffer[213][4]_i_1_n_0 |                1 |              5 |         5.00 |
|  clk_IBUF_BUFG                                | u_sad_matcher_top/disparity_buffer[210][4]_i_2_n_0                | u_sad_matcher_top/disparity_buffer[210][4]_i_1_n_0 |                1 |              5 |         5.00 |
|  clk_IBUF_BUFG                                | u_sad_matcher_top/disparity_buffer[214][4]_i_2_n_0                | u_sad_matcher_top/disparity_buffer[214][4]_i_1_n_0 |                2 |              5 |         2.50 |
|  clk_IBUF_BUFG                                | u_sad_matcher_top/disparity_buffer[211][4]_i_2_n_0                | u_sad_matcher_top/disparity_buffer[211][4]_i_1_n_0 |                1 |              5 |         5.00 |
|  clk_IBUF_BUFG                                | u_sad_matcher_top/disparity_buffer[217][4]_i_2_n_0                | u_sad_matcher_top/disparity_buffer[217][4]_i_1_n_0 |                1 |              5 |         5.00 |
|  clk_IBUF_BUFG                                | u_sad_matcher_top/disparity_buffer[218][4]_i_2_n_0                | u_sad_matcher_top/disparity_buffer[218][4]_i_1_n_0 |                3 |              5 |         1.67 |
|  clk_IBUF_BUFG                                | u_sad_matcher_top/disparity_buffer[209][4]_i_2_n_0                | u_sad_matcher_top/disparity_buffer[209][4]_i_1_n_0 |                2 |              5 |         2.50 |
|  clk_IBUF_BUFG                                | u_sad_matcher_top/disparity_buffer[21][4]_i_2_n_0                 | u_sad_matcher_top/disparity_buffer[21][4]_i_1_n_0  |                1 |              5 |         5.00 |
|  clk_IBUF_BUFG                                | u_sad_matcher_top/disparity_buffer[225][4]_i_2_n_0                | u_sad_matcher_top/disparity_buffer[225][4]_i_1_n_0 |                1 |              5 |         5.00 |
|  clk_IBUF_BUFG                                | u_sad_matcher_top/disparity_buffer[207][4]_i_2_n_0                | u_sad_matcher_top/disparity_buffer[207][4]_i_1_n_0 |                1 |              5 |         5.00 |
|  clk_IBUF_BUFG                                | u_sad_matcher_top/disparity_buffer[219][4]_i_2_n_0                | u_sad_matcher_top/disparity_buffer[219][4]_i_1_n_0 |                1 |              5 |         5.00 |
|  clk_IBUF_BUFG                                | u_sad_matcher_top/disparity_buffer[224][4]_i_2_n_0                | u_sad_matcher_top/disparity_buffer[224][4]_i_1_n_0 |                1 |              5 |         5.00 |
|  clk_IBUF_BUFG                                | u_sad_matcher_top/disparity_buffer[226][4]_i_2_n_0                | u_sad_matcher_top/disparity_buffer[226][4]_i_1_n_0 |                1 |              5 |         5.00 |
|  clk_IBUF_BUFG                                | u_sad_matcher_top/disparity_buffer[229][4]_i_2_n_0                | u_sad_matcher_top/disparity_buffer[229][4]_i_1_n_0 |                1 |              5 |         5.00 |
|  clk_IBUF_BUFG                                | u_sad_matcher_top/disparity_buffer[237][4]_i_2_n_0                | u_sad_matcher_top/disparity_buffer[237][4]_i_1_n_0 |                1 |              5 |         5.00 |
|  clk_IBUF_BUFG                                | u_sad_matcher_top/disparity_buffer[238][4]_i_2_n_0                | u_sad_matcher_top/disparity_buffer[238][4]_i_1_n_0 |                1 |              5 |         5.00 |
|  clk_IBUF_BUFG                                | u_sad_matcher_top/disparity_buffer[23][4]_i_2_n_0                 | u_sad_matcher_top/disparity_buffer[23][4]_i_1_n_0  |                1 |              5 |         5.00 |
|  clk_IBUF_BUFG                                | u_sad_matcher_top/disparity_buffer[230][4]_i_2_n_0                | u_sad_matcher_top/disparity_buffer[230][4]_i_1_n_0 |                3 |              5 |         1.67 |
|  clk_IBUF_BUFG                                | u_sad_matcher_top/disparity_buffer[234][4]_i_2_n_0                | u_sad_matcher_top/disparity_buffer[234][4]_i_1_n_0 |                1 |              5 |         5.00 |
|  clk_IBUF_BUFG                                | u_sad_matcher_top/disparity_buffer[231][4]_i_2_n_0                | u_sad_matcher_top/disparity_buffer[231][4]_i_1_n_0 |                1 |              5 |         5.00 |
|  clk_IBUF_BUFG                                | u_sad_matcher_top/disparity_buffer[243][4]_i_2_n_0                | u_sad_matcher_top/disparity_buffer[243][4]_i_1_n_0 |                2 |              5 |         2.50 |
|  clk_IBUF_BUFG                                | u_sad_matcher_top/disparity_buffer[244][4]_i_2_n_0                | u_sad_matcher_top/disparity_buffer[244][4]_i_1_n_0 |                1 |              5 |         5.00 |
|  clk_IBUF_BUFG                                | u_sad_matcher_top/disparity_buffer[236][4]_i_2_n_0                | u_sad_matcher_top/disparity_buffer[236][4]_i_1_n_0 |                2 |              5 |         2.50 |
|  clk_IBUF_BUFG                                | u_sad_matcher_top/disparity_buffer[22][4]_i_2_n_0                 | u_sad_matcher_top/disparity_buffer[22][4]_i_1_n_0  |                1 |              5 |         5.00 |
|  clk_IBUF_BUFG                                | u_sad_matcher_top/disparity_buffer[227][4]_i_2_n_0                | u_sad_matcher_top/disparity_buffer[227][4]_i_1_n_0 |                1 |              5 |         5.00 |
|  clk_IBUF_BUFG                                | u_sad_matcher_top/disparity_buffer[240][4]_i_2_n_0                | u_sad_matcher_top/disparity_buffer[240][4]_i_1_n_0 |                2 |              5 |         2.50 |
|  clk_IBUF_BUFG                                | u_sad_matcher_top/disparity_buffer[235][4]_i_2_n_0                | u_sad_matcher_top/disparity_buffer[235][4]_i_1_n_0 |                1 |              5 |         5.00 |
|  clk_IBUF_BUFG                                | u_sad_matcher_top/disparity_buffer[233][4]_i_2_n_0                | u_sad_matcher_top/disparity_buffer[233][4]_i_1_n_0 |                1 |              5 |         5.00 |
|  clk_IBUF_BUFG                                | u_sad_matcher_top/disparity_buffer[239][4]_i_2_n_0                | u_sad_matcher_top/disparity_buffer[239][4]_i_1_n_0 |                3 |              5 |         1.67 |
|  clk_IBUF_BUFG                                | u_sad_matcher_top/disparity_buffer[241][4]_i_2_n_0                | u_sad_matcher_top/disparity_buffer[241][4]_i_1_n_0 |                3 |              5 |         1.67 |
|  clk_IBUF_BUFG                                | u_sad_matcher_top/disparity_buffer[242][4]_i_2_n_0                | u_sad_matcher_top/disparity_buffer[242][4]_i_1_n_0 |                1 |              5 |         5.00 |
|  clk_IBUF_BUFG                                | u_sad_matcher_top/disparity_buffer[228][4]_i_2_n_0                | u_sad_matcher_top/disparity_buffer[228][4]_i_1_n_0 |                1 |              5 |         5.00 |
|  clk_IBUF_BUFG                                | u_sad_matcher_top/disparity_buffer[232][4]_i_2_n_0                | u_sad_matcher_top/disparity_buffer[232][4]_i_1_n_0 |                2 |              5 |         2.50 |
|  clk_IBUF_BUFG                                | u_sad_matcher_top/disparity_buffer[254][4]_i_2_n_0                | u_sad_matcher_top/disparity_buffer[254][4]_i_1_n_0 |                2 |              5 |         2.50 |
|  clk_IBUF_BUFG                                | u_sad_matcher_top/disparity_buffer[255][4]_i_2_n_0                | u_sad_matcher_top/disparity_buffer[255][4]_i_1_n_0 |                1 |              5 |         5.00 |
|  clk_IBUF_BUFG                                | u_sad_matcher_top/disparity_buffer[256][4]_i_2_n_0                | u_sad_matcher_top/disparity_buffer[256][4]_i_1_n_0 |                2 |              5 |         2.50 |
|  clk_IBUF_BUFG                                | u_sad_matcher_top/disparity_buffer[260][4]_i_2_n_0                | u_sad_matcher_top/disparity_buffer[260][4]_i_1_n_0 |                1 |              5 |         5.00 |
|  clk_IBUF_BUFG                                | u_sad_matcher_top/disparity_buffer[253][4]_i_2_n_0                | u_sad_matcher_top/disparity_buffer[253][4]_i_1_n_0 |                4 |              5 |         1.25 |
|  clk_IBUF_BUFG                                | u_sad_matcher_top/disparity_buffer[266][4]_i_2_n_0                | u_sad_matcher_top/disparity_buffer[266][4]_i_1_n_0 |                1 |              5 |         5.00 |
|  clk_IBUF_BUFG                                | u_sad_matcher_top/disparity_buffer[258][4]_i_2_n_0                | u_sad_matcher_top/disparity_buffer[258][4]_i_1_n_0 |                1 |              5 |         5.00 |
|  clk_IBUF_BUFG                                | u_sad_matcher_top/disparity_buffer[267][4]_i_2_n_0                | u_sad_matcher_top/disparity_buffer[267][4]_i_1_n_0 |                1 |              5 |         5.00 |
|  clk_IBUF_BUFG                                | u_sad_matcher_top/disparity_buffer[246][4]_i_2_n_0                | u_sad_matcher_top/disparity_buffer[246][4]_i_1_n_0 |                1 |              5 |         5.00 |
|  clk_IBUF_BUFG                                | u_sad_matcher_top/disparity_buffer[247][4]_i_2_n_0                | u_sad_matcher_top/disparity_buffer[247][4]_i_1_n_0 |                1 |              5 |         5.00 |
|  clk_IBUF_BUFG                                | u_sad_matcher_top/disparity_buffer[25][4]_i_2_n_0                 | u_sad_matcher_top/disparity_buffer[25][4]_i_1_n_0  |                2 |              5 |         2.50 |
|  clk_IBUF_BUFG                                | u_sad_matcher_top/disparity_buffer[261][4]_i_2_n_0                | u_sad_matcher_top/disparity_buffer[261][4]_i_1_n_0 |                1 |              5 |         5.00 |
|  clk_IBUF_BUFG                                | u_sad_matcher_top/disparity_buffer[262][4]_i_2_n_0                | u_sad_matcher_top/disparity_buffer[262][4]_i_1_n_0 |                1 |              5 |         5.00 |
|  clk_IBUF_BUFG                                | u_sad_matcher_top/disparity_buffer[251][4]_i_2_n_0                | u_sad_matcher_top/disparity_buffer[251][4]_i_1_n_0 |                4 |              5 |         1.25 |
|  clk_IBUF_BUFG                                | u_sad_matcher_top/disparity_buffer[24][4]_i_2_n_0                 | u_sad_matcher_top/disparity_buffer[24][4]_i_1_n_0  |                1 |              5 |         5.00 |
|  clk_IBUF_BUFG                                | u_sad_matcher_top/disparity_buffer[257][4]_i_2_n_0                | u_sad_matcher_top/disparity_buffer[257][4]_i_1_n_0 |                2 |              5 |         2.50 |
|  clk_IBUF_BUFG                                | u_sad_matcher_top/disparity_buffer[264][4]_i_2_n_0                | u_sad_matcher_top/disparity_buffer[264][4]_i_1_n_0 |                1 |              5 |         5.00 |
|  clk_IBUF_BUFG                                | u_sad_matcher_top/disparity_buffer[249][4]_i_2_n_0                | u_sad_matcher_top/disparity_buffer[249][4]_i_1_n_0 |                1 |              5 |         5.00 |
|  clk_IBUF_BUFG                                | u_sad_matcher_top/disparity_buffer[250][4]_i_2_n_0                | u_sad_matcher_top/disparity_buffer[250][4]_i_1_n_0 |                1 |              5 |         5.00 |
|  clk_IBUF_BUFG                                | u_sad_matcher_top/disparity_buffer[252][4]_i_2_n_0                | u_sad_matcher_top/disparity_buffer[252][4]_i_1_n_0 |                1 |              5 |         5.00 |
|  clk_IBUF_BUFG                                | u_sad_matcher_top/disparity_buffer[265][4]_i_2_n_0                | u_sad_matcher_top/disparity_buffer[265][4]_i_1_n_0 |                2 |              5 |         2.50 |
|  clk_IBUF_BUFG                                | u_sad_matcher_top/disparity_buffer[245][4]_i_2_n_0                | u_sad_matcher_top/disparity_buffer[245][4]_i_1_n_0 |                2 |              5 |         2.50 |
|  clk_IBUF_BUFG                                | u_sad_matcher_top/disparity_buffer[248][4]_i_2_n_0                | u_sad_matcher_top/disparity_buffer[248][4]_i_1_n_0 |                1 |              5 |         5.00 |
|  clk_IBUF_BUFG                                | u_sad_matcher_top/disparity_buffer[259][4]_i_2_n_0                | u_sad_matcher_top/disparity_buffer[259][4]_i_1_n_0 |                1 |              5 |         5.00 |
|  clk_IBUF_BUFG                                | u_sad_matcher_top/disparity_buffer[263][4]_i_2_n_0                | u_sad_matcher_top/disparity_buffer[263][4]_i_1_n_0 |                3 |              5 |         1.67 |
|  clk_IBUF_BUFG                                | u_sad_matcher_top/disparity_buffer[282][4]_i_2_n_0                | u_sad_matcher_top/disparity_buffer[282][4]_i_1_n_0 |                2 |              5 |         2.50 |
|  clk_IBUF_BUFG                                | u_sad_matcher_top/disparity_buffer[274][4]_i_2_n_0                | u_sad_matcher_top/disparity_buffer[274][4]_i_1_n_0 |                2 |              5 |         2.50 |
|  clk_IBUF_BUFG                                | u_sad_matcher_top/disparity_buffer[277][4]_i_2_n_0                | u_sad_matcher_top/disparity_buffer[277][4]_i_1_n_0 |                1 |              5 |         5.00 |
|  clk_IBUF_BUFG                                | u_sad_matcher_top/disparity_buffer[27][4]_i_2_n_0                 | u_sad_matcher_top/disparity_buffer[27][4]_i_1_n_0  |                3 |              5 |         1.67 |
|  clk_IBUF_BUFG                                | u_sad_matcher_top/disparity_buffer[284][4]_i_2_n_0                | u_sad_matcher_top/disparity_buffer[284][4]_i_1_n_0 |                1 |              5 |         5.00 |
|  clk_IBUF_BUFG                                | u_sad_matcher_top/disparity_buffer[285][4]_i_2_n_0                | u_sad_matcher_top/disparity_buffer[285][4]_i_1_n_0 |                2 |              5 |         2.50 |
|  clk_IBUF_BUFG                                | u_sad_matcher_top/disparity_buffer[271][4]_i_2_n_0                | u_sad_matcher_top/disparity_buffer[271][4]_i_1_n_0 |                2 |              5 |         2.50 |
|  clk_IBUF_BUFG                                | u_sad_matcher_top/disparity_buffer[273][4]_i_2_n_0                | u_sad_matcher_top/disparity_buffer[273][4]_i_1_n_0 |                3 |              5 |         1.67 |
|  clk_IBUF_BUFG                                | u_sad_matcher_top/disparity_buffer[270][4]_i_2_n_0                | u_sad_matcher_top/disparity_buffer[270][4]_i_1_n_0 |                3 |              5 |         1.67 |
|  clk_IBUF_BUFG                                | u_sad_matcher_top/disparity_buffer[279][4]_i_2_n_0                | u_sad_matcher_top/disparity_buffer[279][4]_i_1_n_0 |                1 |              5 |         5.00 |
|  clk_IBUF_BUFG                                | u_sad_matcher_top/disparity_buffer[272][4]_i_2_n_0                | u_sad_matcher_top/disparity_buffer[272][4]_i_1_n_0 |                1 |              5 |         5.00 |
|  clk_IBUF_BUFG                                | u_sad_matcher_top/disparity_buffer[283][4]_i_2_n_0                | u_sad_matcher_top/disparity_buffer[283][4]_i_1_n_0 |                2 |              5 |         2.50 |
|  clk_IBUF_BUFG                                | u_sad_matcher_top/disparity_buffer[288][4]_i_2_n_0                | u_sad_matcher_top/disparity_buffer[288][4]_i_1_n_0 |                1 |              5 |         5.00 |
|  clk_IBUF_BUFG                                | u_sad_matcher_top/disparity_buffer[289][4]_i_2_n_0                | u_sad_matcher_top/disparity_buffer[289][4]_i_1_n_0 |                1 |              5 |         5.00 |
|  clk_IBUF_BUFG                                | u_sad_matcher_top/disparity_buffer[286][4]_i_2_n_0                | u_sad_matcher_top/disparity_buffer[286][4]_i_1_n_0 |                3 |              5 |         1.67 |
|  clk_IBUF_BUFG                                | u_sad_matcher_top/disparity_buffer[275][4]_i_2_n_0                | u_sad_matcher_top/disparity_buffer[275][4]_i_1_n_0 |                1 |              5 |         5.00 |
|  clk_IBUF_BUFG                                | u_sad_matcher_top/disparity_buffer[278][4]_i_2_n_0                | u_sad_matcher_top/disparity_buffer[278][4]_i_1_n_0 |                2 |              5 |         2.50 |
|  clk_IBUF_BUFG                                | u_sad_matcher_top/disparity_buffer[26][4]_i_2_n_0                 | u_sad_matcher_top/disparity_buffer[26][4]_i_1_n_0  |                1 |              5 |         5.00 |
|  clk_IBUF_BUFG                                | u_sad_matcher_top/disparity_buffer[28][4]_i_2_n_0                 | u_sad_matcher_top/disparity_buffer[28][4]_i_1_n_0  |                3 |              5 |         1.67 |
|  clk_IBUF_BUFG                                | u_sad_matcher_top/disparity_buffer[287][4]_i_2_n_0                | u_sad_matcher_top/disparity_buffer[287][4]_i_1_n_0 |                1 |              5 |         5.00 |
|  clk_IBUF_BUFG                                | u_sad_matcher_top/disparity_buffer[268][4]_i_2_n_0                | u_sad_matcher_top/disparity_buffer[268][4]_i_1_n_0 |                3 |              5 |         1.67 |
|  clk_IBUF_BUFG                                | u_sad_matcher_top/disparity_buffer[269][4]_i_2_n_0                | u_sad_matcher_top/disparity_buffer[269][4]_i_1_n_0 |                2 |              5 |         2.50 |
|  clk_IBUF_BUFG                                | u_disparity_generator/displayBuffer_reg[196]0                     | reset_IBUF                                         |                2 |              6 |         3.00 |
|  clk_IBUF_BUFG                                | u_disparity_generator/displayBuffer_reg[184]0                     | reset_IBUF                                         |                1 |              6 |         6.00 |
|  clk_IBUF_BUFG                                | u_disparity_generator/displayBuffer_reg[213]0                     | reset_IBUF                                         |                1 |              6 |         6.00 |
|  clk_IBUF_BUFG                                | u_disparity_generator/displayBuffer_reg[190]0                     | reset_IBUF                                         |                1 |              6 |         6.00 |
|  clk_IBUF_BUFG                                | u_disparity_generator/displayBuffer_reg[179]0                     | reset_IBUF                                         |                2 |              6 |         3.00 |
|  clk_IBUF_BUFG                                | u_disparity_generator/displayBuffer_reg[226]0                     | reset_IBUF                                         |                1 |              6 |         6.00 |
|  clk_IBUF_BUFG                                | u_disparity_generator/displayBuffer_reg[208]0                     | reset_IBUF                                         |                1 |              6 |         6.00 |
|  clk_IBUF_BUFG                                | u_disparity_generator/displayBuffer_reg[205]0                     | reset_IBUF                                         |                2 |              6 |         3.00 |
|  clk_IBUF_BUFG                                | u_disparity_generator/displayBuffer_reg[225]0                     | reset_IBUF                                         |                2 |              6 |         3.00 |
|  clk_IBUF_BUFG                                | u_disparity_generator/displayBuffer_reg[224]0                     | reset_IBUF                                         |                2 |              6 |         3.00 |
|  clk_IBUF_BUFG                                | u_disparity_generator/displayBuffer_reg[221]0                     | reset_IBUF                                         |                2 |              6 |         3.00 |
|  clk_IBUF_BUFG                                | u_disparity_generator/displayBuffer_reg[219]0                     | reset_IBUF                                         |                1 |              6 |         6.00 |
|  clk_IBUF_BUFG                                | u_disparity_generator/displayBuffer_reg[218]0                     | reset_IBUF                                         |                1 |              6 |         6.00 |
|  clk_IBUF_BUFG                                | u_disparity_generator/displayBuffer_reg[214]0                     | reset_IBUF                                         |                1 |              6 |         6.00 |
|  clk_IBUF_BUFG                                | u_disparity_generator/displayBuffer_reg[210]0                     | reset_IBUF                                         |                1 |              6 |         6.00 |
|  clk_IBUF_BUFG                                | u_disparity_generator/displayBuffer_reg[209]0                     | reset_IBUF                                         |                1 |              6 |         6.00 |
|  clk_IBUF_BUFG                                | u_disparity_generator/displayBuffer_reg[204]0                     | reset_IBUF                                         |                2 |              6 |         3.00 |
|  clk_IBUF_BUFG                                | u_disparity_generator/displayBuffer_reg[202]0                     | reset_IBUF                                         |                1 |              6 |         6.00 |
|  clk_IBUF_BUFG                                | u_disparity_generator/displayBuffer_reg[201]0                     | reset_IBUF                                         |                1 |              6 |         6.00 |
|  clk_IBUF_BUFG                                | u_disparity_generator/displayBuffer_reg[1]0                       | reset_IBUF                                         |                2 |              6 |         3.00 |
|  clk_IBUF_BUFG                                | u_disparity_generator/displayBuffer_reg[19]0                      | reset_IBUF                                         |                1 |              6 |         6.00 |
|  clk_IBUF_BUFG                                | u_disparity_generator/displayBuffer_reg[199]0                     | reset_IBUF                                         |                2 |              6 |         3.00 |
|  clk_IBUF_BUFG                                | u_disparity_generator/displayBuffer_reg[174]0                     | reset_IBUF                                         |                1 |              6 |         6.00 |
|  clk_IBUF_BUFG                                | u_disparity_generator/displayBuffer_reg[177]0                     | reset_IBUF                                         |                2 |              6 |         3.00 |
|  clk_IBUF_BUFG                                | u_disparity_generator/displayBuffer_reg[198]0                     | reset_IBUF                                         |                1 |              6 |         6.00 |
|  clk_IBUF_BUFG                                | u_disparity_generator/displayBuffer_reg[173]0                     | reset_IBUF                                         |                1 |              6 |         6.00 |
|  clk_IBUF_BUFG                                | u_disparity_generator/displayBuffer_reg[192]0                     | reset_IBUF                                         |                2 |              6 |         3.00 |
|  clk_IBUF_BUFG                                | u_disparity_generator/displayBuffer_reg[170]0                     | reset_IBUF                                         |                1 |              6 |         6.00 |
|  clk_IBUF_BUFG                                | u_disparity_generator/displayBuffer_reg[187]0                     | reset_IBUF                                         |                2 |              6 |         3.00 |
|  clk_IBUF_BUFG                                | u_disparity_generator/displayBuffer_reg[186]0                     | reset_IBUF                                         |                1 |              6 |         6.00 |
|  clk_IBUF_BUFG                                | u_disparity_generator/displayBuffer_reg[180]0                     | reset_IBUF                                         |                2 |              6 |         3.00 |
|  clk_IBUF_BUFG                                | u_disparity_generator/displayBuffer_reg[172]0                     | reset_IBUF                                         |                2 |              6 |         3.00 |
|  clk_IBUF_BUFG                                | u_disparity_generator/displayBuffer_reg[171]0                     | reset_IBUF                                         |                2 |              6 |         3.00 |
|  clk_IBUF_BUFG                                | u_disparity_generator/displayBuffer_reg[193]0                     | reset_IBUF                                         |                3 |              6 |         2.00 |
|  clk_IBUF_BUFG                                | u_disparity_generator/displayBuffer_reg[217]0                     | reset_IBUF                                         |                2 |              6 |         3.00 |
|  clk_IBUF_BUFG                                | u_disparity_generator/displayBuffer_reg[185]0                     | reset_IBUF                                         |                1 |              6 |         6.00 |
|  clk_IBUF_BUFG                                | u_disparity_generator/displayBuffer_reg[16]0                      | reset_IBUF                                         |                2 |              6 |         3.00 |
|  clk_IBUF_BUFG                                | u_disparity_generator/displayBuffer_reg[194]0                     | reset_IBUF                                         |                2 |              6 |         3.00 |
|  clk_IBUF_BUFG                                | u_disparity_generator/displayBuffer_reg[178]0                     | reset_IBUF                                         |                2 |              6 |         3.00 |
|  clk_IBUF_BUFG                                | u_disparity_generator/displayBuffer_reg[211]0                     | reset_IBUF                                         |                2 |              6 |         3.00 |
|  clk_IBUF_BUFG                                | u_disparity_generator/displayBuffer_reg[182]0                     | reset_IBUF                                         |                1 |              6 |         6.00 |
|  clk_IBUF_BUFG                                | u_disparity_generator/displayBuffer_reg[223]0                     | reset_IBUF                                         |                1 |              6 |         6.00 |
|  clk_IBUF_BUFG                                | u_disparity_generator/displayBuffer_reg[220]0                     | reset_IBUF                                         |                2 |              6 |         3.00 |
|  clk_IBUF_BUFG                                | u_disparity_generator/displayBuffer_reg[188]0                     | reset_IBUF                                         |                2 |              6 |         3.00 |
|  clk_IBUF_BUFG                                | u_disparity_generator/displayBuffer_reg[21]0                      | reset_IBUF                                         |                1 |              6 |         6.00 |
|  clk_IBUF_BUFG                                | u_disparity_generator/displayBuffer_reg[189]0                     | reset_IBUF                                         |                1 |              6 |         6.00 |
|  clk_IBUF_BUFG                                | u_disparity_generator/displayBuffer_reg[20]0                      | reset_IBUF                                         |                1 |              6 |         6.00 |
|  clk_IBUF_BUFG                                | u_disparity_generator/displayBuffer_reg[159]0                     | reset_IBUF                                         |                1 |              6 |         6.00 |
|  clk_IBUF_BUFG                                | u_disparity_generator/displayBuffer_reg[164]0                     | reset_IBUF                                         |                2 |              6 |         3.00 |
|  clk_IBUF_BUFG                                | u_disparity_generator/displayBuffer_reg[155]0                     | reset_IBUF                                         |                1 |              6 |         6.00 |
|  clk_IBUF_BUFG                                | u_disparity_generator/displayBuffer_reg[149]0                     | reset_IBUF                                         |                1 |              6 |         6.00 |
|  clk_IBUF_BUFG                                | u_disparity_generator/displayBuffer_reg[13]0                      | reset_IBUF                                         |                1 |              6 |         6.00 |
|  clk_IBUF_BUFG                                | u_disparity_generator/displayBuffer_reg[120]0                     | reset_IBUF                                         |                1 |              6 |         6.00 |
|  clk_IBUF_BUFG                                | u_disparity_generator/displayBuffer_reg[144]0                     | reset_IBUF                                         |                2 |              6 |         3.00 |
|  clk_IBUF_BUFG                                | u_disparity_generator/displayBuffer_reg[143]0                     | reset_IBUF                                         |                2 |              6 |         3.00 |
|  clk_IBUF_BUFG                                | u_disparity_generator/displayBuffer_reg[125]0                     | reset_IBUF                                         |                2 |              6 |         3.00 |
|  clk_IBUF_BUFG                                | u_disparity_generator/displayBuffer_reg[124]0                     | reset_IBUF                                         |                1 |              6 |         6.00 |
|  clk_IBUF_BUFG                                | u_disparity_generator/displayBuffer_reg[114]0                     | reset_IBUF                                         |                1 |              6 |         6.00 |
|  clk_IBUF_BUFG                                | u_disparity_generator/displayBuffer_reg[115]0                     | reset_IBUF                                         |                1 |              6 |         6.00 |
|  clk_IBUF_BUFG                                | u_disparity_generator/displayBuffer_reg[156]0                     | reset_IBUF                                         |                2 |              6 |         3.00 |
|  clk_IBUF_BUFG                                | u_disparity_generator/displayBuffer_reg[112]0                     | reset_IBUF                                         |                1 |              6 |         6.00 |
|  clk_IBUF_BUFG                                | u_disparity_generator/displayBuffer_reg[111]0                     | reset_IBUF                                         |                2 |              6 |         3.00 |
|  clk_IBUF_BUFG                                | u_disparity_generator/displayBuffer_reg[152]0                     | reset_IBUF                                         |                2 |              6 |         3.00 |
|  clk_IBUF_BUFG                                | u_disparity_generator/displayBuffer_reg[130]0                     | reset_IBUF                                         |                1 |              6 |         6.00 |
|  clk_IBUF_BUFG                                | u_disparity_generator/displayBuffer_reg[166]0                     | reset_IBUF                                         |                1 |              6 |         6.00 |
|  clk_IBUF_BUFG                                | u_disparity_generator/displayBuffer_reg[165]0                     | reset_IBUF                                         |                2 |              6 |         3.00 |
|  clk_IBUF_BUFG                                | u_disparity_generator/displayBuffer_reg[163]0                     | reset_IBUF                                         |                1 |              6 |         6.00 |
|  clk_IBUF_BUFG                                | u_disparity_generator/displayBuffer_reg[147]0                     | reset_IBUF                                         |                2 |              6 |         3.00 |
|  clk_IBUF_BUFG                                | u_disparity_generator/displayBuffer_reg[128]0                     | reset_IBUF                                         |                1 |              6 |         6.00 |
|  clk_IBUF_BUFG                                | u_disparity_generator/displayBuffer_reg[161]0                     | reset_IBUF                                         |                1 |              6 |         6.00 |
|  clk_IBUF_BUFG                                | u_disparity_generator/displayBuffer_reg[157]0                     | reset_IBUF                                         |                2 |              6 |         3.00 |
|  clk_IBUF_BUFG                                | u_disparity_generator/displayBuffer_reg[154]0                     | reset_IBUF                                         |                1 |              6 |         6.00 |
|  clk_IBUF_BUFG                                | u_disparity_generator/displayBuffer_reg[162]0                     | reset_IBUF                                         |                1 |              6 |         6.00 |
|  clk_IBUF_BUFG                                | u_disparity_generator/displayBuffer_reg[160]0                     | reset_IBUF                                         |                1 |              6 |         6.00 |
|  clk_IBUF_BUFG                                | u_disparity_generator/displayBuffer_reg[117]0                     | reset_IBUF                                         |                2 |              6 |         3.00 |
|  clk_IBUF_BUFG                                | u_disparity_generator/displayBuffer_reg[15]0                      | reset_IBUF                                         |                1 |              6 |         6.00 |
|  clk_IBUF_BUFG                                | u_disparity_generator/displayBuffer_reg[158]0                     | reset_IBUF                                         |                1 |              6 |         6.00 |
|  clk_IBUF_BUFG                                | u_disparity_generator/displayBuffer_reg[153]0                     | reset_IBUF                                         |                1 |              6 |         6.00 |
|  clk_IBUF_BUFG                                | u_disparity_generator/displayBuffer_reg[148]0                     | reset_IBUF                                         |                1 |              6 |         6.00 |
|  clk_IBUF_BUFG                                | u_disparity_generator/displayBuffer_reg[10]0                      | reset_IBUF                                         |                1 |              6 |         6.00 |
|  clk_IBUF_BUFG                                | u_disparity_generator/displayBuffer_reg[145]0                     | reset_IBUF                                         |                1 |              6 |         6.00 |
|  clk_IBUF_BUFG                                | u_disparity_generator/displayBuffer_reg[136]0                     | reset_IBUF                                         |                2 |              6 |         3.00 |
|  clk_IBUF_BUFG                                | u_disparity_generator/displayBuffer_reg[119]0                     | reset_IBUF                                         |                2 |              6 |         3.00 |
|  clk_IBUF_BUFG                                | u_disparity_generator/displayBuffer_reg[142]0                     | reset_IBUF                                         |                1 |              6 |         6.00 |
|  clk_IBUF_BUFG                                | u_disparity_generator/displayBuffer_reg[141]0                     | reset_IBUF                                         |                2 |              6 |         3.00 |
|  clk_IBUF_BUFG                                | u_disparity_generator/displayBuffer_reg[131]0                     | reset_IBUF                                         |                2 |              6 |         3.00 |
|  clk_IBUF_BUFG                                | u_disparity_generator/displayBuffer_reg[123]0                     | reset_IBUF                                         |                2 |              6 |         3.00 |
|  clk_IBUF_BUFG                                | u_disparity_generator/displayBuffer_reg[126]0                     | reset_IBUF                                         |                1 |              6 |         6.00 |
|  clk_IBUF_BUFG                                | u_disparity_generator/displayBuffer_reg[12]0                      | reset_IBUF                                         |                2 |              6 |         3.00 |
|  clk_IBUF_BUFG                                | u_disparity_generator/displayBuffer_reg[122]0                     | reset_IBUF                                         |                1 |              6 |         6.00 |
|  clk_IBUF_BUFG                                | u_disparity_generator/displayBuffer_reg[133]0                     | reset_IBUF                                         |                1 |              6 |         6.00 |
|  clk_IBUF_BUFG                                | u_disparity_generator/displayBuffer_reg[140]0                     | reset_IBUF                                         |                2 |              6 |         3.00 |
|  clk_IBUF_BUFG                                | u_disparity_generator/displayBuffer_reg[135]0                     | reset_IBUF                                         |                2 |              6 |         3.00 |
|  clk_IBUF_BUFG                                | u_disparity_generator/displayBuffer_reg[134]0                     | reset_IBUF                                         |                2 |              6 |         3.00 |
|  clk_IBUF_BUFG                                | u_disparity_generator/displayBuffer_reg[129]0                     | reset_IBUF                                         |                1 |              6 |         6.00 |
|  clk_IBUF_BUFG                                | u_disparity_generator/displayBuffer_reg[110]0                     | reset_IBUF                                         |                1 |              6 |         6.00 |
|  clk_IBUF_BUFG                                | u_disparity_generator/displayBuffer_reg[121]0                     | reset_IBUF                                         |                2 |              6 |         3.00 |
|  clk_IBUF_BUFG                                | u_disparity_generator/displayBuffer_reg[151]0                     | reset_IBUF                                         |                2 |              6 |         3.00 |
|  clk_IBUF_BUFG                                | u_disparity_generator/displayBuffer_reg[139]0                     | reset_IBUF                                         |                2 |              6 |         3.00 |
|  clk_IBUF_BUFG                                | u_disparity_generator/displayBuffer_reg[14]0                      | reset_IBUF                                         |                1 |              6 |         6.00 |
|  clk_IBUF_BUFG                                | u_disparity_generator/displayBuffer_reg[146]0                     | reset_IBUF                                         |                1 |              6 |         6.00 |
|  clk_IBUF_BUFG                                | u_disparity_generator/displayBuffer_reg[113]0                     | reset_IBUF                                         |                2 |              6 |         3.00 |
|  clk_IBUF_BUFG                                | u_disparity_generator/displayBuffer_reg[127]0                     | reset_IBUF                                         |                2 |              6 |         3.00 |
|  clk_IBUF_BUFG                                | u_disparity_generator/displayBuffer_reg[118]0                     | reset_IBUF                                         |                2 |              6 |         3.00 |
|  clk_IBUF_BUFG                                | u_disparity_generator/displayBuffer_reg[137]0                     | reset_IBUF                                         |                1 |              6 |         6.00 |
|  clk_IBUF_BUFG                                | u_disparity_generator/displayBuffer_reg[168]0                     | reset_IBUF                                         |                2 |              6 |         3.00 |
|  clk_IBUF_BUFG                                | u_disparity_generator/displayBuffer_reg[150]0                     | reset_IBUF                                         |                1 |              6 |         6.00 |
|  clk_IBUF_BUFG                                | u_disparity_generator/displayBuffer_reg[132]0                     | reset_IBUF                                         |                2 |              6 |         3.00 |
|  clk_IBUF_BUFG                                | u_disparity_generator/displayBuffer_reg[11]0                      | reset_IBUF                                         |                1 |              6 |         6.00 |
|  clk_IBUF_BUFG                                | u_disparity_generator/displayBuffer_reg[138]0                     | reset_IBUF                                         |                1 |              6 |         6.00 |
|  clk_IBUF_BUFG                                | u_disparity_generator/displayBuffer_reg[167]0                     | reset_IBUF                                         |                1 |              6 |         6.00 |
|  clk_IBUF_BUFG                                | u_disparity_generator/displayBuffer_reg[107]0                     | reset_IBUF                                         |                1 |              6 |         6.00 |
|  clk_IBUF_BUFG                                | u_disparity_generator/displayBuffer_reg[106]0                     | reset_IBUF                                         |                2 |              6 |         3.00 |
|  clk_IBUF_BUFG                                | u_disparity_generator/displayBuffer_reg[105]0                     | reset_IBUF                                         |                1 |              6 |         6.00 |
|  clk_IBUF_BUFG                                | u_disparity_generator/displayBuffer_reg[104]0                     | reset_IBUF                                         |                1 |              6 |         6.00 |
|  clk_IBUF_BUFG                                | u_disparity_generator/displayBuffer_reg[102]0                     | reset_IBUF                                         |                1 |              6 |         6.00 |
|  clk_IBUF_BUFG                                | u_disparity_generator/displayBuffer_reg[101]0                     | reset_IBUF                                         |                2 |              6 |         3.00 |
|  clk_IBUF_BUFG                                | u_disparity_generator/displayBuffer_reg[100]0                     | reset_IBUF                                         |                2 |              6 |         3.00 |
|  clk_IBUF_BUFG                                | u_disparity_generator/displayBuffer_reg[0]0                       | reset_IBUF                                         |                3 |              6 |         2.00 |
|  clk_IBUF_BUFG                                | u_disparity_generator/displayBuffer[74][5]_i_1_n_0                | reset_IBUF                                         |                1 |              6 |         6.00 |
|  clk_IBUF_BUFG                                | u_disparity_generator/displayBuffer[57][5]_i_1_n_0                | reset_IBUF                                         |                2 |              6 |         3.00 |
|  clk_IBUF_BUFG                                | u_disparity_generator/displayBuffer[64][5]_i_1_n_0                | reset_IBUF                                         |                2 |              6 |         3.00 |
|  clk_IBUF_BUFG                                | u_disparity_generator/displayBuffer[63][5]_i_1_n_0                | reset_IBUF                                         |                3 |              6 |         2.00 |
|  clk_IBUF_BUFG                                | u_disparity_generator/displayBuffer[54][5]_i_1_n_0                | reset_IBUF                                         |                1 |              6 |         6.00 |
|  clk_IBUF_BUFG                                | u_disparity_generator/displayBuffer_reg[109]0                     | reset_IBUF                                         |                1 |              6 |         6.00 |
|  clk_IBUF_BUFG                                | u_disparity_generator/displayBuffer[40][5]_i_1_n_0                | reset_IBUF                                         |                2 |              6 |         3.00 |
|  clk_IBUF_BUFG                                | u_disparity_generator/displayBuffer_reg[108]0                     | reset_IBUF                                         |                1 |              6 |         6.00 |
|  clk_IBUF_BUFG                                | u_disparity_generator/displayBuffer_reg[103]0                     | reset_IBUF                                         |                1 |              6 |         6.00 |
|  clk_IBUF_BUFG                                | u_disparity_generator/displayBuffer[25][5]_i_1_n_0                | reset_IBUF                                         |                1 |              6 |         6.00 |
|  clk_IBUF_BUFG                                | u_disparity_generator/displayBuffer[24][5]_i_1_n_0                | reset_IBUF                                         |                2 |              6 |         3.00 |
|  clk_IBUF_BUFG                                | u_disparity_generator/displayBuffer[17][5]_i_1_n_0                | reset_IBUF                                         |                1 |              6 |         6.00 |
|  clk_IBUF_BUFG                                | u_disparity_generator/disparity_next                              | reset_IBUF                                         |                2 |              6 |         3.00 |
|  clk_IBUF_BUFG                                | u_disparity_generator/displayBuffer[116][5]_i_1_n_0               | reset_IBUF                                         |                1 |              6 |         6.00 |
|  clk_IBUF_BUFG                                | u_disparity_generator/best_score_next                             | reset_IBUF                                         |                4 |              6 |         1.50 |
|  clk_IBUF_BUFG                                | u_disparity_generator/best_disp_next                              | reset_IBUF                                         |                4 |              6 |         1.50 |
|  clk_IBUF_BUFG                                | u_disparity_generator/displayBuffer_reg[51]0                      | reset_IBUF                                         |                2 |              6 |         3.00 |
|  clk_IBUF_BUFG                                | u_disparity_generator/displayBuffer_reg[232]0                     | reset_IBUF                                         |                1 |              6 |         6.00 |
|  clk_IBUF_BUFG                                | u_disparity_generator/displayBuffer_reg[239]0                     | reset_IBUF                                         |                1 |              6 |         6.00 |
|  clk_IBUF_BUFG                                | u_disparity_generator/displayBuffer_reg[285]0                     | reset_IBUF                                         |                1 |              6 |         6.00 |
|  clk_IBUF_BUFG                                | u_disparity_generator/displayBuffer_reg[284]0                     | reset_IBUF                                         |                2 |              6 |         3.00 |
|  clk_IBUF_BUFG                                | u_disparity_generator/displayBuffer_reg[275]0                     | reset_IBUF                                         |                1 |              6 |         6.00 |
|  clk_IBUF_BUFG                                | u_disparity_generator/displayBuffer_reg[255]0                     | reset_IBUF                                         |                1 |              6 |         6.00 |
|  clk_IBUF_BUFG                                | u_disparity_generator/displayBuffer_reg[268]0                     | reset_IBUF                                         |                1 |              6 |         6.00 |
|  clk_IBUF_BUFG                                | u_disparity_generator/displayBuffer_reg[258]0                     | reset_IBUF                                         |                2 |              6 |         3.00 |
|  clk_IBUF_BUFG                                | u_disparity_generator/displayBuffer_reg[243]0                     | reset_IBUF                                         |                2 |              6 |         3.00 |
|  clk_IBUF_BUFG                                | u_disparity_generator/displayBuffer_reg[261]0                     | reset_IBUF                                         |                1 |              6 |         6.00 |
|  clk_IBUF_BUFG                                | u_disparity_generator/displayBuffer_reg[240]0                     | reset_IBUF                                         |                1 |              6 |         6.00 |
|  clk_IBUF_BUFG                                | u_disparity_generator/displayBuffer_reg[241]0                     | reset_IBUF                                         |                1 |              6 |         6.00 |
|  clk_IBUF_BUFG                                | u_disparity_generator/displayBuffer_reg[228]0                     | reset_IBUF                                         |                2 |              6 |         3.00 |
|  clk_IBUF_BUFG                                | u_disparity_generator/displayBuffer_reg[257]0                     | reset_IBUF                                         |                1 |              6 |         6.00 |
|  clk_IBUF_BUFG                                | u_disparity_generator/displayBuffer_reg[283]0                     | reset_IBUF                                         |                2 |              6 |         3.00 |
|  clk_IBUF_BUFG                                | u_disparity_generator/displayBuffer_reg[234]0                     | reset_IBUF                                         |                1 |              6 |         6.00 |
|  clk_IBUF_BUFG                                | u_disparity_generator/displayBuffer_reg[282]0                     | reset_IBUF                                         |                2 |              6 |         3.00 |
|  clk_IBUF_BUFG                                | u_disparity_generator/displayBuffer_reg[244]0                     | reset_IBUF                                         |                2 |              6 |         3.00 |
|  clk_IBUF_BUFG                                | u_disparity_generator/displayBuffer_reg[262]0                     | reset_IBUF                                         |                1 |              6 |         6.00 |
|  clk_IBUF_BUFG                                | u_disparity_generator/displayBuffer_reg[281]0                     | reset_IBUF                                         |                2 |              6 |         3.00 |
|  clk_IBUF_BUFG                                | u_disparity_generator/displayBuffer_reg[227]0                     | reset_IBUF                                         |                2 |              6 |         3.00 |
|  clk_IBUF_BUFG                                | u_disparity_generator/displayBuffer_reg[280]0                     | reset_IBUF                                         |                1 |              6 |         6.00 |
|  clk_IBUF_BUFG                                | u_disparity_generator/displayBuffer_reg[27]0                      | reset_IBUF                                         |                2 |              6 |         3.00 |
|  clk_IBUF_BUFG                                | u_disparity_generator/displayBuffer_reg[242]0                     | reset_IBUF                                         |                2 |              6 |         3.00 |
|  clk_IBUF_BUFG                                | u_disparity_generator/displayBuffer_reg[279]0                     | reset_IBUF                                         |                2 |              6 |         3.00 |
|  clk_IBUF_BUFG                                | u_disparity_generator/displayBuffer_reg[278]0                     | reset_IBUF                                         |                2 |              6 |         3.00 |
|  clk_IBUF_BUFG                                | u_disparity_generator/displayBuffer_reg[96]0                      | reset_IBUF                                         |                1 |              6 |         6.00 |
|  clk_IBUF_BUFG                                | u_disparity_generator/displayBuffer_reg[277]0                     | reset_IBUF                                         |                2 |              6 |         3.00 |
|  clk_IBUF_BUFG                                | u_disparity_generator/displayBuffer_reg[276]0                     | reset_IBUF                                         |                1 |              6 |         6.00 |
|  clk_IBUF_BUFG                                | u_disparity_generator/displayBuffer_reg[274]0                     | reset_IBUF                                         |                1 |              6 |         6.00 |
|  clk_IBUF_BUFG                                | u_disparity_generator/displayBuffer_reg[273]0                     | reset_IBUF                                         |                1 |              6 |         6.00 |
|  clk_IBUF_BUFG                                | u_disparity_generator/displayBuffer_reg[272]0                     | reset_IBUF                                         |                2 |              6 |         3.00 |
|  clk_IBUF_BUFG                                | u_disparity_generator/displayBuffer_reg[271]0                     | reset_IBUF                                         |                5 |              6 |         1.20 |
|  clk_IBUF_BUFG                                | u_disparity_generator/displayBuffer_reg[270]0                     | reset_IBUF                                         |                3 |              6 |         2.00 |
|  clk_IBUF_BUFG                                | u_disparity_generator/displayBuffer_reg[26]0                      | reset_IBUF                                         |                1 |              6 |         6.00 |
|  clk_IBUF_BUFG                                | u_disparity_generator/displayBuffer_reg[269]0                     | reset_IBUF                                         |                1 |              6 |         6.00 |
|  clk_IBUF_BUFG                                | u_disparity_generator/displayBuffer_reg[251]0                     | reset_IBUF                                         |                1 |              6 |         6.00 |
|  clk_IBUF_BUFG                                | u_disparity_generator/displayBuffer_reg[267]0                     | reset_IBUF                                         |                1 |              6 |         6.00 |
|  clk_IBUF_BUFG                                | u_disparity_generator/displayBuffer_reg[265]0                     | reset_IBUF                                         |                1 |              6 |         6.00 |
|  clk_IBUF_BUFG                                | u_disparity_generator/displayBuffer_reg[259]0                     | reset_IBUF                                         |                1 |              6 |         6.00 |
|  clk_IBUF_BUFG                                | u_disparity_generator/displayBuffer_reg[237]0                     | reset_IBUF                                         |                1 |              6 |         6.00 |
|  clk_IBUF_BUFG                                | u_disparity_generator/displayBuffer_reg[235]0                     | reset_IBUF                                         |                2 |              6 |         3.00 |
|  clk_IBUF_BUFG                                | u_disparity_generator/displayBuffer_reg[233]0                     | reset_IBUF                                         |                1 |              6 |         6.00 |
|  clk_IBUF_BUFG                                | u_disparity_generator/displayBuffer_reg[248]0                     | reset_IBUF                                         |                2 |              6 |         3.00 |
|  clk_IBUF_BUFG                                | u_disparity_generator/displayBuffer_reg[264]0                     | reset_IBUF                                         |                1 |              6 |         6.00 |
|  clk_IBUF_BUFG                                | u_disparity_generator/displayBuffer_reg[260]0                     | reset_IBUF                                         |                2 |              6 |         3.00 |
|  clk_IBUF_BUFG                                | u_disparity_generator/displayBuffer_reg[250]0                     | reset_IBUF                                         |                1 |              6 |         6.00 |
|  clk_IBUF_BUFG                                | u_disparity_generator/displayBuffer_reg[249]0                     | reset_IBUF                                         |                2 |              6 |         3.00 |
|  clk_IBUF_BUFG                                | u_disparity_generator/displayBuffer_reg[229]0                     | reset_IBUF                                         |                1 |              6 |         6.00 |
|  clk_IBUF_BUFG                                | u_disparity_generator/displayBuffer_reg[231]0                     | reset_IBUF                                         |                2 |              6 |         3.00 |
|  clk_IBUF_BUFG                                | u_disparity_generator/displayBuffer_reg[22]0                      | reset_IBUF                                         |                1 |              6 |         6.00 |
|  clk_IBUF_BUFG                                | u_disparity_generator/displayBuffer_reg[254]0                     | reset_IBUF                                         |                1 |              6 |         6.00 |
|  clk_IBUF_BUFG                                | u_disparity_generator/displayBuffer_reg[263]0                     | reset_IBUF                                         |                2 |              6 |         3.00 |
|  clk_IBUF_BUFG                                | u_disparity_generator/displayBuffer_reg[266]0                     | reset_IBUF                                         |                1 |              6 |         6.00 |
|  clk_IBUF_BUFG                                | u_disparity_generator/displayBuffer_reg[245]0                     | reset_IBUF                                         |                1 |              6 |         6.00 |
|  clk_IBUF_BUFG                                | u_disparity_generator/displayBuffer_reg[252]0                     | reset_IBUF                                         |                2 |              6 |         3.00 |
|  clk_IBUF_BUFG                                | u_disparity_generator/displayBuffer_reg[236]0                     | reset_IBUF                                         |                2 |              6 |         3.00 |
|  clk_IBUF_BUFG                                | u_disparity_generator/displayBuffer_reg[230]0                     | reset_IBUF                                         |                1 |              6 |         6.00 |
|  clk_IBUF_BUFG                                | u_disparity_generator/displayBuffer_reg[256]0                     | reset_IBUF                                         |                1 |              6 |         6.00 |
|  clk_IBUF_BUFG                                | u_disparity_generator/displayBuffer_reg[253]0                     | reset_IBUF                                         |                1 |              6 |         6.00 |
|  clk_IBUF_BUFG                                | u_disparity_generator/displayBuffer_reg[247]0                     | reset_IBUF                                         |                2 |              6 |         3.00 |
|  clk_IBUF_BUFG                                | u_disparity_generator/displayBuffer_reg[23]0                      | reset_IBUF                                         |                2 |              6 |         3.00 |
|  clk_IBUF_BUFG                                | u_disparity_generator/displayBuffer_reg[286]0                     | reset_IBUF                                         |                5 |              6 |         1.20 |
|  clk_IBUF_BUFG                                | u_disparity_generator/displayBuffer_reg[169]0                     | reset_IBUF                                         |                1 |              6 |         6.00 |
|  clk_IBUF_BUFG                                | u_disparity_generator/displayBuffer_reg[216]0                     | reset_IBUF                                         |                2 |              6 |         3.00 |
|  clk_IBUF_BUFG                                | u_disparity_generator/displayBuffer_reg[215]0                     | reset_IBUF                                         |                2 |              6 |         3.00 |
|  clk_IBUF_BUFG                                | u_disparity_generator/displayBuffer_reg[212]0                     | reset_IBUF                                         |                1 |              6 |         6.00 |
|  clk_IBUF_BUFG                                | u_disparity_generator/displayBuffer_reg[206]0                     | reset_IBUF                                         |                2 |              6 |         3.00 |
|  clk_IBUF_BUFG                                | u_disparity_generator/displayBuffer_reg[203]0                     | reset_IBUF                                         |                1 |              6 |         6.00 |
|  clk_IBUF_BUFG                                | u_disparity_generator/displayBuffer_reg[181]0                     | reset_IBUF                                         |                2 |              6 |         3.00 |
|  clk_IBUF_BUFG                                | u_disparity_generator/displayBuffer_reg[200]0                     | reset_IBUF                                         |                2 |              6 |         3.00 |
|  clk_IBUF_BUFG                                | u_disparity_generator/displayBuffer_reg[195]0                     | reset_IBUF                                         |                1 |              6 |         6.00 |
|  clk_IBUF_BUFG                                | u_disparity_generator/displayBuffer_reg[175]0                     | reset_IBUF                                         |                2 |              6 |         3.00 |
|  clk_IBUF_BUFG                                | u_disparity_generator/displayBuffer_reg[191]0                     | reset_IBUF                                         |                1 |              6 |         6.00 |
|  clk_IBUF_BUFG                                | u_disparity_generator/displayBuffer_reg[176]0                     | reset_IBUF                                         |                2 |              6 |         3.00 |
|  clk_IBUF_BUFG                                | u_disparity_generator/displayBuffer_reg[183]0                     | reset_IBUF                                         |                2 |              6 |         3.00 |
|  clk_IBUF_BUFG                                | u_disparity_generator/displayBuffer_reg[18]0                      | reset_IBUF                                         |                2 |              6 |         3.00 |
|  clk_IBUF_BUFG                                | u_disparity_generator/displayBuffer_reg[222]0                     | reset_IBUF                                         |                1 |              6 |         6.00 |
|  clk_IBUF_BUFG                                | u_disparity_generator/displayBuffer_reg[207]0                     | reset_IBUF                                         |                2 |              6 |         3.00 |
|  clk_IBUF_BUFG                                | u_disparity_generator/displayBuffer_reg[197]0                     | reset_IBUF                                         |                1 |              6 |         6.00 |
|  clk_IBUF_BUFG                                | u_disparity_generator/displayBuffer_reg[246]0                     | reset_IBUF                                         |                1 |              6 |         6.00 |
|  clk_IBUF_BUFG                                | u_disparity_generator/prev_disp                                   | reset_IBUF                                         |                4 |              6 |         1.50 |
|  clk_IBUF_BUFG                                | u_disparity_generator/displayBuffer_reg[79]0                      | reset_IBUF                                         |                1 |              6 |         6.00 |
|  clk_IBUF_BUFG                                | u_disparity_generator/displayBuffer_reg[67]0                      | reset_IBUF                                         |                2 |              6 |         3.00 |
|  clk_IBUF_BUFG                                | u_disparity_generator/displayBuffer_reg[9]0                       | reset_IBUF                                         |                1 |              6 |         6.00 |
|  clk_IBUF_BUFG                                | u_disparity_generator/displayBuffer_reg[76]0                      | reset_IBUF                                         |                1 |              6 |         6.00 |
|  clk_IBUF_BUFG                                | u_disparity_generator/displayBuffer_reg[84]0                      | reset_IBUF                                         |                2 |              6 |         3.00 |
|  clk_IBUF_BUFG                                | u_disparity_generator/displayBuffer_reg[72]0                      | reset_IBUF                                         |                1 |              6 |         6.00 |
|  clk_IBUF_BUFG                                | u_disparity_generator/displayBuffer_reg[88]0                      | reset_IBUF                                         |                1 |              6 |         6.00 |
|  clk_IBUF_BUFG                                | u_disparity_generator/displayBuffer_reg[73]0                      | reset_IBUF                                         |                1 |              6 |         6.00 |
|  clk_IBUF_BUFG                                | u_disparity_generator/displayBuffer_reg[77]0                      | reset_IBUF                                         |                1 |              6 |         6.00 |
|  clk_IBUF_BUFG                                | u_disparity_generator/displayBuffer_reg[86]0                      | reset_IBUF                                         |                2 |              6 |         3.00 |
|  clk_IBUF_BUFG                                | u_disparity_generator/displayBuffer_reg[81]0                      | reset_IBUF                                         |                2 |              6 |         3.00 |
|  clk_IBUF_BUFG                                | u_disparity_generator/displayBuffer_reg[75]0                      | reset_IBUF                                         |                2 |              6 |         3.00 |
|  clk_IBUF_BUFG                                | u_disparity_generator/displayBuffer_reg[94]0                      | reset_IBUF                                         |                1 |              6 |         6.00 |
|  clk_IBUF_BUFG                                | u_disparity_generator/displayBuffer_reg[70]0                      | reset_IBUF                                         |                2 |              6 |         3.00 |
|  clk_IBUF_BUFG                                | u_disparity_generator/displayBuffer_reg[80]0                      | reset_IBUF                                         |                2 |              6 |         3.00 |
|  clk_IBUF_BUFG                                | u_disparity_generator/displayBuffer_reg[61]0                      | reset_IBUF                                         |                2 |              6 |         3.00 |
|  clk_IBUF_BUFG                                | u_disparity_generator/displayBuffer_reg[97]0                      | reset_IBUF                                         |                1 |              6 |         6.00 |
|  clk_IBUF_BUFG                                | u_disparity_generator/displayBuffer_reg[95]0                      | reset_IBUF                                         |                2 |              6 |         3.00 |
|  clk_IBUF_BUFG                                | u_disparity_generator/displayBuffer_reg[7]0                       | reset_IBUF                                         |                3 |              6 |         2.00 |
|  clk_IBUF_BUFG                                | u_disparity_generator/displayBuffer_reg[93]0                      | reset_IBUF                                         |                2 |              6 |         3.00 |
|  clk_IBUF_BUFG                                | u_disparity_generator/displayBuffer_reg[92]0                      | reset_IBUF                                         |                1 |              6 |         6.00 |
|  clk_IBUF_BUFG                                | u_disparity_generator/displayBuffer_reg[90]0                      | reset_IBUF                                         |                2 |              6 |         3.00 |
|  clk_IBUF_BUFG                                | u_disparity_generator/displayBuffer_reg[59]0                      | reset_IBUF                                         |                2 |              6 |         3.00 |
|  clk_IBUF_BUFG                                | u_disparity_generator/displayBuffer_reg[69]0                      | reset_IBUF                                         |                1 |              6 |         6.00 |
|  clk_IBUF_BUFG                                | u_disparity_generator/displayBuffer_reg[85]0                      | reset_IBUF                                         |                2 |              6 |         3.00 |
|  clk_IBUF_BUFG                                | u_disparity_generator/displayBuffer_reg[83]0                      | reset_IBUF                                         |                3 |              6 |         2.00 |
|  clk_IBUF_BUFG                                | u_disparity_generator/displayBuffer_reg[5]0                       | reset_IBUF                                         |                2 |              6 |         3.00 |
|  clk_IBUF_BUFG                                | u_disparity_generator/displayBuffer_reg[238]0                     | reset_IBUF                                         |                1 |              6 |         6.00 |
|  clk_IBUF_BUFG                                | u_disparity_generator/displayBuffer_reg[6]0                       | reset_IBUF                                         |                1 |              6 |         6.00 |
|  clk_IBUF_BUFG                                | u_disparity_generator/displayBuffer_reg[60]0                      | reset_IBUF                                         |                2 |              6 |         3.00 |
|  clk_IBUF_BUFG                                | u_disparity_generator/displayBuffer_reg[82]0                      | reset_IBUF                                         |                1 |              6 |         6.00 |
|  clk_IBUF_BUFG                                | u_disparity_generator/displayBuffer_reg[66]0                      | reset_IBUF                                         |                1 |              6 |         6.00 |
|  clk_IBUF_BUFG                                | u_disparity_generator/displayBuffer_reg[91]0                      | reset_IBUF                                         |                1 |              6 |         6.00 |
|  clk_IBUF_BUFG                                | u_disparity_generator/displayBuffer_reg[8]0                       | reset_IBUF                                         |                1 |              6 |         6.00 |
|  clk_IBUF_BUFG                                | u_disparity_generator/displayBuffer_reg[78]0                      | reset_IBUF                                         |                2 |              6 |         3.00 |
|  clk_IBUF_BUFG                                | u_disparity_generator/displayBuffer_reg[99]0                      | reset_IBUF                                         |                2 |              6 |         3.00 |
|  clk_IBUF_BUFG                                | u_disparity_generator/displayBuffer_reg[87]0                      | reset_IBUF                                         |                2 |              6 |         3.00 |
|  clk_IBUF_BUFG                                | u_disparity_generator/displayBuffer_reg[62]0                      | reset_IBUF                                         |                2 |              6 |         3.00 |
|  clk_IBUF_BUFG                                | u_disparity_generator/displayBuffer_reg[98]0                      | reset_IBUF                                         |                2 |              6 |         3.00 |
|  clk_IBUF_BUFG                                | u_disparity_generator/displayBuffer_reg[68]0                      | reset_IBUF                                         |                2 |              6 |         3.00 |
|  clk_IBUF_BUFG                                | u_disparity_generator/displayBuffer_reg[71]0                      | reset_IBUF                                         |                2 |              6 |         3.00 |
|  clk_IBUF_BUFG                                | u_disparity_generator/displayBuffer_reg[65]0                      | reset_IBUF                                         |                1 |              6 |         6.00 |
|  clk_IBUF_BUFG                                | u_disparity_generator/displayBuffer_reg[89]0                      | reset_IBUF                                         |                2 |              6 |         3.00 |
|  clk_IBUF_BUFG                                | u_disparity_generator/displayBuffer_reg[46]0                      | reset_IBUF                                         |                1 |              6 |         6.00 |
|  clk_IBUF_BUFG                                | u_disparity_generator/displayBuffer_reg[32]0                      | reset_IBUF                                         |                2 |              6 |         3.00 |
|  clk_IBUF_BUFG                                | u_disparity_generator/displayBuffer_reg[319]0                     | reset_IBUF                                         |                3 |              6 |         2.00 |
|  clk_IBUF_BUFG                                | u_disparity_generator/displayBuffer_reg[307]0                     | reset_IBUF                                         |                1 |              6 |         6.00 |
|  clk_IBUF_BUFG                                | u_disparity_generator/displayBuffer_reg[306]0                     | reset_IBUF                                         |                1 |              6 |         6.00 |
|  clk_IBUF_BUFG                                | u_disparity_generator/displayBuffer_reg[300]0                     | reset_IBUF                                         |                1 |              6 |         6.00 |
|  clk_IBUF_BUFG                                | u_disparity_generator/displayBuffer_reg[58]0                      | reset_IBUF                                         |                3 |              6 |         2.00 |
|  clk_IBUF_BUFG                                | u_disparity_generator/displayBuffer_reg[56]0                      | reset_IBUF                                         |                3 |              6 |         2.00 |
|  clk_IBUF_BUFG                                | u_disparity_generator/displayBuffer_reg[55]0                      | reset_IBUF                                         |                2 |              6 |         3.00 |
|  clk_IBUF_BUFG                                | u_disparity_generator/displayBuffer_reg[53]0                      | reset_IBUF                                         |                2 |              6 |         3.00 |
|  clk_IBUF_BUFG                                | u_disparity_generator/displayBuffer_reg[29]0                      | reset_IBUF                                         |                2 |              6 |         3.00 |
|  clk_IBUF_BUFG                                | u_disparity_generator/displayBuffer_reg[52]0                      | reset_IBUF                                         |                2 |              6 |         3.00 |
|  clk_IBUF_BUFG                                | u_disparity_generator/displayBuffer_reg[34]0                      | reset_IBUF                                         |                1 |              6 |         6.00 |
|  clk_IBUF_BUFG                                | u_disparity_generator/displayBuffer_reg[288]0                     | reset_IBUF                                         |                2 |              6 |         3.00 |
|  clk_IBUF_BUFG                                | u_disparity_generator/displayBuffer_reg[305]0                     | reset_IBUF                                         |                1 |              6 |         6.00 |
|  clk_IBUF_BUFG                                | u_disparity_generator/displayBuffer_reg[48]0                      | reset_IBUF                                         |                1 |              6 |         6.00 |
|  clk_IBUF_BUFG                                | u_disparity_generator/displayBuffer_reg[36]0                      | reset_IBUF                                         |                2 |              6 |         3.00 |
|  clk_IBUF_BUFG                                | u_disparity_generator/displayBuffer_reg[35]0                      | reset_IBUF                                         |                2 |              6 |         3.00 |
|  clk_IBUF_BUFG                                | u_disparity_generator/displayBuffer_reg[301]0                     | reset_IBUF                                         |                2 |              6 |         3.00 |
|  clk_IBUF_BUFG                                | u_disparity_generator/displayBuffer_reg[289]0                     | reset_IBUF                                         |                1 |              6 |         6.00 |
|  clk_IBUF_BUFG                                | u_disparity_generator/displayBuffer_reg[28]0                      | reset_IBUF                                         |                2 |              6 |         3.00 |
|  clk_IBUF_BUFG                                | u_disparity_generator/displayBuffer_reg[50]0                      | reset_IBUF                                         |                1 |              6 |         6.00 |
|  clk_IBUF_BUFG                                | u_disparity_generator/displayBuffer_reg[297]0                     | reset_IBUF                                         |                1 |              6 |         6.00 |
|  clk_IBUF_BUFG                                | u_disparity_generator/displayBuffer_reg[4]0                       | reset_IBUF                                         |                2 |              6 |         3.00 |
|  clk_IBUF_BUFG                                | u_disparity_generator/displayBuffer_reg[293]0                     | reset_IBUF                                         |                1 |              6 |         6.00 |
|  clk_IBUF_BUFG                                | u_disparity_generator/displayBuffer_reg[49]0                      | reset_IBUF                                         |                1 |              6 |         6.00 |
|  clk_IBUF_BUFG                                | u_disparity_generator/displayBuffer_reg[47]0                      | reset_IBUF                                         |                2 |              6 |         3.00 |
|  clk_IBUF_BUFG                                | u_disparity_generator/displayBuffer_reg[45]0                      | reset_IBUF                                         |                1 |              6 |         6.00 |
|  clk_IBUF_BUFG                                | u_disparity_generator/displayBuffer_reg[44]0                      | reset_IBUF                                         |                1 |              6 |         6.00 |
|  clk_IBUF_BUFG                                | u_disparity_generator/displayBuffer_reg[43]0                      | reset_IBUF                                         |                1 |              6 |         6.00 |
|  clk_IBUF_BUFG                                | u_disparity_generator/displayBuffer_reg[42]0                      | reset_IBUF                                         |                3 |              6 |         2.00 |
|  clk_IBUF_BUFG                                | u_disparity_generator/displayBuffer_reg[41]0                      | reset_IBUF                                         |                1 |              6 |         6.00 |
|  clk_IBUF_BUFG                                | u_disparity_generator/displayBuffer_reg[3]0                       | reset_IBUF                                         |                2 |              6 |         3.00 |
|  clk_IBUF_BUFG                                | u_disparity_generator/displayBuffer_reg[295]0                     | reset_IBUF                                         |                2 |              6 |         3.00 |
|  clk_IBUF_BUFG                                | u_disparity_generator/displayBuffer_reg[315]0                     | reset_IBUF                                         |                2 |              6 |         3.00 |
|  clk_IBUF_BUFG                                | u_disparity_generator/displayBuffer_reg[296]0                     | reset_IBUF                                         |                2 |              6 |         3.00 |
|  clk_IBUF_BUFG                                | u_disparity_generator/displayBuffer_reg[291]0                     | reset_IBUF                                         |                1 |              6 |         6.00 |
|  clk_IBUF_BUFG                                | u_disparity_generator/displayBuffer_reg[39]0                      | reset_IBUF                                         |                2 |              6 |         3.00 |
|  clk_IBUF_BUFG                                | u_disparity_generator/displayBuffer_reg[309]0                     | reset_IBUF                                         |                2 |              6 |         3.00 |
|  clk_IBUF_BUFG                                | u_disparity_generator/displayBuffer_reg[310]0                     | reset_IBUF                                         |                1 |              6 |         6.00 |
|  clk_IBUF_BUFG                                | u_disparity_generator/displayBuffer_reg[38]0                      | reset_IBUF                                         |                2 |              6 |         3.00 |
|  clk_IBUF_BUFG                                | u_disparity_generator/displayBuffer_reg[318]0                     | reset_IBUF                                         |                2 |              6 |         3.00 |
|  clk_IBUF_BUFG                                | u_disparity_generator/displayBuffer_reg[314]0                     | reset_IBUF                                         |                1 |              6 |         6.00 |
|  clk_IBUF_BUFG                                | u_disparity_generator/displayBuffer_reg[312]0                     | reset_IBUF                                         |                2 |              6 |         3.00 |
|  clk_IBUF_BUFG                                | u_disparity_generator/displayBuffer_reg[304]0                     | reset_IBUF                                         |                1 |              6 |         6.00 |
|  clk_IBUF_BUFG                                | u_disparity_generator/displayBuffer_reg[302]0                     | reset_IBUF                                         |                2 |              6 |         3.00 |
|  clk_IBUF_BUFG                                | u_disparity_generator/displayBuffer_reg[313]0                     | reset_IBUF                                         |                1 |              6 |         6.00 |
|  clk_IBUF_BUFG                                | u_disparity_generator/displayBuffer_reg[2]0                       | reset_IBUF                                         |                1 |              6 |         6.00 |
|  clk_IBUF_BUFG                                | u_disparity_generator/displayBuffer_reg[299]0                     | reset_IBUF                                         |                2 |              6 |         3.00 |
|  clk_IBUF_BUFG                                | u_disparity_generator/displayBuffer_reg[30]0                      | reset_IBUF                                         |                1 |              6 |         6.00 |
|  clk_IBUF_BUFG                                | u_disparity_generator/displayBuffer_reg[308]0                     | reset_IBUF                                         |                2 |              6 |         3.00 |
|  clk_IBUF_BUFG                                | u_disparity_generator/displayBuffer_reg[298]0                     | reset_IBUF                                         |                1 |              6 |         6.00 |
|  clk_IBUF_BUFG                                | u_disparity_generator/displayBuffer_reg[37]0                      | reset_IBUF                                         |                2 |              6 |         3.00 |
|  clk_IBUF_BUFG                                | u_disparity_generator/displayBuffer_reg[33]0                      | reset_IBUF                                         |                1 |              6 |         6.00 |
|  clk_IBUF_BUFG                                | u_disparity_generator/displayBuffer_reg[31]0                      | reset_IBUF                                         |                1 |              6 |         6.00 |
|  clk_IBUF_BUFG                                | u_disparity_generator/displayBuffer_reg[290]0                     | reset_IBUF                                         |                2 |              6 |         3.00 |
|  clk_IBUF_BUFG                                | u_disparity_generator/displayBuffer_reg[316]0                     | reset_IBUF                                         |                3 |              6 |         2.00 |
|  clk_IBUF_BUFG                                | u_disparity_generator/displayBuffer_reg[294]0                     | reset_IBUF                                         |                1 |              6 |         6.00 |
|  clk_IBUF_BUFG                                | u_disparity_generator/displayBuffer_reg[303]0                     | reset_IBUF                                         |                4 |              6 |         1.50 |
|  clk_IBUF_BUFG                                | u_disparity_generator/displayBuffer_reg[287]0                     | reset_IBUF                                         |                1 |              6 |         6.00 |
|  clk_IBUF_BUFG                                | u_disparity_generator/displayBuffer_reg[311]0                     | reset_IBUF                                         |                2 |              6 |         3.00 |
|  clk_IBUF_BUFG                                | u_disparity_generator/displayBuffer_reg[292]0                     | reset_IBUF                                         |                2 |              6 |         3.00 |
|  clk_IBUF_BUFG                                | u_disparity_generator/displayBuffer_reg[317]0                     | reset_IBUF                                         |                2 |              6 |         3.00 |
|  clk_IBUF_BUFG                                | u_top_SCCB/U_SCCB/counter_reg[6]_i_1__0_n_0                       | reset_IBUF                                         |                3 |              7 |         2.33 |
|  tick_BUFG                                    | u_top_SCCB2/U_SCCBa/ip_addr_reg[7]_i_1_n_0                        | reset_IBUF                                         |                2 |              7 |         3.50 |
|  i_reg_reg[2]_i_2_n_0                         | u_top_SCCB/U_SCCB/ip_addr_reg[7]_i_1__0_n_0                       | reset_IBUF                                         |                1 |              7 |         7.00 |
|  clk_IBUF_BUFG                                | u_top_SCCB2/U_SCCBa/counter_reg[6]_i_1_n_0                        | reset_IBUF                                         |                3 |              7 |         2.33 |
|  clk_IBUF_BUFG                                | u_top_SCCB2/U_SCCBa/stop_counter_reg[6]_i_1_n_0                   | reset_IBUF                                         |                2 |              7 |         3.50 |
|  clk_IBUF_BUFG                                | U_QQVGA_display/E[0]                                              | reset_IBUF                                         |                2 |              7 |         3.50 |
|  clk_IBUF_BUFG                                | u_top_SCCB/U_SCCB/stop_counter_reg[6]_i_1__0_n_0                  | reset_IBUF                                         |                2 |              7 |         3.50 |
|  clk_IBUF_BUFG                                | u_Btn_Debounce_L/r_1khz_reg_n_0                                   | reset_IBUF                                         |                3 |              8 |         2.67 |
|  ov7670_pclk2_IBUF_BUFG                       | U_OV7670_Memcotroller2/pix_data[15]_i_1__0_n_0                    | reset_IBUF                                         |                3 |              8 |         2.67 |
|  clk_IBUF_BUFG                                | u_Btn_Debounce_D/r_1khz_reg_n_0                                   | reset_IBUF                                         |                3 |              8 |         2.67 |
|  clk_IBUF_BUFG                                | u_Btn_Debounce_R/r_1khz_reg_n_0                                   | reset_IBUF                                         |                2 |              8 |         4.00 |
|  ov7670_pclk1_IBUF_BUFG                       | U_OV7670_Memcotroller1/pix_data[7]                                | reset_IBUF                                         |                4 |              8 |         2.00 |
|  tick_BUFG                                    | u_top_SCCB2/U_SCCBa/rom_addr_reg[0]_i_1_n_0                       | reset_IBUF                                         |                2 |              8 |         4.00 |
|  tick_BUFG                                    | u_top_SCCB2/U_SCCBa/reg_addr_reg[7]_i_1_n_0                       | reset_IBUF                                         |                1 |              8 |         8.00 |
|  tick_BUFG                                    | u_top_SCCB2/U_SCCBa/data_reg[7]_i_1_n_0                           | reset_IBUF                                         |                2 |              8 |         4.00 |
|  ov7670_pclk1_IBUF_BUFG                       | U_OV7670_Memcotroller1/v_counter0                                 | reset_IBUF                                         |                3 |              8 |         2.67 |
|  clk_IBUF_BUFG                                | u_Btn_Debounce_U/r_1khz                                           | reset_IBUF                                         |                3 |              8 |         2.67 |
|  ov7670_pclk1_IBUF_BUFG                       | U_OV7670_Memcotroller1/pix_data[15]_i_1_n_0                       | reset_IBUF                                         |                3 |              8 |         2.67 |
|  i_reg_reg[2]_i_2_n_0                         | u_top_SCCB/U_SCCB/data_reg[7]_i_1__0_n_0                          | reset_IBUF                                         |                2 |              8 |         4.00 |
|  i_reg_reg[2]_i_2_n_0                         | u_top_SCCB/U_SCCB/rom_addr_reg[0]_i_1__0_n_0                      | reset_IBUF                                         |                3 |              8 |         2.67 |
|  i_reg_reg[2]_i_2_n_0                         | u_top_SCCB/U_SCCB/reg_addr_reg[7]_i_1__0_n_0                      | reset_IBUF                                         |                1 |              8 |         8.00 |
|  clk_IBUF_BUFG                                | u_sad_matcher_top/next_state                                      | reset_IBUF                                         |                5 |              8 |         1.60 |
|  ov7670_pclk2_IBUF_BUFG                       | U_OV7670_Memcotroller2/v_counter[7]_i_1__0_n_0                    | reset_IBUF                                         |                2 |              8 |         4.00 |
|  ov7670_pclk2_IBUF_BUFG                       | U_OV7670_Memcotroller2/pix_data[7]_i_1__0_n_0                     | reset_IBUF                                         |                3 |              8 |         2.67 |
|  clk_IBUF_BUFG                                | u_Btn_Debounce_D/E[0]                                             | reset_IBUF                                         |                3 |              9 |         3.00 |
|  clk_IBUF_BUFG                                | u_sad_matcher_top/P2_reg[8]_i_1_n_0                               | reset_IBUF                                         |                2 |              9 |         4.50 |
|  u_VGA_Controller/u_counter/led_reg_reg[0][0] |                                                                   |                                                    |                6 |              9 |         1.50 |
|  clk_IBUF_BUFG                                | u_disparity_generator/rAddr1_next                                 | reset_IBUF                                         |                5 |             10 |         2.00 |
|  pclk_BUFG                                    | u_VGA_Controller/u_counter/v_counter                              | reset_IBUF                                         |                5 |             10 |         2.00 |
|  ov7670_pclk1_IBUF_BUFG                       |                                                                   | reset_IBUF                                         |                3 |             11 |         3.67 |
|  clk_IBUF_BUFG                                | u_sad_matcher_top/sad[14]_i_2_n_0                                 | u_sad_matcher_top/sad[14]_i_1_n_0                  |                4 |             11 |         2.75 |
|  ov7670_pclk2_IBUF_BUFG                       |                                                                   | reset_IBUF                                         |                5 |             11 |         2.20 |
|  clk_IBUF_BUFG                                | u_top_SCCB/U_SCCB/o_clk                                           | reset_IBUF                                         |                4 |             12 |         3.00 |
|  clk_IBUF_BUFG                                | u_top_SCCB2/U_SCCBa/o_clk                                         | reset_IBUF                                         |                4 |             12 |         3.00 |
|  pclk_BUFG                                    |                                                                   |                                                    |                7 |             13 |         1.86 |
|  clk_IBUF_BUFG                                | u_sad_matcher_top/Lr_array[26][14]_i_1_n_0                        |                                                    |                6 |             15 |         2.50 |
|  clk_IBUF_BUFG                                | u_sad_matcher_top/Lr_array[29][14]_i_1_n_0                        |                                                    |                6 |             15 |         2.50 |
|  clk_IBUF_BUFG                                | u_sad_matcher_top/Lr_array[28][14]_i_1_n_0                        |                                                    |                3 |             15 |         5.00 |
|  clk_IBUF_BUFG                                | u_sad_matcher_top/Lr_array[25][14]_i_1_n_0                        |                                                    |                5 |             15 |         3.00 |
|  clk_IBUF_BUFG                                | u_sad_matcher_top/Lr_array[17][14]_i_1_n_0                        |                                                    |                4 |             15 |         3.75 |
|  clk_IBUF_BUFG                                | u_sad_matcher_top/Lr_array[10][14]_i_1_n_0                        |                                                    |                4 |             15 |         3.75 |
|  clk_IBUF_BUFG                                | u_sad_matcher_top/Lr_array[18][14]_i_1_n_0                        |                                                    |                3 |             15 |         5.00 |
|  clk_IBUF_BUFG                                | u_sad_matcher_top/Lr_array[12][14]_i_1_n_0                        |                                                    |                3 |             15 |         5.00 |
|  clk_IBUF_BUFG                                | u_sad_matcher_top/Lr_array[13][14]_i_1_n_0                        |                                                    |                4 |             15 |         3.75 |
|  clk_IBUF_BUFG                                | u_sad_matcher_top/Lr_array[15][14]_i_1_n_0                        |                                                    |                3 |             15 |         5.00 |
|  clk_IBUF_BUFG                                | u_sad_matcher_top/Lr_array[11][14]_i_1_n_0                        |                                                    |                4 |             15 |         3.75 |
|  clk_IBUF_BUFG                                | u_sad_matcher_top/Lr_array[16][14]_i_1_n_0                        |                                                    |                6 |             15 |         2.50 |
|  clk_IBUF_BUFG                                | u_sad_matcher_top/Lr_array[19][14]_i_1_n_0                        |                                                    |                4 |             15 |         3.75 |
|  clk_IBUF_BUFG                                | u_sad_matcher_top/Lr_array[1][14]_i_1_n_0                         |                                                    |                4 |             15 |         3.75 |
|  clk_IBUF_BUFG                                | u_sad_matcher_top/Lr_array[14][14]_i_1_n_0                        |                                                    |                5 |             15 |         3.00 |
|  clk_IBUF_BUFG                                | u_sad_matcher_top/Lr_array[3][14]_i_1_n_0                         |                                                    |                3 |             15 |         5.00 |
|  clk_IBUF_BUFG                                | u_sad_matcher_top/Lr_array[4][14]_i_1_n_0                         |                                                    |                5 |             15 |         3.00 |
|  clk_IBUF_BUFG                                | u_sad_matcher_top/Lr_array[31][14]_i_1_n_0                        |                                                    |                7 |             15 |         2.14 |
|  clk_IBUF_BUFG                                | u_sad_matcher_top/Lr_array[2][14]_i_1_n_0                         |                                                    |                4 |             15 |         3.75 |
|  clk_IBUF_BUFG                                | u_sad_matcher_top/Lr_array[0][14]_i_1_n_0                         |                                                    |                4 |             15 |         3.75 |
|  clk_IBUF_BUFG                                | u_sad_matcher_top/Lr_array[9][14]_i_1_n_0                         |                                                    |                9 |             15 |         1.67 |
|  clk_IBUF_BUFG                                | u_sad_matcher_top/Lr_array[8][14]_i_1_n_0                         |                                                    |                6 |             15 |         2.50 |
|  clk_IBUF_BUFG                                | u_sad_matcher_top/Lr_array[5][14]_i_1_n_0                         |                                                    |                5 |             15 |         3.00 |
|  clk_IBUF_BUFG                                | u_sad_matcher_top/Lr_array[7][14]_i_1_n_0                         |                                                    |                4 |             15 |         3.75 |
|  clk_IBUF_BUFG                                | u_sad_matcher_top/Lr_array[6][14]_i_1_n_0                         |                                                    |                4 |             15 |         3.75 |
|  clk_IBUF_BUFG                                | u_sad_matcher_top/Lr_array[30][14]_i_1_n_0                        |                                                    |                4 |             15 |         3.75 |
|  clk_IBUF_BUFG                                | u_sad_matcher_top/Lr_array[23][14]_i_1_n_0                        |                                                    |                4 |             15 |         3.75 |
|  clk_IBUF_BUFG                                | u_sad_matcher_top/Lr_array[24][14]_i_1_n_0                        |                                                    |                5 |             15 |         3.00 |
|  clk_IBUF_BUFG                                | u_sad_matcher_top/Lr_array[22][14]_i_1_n_0                        |                                                    |                4 |             15 |         3.75 |
|  clk_IBUF_BUFG                                | u_sad_matcher_top/Lr_array[27][14]_i_1_n_0                        |                                                    |                4 |             15 |         3.75 |
|  clk_IBUF_BUFG                                | u_sad_matcher_top/Lr_array[21][14]_i_1_n_0                        |                                                    |                5 |             15 |         3.00 |
|  clk_IBUF_BUFG                                | u_sad_matcher_top/Lr_array[20][14]_i_1_n_0                        |                                                    |                8 |             15 |         1.88 |
|  clk_IBUF_BUFG                                | u_sad_matcher_top/second_best_cost[15]_i_1_n_0                    | reset_IBUF                                         |                7 |             16 |         2.29 |
|  pclk_BUFG                                    | u_VGA_Controller/u_counter/v_counter_reg[6]_0                     | reset_IBUF                                         |                4 |             16 |         4.00 |
|  clk_IBUF_BUFG                                | u_sad_matcher_top/proc_x[9]_i_1_n_0                               | reset_IBUF                                         |                7 |             16 |         2.29 |
|  pclk_BUFG                                    | u_VGA_Controller/u_counter/v_counter_reg[6]_2                     | reset_IBUF                                         |                4 |             16 |         4.00 |
|  pclk_BUFG                                    | u_VGA_Controller/u_counter/v_counter_reg[6]_4                     | reset_IBUF                                         |                4 |             16 |         4.00 |
|  pclk_BUFG                                    | u_VGA_Controller/u_counter/v_counter_reg[6]_3                     | reset_IBUF                                         |                4 |             16 |         4.00 |
|  clk_IBUF_BUFG                                | u_sad_matcher_top/d[5]_i_1_n_0                                    | reset_IBUF                                         |                5 |             19 |         3.80 |
|  clk_IBUF_BUFG                                | u_sad_matcher_top/best_cost[15]_i_1_n_0                           | reset_IBUF                                         |               21 |             41 |         1.95 |
|  pclk_BUFG                                    | u_VGA_Controller/u_counter/h_counter_reg[8]_8                     |                                                    |               15 |             60 |         4.00 |
|  pclk_BUFG                                    | u_VGA_Controller/u_counter/h_counter_reg[9]_6                     |                                                    |               15 |             60 |         4.00 |
|  pclk_BUFG                                    | u_VGA_Controller/u_counter/h_counter_reg[8]_7                     |                                                    |               15 |             60 |         4.00 |
|  pclk_BUFG                                    | u_VGA_Controller/u_counter/h_counter_reg[9]_5                     |                                                    |               15 |             60 |         4.00 |
|  pclk_BUFG                                    | u_VGA_Controller/u_counter/h_counter_reg[8]_6                     |                                                    |               15 |             60 |         4.00 |
|  pclk_BUFG                                    |                                                                   | reset_IBUF                                         |               47 |             79 |         1.68 |
|  pclk_BUFG                                    | u_census_matcher_top_right/linebuf2_reg_r1_64_127_0_2_i_1__0_n_0  |                                                    |               28 |            112 |         4.00 |
|  pclk_BUFG                                    | u_census_matcher_top_left/linebuf2_reg_r1_64_127_0_2_i_1_n_0      |                                                    |               28 |            112 |         4.00 |
|  pclk_BUFG                                    | u_census_matcher_top_left/linebuf2_reg_r1_0_63_0_2_i_1_n_0        |                                                    |               28 |            112 |         4.00 |
|  pclk_BUFG                                    | u_census_matcher_top_left/linebuf2_reg_r1_128_191_0_2_i_1_n_0     |                                                    |               28 |            112 |         4.00 |
|  pclk_BUFG                                    | u_census_matcher_top_left/linebuf2_reg_r1_256_319_0_2_i_1_n_0     |                                                    |               28 |            112 |         4.00 |
|  pclk_BUFG                                    | u_census_matcher_top_left/linebuf2_reg_r1_192_255_0_2_i_1_n_0     |                                                    |               28 |            112 |         4.00 |
|  pclk_BUFG                                    | u_census_matcher_top_right/linebuf2_reg_r1_128_191_0_2_i_1__0_n_0 |                                                    |               28 |            112 |         4.00 |
|  pclk_BUFG                                    | u_census_matcher_top_right/linebuf2_reg_r1_0_63_0_2_i_1__0_n_0    |                                                    |               28 |            112 |         4.00 |
|  pclk_BUFG                                    | u_census_matcher_top_right/linebuf2_reg_r1_256_319_0_2_i_1__0_n_0 |                                                    |               28 |            112 |         4.00 |
|  pclk_BUFG                                    | u_census_matcher_top_right/linebuf2_reg_r1_192_255_0_2_i_1__0_n_0 |                                                    |               28 |            112 |         4.00 |
|  pclk_BUFG                                    | u_VGA_Controller/u_counter/h_counter_reg[9]_0                     | reset_IBUF                                         |               74 |            118 |         1.59 |
|  pclk_BUFG                                    | u_census_matcher_top_right/linebuf0_reg_r1_64_127_0_2_i_1__0_n_0  |                                                    |               30 |            120 |         4.00 |
|  pclk_BUFG                                    | u_census_matcher_top_right/linebuf0_reg_r1_192_255_0_2_i_1__0_n_0 |                                                    |               30 |            120 |         4.00 |
|  pclk_BUFG                                    | u_census_matcher_top_right/linebuf0_reg_r1_256_319_0_2_i_1__0_n_0 |                                                    |               30 |            120 |         4.00 |
|  pclk_BUFG                                    | u_census_matcher_top_left/linebuf0_reg_r1_256_319_0_2_i_1_n_0     |                                                    |               30 |            120 |         4.00 |
|  pclk_BUFG                                    | u_census_matcher_top_left/linebuf0_reg_r1_128_191_0_2_i_1_n_0     |                                                    |               30 |            120 |         4.00 |
|  pclk_BUFG                                    | u_census_matcher_top_right/linebuf0_reg_r1_128_191_0_2_i_1__0_n_0 |                                                    |               30 |            120 |         4.00 |
|  pclk_BUFG                                    | u_census_matcher_top_left/linebuf0_reg_r1_192_255_0_2_i_1_n_0     |                                                    |               30 |            120 |         4.00 |
|  pclk_BUFG                                    | u_census_matcher_top_left/linebuf0_reg_r1_0_63_0_2_i_1_n_0        |                                                    |               30 |            120 |         4.00 |
|  pclk_BUFG                                    | u_census_matcher_top_left/linebuf0_reg_r1_64_127_0_2_i_1_n_0      |                                                    |               30 |            120 |         4.00 |
|  pclk_BUFG                                    | u_census_matcher_top_right/linebuf0_reg_r1_0_63_0_2_i_1__0_n_0    |                                                    |               30 |            120 |         4.00 |
|  pclk_BUFG                                    | u_QQVGA_memory_controller/h_counter_reg[4]_3                      |                                                    |               75 |            300 |         4.00 |
|  pclk_BUFG                                    | u_QQVGA_memory_controller/h_counter_reg[9]_0                      |                                                    |               75 |            300 |         4.00 |
|  pclk_BUFG                                    | u_QQVGA_memory_controller/h_counter_reg[9]_1                      |                                                    |               75 |            300 |         4.00 |
|  pclk_BUFG                                    | u_QQVGA_memory_controller/h_counter_reg[4]_1                      |                                                    |               75 |            300 |         4.00 |
|  pclk_BUFG                                    | u_QQVGA_memory_controller/h_counter_reg[4]_2                      |                                                    |               75 |            300 |         4.00 |
|  clk_IBUF_BUFG                                |                                                                   | reset_IBUF                                         |              162 |            384 |         2.37 |
|  clk_IBUF_BUFG                                | u_sad_matcher_top/prev_Lr_horz[1][14]_i_1_n_0                     |                                                    |              161 |            480 |         2.98 |
+-----------------------------------------------+-------------------------------------------------------------------+----------------------------------------------------+------------------+----------------+--------------+


