Copyright 1986-2020 Xilinx, Inc. All Rights Reserved.
--------------------------------------------------------------------------------------------------------------------------------------------------------------------------------
| Tool Version : Vivado v.2020.2 (win64) Build 3064766 Wed Nov 18 09:12:45 MST 2020
| Date         : Tue Apr 29 10:53:13 2025
| Host         : DESKTOP-7CFQ9ND running 64-bit major release  (build 9200)
| Command      : report_timing_summary -max_paths 10 -file MCU_timing_summary_routed.rpt -pb MCU_timing_summary_routed.pb -rpx MCU_timing_summary_routed.rpx -warn_on_violation
| Design       : MCU
| Device       : 7a35t-cpg236
| Speed File   : -1  PRODUCTION 1.23 2018-06-13
--------------------------------------------------------------------------------------------------------------------------------------------------------------------------------

Timing Summary Report

------------------------------------------------------------------------------------------------
| Timer Settings
| --------------
------------------------------------------------------------------------------------------------

  Enable Multi Corner Analysis               :  Yes
  Enable Pessimism Removal                   :  Yes
  Pessimism Removal Resolution               :  Nearest Common Node
  Enable Input Delay Default Clock           :  No
  Enable Preset / Clear Arcs                 :  No
  Disable Flight Delays                      :  No
  Ignore I/O Paths                           :  No
  Timing Early Launch at Borrowing Latches   :  No
  Borrow Time for Max Delay Exceptions       :  Yes
  Merge Timing Exceptions                    :  Yes

  Corner  Analyze    Analyze    
  Name    Max Paths  Min Paths  
  ------  ---------  ---------  
  Slow    Yes        Yes        
  Fast    Yes        Yes        



check_timing report

Table of Contents
-----------------
1. checking no_clock (0)
2. checking constant_clock (0)
3. checking pulse_width_clock (0)
4. checking unconstrained_internal_endpoints (0)
5. checking no_input_delay (25)
6. checking no_output_delay (35)
7. checking multiple_clock (0)
8. checking generated_clocks (0)
9. checking loops (0)
10. checking partial_input_delay (0)
11. checking partial_output_delay (0)
12. checking latch_loops (0)

1. checking no_clock (0)
------------------------
 There are 0 register/latch pins with no clock.


2. checking constant_clock (0)
------------------------------
 There are 0 register/latch pins with constant_clock.


3. checking pulse_width_clock (0)
---------------------------------
 There are 0 register/latch pins which need pulse_width check


4. checking unconstrained_internal_endpoints (0)
------------------------------------------------
 There are 0 pins that are not constrained for maximum delay.

 There are 0 pins that are not constrained for maximum delay due to constant clock.


5. checking no_input_delay (25)
-------------------------------
 There are 25 input ports with no input delay specified. (HIGH)

 There are 0 input ports with no input delay but user has a false path constraint.


6. checking no_output_delay (35)
--------------------------------
 There are 35 ports with no output delay specified. (HIGH)

 There are 0 ports with no output delay but user has a false path constraint

 There are 0 ports with no output delay but with a timing clock defined on it or propagating through it


7. checking multiple_clock (0)
------------------------------
 There are 0 register/latch pins with multiple clocks.


8. checking generated_clocks (0)
--------------------------------
 There are 0 generated clocks that are not connected to a clock source.


9. checking loops (0)
---------------------
 There are 0 combinational loops in the design.


10. checking partial_input_delay (0)
------------------------------------
 There are 0 input ports with partial input delay specified.


11. checking partial_output_delay (0)
-------------------------------------
 There are 0 ports with partial output delay specified.


12. checking latch_loops (0)
----------------------------
 There are 0 combinational latch loops in the design through latch input



------------------------------------------------------------------------------------------------
| Design Timing Summary
| ---------------------
------------------------------------------------------------------------------------------------

    WNS(ns)      TNS(ns)  TNS Failing Endpoints  TNS Total Endpoints      WHS(ns)      THS(ns)  THS Failing Endpoints  THS Total Endpoints     WPWS(ns)     TPWS(ns)  TPWS Failing Endpoints  TPWS Total Endpoints  
    -------      -------  ---------------------  -------------------      -------      -------  ---------------------  -------------------     --------     --------  ----------------------  --------------------  
      0.158        0.000                      0                 2722        0.061        0.000                      0                 2722        3.750        0.000                       0                  1200  


All user specified timing constraints are met.


------------------------------------------------------------------------------------------------
| Clock Summary
| -------------
------------------------------------------------------------------------------------------------

Clock        Waveform(ns)       Period(ns)      Frequency(MHz)
-----        ------------       ----------      --------------
sys_clk_pin  {0.000 5.000}      10.000          100.000         


------------------------------------------------------------------------------------------------
| Intra Clock Table
| -----------------
------------------------------------------------------------------------------------------------

Clock             WNS(ns)      TNS(ns)  TNS Failing Endpoints  TNS Total Endpoints      WHS(ns)      THS(ns)  THS Failing Endpoints  THS Total Endpoints     WPWS(ns)     TPWS(ns)  TPWS Failing Endpoints  TPWS Total Endpoints  
-----             -------      -------  ---------------------  -------------------      -------      -------  ---------------------  -------------------     --------     --------  ----------------------  --------------------  
sys_clk_pin         0.158        0.000                      0                 2722        0.061        0.000                      0                 2722        3.750        0.000                       0                  1200  


------------------------------------------------------------------------------------------------
| Inter Clock Table
| -----------------
------------------------------------------------------------------------------------------------

From Clock    To Clock          WNS(ns)      TNS(ns)  TNS Failing Endpoints  TNS Total Endpoints      WHS(ns)      THS(ns)  THS Failing Endpoints  THS Total Endpoints  
----------    --------          -------      -------  ---------------------  -------------------      -------      -------  ---------------------  -------------------  


------------------------------------------------------------------------------------------------
| Other Path Groups Table
| -----------------------
------------------------------------------------------------------------------------------------

Path Group    From Clock    To Clock          WNS(ns)      TNS(ns)  TNS Failing Endpoints  TNS Total Endpoints      WHS(ns)      THS(ns)  THS Failing Endpoints  THS Total Endpoints  
----------    ----------    --------          -------      -------  ---------------------  -------------------      -------      -------  ---------------------  -------------------  


------------------------------------------------------------------------------------------------
| Timing Details
| --------------
------------------------------------------------------------------------------------------------


---------------------------------------------------------------------------------------------------
From Clock:  sys_clk_pin
  To Clock:  sys_clk_pin

Setup :            0  Failing Endpoints,  Worst Slack        0.158ns,  Total Violation        0.000ns
Hold  :            0  Failing Endpoints,  Worst Slack        0.061ns,  Total Violation        0.000ns
PW    :            0  Failing Endpoints,  Worst Slack        3.750ns,  Total Violation        0.000ns
---------------------------------------------------------------------------------------------------


Max Delay Paths
--------------------------------------------------------------------------------------
Slack (MET) :             0.158ns  (required time - arrival time)
  Source:                 U_Core/U_DataPath/U_PC/q_reg[2]/C
                            (rising edge-triggered cell FDCE clocked by sys_clk_pin  {rise@0.000ns fall@5.000ns period=10.000ns})
  Destination:            U_Core/U_DataPath/U_RegFile/RegFile_reg_r1_0_31_24_29/RAMB_D1/I
                            (rising edge-triggered cell RAMD32 clocked by sys_clk_pin  {rise@0.000ns fall@5.000ns period=10.000ns})
  Path Group:             sys_clk_pin
  Path Type:              Setup (Max at Slow Process Corner)
  Requirement:            10.000ns  (sys_clk_pin rise@10.000ns - sys_clk_pin rise@0.000ns)
  Data Path Delay:        9.556ns  (logic 1.510ns (15.802%)  route 8.046ns (84.198%))
  Logic Levels:           8  (LUT5=1 LUT6=7)
  Clock Path Skew:        -0.023ns (DCD - SCD + CPR)
    Destination Clock Delay (DCD):    4.787ns = ( 14.787 - 10.000 ) 
    Source Clock Delay      (SCD):    5.070ns
    Clock Pessimism Removal (CPR):    0.260ns
  Clock Uncertainty:      0.035ns  ((TSJ^2 + TIJ^2)^1/2 + DJ) / 2 + PE
    Total System Jitter     (TSJ):    0.071ns
    Total Input Jitter      (TIJ):    0.000ns
    Discrete Jitter          (DJ):    0.000ns
    Phase Error              (PE):    0.000ns

    Location             Delay type                Incr(ns)  Path(ns)    Netlist Resource(s)
  -------------------------------------------------------------------    -------------------
                         (clock sys_clk_pin rise edge)
                                                      0.000     0.000 r  
    W5                                                0.000     0.000 r  clk (IN)
                         net (fo=0)                   0.000     0.000    clk
    W5                   IBUF (Prop_ibuf_I_O)         1.458     1.458 r  clk_IBUF_inst/O
                         net (fo=1, routed)           1.967     3.425    clk_IBUF
    BUFGCTRL_X0Y0        BUFG (Prop_bufg_I_O)         0.096     3.521 r  clk_IBUF_BUFG_inst/O
                         net (fo=1199, routed)        1.549     5.070    U_Core/U_DataPath/U_PC/clk_IBUF_BUFG
    SLICE_X42Y27         FDCE                                         r  U_Core/U_DataPath/U_PC/q_reg[2]/C
  -------------------------------------------------------------------    -------------------
    SLICE_X42Y27         FDCE (Prop_fdce_C_Q)         0.518     5.588 r  U_Core/U_DataPath/U_PC/q_reg[2]/Q
                         net (fo=217, routed)         1.480     7.069    U_Core/U_DataPath/U_PC/q_reg[31]_0[2]
    SLICE_X41Y22         LUT6 (Prop_lut6_I0_O)        0.124     7.193 r  U_Core/U_DataPath/U_PC/g3_b30/O
                         net (fo=6, routed)           0.806     7.998    U_Core/U_DataPath/U_PC/g3_b30_n_0
    SLICE_X41Y23         LUT6 (Prop_lut6_I0_O)        0.124     8.122 r  U_Core/U_DataPath/U_PC/q[30]_i_5/O
                         net (fo=1, routed)           0.585     8.707    U_Core/U_DataPath/U_PC/q[30]_i_5_n_0
    SLICE_X42Y24         LUT5 (Prop_lut5_I4_O)        0.124     8.831 r  U_Core/U_DataPath/U_PC/q[30]_i_2/O
                         net (fo=7, routed)           0.763     9.594    U_Core/U_DataPath/U_PC/q_reg[9]_1
    SLICE_X44Y29         LUT6 (Prop_lut6_I4_O)        0.124     9.718 r  U_Core/U_DataPath/U_PC/q[31]_i_13/O
                         net (fo=3, routed)           0.823    10.541    U_Core/U_ControlUnit/q_reg[30]_3
    SLICE_X45Y31         LUT6 (Prop_lut6_I4_O)        0.124    10.665 r  U_Core/U_ControlUnit/q[2]_i_4/O
                         net (fo=32, routed)          1.174    11.839    U_Core/U_ControlUnit/FSM_sequential_state_reg[1]_0
    SLICE_X46Y40         LUT6 (Prop_lut6_I0_O)        0.124    11.963 r  U_Core/U_ControlUnit/q[27]_i_5/O
                         net (fo=1, routed)           1.059    13.022    U_Core/U_ControlUnit/q[27]_i_5_n_0
    SLICE_X55Y40         LUT6 (Prop_lut6_I5_O)        0.124    13.146 r  U_Core/U_ControlUnit/q[27]_i_1/O
                         net (fo=2, routed)           0.708    13.854    U_Core/U_ControlUnit/q_reg[31][25]
    SLICE_X55Y34         LUT6 (Prop_lut6_I4_O)        0.124    13.978 r  U_Core/U_ControlUnit/RegFile_reg_r1_0_31_24_29_i_3/O
                         net (fo=2, routed)           0.648    14.626    U_Core/U_DataPath/U_RegFile/RegFile_reg_r1_0_31_24_29/DIB1
    SLICE_X52Y34         RAMD32                                       r  U_Core/U_DataPath/U_RegFile/RegFile_reg_r1_0_31_24_29/RAMB_D1/I
  -------------------------------------------------------------------    -------------------

                         (clock sys_clk_pin rise edge)
                                                     10.000    10.000 r  
    W5                                                0.000    10.000 r  clk (IN)
                         net (fo=0)                   0.000    10.000    clk
    W5                   IBUF (Prop_ibuf_I_O)         1.388    11.388 r  clk_IBUF_inst/O
                         net (fo=1, routed)           1.862    13.250    clk_IBUF
    BUFGCTRL_X0Y0        BUFG (Prop_bufg_I_O)         0.091    13.341 r  clk_IBUF_BUFG_inst/O
                         net (fo=1199, routed)        1.446    14.787    U_Core/U_DataPath/U_RegFile/RegFile_reg_r1_0_31_24_29/WCLK
    SLICE_X52Y34         RAMD32                                       r  U_Core/U_DataPath/U_RegFile/RegFile_reg_r1_0_31_24_29/RAMB_D1/CLK
                         clock pessimism              0.260    15.047    
                         clock uncertainty           -0.035    15.012    
    SLICE_X52Y34         RAMD32 (Setup_ramd32_CLK_I)
                                                     -0.228    14.784    U_Core/U_DataPath/U_RegFile/RegFile_reg_r1_0_31_24_29/RAMB_D1
  -------------------------------------------------------------------
                         required time                         14.784    
                         arrival time                         -14.626    
  -------------------------------------------------------------------
                         slack                                  0.158    

Slack (MET) :             0.458ns  (required time - arrival time)
  Source:                 U_Core/U_DataPath/U_PC/q_reg[6]/C
                            (rising edge-triggered cell FDCE clocked by sys_clk_pin  {rise@0.000ns fall@5.000ns period=10.000ns})
  Destination:            U_Core/U_DataPath/U_RegFile/RegFile_reg_r1_0_31_12_17/RAMC_D1/I
                            (rising edge-triggered cell RAMD32 clocked by sys_clk_pin  {rise@0.000ns fall@5.000ns period=10.000ns})
  Path Group:             sys_clk_pin
  Path Type:              Setup (Max at Slow Process Corner)
  Requirement:            10.000ns  (sys_clk_pin rise@10.000ns - sys_clk_pin rise@0.000ns)
  Data Path Delay:        9.228ns  (logic 2.308ns (25.010%)  route 6.920ns (74.990%))
  Logic Levels:           8  (LUT2=1 LUT5=1 LUT6=5 MUXF7=1)
  Clock Path Skew:        -0.029ns (DCD - SCD + CPR)
    Destination Clock Delay (DCD):    4.782ns = ( 14.782 - 10.000 ) 
    Source Clock Delay      (SCD):    5.071ns
    Clock Pessimism Removal (CPR):    0.260ns
  Clock Uncertainty:      0.035ns  ((TSJ^2 + TIJ^2)^1/2 + DJ) / 2 + PE
    Total System Jitter     (TSJ):    0.071ns
    Total Input Jitter      (TIJ):    0.000ns
    Discrete Jitter          (DJ):    0.000ns
    Phase Error              (PE):    0.000ns

    Location             Delay type                Incr(ns)  Path(ns)    Netlist Resource(s)
  -------------------------------------------------------------------    -------------------
                         (clock sys_clk_pin rise edge)
                                                      0.000     0.000 r  
    W5                                                0.000     0.000 r  clk (IN)
                         net (fo=0)                   0.000     0.000    clk
    W5                   IBUF (Prop_ibuf_I_O)         1.458     1.458 r  clk_IBUF_inst/O
                         net (fo=1, routed)           1.967     3.425    clk_IBUF
    BUFGCTRL_X0Y0        BUFG (Prop_bufg_I_O)         0.096     3.521 r  clk_IBUF_BUFG_inst/O
                         net (fo=1199, routed)        1.550     5.071    U_Core/U_DataPath/U_PC/clk_IBUF_BUFG
    SLICE_X47Y27         FDCE                                         r  U_Core/U_DataPath/U_PC/q_reg[6]/C
  -------------------------------------------------------------------    -------------------
    SLICE_X47Y27         FDCE (Prop_fdce_C_Q)         0.419     5.490 r  U_Core/U_DataPath/U_PC/q_reg[6]/Q
                         net (fo=217, routed)         1.208     6.699    U_Core/U_DataPath/U_PC/q_reg[31]_0[6]
    SLICE_X40Y28         LUT6 (Prop_lut6_I4_O)        0.297     6.996 r  U_Core/U_DataPath/U_PC/g1_b13/O
                         net (fo=1, routed)           0.000     6.996    U_Core/U_DataPath/U_PC/g1_b13_n_0
    SLICE_X40Y28         MUXF7 (Prop_muxf7_I1_O)      0.217     7.213 r  U_Core/U_DataPath/U_PC/q_reg[13]_i_6/O
                         net (fo=1, routed)           0.813     8.026    U_Core/U_DataPath/U_PC/q_reg[13]_i_6_n_0
    SLICE_X42Y28         LUT6 (Prop_lut6_I5_O)        0.299     8.325 r  U_Core/U_DataPath/U_PC/q[13]_i_2/O
                         net (fo=7, routed)           0.766     9.091    U_Core/U_ControlUnit/instrCode[0]
    SLICE_X45Y30         LUT5 (Prop_lut5_I4_O)        0.150     9.241 r  U_Core/U_ControlUnit/q[31]_i_16/O
                         net (fo=5, routed)           0.690     9.931    U_Core/U_ControlUnit/aluControl[0]
    SLICE_X44Y31         LUT6 (Prop_lut6_I5_O)        0.326    10.257 r  U_Core/U_ControlUnit/q[31]_i_5/O
                         net (fo=41, routed)          0.506    10.763    U_Core/U_ControlUnit/FSM_sequential_state_reg[1]_2
    SLICE_X44Y31         LUT2 (Prop_lut2_I0_O)        0.150    10.913 r  U_Core/U_ControlUnit/q[28]_i_4/O
                         net (fo=27, routed)          1.621    12.535    U_Core/U_ControlUnit/FSM_sequential_state_reg[1]_1
    SLICE_X48Y40         LUT6 (Prop_lut6_I5_O)        0.326    12.861 r  U_Core/U_ControlUnit/q[17]_i_1/O
                         net (fo=2, routed)           0.973    13.833    U_Core/U_ControlUnit/q_reg[31][15]
    SLICE_X51Y31         LUT6 (Prop_lut6_I4_O)        0.124    13.957 r  U_Core/U_ControlUnit/RegFile_reg_r1_0_31_12_17_i_5/O
                         net (fo=2, routed)           0.342    14.300    U_Core/U_DataPath/U_RegFile/RegFile_reg_r1_0_31_12_17/DIC1
    SLICE_X50Y30         RAMD32                                       r  U_Core/U_DataPath/U_RegFile/RegFile_reg_r1_0_31_12_17/RAMC_D1/I
  -------------------------------------------------------------------    -------------------

                         (clock sys_clk_pin rise edge)
                                                     10.000    10.000 r  
    W5                                                0.000    10.000 r  clk (IN)
                         net (fo=0)                   0.000    10.000    clk
    W5                   IBUF (Prop_ibuf_I_O)         1.388    11.388 r  clk_IBUF_inst/O
                         net (fo=1, routed)           1.862    13.250    clk_IBUF
    BUFGCTRL_X0Y0        BUFG (Prop_bufg_I_O)         0.091    13.341 r  clk_IBUF_BUFG_inst/O
                         net (fo=1199, routed)        1.441    14.782    U_Core/U_DataPath/U_RegFile/RegFile_reg_r1_0_31_12_17/WCLK
    SLICE_X50Y30         RAMD32                                       r  U_Core/U_DataPath/U_RegFile/RegFile_reg_r1_0_31_12_17/RAMC_D1/CLK
                         clock pessimism              0.260    15.042    
                         clock uncertainty           -0.035    15.007    
    SLICE_X50Y30         RAMD32 (Setup_ramd32_CLK_I)
                                                     -0.249    14.758    U_Core/U_DataPath/U_RegFile/RegFile_reg_r1_0_31_12_17/RAMC_D1
  -------------------------------------------------------------------
                         required time                         14.758    
                         arrival time                         -14.300    
  -------------------------------------------------------------------
                         slack                                  0.458    

Slack (MET) :             0.479ns  (required time - arrival time)
  Source:                 U_Core/U_DataPath/U_PC/q_reg[6]/C
                            (rising edge-triggered cell FDCE clocked by sys_clk_pin  {rise@0.000ns fall@5.000ns period=10.000ns})
  Destination:            U_Core/U_DataPath/U_RegFile/RegFile_reg_r1_0_31_24_29/RAMC/I
                            (rising edge-triggered cell RAMD32 clocked by sys_clk_pin  {rise@0.000ns fall@5.000ns period=10.000ns})
  Path Group:             sys_clk_pin
  Path Type:              Setup (Max at Slow Process Corner)
  Requirement:            10.000ns  (sys_clk_pin rise@10.000ns - sys_clk_pin rise@0.000ns)
  Data Path Delay:        9.287ns  (logic 2.308ns (24.852%)  route 6.979ns (75.148%))
  Logic Levels:           8  (LUT2=1 LUT5=1 LUT6=5 MUXF7=1)
  Clock Path Skew:        -0.024ns (DCD - SCD + CPR)
    Destination Clock Delay (DCD):    4.787ns = ( 14.787 - 10.000 ) 
    Source Clock Delay      (SCD):    5.071ns
    Clock Pessimism Removal (CPR):    0.260ns
  Clock Uncertainty:      0.035ns  ((TSJ^2 + TIJ^2)^1/2 + DJ) / 2 + PE
    Total System Jitter     (TSJ):    0.071ns
    Total Input Jitter      (TIJ):    0.000ns
    Discrete Jitter          (DJ):    0.000ns
    Phase Error              (PE):    0.000ns

    Location             Delay type                Incr(ns)  Path(ns)    Netlist Resource(s)
  -------------------------------------------------------------------    -------------------
                         (clock sys_clk_pin rise edge)
                                                      0.000     0.000 r  
    W5                                                0.000     0.000 r  clk (IN)
                         net (fo=0)                   0.000     0.000    clk
    W5                   IBUF (Prop_ibuf_I_O)         1.458     1.458 r  clk_IBUF_inst/O
                         net (fo=1, routed)           1.967     3.425    clk_IBUF
    BUFGCTRL_X0Y0        BUFG (Prop_bufg_I_O)         0.096     3.521 r  clk_IBUF_BUFG_inst/O
                         net (fo=1199, routed)        1.550     5.071    U_Core/U_DataPath/U_PC/clk_IBUF_BUFG
    SLICE_X47Y27         FDCE                                         r  U_Core/U_DataPath/U_PC/q_reg[6]/C
  -------------------------------------------------------------------    -------------------
    SLICE_X47Y27         FDCE (Prop_fdce_C_Q)         0.419     5.490 r  U_Core/U_DataPath/U_PC/q_reg[6]/Q
                         net (fo=217, routed)         1.208     6.699    U_Core/U_DataPath/U_PC/q_reg[31]_0[6]
    SLICE_X40Y28         LUT6 (Prop_lut6_I4_O)        0.297     6.996 r  U_Core/U_DataPath/U_PC/g1_b13/O
                         net (fo=1, routed)           0.000     6.996    U_Core/U_DataPath/U_PC/g1_b13_n_0
    SLICE_X40Y28         MUXF7 (Prop_muxf7_I1_O)      0.217     7.213 r  U_Core/U_DataPath/U_PC/q_reg[13]_i_6/O
                         net (fo=1, routed)           0.813     8.026    U_Core/U_DataPath/U_PC/q_reg[13]_i_6_n_0
    SLICE_X42Y28         LUT6 (Prop_lut6_I5_O)        0.299     8.325 r  U_Core/U_DataPath/U_PC/q[13]_i_2/O
                         net (fo=7, routed)           0.766     9.091    U_Core/U_ControlUnit/instrCode[0]
    SLICE_X45Y30         LUT5 (Prop_lut5_I4_O)        0.150     9.241 r  U_Core/U_ControlUnit/q[31]_i_16/O
                         net (fo=5, routed)           0.690     9.931    U_Core/U_ControlUnit/aluControl[0]
    SLICE_X44Y31         LUT6 (Prop_lut6_I5_O)        0.326    10.257 r  U_Core/U_ControlUnit/q[31]_i_5/O
                         net (fo=41, routed)          0.506    10.763    U_Core/U_ControlUnit/FSM_sequential_state_reg[1]_2
    SLICE_X44Y31         LUT2 (Prop_lut2_I0_O)        0.150    10.913 r  U_Core/U_ControlUnit/q[28]_i_4/O
                         net (fo=27, routed)          1.735    12.649    U_Core/U_ControlUnit/FSM_sequential_state_reg[1]_1
    SLICE_X54Y40         LUT6 (Prop_lut6_I3_O)        0.326    12.975 r  U_Core/U_ControlUnit/q[28]_i_1/O
                         net (fo=2, routed)           0.611    13.586    U_Core/U_ControlUnit/q_reg[31][26]
    SLICE_X54Y36         LUT6 (Prop_lut6_I4_O)        0.124    13.710 r  U_Core/U_ControlUnit/RegFile_reg_r1_0_31_24_29_i_6/O
                         net (fo=2, routed)           0.648    14.358    U_Core/U_DataPath/U_RegFile/RegFile_reg_r1_0_31_24_29/DIC0
    SLICE_X52Y34         RAMD32                                       r  U_Core/U_DataPath/U_RegFile/RegFile_reg_r1_0_31_24_29/RAMC/I
  -------------------------------------------------------------------    -------------------

                         (clock sys_clk_pin rise edge)
                                                     10.000    10.000 r  
    W5                                                0.000    10.000 r  clk (IN)
                         net (fo=0)                   0.000    10.000    clk
    W5                   IBUF (Prop_ibuf_I_O)         1.388    11.388 r  clk_IBUF_inst/O
                         net (fo=1, routed)           1.862    13.250    clk_IBUF
    BUFGCTRL_X0Y0        BUFG (Prop_bufg_I_O)         0.091    13.341 r  clk_IBUF_BUFG_inst/O
                         net (fo=1199, routed)        1.446    14.787    U_Core/U_DataPath/U_RegFile/RegFile_reg_r1_0_31_24_29/WCLK
    SLICE_X52Y34         RAMD32                                       r  U_Core/U_DataPath/U_RegFile/RegFile_reg_r1_0_31_24_29/RAMC/CLK
                         clock pessimism              0.260    15.047    
                         clock uncertainty           -0.035    15.012    
    SLICE_X52Y34         RAMD32 (Setup_ramd32_CLK_I)
                                                     -0.175    14.837    U_Core/U_DataPath/U_RegFile/RegFile_reg_r1_0_31_24_29/RAMC
  -------------------------------------------------------------------
                         required time                         14.837    
                         arrival time                         -14.358    
  -------------------------------------------------------------------
                         slack                                  0.479    

Slack (MET) :             0.480ns  (required time - arrival time)
  Source:                 U_Core/U_DataPath/U_PC/q_reg[6]/C
                            (rising edge-triggered cell FDCE clocked by sys_clk_pin  {rise@0.000ns fall@5.000ns period=10.000ns})
  Destination:            U_Core/U_DataPath/U_RegFile/RegFile_reg_r1_0_31_18_23/RAMA/I
                            (rising edge-triggered cell RAMD32 clocked by sys_clk_pin  {rise@0.000ns fall@5.000ns period=10.000ns})
  Path Group:             sys_clk_pin
  Path Type:              Setup (Max at Slow Process Corner)
  Requirement:            10.000ns  (sys_clk_pin rise@10.000ns - sys_clk_pin rise@0.000ns)
  Data Path Delay:        9.299ns  (logic 2.308ns (24.820%)  route 6.991ns (75.180%))
  Logic Levels:           8  (LUT2=1 LUT5=1 LUT6=5 MUXF7=1)
  Clock Path Skew:        -0.025ns (DCD - SCD + CPR)
    Destination Clock Delay (DCD):    4.786ns = ( 14.786 - 10.000 ) 
    Source Clock Delay      (SCD):    5.071ns
    Clock Pessimism Removal (CPR):    0.260ns
  Clock Uncertainty:      0.035ns  ((TSJ^2 + TIJ^2)^1/2 + DJ) / 2 + PE
    Total System Jitter     (TSJ):    0.071ns
    Total Input Jitter      (TIJ):    0.000ns
    Discrete Jitter          (DJ):    0.000ns
    Phase Error              (PE):    0.000ns

    Location             Delay type                Incr(ns)  Path(ns)    Netlist Resource(s)
  -------------------------------------------------------------------    -------------------
                         (clock sys_clk_pin rise edge)
                                                      0.000     0.000 r  
    W5                                                0.000     0.000 r  clk (IN)
                         net (fo=0)                   0.000     0.000    clk
    W5                   IBUF (Prop_ibuf_I_O)         1.458     1.458 r  clk_IBUF_inst/O
                         net (fo=1, routed)           1.967     3.425    clk_IBUF
    BUFGCTRL_X0Y0        BUFG (Prop_bufg_I_O)         0.096     3.521 r  clk_IBUF_BUFG_inst/O
                         net (fo=1199, routed)        1.550     5.071    U_Core/U_DataPath/U_PC/clk_IBUF_BUFG
    SLICE_X47Y27         FDCE                                         r  U_Core/U_DataPath/U_PC/q_reg[6]/C
  -------------------------------------------------------------------    -------------------
    SLICE_X47Y27         FDCE (Prop_fdce_C_Q)         0.419     5.490 r  U_Core/U_DataPath/U_PC/q_reg[6]/Q
                         net (fo=217, routed)         1.208     6.699    U_Core/U_DataPath/U_PC/q_reg[31]_0[6]
    SLICE_X40Y28         LUT6 (Prop_lut6_I4_O)        0.297     6.996 r  U_Core/U_DataPath/U_PC/g1_b13/O
                         net (fo=1, routed)           0.000     6.996    U_Core/U_DataPath/U_PC/g1_b13_n_0
    SLICE_X40Y28         MUXF7 (Prop_muxf7_I1_O)      0.217     7.213 r  U_Core/U_DataPath/U_PC/q_reg[13]_i_6/O
                         net (fo=1, routed)           0.813     8.026    U_Core/U_DataPath/U_PC/q_reg[13]_i_6_n_0
    SLICE_X42Y28         LUT6 (Prop_lut6_I5_O)        0.299     8.325 r  U_Core/U_DataPath/U_PC/q[13]_i_2/O
                         net (fo=7, routed)           0.766     9.091    U_Core/U_ControlUnit/instrCode[0]
    SLICE_X45Y30         LUT5 (Prop_lut5_I4_O)        0.150     9.241 r  U_Core/U_ControlUnit/q[31]_i_16/O
                         net (fo=5, routed)           0.690     9.931    U_Core/U_ControlUnit/aluControl[0]
    SLICE_X44Y31         LUT6 (Prop_lut6_I5_O)        0.326    10.257 r  U_Core/U_ControlUnit/q[31]_i_5/O
                         net (fo=41, routed)          0.506    10.763    U_Core/U_ControlUnit/FSM_sequential_state_reg[1]_2
    SLICE_X44Y31         LUT2 (Prop_lut2_I0_O)        0.150    10.913 r  U_Core/U_ControlUnit/q[28]_i_4/O
                         net (fo=27, routed)          1.533    12.447    U_Core/U_ControlUnit/FSM_sequential_state_reg[1]_1
    SLICE_X48Y39         LUT6 (Prop_lut6_I5_O)        0.326    12.773 r  U_Core/U_ControlUnit/q[18]_i_1/O
                         net (fo=2, routed)           0.848    13.620    U_Core/U_ControlUnit/q_reg[31][16]
    SLICE_X54Y32         LUT6 (Prop_lut6_I4_O)        0.124    13.744 r  U_Core/U_ControlUnit/RegFile_reg_r1_0_31_18_23_i_2/O
                         net (fo=2, routed)           0.626    14.370    U_Core/U_DataPath/U_RegFile/RegFile_reg_r1_0_31_18_23/DIA0
    SLICE_X50Y33         RAMD32                                       r  U_Core/U_DataPath/U_RegFile/RegFile_reg_r1_0_31_18_23/RAMA/I
  -------------------------------------------------------------------    -------------------

                         (clock sys_clk_pin rise edge)
                                                     10.000    10.000 r  
    W5                                                0.000    10.000 r  clk (IN)
                         net (fo=0)                   0.000    10.000    clk
    W5                   IBUF (Prop_ibuf_I_O)         1.388    11.388 r  clk_IBUF_inst/O
                         net (fo=1, routed)           1.862    13.250    clk_IBUF
    BUFGCTRL_X0Y0        BUFG (Prop_bufg_I_O)         0.091    13.341 r  clk_IBUF_BUFG_inst/O
                         net (fo=1199, routed)        1.445    14.786    U_Core/U_DataPath/U_RegFile/RegFile_reg_r1_0_31_18_23/WCLK
    SLICE_X50Y33         RAMD32                                       r  U_Core/U_DataPath/U_RegFile/RegFile_reg_r1_0_31_18_23/RAMA/CLK
                         clock pessimism              0.260    15.046    
                         clock uncertainty           -0.035    15.011    
    SLICE_X50Y33         RAMD32 (Setup_ramd32_CLK_I)
                                                     -0.161    14.850    U_Core/U_DataPath/U_RegFile/RegFile_reg_r1_0_31_18_23/RAMA
  -------------------------------------------------------------------
                         required time                         14.850    
                         arrival time                         -14.370    
  -------------------------------------------------------------------
                         slack                                  0.480    

Slack (MET) :             0.492ns  (required time - arrival time)
  Source:                 U_Core/U_DataPath/U_PC/q_reg[6]/C
                            (rising edge-triggered cell FDCE clocked by sys_clk_pin  {rise@0.000ns fall@5.000ns period=10.000ns})
  Destination:            U_Core/U_DataPath/U_RegFile/RegFile_reg_r2_0_31_24_29/RAMC/I
                            (rising edge-triggered cell RAMD32 clocked by sys_clk_pin  {rise@0.000ns fall@5.000ns period=10.000ns})
  Path Group:             sys_clk_pin
  Path Type:              Setup (Max at Slow Process Corner)
  Requirement:            10.000ns  (sys_clk_pin rise@10.000ns - sys_clk_pin rise@0.000ns)
  Data Path Delay:        9.274ns  (logic 2.308ns (24.886%)  route 6.966ns (75.114%))
  Logic Levels:           8  (LUT2=1 LUT5=1 LUT6=5 MUXF7=1)
  Clock Path Skew:        -0.024ns (DCD - SCD + CPR)
    Destination Clock Delay (DCD):    4.787ns = ( 14.787 - 10.000 ) 
    Source Clock Delay      (SCD):    5.071ns
    Clock Pessimism Removal (CPR):    0.260ns
  Clock Uncertainty:      0.035ns  ((TSJ^2 + TIJ^2)^1/2 + DJ) / 2 + PE
    Total System Jitter     (TSJ):    0.071ns
    Total Input Jitter      (TIJ):    0.000ns
    Discrete Jitter          (DJ):    0.000ns
    Phase Error              (PE):    0.000ns

    Location             Delay type                Incr(ns)  Path(ns)    Netlist Resource(s)
  -------------------------------------------------------------------    -------------------
                         (clock sys_clk_pin rise edge)
                                                      0.000     0.000 r  
    W5                                                0.000     0.000 r  clk (IN)
                         net (fo=0)                   0.000     0.000    clk
    W5                   IBUF (Prop_ibuf_I_O)         1.458     1.458 r  clk_IBUF_inst/O
                         net (fo=1, routed)           1.967     3.425    clk_IBUF
    BUFGCTRL_X0Y0        BUFG (Prop_bufg_I_O)         0.096     3.521 r  clk_IBUF_BUFG_inst/O
                         net (fo=1199, routed)        1.550     5.071    U_Core/U_DataPath/U_PC/clk_IBUF_BUFG
    SLICE_X47Y27         FDCE                                         r  U_Core/U_DataPath/U_PC/q_reg[6]/C
  -------------------------------------------------------------------    -------------------
    SLICE_X47Y27         FDCE (Prop_fdce_C_Q)         0.419     5.490 r  U_Core/U_DataPath/U_PC/q_reg[6]/Q
                         net (fo=217, routed)         1.208     6.699    U_Core/U_DataPath/U_PC/q_reg[31]_0[6]
    SLICE_X40Y28         LUT6 (Prop_lut6_I4_O)        0.297     6.996 r  U_Core/U_DataPath/U_PC/g1_b13/O
                         net (fo=1, routed)           0.000     6.996    U_Core/U_DataPath/U_PC/g1_b13_n_0
    SLICE_X40Y28         MUXF7 (Prop_muxf7_I1_O)      0.217     7.213 r  U_Core/U_DataPath/U_PC/q_reg[13]_i_6/O
                         net (fo=1, routed)           0.813     8.026    U_Core/U_DataPath/U_PC/q_reg[13]_i_6_n_0
    SLICE_X42Y28         LUT6 (Prop_lut6_I5_O)        0.299     8.325 r  U_Core/U_DataPath/U_PC/q[13]_i_2/O
                         net (fo=7, routed)           0.766     9.091    U_Core/U_ControlUnit/instrCode[0]
    SLICE_X45Y30         LUT5 (Prop_lut5_I4_O)        0.150     9.241 r  U_Core/U_ControlUnit/q[31]_i_16/O
                         net (fo=5, routed)           0.690     9.931    U_Core/U_ControlUnit/aluControl[0]
    SLICE_X44Y31         LUT6 (Prop_lut6_I5_O)        0.326    10.257 r  U_Core/U_ControlUnit/q[31]_i_5/O
                         net (fo=41, routed)          0.506    10.763    U_Core/U_ControlUnit/FSM_sequential_state_reg[1]_2
    SLICE_X44Y31         LUT2 (Prop_lut2_I0_O)        0.150    10.913 r  U_Core/U_ControlUnit/q[28]_i_4/O
                         net (fo=27, routed)          1.735    12.649    U_Core/U_ControlUnit/FSM_sequential_state_reg[1]_1
    SLICE_X54Y40         LUT6 (Prop_lut6_I3_O)        0.326    12.975 r  U_Core/U_ControlUnit/q[28]_i_1/O
                         net (fo=2, routed)           0.611    13.586    U_Core/U_ControlUnit/q_reg[31][26]
    SLICE_X54Y36         LUT6 (Prop_lut6_I4_O)        0.124    13.710 r  U_Core/U_ControlUnit/RegFile_reg_r1_0_31_24_29_i_6/O
                         net (fo=2, routed)           0.636    14.345    U_Core/U_DataPath/U_RegFile/RegFile_reg_r2_0_31_24_29/DIC0
    SLICE_X54Y34         RAMD32                                       r  U_Core/U_DataPath/U_RegFile/RegFile_reg_r2_0_31_24_29/RAMC/I
  -------------------------------------------------------------------    -------------------

                         (clock sys_clk_pin rise edge)
                                                     10.000    10.000 r  
    W5                                                0.000    10.000 r  clk (IN)
                         net (fo=0)                   0.000    10.000    clk
    W5                   IBUF (Prop_ibuf_I_O)         1.388    11.388 r  clk_IBUF_inst/O
                         net (fo=1, routed)           1.862    13.250    clk_IBUF
    BUFGCTRL_X0Y0        BUFG (Prop_bufg_I_O)         0.091    13.341 r  clk_IBUF_BUFG_inst/O
                         net (fo=1199, routed)        1.446    14.787    U_Core/U_DataPath/U_RegFile/RegFile_reg_r2_0_31_24_29/WCLK
    SLICE_X54Y34         RAMD32                                       r  U_Core/U_DataPath/U_RegFile/RegFile_reg_r2_0_31_24_29/RAMC/CLK
                         clock pessimism              0.260    15.047    
                         clock uncertainty           -0.035    15.012    
    SLICE_X54Y34         RAMD32 (Setup_ramd32_CLK_I)
                                                     -0.175    14.837    U_Core/U_DataPath/U_RegFile/RegFile_reg_r2_0_31_24_29/RAMC
  -------------------------------------------------------------------
                         required time                         14.837    
                         arrival time                         -14.345    
  -------------------------------------------------------------------
                         slack                                  0.492    

Slack (MET) :             0.492ns  (required time - arrival time)
  Source:                 U_Core/U_DataPath/U_PC/q_reg[6]/C
                            (rising edge-triggered cell FDCE clocked by sys_clk_pin  {rise@0.000ns fall@5.000ns period=10.000ns})
  Destination:            U_Core/U_DataPath/U_RegFile/RegFile_reg_r2_0_31_12_17/RAMB_D1/I
                            (rising edge-triggered cell RAMD32 clocked by sys_clk_pin  {rise@0.000ns fall@5.000ns period=10.000ns})
  Path Group:             sys_clk_pin
  Path Type:              Setup (Max at Slow Process Corner)
  Requirement:            10.000ns  (sys_clk_pin rise@10.000ns - sys_clk_pin rise@0.000ns)
  Data Path Delay:        9.217ns  (logic 2.308ns (25.041%)  route 6.909ns (74.959%))
  Logic Levels:           8  (LUT2=1 LUT5=1 LUT6=5 MUXF7=1)
  Clock Path Skew:        -0.028ns (DCD - SCD + CPR)
    Destination Clock Delay (DCD):    4.783ns = ( 14.783 - 10.000 ) 
    Source Clock Delay      (SCD):    5.071ns
    Clock Pessimism Removal (CPR):    0.260ns
  Clock Uncertainty:      0.035ns  ((TSJ^2 + TIJ^2)^1/2 + DJ) / 2 + PE
    Total System Jitter     (TSJ):    0.071ns
    Total Input Jitter      (TIJ):    0.000ns
    Discrete Jitter          (DJ):    0.000ns
    Phase Error              (PE):    0.000ns

    Location             Delay type                Incr(ns)  Path(ns)    Netlist Resource(s)
  -------------------------------------------------------------------    -------------------
                         (clock sys_clk_pin rise edge)
                                                      0.000     0.000 r  
    W5                                                0.000     0.000 r  clk (IN)
                         net (fo=0)                   0.000     0.000    clk
    W5                   IBUF (Prop_ibuf_I_O)         1.458     1.458 r  clk_IBUF_inst/O
                         net (fo=1, routed)           1.967     3.425    clk_IBUF
    BUFGCTRL_X0Y0        BUFG (Prop_bufg_I_O)         0.096     3.521 r  clk_IBUF_BUFG_inst/O
                         net (fo=1199, routed)        1.550     5.071    U_Core/U_DataPath/U_PC/clk_IBUF_BUFG
    SLICE_X47Y27         FDCE                                         r  U_Core/U_DataPath/U_PC/q_reg[6]/C
  -------------------------------------------------------------------    -------------------
    SLICE_X47Y27         FDCE (Prop_fdce_C_Q)         0.419     5.490 r  U_Core/U_DataPath/U_PC/q_reg[6]/Q
                         net (fo=217, routed)         1.208     6.699    U_Core/U_DataPath/U_PC/q_reg[31]_0[6]
    SLICE_X40Y28         LUT6 (Prop_lut6_I4_O)        0.297     6.996 r  U_Core/U_DataPath/U_PC/g1_b13/O
                         net (fo=1, routed)           0.000     6.996    U_Core/U_DataPath/U_PC/g1_b13_n_0
    SLICE_X40Y28         MUXF7 (Prop_muxf7_I1_O)      0.217     7.213 r  U_Core/U_DataPath/U_PC/q_reg[13]_i_6/O
                         net (fo=1, routed)           0.813     8.026    U_Core/U_DataPath/U_PC/q_reg[13]_i_6_n_0
    SLICE_X42Y28         LUT6 (Prop_lut6_I5_O)        0.299     8.325 r  U_Core/U_DataPath/U_PC/q[13]_i_2/O
                         net (fo=7, routed)           0.766     9.091    U_Core/U_ControlUnit/instrCode[0]
    SLICE_X45Y30         LUT5 (Prop_lut5_I4_O)        0.150     9.241 r  U_Core/U_ControlUnit/q[31]_i_16/O
                         net (fo=5, routed)           0.690     9.931    U_Core/U_ControlUnit/aluControl[0]
    SLICE_X44Y31         LUT6 (Prop_lut6_I5_O)        0.326    10.257 r  U_Core/U_ControlUnit/q[31]_i_5/O
                         net (fo=41, routed)          0.506    10.763    U_Core/U_ControlUnit/FSM_sequential_state_reg[1]_2
    SLICE_X44Y31         LUT2 (Prop_lut2_I0_O)        0.150    10.913 r  U_Core/U_ControlUnit/q[28]_i_4/O
                         net (fo=27, routed)          1.507    12.420    U_Core/U_ControlUnit/FSM_sequential_state_reg[1]_1
    SLICE_X48Y34         LUT6 (Prop_lut6_I5_O)        0.326    12.746 r  U_Core/U_ControlUnit/q[15]_i_1/O
                         net (fo=2, routed)           0.740    13.486    U_Core/U_ControlUnit/q_reg[31][13]
    SLICE_X52Y31         LUT6 (Prop_lut6_I4_O)        0.124    13.610 r  U_Core/U_ControlUnit/RegFile_reg_r1_0_31_12_17_i_3/O
                         net (fo=2, routed)           0.678    14.288    U_Core/U_DataPath/U_RegFile/RegFile_reg_r2_0_31_12_17/DIB1
    SLICE_X50Y31         RAMD32                                       r  U_Core/U_DataPath/U_RegFile/RegFile_reg_r2_0_31_12_17/RAMB_D1/I
  -------------------------------------------------------------------    -------------------

                         (clock sys_clk_pin rise edge)
                                                     10.000    10.000 r  
    W5                                                0.000    10.000 r  clk (IN)
                         net (fo=0)                   0.000    10.000    clk
    W5                   IBUF (Prop_ibuf_I_O)         1.388    11.388 r  clk_IBUF_inst/O
                         net (fo=1, routed)           1.862    13.250    clk_IBUF
    BUFGCTRL_X0Y0        BUFG (Prop_bufg_I_O)         0.091    13.341 r  clk_IBUF_BUFG_inst/O
                         net (fo=1199, routed)        1.442    14.783    U_Core/U_DataPath/U_RegFile/RegFile_reg_r2_0_31_12_17/WCLK
    SLICE_X50Y31         RAMD32                                       r  U_Core/U_DataPath/U_RegFile/RegFile_reg_r2_0_31_12_17/RAMB_D1/CLK
                         clock pessimism              0.260    15.043    
                         clock uncertainty           -0.035    15.008    
    SLICE_X50Y31         RAMD32 (Setup_ramd32_CLK_I)
                                                     -0.228    14.780    U_Core/U_DataPath/U_RegFile/RegFile_reg_r2_0_31_12_17/RAMB_D1
  -------------------------------------------------------------------
                         required time                         14.780    
                         arrival time                         -14.288    
  -------------------------------------------------------------------
                         slack                                  0.492    

Slack (MET) :             0.498ns  (required time - arrival time)
  Source:                 U_Core/U_DataPath/U_PC/q_reg[2]/C
                            (rising edge-triggered cell FDCE clocked by sys_clk_pin  {rise@0.000ns fall@5.000ns period=10.000ns})
  Destination:            U_Core/U_DataPath/U_RegFile/RegFile_reg_r2_0_31_18_23/RAMB_D1/I
                            (rising edge-triggered cell RAMD32 clocked by sys_clk_pin  {rise@0.000ns fall@5.000ns period=10.000ns})
  Path Group:             sys_clk_pin
  Path Type:              Setup (Max at Slow Process Corner)
  Requirement:            10.000ns  (sys_clk_pin rise@10.000ns - sys_clk_pin rise@0.000ns)
  Data Path Delay:        9.214ns  (logic 1.510ns (16.389%)  route 7.704ns (83.611%))
  Logic Levels:           8  (LUT5=1 LUT6=7)
  Clock Path Skew:        -0.025ns (DCD - SCD + CPR)
    Destination Clock Delay (DCD):    4.785ns = ( 14.785 - 10.000 ) 
    Source Clock Delay      (SCD):    5.070ns
    Clock Pessimism Removal (CPR):    0.260ns
  Clock Uncertainty:      0.035ns  ((TSJ^2 + TIJ^2)^1/2 + DJ) / 2 + PE
    Total System Jitter     (TSJ):    0.071ns
    Total Input Jitter      (TIJ):    0.000ns
    Discrete Jitter          (DJ):    0.000ns
    Phase Error              (PE):    0.000ns

    Location             Delay type                Incr(ns)  Path(ns)    Netlist Resource(s)
  -------------------------------------------------------------------    -------------------
                         (clock sys_clk_pin rise edge)
                                                      0.000     0.000 r  
    W5                                                0.000     0.000 r  clk (IN)
                         net (fo=0)                   0.000     0.000    clk
    W5                   IBUF (Prop_ibuf_I_O)         1.458     1.458 r  clk_IBUF_inst/O
                         net (fo=1, routed)           1.967     3.425    clk_IBUF
    BUFGCTRL_X0Y0        BUFG (Prop_bufg_I_O)         0.096     3.521 r  clk_IBUF_BUFG_inst/O
                         net (fo=1199, routed)        1.549     5.070    U_Core/U_DataPath/U_PC/clk_IBUF_BUFG
    SLICE_X42Y27         FDCE                                         r  U_Core/U_DataPath/U_PC/q_reg[2]/C
  -------------------------------------------------------------------    -------------------
    SLICE_X42Y27         FDCE (Prop_fdce_C_Q)         0.518     5.588 r  U_Core/U_DataPath/U_PC/q_reg[2]/Q
                         net (fo=217, routed)         1.480     7.069    U_Core/U_DataPath/U_PC/q_reg[31]_0[2]
    SLICE_X41Y22         LUT6 (Prop_lut6_I0_O)        0.124     7.193 r  U_Core/U_DataPath/U_PC/g3_b30/O
                         net (fo=6, routed)           0.806     7.998    U_Core/U_DataPath/U_PC/g3_b30_n_0
    SLICE_X41Y23         LUT6 (Prop_lut6_I0_O)        0.124     8.122 r  U_Core/U_DataPath/U_PC/q[30]_i_5/O
                         net (fo=1, routed)           0.585     8.707    U_Core/U_DataPath/U_PC/q[30]_i_5_n_0
    SLICE_X42Y24         LUT5 (Prop_lut5_I4_O)        0.124     8.831 r  U_Core/U_DataPath/U_PC/q[30]_i_2/O
                         net (fo=7, routed)           0.763     9.594    U_Core/U_DataPath/U_PC/q_reg[9]_1
    SLICE_X44Y29         LUT6 (Prop_lut6_I4_O)        0.124     9.718 r  U_Core/U_DataPath/U_PC/q[31]_i_13/O
                         net (fo=3, routed)           0.823    10.541    U_Core/U_ControlUnit/q_reg[30]_3
    SLICE_X45Y31         LUT6 (Prop_lut6_I4_O)        0.124    10.665 r  U_Core/U_ControlUnit/q[2]_i_4/O
                         net (fo=32, routed)          1.313    11.978    U_Core/U_ControlUnit/FSM_sequential_state_reg[1]_0
    SLICE_X48Y42         LUT6 (Prop_lut6_I0_O)        0.124    12.102 r  U_Core/U_ControlUnit/q[21]_i_4/O
                         net (fo=1, routed)           0.492    12.594    U_Core/U_ControlUnit/q[21]_i_4_n_0
    SLICE_X49Y42         LUT6 (Prop_lut6_I3_O)        0.124    12.718 r  U_Core/U_ControlUnit/q[21]_i_1/O
                         net (fo=2, routed)           0.904    13.622    U_Core/U_ControlUnit/q_reg[31][19]
    SLICE_X51Y33         LUT6 (Prop_lut6_I4_O)        0.124    13.746 r  U_Core/U_ControlUnit/RegFile_reg_r1_0_31_18_23_i_3/O
                         net (fo=2, routed)           0.538    14.284    U_Core/U_DataPath/U_RegFile/RegFile_reg_r2_0_31_18_23/DIB1
    SLICE_X52Y32         RAMD32                                       r  U_Core/U_DataPath/U_RegFile/RegFile_reg_r2_0_31_18_23/RAMB_D1/I
  -------------------------------------------------------------------    -------------------

                         (clock sys_clk_pin rise edge)
                                                     10.000    10.000 r  
    W5                                                0.000    10.000 r  clk (IN)
                         net (fo=0)                   0.000    10.000    clk
    W5                   IBUF (Prop_ibuf_I_O)         1.388    11.388 r  clk_IBUF_inst/O
                         net (fo=1, routed)           1.862    13.250    clk_IBUF
    BUFGCTRL_X0Y0        BUFG (Prop_bufg_I_O)         0.091    13.341 r  clk_IBUF_BUFG_inst/O
                         net (fo=1199, routed)        1.444    14.785    U_Core/U_DataPath/U_RegFile/RegFile_reg_r2_0_31_18_23/WCLK
    SLICE_X52Y32         RAMD32                                       r  U_Core/U_DataPath/U_RegFile/RegFile_reg_r2_0_31_18_23/RAMB_D1/CLK
                         clock pessimism              0.260    15.045    
                         clock uncertainty           -0.035    15.010    
    SLICE_X52Y32         RAMD32 (Setup_ramd32_CLK_I)
                                                     -0.228    14.782    U_Core/U_DataPath/U_RegFile/RegFile_reg_r2_0_31_18_23/RAMB_D1
  -------------------------------------------------------------------
                         required time                         14.782    
                         arrival time                         -14.284    
  -------------------------------------------------------------------
                         slack                                  0.498    

Slack (MET) :             0.599ns  (required time - arrival time)
  Source:                 U_Core/U_DataPath/U_PC/q_reg[6]/C
                            (rising edge-triggered cell FDCE clocked by sys_clk_pin  {rise@0.000ns fall@5.000ns period=10.000ns})
  Destination:            U_Core/U_DataPath/U_RegFile/RegFile_reg_r2_0_31_12_17/RAMC_D1/I
                            (rising edge-triggered cell RAMD32 clocked by sys_clk_pin  {rise@0.000ns fall@5.000ns period=10.000ns})
  Path Group:             sys_clk_pin
  Path Type:              Setup (Max at Slow Process Corner)
  Requirement:            10.000ns  (sys_clk_pin rise@10.000ns - sys_clk_pin rise@0.000ns)
  Data Path Delay:        9.088ns  (logic 2.308ns (25.395%)  route 6.780ns (74.605%))
  Logic Levels:           8  (LUT2=1 LUT5=1 LUT6=5 MUXF7=1)
  Clock Path Skew:        -0.028ns (DCD - SCD + CPR)
    Destination Clock Delay (DCD):    4.783ns = ( 14.783 - 10.000 ) 
    Source Clock Delay      (SCD):    5.071ns
    Clock Pessimism Removal (CPR):    0.260ns
  Clock Uncertainty:      0.035ns  ((TSJ^2 + TIJ^2)^1/2 + DJ) / 2 + PE
    Total System Jitter     (TSJ):    0.071ns
    Total Input Jitter      (TIJ):    0.000ns
    Discrete Jitter          (DJ):    0.000ns
    Phase Error              (PE):    0.000ns

    Location             Delay type                Incr(ns)  Path(ns)    Netlist Resource(s)
  -------------------------------------------------------------------    -------------------
                         (clock sys_clk_pin rise edge)
                                                      0.000     0.000 r  
    W5                                                0.000     0.000 r  clk (IN)
                         net (fo=0)                   0.000     0.000    clk
    W5                   IBUF (Prop_ibuf_I_O)         1.458     1.458 r  clk_IBUF_inst/O
                         net (fo=1, routed)           1.967     3.425    clk_IBUF
    BUFGCTRL_X0Y0        BUFG (Prop_bufg_I_O)         0.096     3.521 r  clk_IBUF_BUFG_inst/O
                         net (fo=1199, routed)        1.550     5.071    U_Core/U_DataPath/U_PC/clk_IBUF_BUFG
    SLICE_X47Y27         FDCE                                         r  U_Core/U_DataPath/U_PC/q_reg[6]/C
  -------------------------------------------------------------------    -------------------
    SLICE_X47Y27         FDCE (Prop_fdce_C_Q)         0.419     5.490 r  U_Core/U_DataPath/U_PC/q_reg[6]/Q
                         net (fo=217, routed)         1.208     6.699    U_Core/U_DataPath/U_PC/q_reg[31]_0[6]
    SLICE_X40Y28         LUT6 (Prop_lut6_I4_O)        0.297     6.996 r  U_Core/U_DataPath/U_PC/g1_b13/O
                         net (fo=1, routed)           0.000     6.996    U_Core/U_DataPath/U_PC/g1_b13_n_0
    SLICE_X40Y28         MUXF7 (Prop_muxf7_I1_O)      0.217     7.213 r  U_Core/U_DataPath/U_PC/q_reg[13]_i_6/O
                         net (fo=1, routed)           0.813     8.026    U_Core/U_DataPath/U_PC/q_reg[13]_i_6_n_0
    SLICE_X42Y28         LUT6 (Prop_lut6_I5_O)        0.299     8.325 r  U_Core/U_DataPath/U_PC/q[13]_i_2/O
                         net (fo=7, routed)           0.766     9.091    U_Core/U_ControlUnit/instrCode[0]
    SLICE_X45Y30         LUT5 (Prop_lut5_I4_O)        0.150     9.241 r  U_Core/U_ControlUnit/q[31]_i_16/O
                         net (fo=5, routed)           0.690     9.931    U_Core/U_ControlUnit/aluControl[0]
    SLICE_X44Y31         LUT6 (Prop_lut6_I5_O)        0.326    10.257 r  U_Core/U_ControlUnit/q[31]_i_5/O
                         net (fo=41, routed)          0.506    10.763    U_Core/U_ControlUnit/FSM_sequential_state_reg[1]_2
    SLICE_X44Y31         LUT2 (Prop_lut2_I0_O)        0.150    10.913 r  U_Core/U_ControlUnit/q[28]_i_4/O
                         net (fo=27, routed)          1.621    12.535    U_Core/U_ControlUnit/FSM_sequential_state_reg[1]_1
    SLICE_X48Y40         LUT6 (Prop_lut6_I5_O)        0.326    12.861 r  U_Core/U_ControlUnit/q[17]_i_1/O
                         net (fo=2, routed)           0.973    13.833    U_Core/U_ControlUnit/q_reg[31][15]
    SLICE_X51Y31         LUT6 (Prop_lut6_I4_O)        0.124    13.957 r  U_Core/U_ControlUnit/RegFile_reg_r1_0_31_12_17_i_5/O
                         net (fo=2, routed)           0.202    14.160    U_Core/U_DataPath/U_RegFile/RegFile_reg_r2_0_31_12_17/DIC1
    SLICE_X50Y31         RAMD32                                       r  U_Core/U_DataPath/U_RegFile/RegFile_reg_r2_0_31_12_17/RAMC_D1/I
  -------------------------------------------------------------------    -------------------

                         (clock sys_clk_pin rise edge)
                                                     10.000    10.000 r  
    W5                                                0.000    10.000 r  clk (IN)
                         net (fo=0)                   0.000    10.000    clk
    W5                   IBUF (Prop_ibuf_I_O)         1.388    11.388 r  clk_IBUF_inst/O
                         net (fo=1, routed)           1.862    13.250    clk_IBUF
    BUFGCTRL_X0Y0        BUFG (Prop_bufg_I_O)         0.091    13.341 r  clk_IBUF_BUFG_inst/O
                         net (fo=1199, routed)        1.442    14.783    U_Core/U_DataPath/U_RegFile/RegFile_reg_r2_0_31_12_17/WCLK
    SLICE_X50Y31         RAMD32                                       r  U_Core/U_DataPath/U_RegFile/RegFile_reg_r2_0_31_12_17/RAMC_D1/CLK
                         clock pessimism              0.260    15.043    
                         clock uncertainty           -0.035    15.008    
    SLICE_X50Y31         RAMD32 (Setup_ramd32_CLK_I)
                                                     -0.249    14.759    U_Core/U_DataPath/U_RegFile/RegFile_reg_r2_0_31_12_17/RAMC_D1
  -------------------------------------------------------------------
                         required time                         14.759    
                         arrival time                         -14.160    
  -------------------------------------------------------------------
                         slack                                  0.599    

Slack (MET) :             0.604ns  (required time - arrival time)
  Source:                 U_Core/U_DataPath/U_PC/q_reg[2]/C
                            (rising edge-triggered cell FDCE clocked by sys_clk_pin  {rise@0.000ns fall@5.000ns period=10.000ns})
  Destination:            U_Core/U_DataPath/U_RegFile/RegFile_reg_r2_0_31_24_29/RAMB_D1/I
                            (rising edge-triggered cell RAMD32 clocked by sys_clk_pin  {rise@0.000ns fall@5.000ns period=10.000ns})
  Path Group:             sys_clk_pin
  Path Type:              Setup (Max at Slow Process Corner)
  Requirement:            10.000ns  (sys_clk_pin rise@10.000ns - sys_clk_pin rise@0.000ns)
  Data Path Delay:        9.110ns  (logic 1.510ns (16.576%)  route 7.600ns (83.424%))
  Logic Levels:           8  (LUT5=1 LUT6=7)
  Clock Path Skew:        -0.023ns (DCD - SCD + CPR)
    Destination Clock Delay (DCD):    4.787ns = ( 14.787 - 10.000 ) 
    Source Clock Delay      (SCD):    5.070ns
    Clock Pessimism Removal (CPR):    0.260ns
  Clock Uncertainty:      0.035ns  ((TSJ^2 + TIJ^2)^1/2 + DJ) / 2 + PE
    Total System Jitter     (TSJ):    0.071ns
    Total Input Jitter      (TIJ):    0.000ns
    Discrete Jitter          (DJ):    0.000ns
    Phase Error              (PE):    0.000ns

    Location             Delay type                Incr(ns)  Path(ns)    Netlist Resource(s)
  -------------------------------------------------------------------    -------------------
                         (clock sys_clk_pin rise edge)
                                                      0.000     0.000 r  
    W5                                                0.000     0.000 r  clk (IN)
                         net (fo=0)                   0.000     0.000    clk
    W5                   IBUF (Prop_ibuf_I_O)         1.458     1.458 r  clk_IBUF_inst/O
                         net (fo=1, routed)           1.967     3.425    clk_IBUF
    BUFGCTRL_X0Y0        BUFG (Prop_bufg_I_O)         0.096     3.521 r  clk_IBUF_BUFG_inst/O
                         net (fo=1199, routed)        1.549     5.070    U_Core/U_DataPath/U_PC/clk_IBUF_BUFG
    SLICE_X42Y27         FDCE                                         r  U_Core/U_DataPath/U_PC/q_reg[2]/C
  -------------------------------------------------------------------    -------------------
    SLICE_X42Y27         FDCE (Prop_fdce_C_Q)         0.518     5.588 r  U_Core/U_DataPath/U_PC/q_reg[2]/Q
                         net (fo=217, routed)         1.480     7.069    U_Core/U_DataPath/U_PC/q_reg[31]_0[2]
    SLICE_X41Y22         LUT6 (Prop_lut6_I0_O)        0.124     7.193 r  U_Core/U_DataPath/U_PC/g3_b30/O
                         net (fo=6, routed)           0.806     7.998    U_Core/U_DataPath/U_PC/g3_b30_n_0
    SLICE_X41Y23         LUT6 (Prop_lut6_I0_O)        0.124     8.122 r  U_Core/U_DataPath/U_PC/q[30]_i_5/O
                         net (fo=1, routed)           0.585     8.707    U_Core/U_DataPath/U_PC/q[30]_i_5_n_0
    SLICE_X42Y24         LUT5 (Prop_lut5_I4_O)        0.124     8.831 r  U_Core/U_DataPath/U_PC/q[30]_i_2/O
                         net (fo=7, routed)           0.763     9.594    U_Core/U_DataPath/U_PC/q_reg[9]_1
    SLICE_X44Y29         LUT6 (Prop_lut6_I4_O)        0.124     9.718 r  U_Core/U_DataPath/U_PC/q[31]_i_13/O
                         net (fo=3, routed)           0.823    10.541    U_Core/U_ControlUnit/q_reg[30]_3
    SLICE_X45Y31         LUT6 (Prop_lut6_I4_O)        0.124    10.665 r  U_Core/U_ControlUnit/q[2]_i_4/O
                         net (fo=32, routed)          1.174    11.839    U_Core/U_ControlUnit/FSM_sequential_state_reg[1]_0
    SLICE_X46Y40         LUT6 (Prop_lut6_I0_O)        0.124    11.963 r  U_Core/U_ControlUnit/q[27]_i_5/O
                         net (fo=1, routed)           1.059    13.022    U_Core/U_ControlUnit/q[27]_i_5_n_0
    SLICE_X55Y40         LUT6 (Prop_lut6_I5_O)        0.124    13.146 r  U_Core/U_ControlUnit/q[27]_i_1/O
                         net (fo=2, routed)           0.708    13.854    U_Core/U_ControlUnit/q_reg[31][25]
    SLICE_X55Y34         LUT6 (Prop_lut6_I4_O)        0.124    13.978 r  U_Core/U_ControlUnit/RegFile_reg_r1_0_31_24_29_i_3/O
                         net (fo=2, routed)           0.202    14.180    U_Core/U_DataPath/U_RegFile/RegFile_reg_r2_0_31_24_29/DIB1
    SLICE_X54Y34         RAMD32                                       r  U_Core/U_DataPath/U_RegFile/RegFile_reg_r2_0_31_24_29/RAMB_D1/I
  -------------------------------------------------------------------    -------------------

                         (clock sys_clk_pin rise edge)
                                                     10.000    10.000 r  
    W5                                                0.000    10.000 r  clk (IN)
                         net (fo=0)                   0.000    10.000    clk
    W5                   IBUF (Prop_ibuf_I_O)         1.388    11.388 r  clk_IBUF_inst/O
                         net (fo=1, routed)           1.862    13.250    clk_IBUF
    BUFGCTRL_X0Y0        BUFG (Prop_bufg_I_O)         0.091    13.341 r  clk_IBUF_BUFG_inst/O
                         net (fo=1199, routed)        1.446    14.787    U_Core/U_DataPath/U_RegFile/RegFile_reg_r2_0_31_24_29/WCLK
    SLICE_X54Y34         RAMD32                                       r  U_Core/U_DataPath/U_RegFile/RegFile_reg_r2_0_31_24_29/RAMB_D1/CLK
                         clock pessimism              0.260    15.047    
                         clock uncertainty           -0.035    15.012    
    SLICE_X54Y34         RAMD32 (Setup_ramd32_CLK_I)
                                                     -0.228    14.784    U_Core/U_DataPath/U_RegFile/RegFile_reg_r2_0_31_24_29/RAMB_D1
  -------------------------------------------------------------------
                         required time                         14.784    
                         arrival time                         -14.180    
  -------------------------------------------------------------------
                         slack                                  0.604    

Slack (MET) :             0.612ns  (required time - arrival time)
  Source:                 U_Core/U_DataPath/U_PC/q_reg[6]/C
                            (rising edge-triggered cell FDCE clocked by sys_clk_pin  {rise@0.000ns fall@5.000ns period=10.000ns})
  Destination:            U_Core/U_DataPath/U_RegFile/RegFile_reg_r2_0_31_18_23/RAMA/I
                            (rising edge-triggered cell RAMD32 clocked by sys_clk_pin  {rise@0.000ns fall@5.000ns period=10.000ns})
  Path Group:             sys_clk_pin
  Path Type:              Setup (Max at Slow Process Corner)
  Requirement:            10.000ns  (sys_clk_pin rise@10.000ns - sys_clk_pin rise@0.000ns)
  Data Path Delay:        9.166ns  (logic 2.308ns (25.180%)  route 6.858ns (74.820%))
  Logic Levels:           8  (LUT2=1 LUT5=1 LUT6=5 MUXF7=1)
  Clock Path Skew:        -0.026ns (DCD - SCD + CPR)
    Destination Clock Delay (DCD):    4.785ns = ( 14.785 - 10.000 ) 
    Source Clock Delay      (SCD):    5.071ns
    Clock Pessimism Removal (CPR):    0.260ns
  Clock Uncertainty:      0.035ns  ((TSJ^2 + TIJ^2)^1/2 + DJ) / 2 + PE
    Total System Jitter     (TSJ):    0.071ns
    Total Input Jitter      (TIJ):    0.000ns
    Discrete Jitter          (DJ):    0.000ns
    Phase Error              (PE):    0.000ns

    Location             Delay type                Incr(ns)  Path(ns)    Netlist Resource(s)
  -------------------------------------------------------------------    -------------------
                         (clock sys_clk_pin rise edge)
                                                      0.000     0.000 r  
    W5                                                0.000     0.000 r  clk (IN)
                         net (fo=0)                   0.000     0.000    clk
    W5                   IBUF (Prop_ibuf_I_O)         1.458     1.458 r  clk_IBUF_inst/O
                         net (fo=1, routed)           1.967     3.425    clk_IBUF
    BUFGCTRL_X0Y0        BUFG (Prop_bufg_I_O)         0.096     3.521 r  clk_IBUF_BUFG_inst/O
                         net (fo=1199, routed)        1.550     5.071    U_Core/U_DataPath/U_PC/clk_IBUF_BUFG
    SLICE_X47Y27         FDCE                                         r  U_Core/U_DataPath/U_PC/q_reg[6]/C
  -------------------------------------------------------------------    -------------------
    SLICE_X47Y27         FDCE (Prop_fdce_C_Q)         0.419     5.490 r  U_Core/U_DataPath/U_PC/q_reg[6]/Q
                         net (fo=217, routed)         1.208     6.699    U_Core/U_DataPath/U_PC/q_reg[31]_0[6]
    SLICE_X40Y28         LUT6 (Prop_lut6_I4_O)        0.297     6.996 r  U_Core/U_DataPath/U_PC/g1_b13/O
                         net (fo=1, routed)           0.000     6.996    U_Core/U_DataPath/U_PC/g1_b13_n_0
    SLICE_X40Y28         MUXF7 (Prop_muxf7_I1_O)      0.217     7.213 r  U_Core/U_DataPath/U_PC/q_reg[13]_i_6/O
                         net (fo=1, routed)           0.813     8.026    U_Core/U_DataPath/U_PC/q_reg[13]_i_6_n_0
    SLICE_X42Y28         LUT6 (Prop_lut6_I5_O)        0.299     8.325 r  U_Core/U_DataPath/U_PC/q[13]_i_2/O
                         net (fo=7, routed)           0.766     9.091    U_Core/U_ControlUnit/instrCode[0]
    SLICE_X45Y30         LUT5 (Prop_lut5_I4_O)        0.150     9.241 r  U_Core/U_ControlUnit/q[31]_i_16/O
                         net (fo=5, routed)           0.690     9.931    U_Core/U_ControlUnit/aluControl[0]
    SLICE_X44Y31         LUT6 (Prop_lut6_I5_O)        0.326    10.257 r  U_Core/U_ControlUnit/q[31]_i_5/O
                         net (fo=41, routed)          0.506    10.763    U_Core/U_ControlUnit/FSM_sequential_state_reg[1]_2
    SLICE_X44Y31         LUT2 (Prop_lut2_I0_O)        0.150    10.913 r  U_Core/U_ControlUnit/q[28]_i_4/O
                         net (fo=27, routed)          1.533    12.447    U_Core/U_ControlUnit/FSM_sequential_state_reg[1]_1
    SLICE_X48Y39         LUT6 (Prop_lut6_I5_O)        0.326    12.773 r  U_Core/U_ControlUnit/q[18]_i_1/O
                         net (fo=2, routed)           0.848    13.620    U_Core/U_ControlUnit/q_reg[31][16]
    SLICE_X54Y32         LUT6 (Prop_lut6_I4_O)        0.124    13.744 r  U_Core/U_ControlUnit/RegFile_reg_r1_0_31_18_23_i_2/O
                         net (fo=2, routed)           0.493    14.237    U_Core/U_DataPath/U_RegFile/RegFile_reg_r2_0_31_18_23/DIA0
    SLICE_X52Y32         RAMD32                                       r  U_Core/U_DataPath/U_RegFile/RegFile_reg_r2_0_31_18_23/RAMA/I
  -------------------------------------------------------------------    -------------------

                         (clock sys_clk_pin rise edge)
                                                     10.000    10.000 r  
    W5                                                0.000    10.000 r  clk (IN)
                         net (fo=0)                   0.000    10.000    clk
    W5                   IBUF (Prop_ibuf_I_O)         1.388    11.388 r  clk_IBUF_inst/O
                         net (fo=1, routed)           1.862    13.250    clk_IBUF
    BUFGCTRL_X0Y0        BUFG (Prop_bufg_I_O)         0.091    13.341 r  clk_IBUF_BUFG_inst/O
                         net (fo=1199, routed)        1.444    14.785    U_Core/U_DataPath/U_RegFile/RegFile_reg_r2_0_31_18_23/WCLK
    SLICE_X52Y32         RAMD32                                       r  U_Core/U_DataPath/U_RegFile/RegFile_reg_r2_0_31_18_23/RAMA/CLK
                         clock pessimism              0.260    15.045    
                         clock uncertainty           -0.035    15.010    
    SLICE_X52Y32         RAMD32 (Setup_ramd32_CLK_I)
                                                     -0.161    14.849    U_Core/U_DataPath/U_RegFile/RegFile_reg_r2_0_31_18_23/RAMA
  -------------------------------------------------------------------
                         required time                         14.849    
                         arrival time                         -14.237    
  -------------------------------------------------------------------
                         slack                                  0.612    





Min Delay Paths
--------------------------------------------------------------------------------------
Slack (MET) :             0.061ns  (arrival time - required time)
  Source:                 U_APB_Master/temp_wdata_reg_reg[7]/C
                            (rising edge-triggered cell FDCE clocked by sys_clk_pin  {rise@0.000ns fall@5.000ns period=10.000ns})
  Destination:            U_RAM/mem_reg/DIADI[7]
                            (rising edge-triggered cell RAMB36E1 clocked by sys_clk_pin  {rise@0.000ns fall@5.000ns period=10.000ns})
  Path Group:             sys_clk_pin
  Path Type:              Hold (Min at Fast Process Corner)
  Requirement:            0.000ns  (sys_clk_pin rise@0.000ns - sys_clk_pin rise@0.000ns)
  Data Path Delay:        0.434ns  (logic 0.164ns (37.763%)  route 0.270ns (62.237%))
  Logic Levels:           0  
  Clock Path Skew:        0.077ns (DCD - SCD - CPR)
    Destination Clock Delay (DCD):    1.995ns
    Source Clock Delay      (SCD):    1.439ns
    Clock Pessimism Removal (CPR):    0.478ns

    Location             Delay type                Incr(ns)  Path(ns)    Netlist Resource(s)
  -------------------------------------------------------------------    -------------------
                         (clock sys_clk_pin rise edge)
                                                      0.000     0.000 r  
    W5                                                0.000     0.000 r  clk (IN)
                         net (fo=0)                   0.000     0.000    clk
    W5                   IBUF (Prop_ibuf_I_O)         0.226     0.226 r  clk_IBUF_inst/O
                         net (fo=1, routed)           0.631     0.858    clk_IBUF
    BUFGCTRL_X0Y0        BUFG (Prop_bufg_I_O)         0.026     0.884 r  clk_IBUF_BUFG_inst/O
                         net (fo=1199, routed)        0.556     1.439    U_APB_Master/clk_IBUF_BUFG
    SLICE_X50Y28         FDCE                                         r  U_APB_Master/temp_wdata_reg_reg[7]/C
  -------------------------------------------------------------------    -------------------
    SLICE_X50Y28         FDCE (Prop_fdce_C_Q)         0.164     1.603 r  U_APB_Master/temp_wdata_reg_reg[7]/Q
                         net (fo=14, routed)          0.270     1.873    U_RAM/mem_reg_0[7]
    RAMB36_X2Y5          RAMB36E1                                     r  U_RAM/mem_reg/DIADI[7]
  -------------------------------------------------------------------    -------------------

                         (clock sys_clk_pin rise edge)
                                                      0.000     0.000 r  
    W5                                                0.000     0.000 r  clk (IN)
                         net (fo=0)                   0.000     0.000    clk
    W5                   IBUF (Prop_ibuf_I_O)         0.414     0.414 r  clk_IBUF_inst/O
                         net (fo=1, routed)           0.685     1.099    clk_IBUF
    BUFGCTRL_X0Y0        BUFG (Prop_bufg_I_O)         0.029     1.128 r  clk_IBUF_BUFG_inst/O
                         net (fo=1199, routed)        0.867     1.995    U_RAM/clk_IBUF_BUFG
    RAMB36_X2Y5          RAMB36E1                                     r  U_RAM/mem_reg/CLKARDCLK
                         clock pessimism             -0.478     1.517    
    RAMB36_X2Y5          RAMB36E1 (Hold_ramb36e1_CLKARDCLK_DIADI[7])
                                                      0.296     1.813    U_RAM/mem_reg
  -------------------------------------------------------------------
                         required time                         -1.813    
                         arrival time                           1.873    
  -------------------------------------------------------------------
                         slack                                  0.061    

Slack (MET) :             0.102ns  (arrival time - required time)
  Source:                 U_APB_Master/temp_wdata_reg_reg[16]/C
                            (rising edge-triggered cell FDCE clocked by sys_clk_pin  {rise@0.000ns fall@5.000ns period=10.000ns})
  Destination:            U_RAM/mem_reg/DIADI[16]
                            (rising edge-triggered cell RAMB36E1 clocked by sys_clk_pin  {rise@0.000ns fall@5.000ns period=10.000ns})
  Path Group:             sys_clk_pin
  Path Type:              Hold (Min at Fast Process Corner)
  Requirement:            0.000ns  (sys_clk_pin rise@0.000ns - sys_clk_pin rise@0.000ns)
  Data Path Delay:        0.469ns  (logic 0.164ns (34.985%)  route 0.305ns (65.015%))
  Logic Levels:           0  
  Clock Path Skew:        0.070ns (DCD - SCD - CPR)
    Destination Clock Delay (DCD):    1.995ns
    Source Clock Delay      (SCD):    1.446ns
    Clock Pessimism Removal (CPR):    0.478ns

    Location             Delay type                Incr(ns)  Path(ns)    Netlist Resource(s)
  -------------------------------------------------------------------    -------------------
                         (clock sys_clk_pin rise edge)
                                                      0.000     0.000 r  
    W5                                                0.000     0.000 r  clk (IN)
                         net (fo=0)                   0.000     0.000    clk
    W5                   IBUF (Prop_ibuf_I_O)         0.226     0.226 r  clk_IBUF_inst/O
                         net (fo=1, routed)           0.631     0.858    clk_IBUF
    BUFGCTRL_X0Y0        BUFG (Prop_bufg_I_O)         0.026     0.884 r  clk_IBUF_BUFG_inst/O
                         net (fo=1199, routed)        0.563     1.446    U_APB_Master/clk_IBUF_BUFG
    SLICE_X54Y37         FDCE                                         r  U_APB_Master/temp_wdata_reg_reg[16]/C
  -------------------------------------------------------------------    -------------------
    SLICE_X54Y37         FDCE (Prop_fdce_C_Q)         0.164     1.610 r  U_APB_Master/temp_wdata_reg_reg[16]/Q
                         net (fo=15, routed)          0.305     1.915    U_RAM/mem_reg_0[16]
    RAMB36_X2Y5          RAMB36E1                                     r  U_RAM/mem_reg/DIADI[16]
  -------------------------------------------------------------------    -------------------

                         (clock sys_clk_pin rise edge)
                                                      0.000     0.000 r  
    W5                                                0.000     0.000 r  clk (IN)
                         net (fo=0)                   0.000     0.000    clk
    W5                   IBUF (Prop_ibuf_I_O)         0.414     0.414 r  clk_IBUF_inst/O
                         net (fo=1, routed)           0.685     1.099    clk_IBUF
    BUFGCTRL_X0Y0        BUFG (Prop_bufg_I_O)         0.029     1.128 r  clk_IBUF_BUFG_inst/O
                         net (fo=1199, routed)        0.867     1.995    U_RAM/clk_IBUF_BUFG
    RAMB36_X2Y5          RAMB36E1                                     r  U_RAM/mem_reg/CLKARDCLK
                         clock pessimism             -0.478     1.517    
    RAMB36_X2Y5          RAMB36E1 (Hold_ramb36e1_CLKARDCLK_DIADI[16])
                                                      0.296     1.813    U_RAM/mem_reg
  -------------------------------------------------------------------
                         required time                         -1.813    
                         arrival time                           1.915    
  -------------------------------------------------------------------
                         slack                                  0.102    

Slack (MET) :             0.106ns  (arrival time - required time)
  Source:                 U_GPIOC/U_APB_Intf_GPIO/slv_reg0_reg[18]/C
                            (rising edge-triggered cell FDCE clocked by sys_clk_pin  {rise@0.000ns fall@5.000ns period=10.000ns})
  Destination:            U_GPIOC/U_APB_Intf_GPIO/PRDATA_reg[18]/D
                            (rising edge-triggered cell FDRE clocked by sys_clk_pin  {rise@0.000ns fall@5.000ns period=10.000ns})
  Path Group:             sys_clk_pin
  Path Type:              Hold (Min at Fast Process Corner)
  Requirement:            0.000ns  (sys_clk_pin rise@0.000ns - sys_clk_pin rise@0.000ns)
  Data Path Delay:        0.240ns  (logic 0.186ns (77.466%)  route 0.054ns (22.534%))
  Logic Levels:           1  (LUT4=1)
  Clock Path Skew:        0.013ns (DCD - SCD - CPR)
    Destination Clock Delay (DCD):    1.952ns
    Source Clock Delay      (SCD):    1.439ns
    Clock Pessimism Removal (CPR):    0.500ns

    Location             Delay type                Incr(ns)  Path(ns)    Netlist Resource(s)
  -------------------------------------------------------------------    -------------------
                         (clock sys_clk_pin rise edge)
                                                      0.000     0.000 r  
    W5                                                0.000     0.000 r  clk (IN)
                         net (fo=0)                   0.000     0.000    clk
    W5                   IBUF (Prop_ibuf_I_O)         0.226     0.226 r  clk_IBUF_inst/O
                         net (fo=1, routed)           0.631     0.858    clk_IBUF
    BUFGCTRL_X0Y0        BUFG (Prop_bufg_I_O)         0.026     0.884 r  clk_IBUF_BUFG_inst/O
                         net (fo=1199, routed)        0.556     1.439    U_GPIOC/U_APB_Intf_GPIO/clk_IBUF_BUFG
    SLICE_X51Y21         FDCE                                         r  U_GPIOC/U_APB_Intf_GPIO/slv_reg0_reg[18]/C
  -------------------------------------------------------------------    -------------------
    SLICE_X51Y21         FDCE (Prop_fdce_C_Q)         0.141     1.580 r  U_GPIOC/U_APB_Intf_GPIO/slv_reg0_reg[18]/Q
                         net (fo=1, routed)           0.054     1.634    U_APB_Master/PRDATA_reg[31][10]
    SLICE_X50Y21         LUT4 (Prop_lut4_I2_O)        0.045     1.679 r  U_APB_Master/PRDATA[18]_i_1__0/O
                         net (fo=1, routed)           0.000     1.679    U_GPIOC/U_APB_Intf_GPIO/D[10]
    SLICE_X50Y21         FDRE                                         r  U_GPIOC/U_APB_Intf_GPIO/PRDATA_reg[18]/D
  -------------------------------------------------------------------    -------------------

                         (clock sys_clk_pin rise edge)
                                                      0.000     0.000 r  
    W5                                                0.000     0.000 r  clk (IN)
                         net (fo=0)                   0.000     0.000    clk
    W5                   IBUF (Prop_ibuf_I_O)         0.414     0.414 r  clk_IBUF_inst/O
                         net (fo=1, routed)           0.685     1.099    clk_IBUF
    BUFGCTRL_X0Y0        BUFG (Prop_bufg_I_O)         0.029     1.128 r  clk_IBUF_BUFG_inst/O
                         net (fo=1199, routed)        0.825     1.952    U_GPIOC/U_APB_Intf_GPIO/clk_IBUF_BUFG
    SLICE_X50Y21         FDRE                                         r  U_GPIOC/U_APB_Intf_GPIO/PRDATA_reg[18]/C
                         clock pessimism             -0.500     1.452    
    SLICE_X50Y21         FDRE (Hold_fdre_C_D)         0.121     1.573    U_GPIOC/U_APB_Intf_GPIO/PRDATA_reg[18]
  -------------------------------------------------------------------
                         required time                         -1.573    
                         arrival time                           1.679    
  -------------------------------------------------------------------
                         slack                                  0.106    

Slack (MET) :             0.109ns  (arrival time - required time)
  Source:                 U_GPOE/U_APB_Intf_FND/slv_reg1_reg[12]/C
                            (rising edge-triggered cell FDCE clocked by sys_clk_pin  {rise@0.000ns fall@5.000ns period=10.000ns})
  Destination:            U_GPOE/U_APB_Intf_FND/PRDATA_reg[12]/D
                            (rising edge-triggered cell FDRE clocked by sys_clk_pin  {rise@0.000ns fall@5.000ns period=10.000ns})
  Path Group:             sys_clk_pin
  Path Type:              Hold (Min at Fast Process Corner)
  Requirement:            0.000ns  (sys_clk_pin rise@0.000ns - sys_clk_pin rise@0.000ns)
  Data Path Delay:        0.242ns  (logic 0.186ns (76.827%)  route 0.056ns (23.174%))
  Logic Levels:           1  (LUT5=1)
  Clock Path Skew:        0.013ns (DCD - SCD - CPR)
    Destination Clock Delay (DCD):    1.952ns
    Source Clock Delay      (SCD):    1.439ns
    Clock Pessimism Removal (CPR):    0.500ns

    Location             Delay type                Incr(ns)  Path(ns)    Netlist Resource(s)
  -------------------------------------------------------------------    -------------------
                         (clock sys_clk_pin rise edge)
                                                      0.000     0.000 r  
    W5                                                0.000     0.000 r  clk (IN)
                         net (fo=0)                   0.000     0.000    clk
    W5                   IBUF (Prop_ibuf_I_O)         0.226     0.226 r  clk_IBUF_inst/O
                         net (fo=1, routed)           0.631     0.858    clk_IBUF
    BUFGCTRL_X0Y0        BUFG (Prop_bufg_I_O)         0.026     0.884 r  clk_IBUF_BUFG_inst/O
                         net (fo=1199, routed)        0.556     1.439    U_GPOE/U_APB_Intf_FND/clk_IBUF_BUFG
    SLICE_X53Y21         FDCE                                         r  U_GPOE/U_APB_Intf_FND/slv_reg1_reg[12]/C
  -------------------------------------------------------------------    -------------------
    SLICE_X53Y21         FDCE (Prop_fdce_C_Q)         0.141     1.580 r  U_GPOE/U_APB_Intf_FND/slv_reg1_reg[12]/Q
                         net (fo=1, routed)           0.056     1.636    U_GPOE/U_APB_Intf_FND/slv_reg1__0[12]
    SLICE_X52Y21         LUT5 (Prop_lut5_I2_O)        0.045     1.681 r  U_GPOE/U_APB_Intf_FND/PRDATA[12]_i_1__2/O
                         net (fo=1, routed)           0.000     1.681    U_GPOE/U_APB_Intf_FND/PRDATA[12]_i_1__2_n_0
    SLICE_X52Y21         FDRE                                         r  U_GPOE/U_APB_Intf_FND/PRDATA_reg[12]/D
  -------------------------------------------------------------------    -------------------

                         (clock sys_clk_pin rise edge)
                                                      0.000     0.000 r  
    W5                                                0.000     0.000 r  clk (IN)
                         net (fo=0)                   0.000     0.000    clk
    W5                   IBUF (Prop_ibuf_I_O)         0.414     0.414 r  clk_IBUF_inst/O
                         net (fo=1, routed)           0.685     1.099    clk_IBUF
    BUFGCTRL_X0Y0        BUFG (Prop_bufg_I_O)         0.029     1.128 r  clk_IBUF_BUFG_inst/O
                         net (fo=1199, routed)        0.825     1.952    U_GPOE/U_APB_Intf_FND/clk_IBUF_BUFG
    SLICE_X52Y21         FDRE                                         r  U_GPOE/U_APB_Intf_FND/PRDATA_reg[12]/C
                         clock pessimism             -0.500     1.452    
    SLICE_X52Y21         FDRE (Hold_fdre_C_D)         0.120     1.572    U_GPOE/U_APB_Intf_FND/PRDATA_reg[12]
  -------------------------------------------------------------------
                         required time                         -1.572    
                         arrival time                           1.681    
  -------------------------------------------------------------------
                         slack                                  0.109    

Slack (MET) :             0.125ns  (arrival time - required time)
  Source:                 U_APB_Master/temp_wdata_reg_reg[20]/C
                            (rising edge-triggered cell FDCE clocked by sys_clk_pin  {rise@0.000ns fall@5.000ns period=10.000ns})
  Destination:            U_RAM/mem_reg/DIADI[20]
                            (rising edge-triggered cell RAMB36E1 clocked by sys_clk_pin  {rise@0.000ns fall@5.000ns period=10.000ns})
  Path Group:             sys_clk_pin
  Path Type:              Hold (Min at Fast Process Corner)
  Requirement:            0.000ns  (sys_clk_pin rise@0.000ns - sys_clk_pin rise@0.000ns)
  Data Path Delay:        0.474ns  (logic 0.164ns (34.563%)  route 0.310ns (65.437%))
  Logic Levels:           0  
  Clock Path Skew:        0.053ns (DCD - SCD - CPR)
    Destination Clock Delay (DCD):    1.995ns
    Source Clock Delay      (SCD):    1.444ns
    Clock Pessimism Removal (CPR):    0.497ns

    Location             Delay type                Incr(ns)  Path(ns)    Netlist Resource(s)
  -------------------------------------------------------------------    -------------------
                         (clock sys_clk_pin rise edge)
                                                      0.000     0.000 r  
    W5                                                0.000     0.000 r  clk (IN)
                         net (fo=0)                   0.000     0.000    clk
    W5                   IBUF (Prop_ibuf_I_O)         0.226     0.226 r  clk_IBUF_inst/O
                         net (fo=1, routed)           0.631     0.858    clk_IBUF
    BUFGCTRL_X0Y0        BUFG (Prop_bufg_I_O)         0.026     0.884 r  clk_IBUF_BUFG_inst/O
                         net (fo=1199, routed)        0.561     1.444    U_APB_Master/clk_IBUF_BUFG
    SLICE_X56Y31         FDCE                                         r  U_APB_Master/temp_wdata_reg_reg[20]/C
  -------------------------------------------------------------------    -------------------
    SLICE_X56Y31         FDCE (Prop_fdce_C_Q)         0.164     1.608 r  U_APB_Master/temp_wdata_reg_reg[20]/Q
                         net (fo=15, routed)          0.310     1.919    U_RAM/mem_reg_0[20]
    RAMB36_X2Y5          RAMB36E1                                     r  U_RAM/mem_reg/DIADI[20]
  -------------------------------------------------------------------    -------------------

                         (clock sys_clk_pin rise edge)
                                                      0.000     0.000 r  
    W5                                                0.000     0.000 r  clk (IN)
                         net (fo=0)                   0.000     0.000    clk
    W5                   IBUF (Prop_ibuf_I_O)         0.414     0.414 r  clk_IBUF_inst/O
                         net (fo=1, routed)           0.685     1.099    clk_IBUF
    BUFGCTRL_X0Y0        BUFG (Prop_bufg_I_O)         0.029     1.128 r  clk_IBUF_BUFG_inst/O
                         net (fo=1199, routed)        0.867     1.995    U_RAM/clk_IBUF_BUFG
    RAMB36_X2Y5          RAMB36E1                                     r  U_RAM/mem_reg/CLKARDCLK
                         clock pessimism             -0.497     1.498    
    RAMB36_X2Y5          RAMB36E1 (Hold_ramb36e1_CLKARDCLK_DIADI[20])
                                                      0.296     1.794    U_RAM/mem_reg
  -------------------------------------------------------------------
                         required time                         -1.794    
                         arrival time                           1.919    
  -------------------------------------------------------------------
                         slack                                  0.125    

Slack (MET) :             0.132ns  (arrival time - required time)
  Source:                 U_GPOE/U_APB_Intf_FND/slv_reg0_reg[8]/C
                            (rising edge-triggered cell FDCE clocked by sys_clk_pin  {rise@0.000ns fall@5.000ns period=10.000ns})
  Destination:            U_GPOE/U_APB_Intf_FND/PRDATA_reg[8]/D
                            (rising edge-triggered cell FDRE clocked by sys_clk_pin  {rise@0.000ns fall@5.000ns period=10.000ns})
  Path Group:             sys_clk_pin
  Path Type:              Hold (Min at Fast Process Corner)
  Requirement:            0.000ns  (sys_clk_pin rise@0.000ns - sys_clk_pin rise@0.000ns)
  Data Path Delay:        0.266ns  (logic 0.186ns (69.898%)  route 0.080ns (30.103%))
  Logic Levels:           1  (LUT5=1)
  Clock Path Skew:        0.013ns (DCD - SCD - CPR)
    Destination Clock Delay (DCD):    1.978ns
    Source Clock Delay      (SCD):    1.467ns
    Clock Pessimism Removal (CPR):    0.498ns

    Location             Delay type                Incr(ns)  Path(ns)    Netlist Resource(s)
  -------------------------------------------------------------------    -------------------
                         (clock sys_clk_pin rise edge)
                                                      0.000     0.000 r  
    W5                                                0.000     0.000 r  clk (IN)
                         net (fo=0)                   0.000     0.000    clk
    W5                   IBUF (Prop_ibuf_I_O)         0.226     0.226 r  clk_IBUF_inst/O
                         net (fo=1, routed)           0.631     0.858    clk_IBUF
    BUFGCTRL_X0Y0        BUFG (Prop_bufg_I_O)         0.026     0.884 r  clk_IBUF_BUFG_inst/O
                         net (fo=1199, routed)        0.584     1.467    U_GPOE/U_APB_Intf_FND/clk_IBUF_BUFG
    SLICE_X61Y22         FDCE                                         r  U_GPOE/U_APB_Intf_FND/slv_reg0_reg[8]/C
  -------------------------------------------------------------------    -------------------
    SLICE_X61Y22         FDCE (Prop_fdce_C_Q)         0.141     1.608 r  U_GPOE/U_APB_Intf_FND/slv_reg0_reg[8]/Q
                         net (fo=1, routed)           0.080     1.688    U_GPOE/U_APB_Intf_FND/slv_reg0__3[8]
    SLICE_X60Y22         LUT5 (Prop_lut5_I3_O)        0.045     1.733 r  U_GPOE/U_APB_Intf_FND/PRDATA[8]_i_1__2/O
                         net (fo=1, routed)           0.000     1.733    U_GPOE/U_APB_Intf_FND/PRDATA[8]_i_1__2_n_0
    SLICE_X60Y22         FDRE                                         r  U_GPOE/U_APB_Intf_FND/PRDATA_reg[8]/D
  -------------------------------------------------------------------    -------------------

                         (clock sys_clk_pin rise edge)
                                                      0.000     0.000 r  
    W5                                                0.000     0.000 r  clk (IN)
                         net (fo=0)                   0.000     0.000    clk
    W5                   IBUF (Prop_ibuf_I_O)         0.414     0.414 r  clk_IBUF_inst/O
                         net (fo=1, routed)           0.685     1.099    clk_IBUF
    BUFGCTRL_X0Y0        BUFG (Prop_bufg_I_O)         0.029     1.128 r  clk_IBUF_BUFG_inst/O
                         net (fo=1199, routed)        0.851     1.978    U_GPOE/U_APB_Intf_FND/clk_IBUF_BUFG
    SLICE_X60Y22         FDRE                                         r  U_GPOE/U_APB_Intf_FND/PRDATA_reg[8]/C
                         clock pessimism             -0.498     1.480    
    SLICE_X60Y22         FDRE (Hold_fdre_C_D)         0.121     1.601    U_GPOE/U_APB_Intf_FND/PRDATA_reg[8]
  -------------------------------------------------------------------
                         required time                         -1.601    
                         arrival time                           1.733    
  -------------------------------------------------------------------
                         slack                                  0.132    

Slack (MET) :             0.132ns  (arrival time - required time)
  Source:                 U_GPIOD/U_APB_Intf_GPIO/slv_reg0_reg[28]/C
                            (rising edge-triggered cell FDCE clocked by sys_clk_pin  {rise@0.000ns fall@5.000ns period=10.000ns})
  Destination:            U_GPIOD/U_APB_Intf_GPIO/PRDATA_reg[28]/D
                            (rising edge-triggered cell FDRE clocked by sys_clk_pin  {rise@0.000ns fall@5.000ns period=10.000ns})
  Path Group:             sys_clk_pin
  Path Type:              Hold (Min at Fast Process Corner)
  Requirement:            0.000ns  (sys_clk_pin rise@0.000ns - sys_clk_pin rise@0.000ns)
  Data Path Delay:        0.266ns  (logic 0.186ns (69.898%)  route 0.080ns (30.103%))
  Logic Levels:           1  (LUT4=1)
  Clock Path Skew:        0.013ns (DCD - SCD - CPR)
    Destination Clock Delay (DCD):    1.986ns
    Source Clock Delay      (SCD):    1.473ns
    Clock Pessimism Removal (CPR):    0.500ns

    Location             Delay type                Incr(ns)  Path(ns)    Netlist Resource(s)
  -------------------------------------------------------------------    -------------------
                         (clock sys_clk_pin rise edge)
                                                      0.000     0.000 r  
    W5                                                0.000     0.000 r  clk (IN)
                         net (fo=0)                   0.000     0.000    clk
    W5                   IBUF (Prop_ibuf_I_O)         0.226     0.226 r  clk_IBUF_inst/O
                         net (fo=1, routed)           0.631     0.858    clk_IBUF
    BUFGCTRL_X0Y0        BUFG (Prop_bufg_I_O)         0.026     0.884 r  clk_IBUF_BUFG_inst/O
                         net (fo=1199, routed)        0.590     1.473    U_GPIOD/U_APB_Intf_GPIO/clk_IBUF_BUFG
    SLICE_X61Y36         FDCE                                         r  U_GPIOD/U_APB_Intf_GPIO/slv_reg0_reg[28]/C
  -------------------------------------------------------------------    -------------------
    SLICE_X61Y36         FDCE (Prop_fdce_C_Q)         0.141     1.614 r  U_GPIOD/U_APB_Intf_GPIO/slv_reg0_reg[28]/Q
                         net (fo=1, routed)           0.080     1.694    U_APB_Master/PRDATA_reg[31]_1[20]
    SLICE_X60Y36         LUT4 (Prop_lut4_I2_O)        0.045     1.739 r  U_APB_Master/PRDATA[28]_i_1__1/O
                         net (fo=1, routed)           0.000     1.739    U_GPIOD/U_APB_Intf_GPIO/D[20]
    SLICE_X60Y36         FDRE                                         r  U_GPIOD/U_APB_Intf_GPIO/PRDATA_reg[28]/D
  -------------------------------------------------------------------    -------------------

                         (clock sys_clk_pin rise edge)
                                                      0.000     0.000 r  
    W5                                                0.000     0.000 r  clk (IN)
                         net (fo=0)                   0.000     0.000    clk
    W5                   IBUF (Prop_ibuf_I_O)         0.414     0.414 r  clk_IBUF_inst/O
                         net (fo=1, routed)           0.685     1.099    clk_IBUF
    BUFGCTRL_X0Y0        BUFG (Prop_bufg_I_O)         0.029     1.128 r  clk_IBUF_BUFG_inst/O
                         net (fo=1199, routed)        0.859     1.986    U_GPIOD/U_APB_Intf_GPIO/clk_IBUF_BUFG
    SLICE_X60Y36         FDRE                                         r  U_GPIOD/U_APB_Intf_GPIO/PRDATA_reg[28]/C
                         clock pessimism             -0.500     1.486    
    SLICE_X60Y36         FDRE (Hold_fdre_C_D)         0.121     1.607    U_GPIOD/U_APB_Intf_GPIO/PRDATA_reg[28]
  -------------------------------------------------------------------
                         required time                         -1.607    
                         arrival time                           1.739    
  -------------------------------------------------------------------
                         slack                                  0.132    

Slack (MET) :             0.133ns  (arrival time - required time)
  Source:                 U_Core/U_DataPath/U_DecReg_RFRD2/q_reg[28]/C
                            (rising edge-triggered cell FDCE clocked by sys_clk_pin  {rise@0.000ns fall@5.000ns period=10.000ns})
  Destination:            U_Core/U_DataPath/U_ExeReg_RFRD2/q_reg[28]/D
                            (rising edge-triggered cell FDCE clocked by sys_clk_pin  {rise@0.000ns fall@5.000ns period=10.000ns})
  Path Group:             sys_clk_pin
  Path Type:              Hold (Min at Fast Process Corner)
  Requirement:            0.000ns  (sys_clk_pin rise@0.000ns - sys_clk_pin rise@0.000ns)
  Data Path Delay:        0.209ns  (logic 0.141ns (67.433%)  route 0.068ns (32.567%))
  Logic Levels:           0  
  Clock Path Skew:        0.000ns (DCD - SCD - CPR)
    Destination Clock Delay (DCD):    1.960ns
    Source Clock Delay      (SCD):    1.446ns
    Clock Pessimism Removal (CPR):    0.514ns

    Location             Delay type                Incr(ns)  Path(ns)    Netlist Resource(s)
  -------------------------------------------------------------------    -------------------
                         (clock sys_clk_pin rise edge)
                                                      0.000     0.000 r  
    W5                                                0.000     0.000 r  clk (IN)
                         net (fo=0)                   0.000     0.000    clk
    W5                   IBUF (Prop_ibuf_I_O)         0.226     0.226 r  clk_IBUF_inst/O
                         net (fo=1, routed)           0.631     0.858    clk_IBUF
    BUFGCTRL_X0Y0        BUFG (Prop_bufg_I_O)         0.026     0.884 r  clk_IBUF_BUFG_inst/O
                         net (fo=1199, routed)        0.563     1.446    U_Core/U_DataPath/U_DecReg_RFRD2/clk_IBUF_BUFG
    SLICE_X55Y37         FDCE                                         r  U_Core/U_DataPath/U_DecReg_RFRD2/q_reg[28]/C
  -------------------------------------------------------------------    -------------------
    SLICE_X55Y37         FDCE (Prop_fdce_C_Q)         0.141     1.587 r  U_Core/U_DataPath/U_DecReg_RFRD2/q_reg[28]/Q
                         net (fo=8, routed)           0.068     1.655    U_Core/U_DataPath/U_ExeReg_RFRD2/D[28]
    SLICE_X55Y37         FDCE                                         r  U_Core/U_DataPath/U_ExeReg_RFRD2/q_reg[28]/D
  -------------------------------------------------------------------    -------------------

                         (clock sys_clk_pin rise edge)
                                                      0.000     0.000 r  
    W5                                                0.000     0.000 r  clk (IN)
                         net (fo=0)                   0.000     0.000    clk
    W5                   IBUF (Prop_ibuf_I_O)         0.414     0.414 r  clk_IBUF_inst/O
                         net (fo=1, routed)           0.685     1.099    clk_IBUF
    BUFGCTRL_X0Y0        BUFG (Prop_bufg_I_O)         0.029     1.128 r  clk_IBUF_BUFG_inst/O
                         net (fo=1199, routed)        0.833     1.960    U_Core/U_DataPath/U_ExeReg_RFRD2/clk_IBUF_BUFG
    SLICE_X55Y37         FDCE                                         r  U_Core/U_DataPath/U_ExeReg_RFRD2/q_reg[28]/C
                         clock pessimism             -0.514     1.446    
    SLICE_X55Y37         FDCE (Hold_fdce_C_D)         0.076     1.522    U_Core/U_DataPath/U_ExeReg_RFRD2/q_reg[28]
  -------------------------------------------------------------------
                         required time                         -1.522    
                         arrival time                           1.655    
  -------------------------------------------------------------------
                         slack                                  0.133    

Slack (MET) :             0.140ns  (arrival time - required time)
  Source:                 U_APB_Master/temp_wdata_reg_reg[0]/C
                            (rising edge-triggered cell FDCE clocked by sys_clk_pin  {rise@0.000ns fall@5.000ns period=10.000ns})
  Destination:            U_RAM/mem_reg/DIADI[0]
                            (rising edge-triggered cell RAMB36E1 clocked by sys_clk_pin  {rise@0.000ns fall@5.000ns period=10.000ns})
  Path Group:             sys_clk_pin
  Path Type:              Hold (Min at Fast Process Corner)
  Requirement:            0.000ns  (sys_clk_pin rise@0.000ns - sys_clk_pin rise@0.000ns)
  Data Path Delay:        0.512ns  (logic 0.164ns (32.005%)  route 0.348ns (67.995%))
  Logic Levels:           0  
  Clock Path Skew:        0.076ns (DCD - SCD - CPR)
    Destination Clock Delay (DCD):    1.995ns
    Source Clock Delay      (SCD):    1.440ns
    Clock Pessimism Removal (CPR):    0.478ns

    Location             Delay type                Incr(ns)  Path(ns)    Netlist Resource(s)
  -------------------------------------------------------------------    -------------------
                         (clock sys_clk_pin rise edge)
                                                      0.000     0.000 r  
    W5                                                0.000     0.000 r  clk (IN)
                         net (fo=0)                   0.000     0.000    clk
    W5                   IBUF (Prop_ibuf_I_O)         0.226     0.226 r  clk_IBUF_inst/O
                         net (fo=1, routed)           0.631     0.858    clk_IBUF
    BUFGCTRL_X0Y0        BUFG (Prop_bufg_I_O)         0.026     0.884 r  clk_IBUF_BUFG_inst/O
                         net (fo=1199, routed)        0.557     1.440    U_APB_Master/clk_IBUF_BUFG
    SLICE_X50Y29         FDCE                                         r  U_APB_Master/temp_wdata_reg_reg[0]/C
  -------------------------------------------------------------------    -------------------
    SLICE_X50Y29         FDCE (Prop_fdce_C_Q)         0.164     1.604 r  U_APB_Master/temp_wdata_reg_reg[0]/Q
                         net (fo=14, routed)          0.348     1.953    U_RAM/mem_reg_0[0]
    RAMB36_X2Y5          RAMB36E1                                     r  U_RAM/mem_reg/DIADI[0]
  -------------------------------------------------------------------    -------------------

                         (clock sys_clk_pin rise edge)
                                                      0.000     0.000 r  
    W5                                                0.000     0.000 r  clk (IN)
                         net (fo=0)                   0.000     0.000    clk
    W5                   IBUF (Prop_ibuf_I_O)         0.414     0.414 r  clk_IBUF_inst/O
                         net (fo=1, routed)           0.685     1.099    clk_IBUF
    BUFGCTRL_X0Y0        BUFG (Prop_bufg_I_O)         0.029     1.128 r  clk_IBUF_BUFG_inst/O
                         net (fo=1199, routed)        0.867     1.995    U_RAM/clk_IBUF_BUFG
    RAMB36_X2Y5          RAMB36E1                                     r  U_RAM/mem_reg/CLKARDCLK
                         clock pessimism             -0.478     1.517    
    RAMB36_X2Y5          RAMB36E1 (Hold_ramb36e1_CLKARDCLK_DIADI[0])
                                                      0.296     1.813    U_RAM/mem_reg
  -------------------------------------------------------------------
                         required time                         -1.813    
                         arrival time                           1.953    
  -------------------------------------------------------------------
                         slack                                  0.140    

Slack (MET) :             0.140ns  (arrival time - required time)
  Source:                 U_GPOE/U_APB_Intf_FND/slv_reg0_reg[4]/C
                            (rising edge-triggered cell FDCE clocked by sys_clk_pin  {rise@0.000ns fall@5.000ns period=10.000ns})
  Destination:            U_GPOE/U_APB_Intf_FND/PRDATA_reg[4]/D
                            (rising edge-triggered cell FDRE clocked by sys_clk_pin  {rise@0.000ns fall@5.000ns period=10.000ns})
  Path Group:             sys_clk_pin
  Path Type:              Hold (Min at Fast Process Corner)
  Requirement:            0.000ns  (sys_clk_pin rise@0.000ns - sys_clk_pin rise@0.000ns)
  Data Path Delay:        0.273ns  (logic 0.186ns (68.106%)  route 0.087ns (31.894%))
  Logic Levels:           1  (LUT5=1)
  Clock Path Skew:        0.013ns (DCD - SCD - CPR)
    Destination Clock Delay (DCD):    1.978ns
    Source Clock Delay      (SCD):    1.467ns
    Clock Pessimism Removal (CPR):    0.498ns

    Location             Delay type                Incr(ns)  Path(ns)    Netlist Resource(s)
  -------------------------------------------------------------------    -------------------
                         (clock sys_clk_pin rise edge)
                                                      0.000     0.000 r  
    W5                                                0.000     0.000 r  clk (IN)
                         net (fo=0)                   0.000     0.000    clk
    W5                   IBUF (Prop_ibuf_I_O)         0.226     0.226 r  clk_IBUF_inst/O
                         net (fo=1, routed)           0.631     0.858    clk_IBUF
    BUFGCTRL_X0Y0        BUFG (Prop_bufg_I_O)         0.026     0.884 r  clk_IBUF_BUFG_inst/O
                         net (fo=1199, routed)        0.584     1.467    U_GPOE/U_APB_Intf_FND/clk_IBUF_BUFG
    SLICE_X61Y22         FDCE                                         r  U_GPOE/U_APB_Intf_FND/slv_reg0_reg[4]/C
  -------------------------------------------------------------------    -------------------
    SLICE_X61Y22         FDCE (Prop_fdce_C_Q)         0.141     1.608 r  U_GPOE/U_APB_Intf_FND/slv_reg0_reg[4]/Q
                         net (fo=1, routed)           0.087     1.695    U_GPOE/U_APB_Intf_FND/slv_reg0__3[4]
    SLICE_X60Y22         LUT5 (Prop_lut5_I3_O)        0.045     1.740 r  U_GPOE/U_APB_Intf_FND/PRDATA[4]_i_1__4/O
                         net (fo=1, routed)           0.000     1.740    U_GPOE/U_APB_Intf_FND/PRDATA[4]_i_1__4_n_0
    SLICE_X60Y22         FDRE                                         r  U_GPOE/U_APB_Intf_FND/PRDATA_reg[4]/D
  -------------------------------------------------------------------    -------------------

                         (clock sys_clk_pin rise edge)
                                                      0.000     0.000 r  
    W5                                                0.000     0.000 r  clk (IN)
                         net (fo=0)                   0.000     0.000    clk
    W5                   IBUF (Prop_ibuf_I_O)         0.414     0.414 r  clk_IBUF_inst/O
                         net (fo=1, routed)           0.685     1.099    clk_IBUF
    BUFGCTRL_X0Y0        BUFG (Prop_bufg_I_O)         0.029     1.128 r  clk_IBUF_BUFG_inst/O
                         net (fo=1199, routed)        0.851     1.978    U_GPOE/U_APB_Intf_FND/clk_IBUF_BUFG
    SLICE_X60Y22         FDRE                                         r  U_GPOE/U_APB_Intf_FND/PRDATA_reg[4]/C
                         clock pessimism             -0.498     1.480    
    SLICE_X60Y22         FDRE (Hold_fdre_C_D)         0.120     1.600    U_GPOE/U_APB_Intf_FND/PRDATA_reg[4]
  -------------------------------------------------------------------
                         required time                         -1.600    
                         arrival time                           1.740    
  -------------------------------------------------------------------
                         slack                                  0.140    





Pulse Width Checks
--------------------------------------------------------------------------------------
Clock Name:         sys_clk_pin
Waveform(ns):       { 0.000 5.000 }
Period(ns):         10.000
Sources:            { clk }

Check Type        Corner  Lib Pin             Reference Pin  Required(ns)  Actual(ns)  Slack(ns)  Location       Pin
Min Period        n/a     RAMB36E1/CLKARDCLK  n/a            2.576         10.000      7.424      RAMB36_X2Y5    U_RAM/mem_reg/CLKARDCLK
Min Period        n/a     BUFG/I              n/a            2.155         10.000      7.845      BUFGCTRL_X0Y0  clk_IBUF_BUFG_inst/I
Min Period        n/a     FDCE/C              n/a            1.000         10.000      9.000      SLICE_X50Y25   U_Core/U_ControlUnit/FSM_sequential_state_reg[0]/C
Min Period        n/a     FDCE/C              n/a            1.000         10.000      9.000      SLICE_X51Y27   U_Core/U_ControlUnit/FSM_sequential_state_reg[1]/C
Min Period        n/a     FDCE/C              n/a            1.000         10.000      9.000      SLICE_X50Y25   U_Core/U_ControlUnit/FSM_sequential_state_reg[2]/C
Min Period        n/a     FDCE/C              n/a            1.000         10.000      9.000      SLICE_X51Y27   U_Core/U_ControlUnit/FSM_sequential_state_reg[3]/C
Min Period        n/a     FDCE/C              n/a            1.000         10.000      9.000      SLICE_X54Y39   U_Core/U_DataPath/U_ExeReg_ALU/q_reg[26]/C
Min Period        n/a     FDCE/C              n/a            1.000         10.000      9.000      SLICE_X55Y40   U_Core/U_DataPath/U_ExeReg_ALU/q_reg[27]/C
Min Period        n/a     FDCE/C              n/a            1.000         10.000      9.000      SLICE_X54Y40   U_Core/U_DataPath/U_ExeReg_ALU/q_reg[28]/C
Min Period        n/a     FDCE/C              n/a            1.000         10.000      9.000      SLICE_X53Y40   U_Core/U_DataPath/U_ExeReg_ALU/q_reg[29]/C
Low Pulse Width   Slow    RAMD32/CLK          n/a            1.250         5.000       3.750      SLICE_X52Y34   U_Core/U_DataPath/U_RegFile/RegFile_reg_r1_0_31_24_29/RAMA/CLK
Low Pulse Width   Slow    RAMD32/CLK          n/a            1.250         5.000       3.750      SLICE_X52Y34   U_Core/U_DataPath/U_RegFile/RegFile_reg_r1_0_31_24_29/RAMA_D1/CLK
Low Pulse Width   Slow    RAMD32/CLK          n/a            1.250         5.000       3.750      SLICE_X52Y34   U_Core/U_DataPath/U_RegFile/RegFile_reg_r1_0_31_24_29/RAMB/CLK
Low Pulse Width   Slow    RAMD32/CLK          n/a            1.250         5.000       3.750      SLICE_X52Y34   U_Core/U_DataPath/U_RegFile/RegFile_reg_r1_0_31_24_29/RAMB_D1/CLK
Low Pulse Width   Slow    RAMD32/CLK          n/a            1.250         5.000       3.750      SLICE_X52Y34   U_Core/U_DataPath/U_RegFile/RegFile_reg_r1_0_31_24_29/RAMC/CLK
Low Pulse Width   Slow    RAMD32/CLK          n/a            1.250         5.000       3.750      SLICE_X52Y34   U_Core/U_DataPath/U_RegFile/RegFile_reg_r1_0_31_24_29/RAMC_D1/CLK
Low Pulse Width   Slow    RAMS32/CLK          n/a            1.250         5.000       3.750      SLICE_X52Y34   U_Core/U_DataPath/U_RegFile/RegFile_reg_r1_0_31_24_29/RAMD/CLK
Low Pulse Width   Slow    RAMS32/CLK          n/a            1.250         5.000       3.750      SLICE_X52Y34   U_Core/U_DataPath/U_RegFile/RegFile_reg_r1_0_31_24_29/RAMD_D1/CLK
Low Pulse Width   Slow    RAMD32/CLK          n/a            1.250         5.000       3.750      SLICE_X50Y34   U_Core/U_DataPath/U_RegFile/RegFile_reg_r1_0_31_30_31/RAMA/CLK
Low Pulse Width   Slow    RAMD32/CLK          n/a            1.250         5.000       3.750      SLICE_X50Y34   U_Core/U_DataPath/U_RegFile/RegFile_reg_r1_0_31_30_31/RAMA_D1/CLK
High Pulse Width  Slow    RAMD32/CLK          n/a            1.250         5.000       3.750      SLICE_X46Y26   U_Core/U_DataPath/U_RegFile/RegFile_reg_r2_0_31_0_5/RAMA/CLK
High Pulse Width  Slow    RAMD32/CLK          n/a            1.250         5.000       3.750      SLICE_X46Y26   U_Core/U_DataPath/U_RegFile/RegFile_reg_r2_0_31_0_5/RAMA_D1/CLK
High Pulse Width  Slow    RAMD32/CLK          n/a            1.250         5.000       3.750      SLICE_X46Y26   U_Core/U_DataPath/U_RegFile/RegFile_reg_r2_0_31_0_5/RAMB/CLK
High Pulse Width  Slow    RAMD32/CLK          n/a            1.250         5.000       3.750      SLICE_X46Y26   U_Core/U_DataPath/U_RegFile/RegFile_reg_r2_0_31_0_5/RAMB_D1/CLK
High Pulse Width  Slow    RAMD32/CLK          n/a            1.250         5.000       3.750      SLICE_X46Y26   U_Core/U_DataPath/U_RegFile/RegFile_reg_r2_0_31_0_5/RAMC/CLK
High Pulse Width  Slow    RAMD32/CLK          n/a            1.250         5.000       3.750      SLICE_X46Y26   U_Core/U_DataPath/U_RegFile/RegFile_reg_r2_0_31_0_5/RAMC_D1/CLK
High Pulse Width  Slow    RAMS32/CLK          n/a            1.250         5.000       3.750      SLICE_X46Y26   U_Core/U_DataPath/U_RegFile/RegFile_reg_r2_0_31_0_5/RAMD/CLK
High Pulse Width  Slow    RAMS32/CLK          n/a            1.250         5.000       3.750      SLICE_X46Y26   U_Core/U_DataPath/U_RegFile/RegFile_reg_r2_0_31_0_5/RAMD_D1/CLK
High Pulse Width  Fast    RAMD32/CLK          n/a            1.250         5.000       3.750      SLICE_X56Y22   U_FIFO_Peri/U_FIFO/U_RAM_FIFO/mem_reg_0_3_0_5/RAMA/CLK
High Pulse Width  Fast    RAMD32/CLK          n/a            1.250         5.000       3.750      SLICE_X56Y22   U_FIFO_Peri/U_FIFO/U_RAM_FIFO/mem_reg_0_3_0_5/RAMA_D1/CLK



