Copyright 1986-2020 Xilinx, Inc. All Rights Reserved.
--------------------------------------------------------------------------------------------------------------------------------------------------------------------------------------------------------------------------------
| Tool Version : Vivado v.2020.2 (win64) Build 3064766 Wed Nov 18 09:12:45 MST 2020
| Date         : Wed Apr  2 11:48:18 2025
| Host         : DESKTOP-7CFQ9ND running 64-bit major release  (build 9200)
| Command      : report_timing_summary -max_paths 10 -file top_counter_up_down_timing_summary_routed.rpt -pb top_counter_up_down_timing_summary_routed.pb -rpx top_counter_up_down_timing_summary_routed.rpx -warn_on_violation
| Design       : top_counter_up_down
| Device       : 7a35t-cpg236
| Speed File   : -1  PRODUCTION 1.23 2018-06-13
--------------------------------------------------------------------------------------------------------------------------------------------------------------------------------------------------------------------------------

Timing Summary Report

------------------------------------------------------------------------------------------------
| Timer Settings
| --------------
------------------------------------------------------------------------------------------------

  Enable Multi Corner Analysis               :  Yes
  Enable Pessimism Removal                   :  Yes
  Pessimism Removal Resolution               :  Nearest Common Node
  Enable Input Delay Default Clock           :  No
  Enable Preset / Clear Arcs                 :  No
  Disable Flight Delays                      :  No
  Ignore I/O Paths                           :  No
  Timing Early Launch at Borrowing Latches   :  No
  Borrow Time for Max Delay Exceptions       :  Yes
  Merge Timing Exceptions                    :  Yes

  Corner  Analyze    Analyze    
  Name    Max Paths  Min Paths  
  ------  ---------  ---------  
  Slow    Yes        Yes        
  Fast    Yes        Yes        



check_timing report

Table of Contents
-----------------
1. checking no_clock (0)
2. checking constant_clock (0)
3. checking pulse_width_clock (0)
4. checking unconstrained_internal_endpoints (0)
5. checking no_input_delay (4)
6. checking no_output_delay (12)
7. checking multiple_clock (0)
8. checking generated_clocks (0)
9. checking loops (0)
10. checking partial_input_delay (0)
11. checking partial_output_delay (0)
12. checking latch_loops (0)

1. checking no_clock (0)
------------------------
 There are 0 register/latch pins with no clock.


2. checking constant_clock (0)
------------------------------
 There are 0 register/latch pins with constant_clock.


3. checking pulse_width_clock (0)
---------------------------------
 There are 0 register/latch pins which need pulse_width check


4. checking unconstrained_internal_endpoints (0)
------------------------------------------------
 There are 0 pins that are not constrained for maximum delay.

 There are 0 pins that are not constrained for maximum delay due to constant clock.


5. checking no_input_delay (4)
------------------------------
 There are 4 input ports with no input delay specified. (HIGH)

 There are 0 input ports with no input delay but user has a false path constraint.


6. checking no_output_delay (12)
--------------------------------
 There are 12 ports with no output delay specified. (HIGH)

 There are 0 ports with no output delay but user has a false path constraint

 There are 0 ports with no output delay but with a timing clock defined on it or propagating through it


7. checking multiple_clock (0)
------------------------------
 There are 0 register/latch pins with multiple clocks.


8. checking generated_clocks (0)
--------------------------------
 There are 0 generated clocks that are not connected to a clock source.


9. checking loops (0)
---------------------
 There are 0 combinational loops in the design.


10. checking partial_input_delay (0)
------------------------------------
 There are 0 input ports with partial input delay specified.


11. checking partial_output_delay (0)
-------------------------------------
 There are 0 ports with partial output delay specified.


12. checking latch_loops (0)
----------------------------
 There are 0 combinational latch loops in the design through latch input



------------------------------------------------------------------------------------------------
| Design Timing Summary
| ---------------------
------------------------------------------------------------------------------------------------

    WNS(ns)      TNS(ns)  TNS Failing Endpoints  TNS Total Endpoints      WHS(ns)      THS(ns)  THS Failing Endpoints  THS Total Endpoints     WPWS(ns)     TPWS(ns)  TPWS Failing Endpoints  TPWS Total Endpoints  
    -------      -------  ---------------------  -------------------      -------      -------  ---------------------  -------------------     --------     --------  ----------------------  --------------------  
      5.319        0.000                      0                   76        0.212        0.000                      0                   76        4.500        0.000                       0                    63  


All user specified timing constraints are met.


------------------------------------------------------------------------------------------------
| Clock Summary
| -------------
------------------------------------------------------------------------------------------------

Clock        Waveform(ns)       Period(ns)      Frequency(MHz)
-----        ------------       ----------      --------------
sys_clk_pin  {0.000 5.000}      10.000          100.000         


------------------------------------------------------------------------------------------------
| Intra Clock Table
| -----------------
------------------------------------------------------------------------------------------------

Clock             WNS(ns)      TNS(ns)  TNS Failing Endpoints  TNS Total Endpoints      WHS(ns)      THS(ns)  THS Failing Endpoints  THS Total Endpoints     WPWS(ns)     TPWS(ns)  TPWS Failing Endpoints  TPWS Total Endpoints  
-----             -------      -------  ---------------------  -------------------      -------      -------  ---------------------  -------------------     --------     --------  ----------------------  --------------------  
sys_clk_pin         5.319        0.000                      0                   76        0.212        0.000                      0                   76        4.500        0.000                       0                    63  


------------------------------------------------------------------------------------------------
| Inter Clock Table
| -----------------
------------------------------------------------------------------------------------------------

From Clock    To Clock          WNS(ns)      TNS(ns)  TNS Failing Endpoints  TNS Total Endpoints      WHS(ns)      THS(ns)  THS Failing Endpoints  THS Total Endpoints  
----------    --------          -------      -------  ---------------------  -------------------      -------      -------  ---------------------  -------------------  


------------------------------------------------------------------------------------------------
| Other Path Groups Table
| -----------------------
------------------------------------------------------------------------------------------------

Path Group    From Clock    To Clock          WNS(ns)      TNS(ns)  TNS Failing Endpoints  TNS Total Endpoints      WHS(ns)      THS(ns)  THS Failing Endpoints  THS Total Endpoints  
----------    ----------    --------          -------      -------  ---------------------  -------------------      -------      -------  ---------------------  -------------------  


------------------------------------------------------------------------------------------------
| Timing Details
| --------------
------------------------------------------------------------------------------------------------


---------------------------------------------------------------------------------------------------
From Clock:  sys_clk_pin
  To Clock:  sys_clk_pin

Setup :            0  Failing Endpoints,  Worst Slack        5.319ns,  Total Violation        0.000ns
Hold  :            0  Failing Endpoints,  Worst Slack        0.212ns,  Total Violation        0.000ns
PW    :            0  Failing Endpoints,  Worst Slack        4.500ns,  Total Violation        0.000ns
---------------------------------------------------------------------------------------------------


Max Delay Paths
--------------------------------------------------------------------------------------
Slack (MET) :             5.319ns  (required time - arrival time)
  Source:                 U_Counter/U_Clk_Div_10Hz/div_counter_reg[20]/C
                            (rising edge-triggered cell FDCE clocked by sys_clk_pin  {rise@0.000ns fall@5.000ns period=10.000ns})
  Destination:            U_Counter/U_Clk_Div_10Hz/div_counter_reg[18]/D
                            (rising edge-triggered cell FDCE clocked by sys_clk_pin  {rise@0.000ns fall@5.000ns period=10.000ns})
  Path Group:             sys_clk_pin
  Path Type:              Setup (Max at Slow Process Corner)
  Requirement:            10.000ns  (sys_clk_pin rise@10.000ns - sys_clk_pin rise@0.000ns)
  Data Path Delay:        4.723ns  (logic 1.275ns (26.998%)  route 3.448ns (73.002%))
  Logic Levels:           5  (LUT2=1 LUT4=1 LUT5=1 LUT6=2)
  Clock Path Skew:        0.000ns (DCD - SCD + CPR)
    Destination Clock Delay (DCD):    4.857ns = ( 14.857 - 10.000 ) 
    Source Clock Delay      (SCD):    5.156ns
    Clock Pessimism Removal (CPR):    0.299ns
  Clock Uncertainty:      0.035ns  ((TSJ^2 + TIJ^2)^1/2 + DJ) / 2 + PE
    Total System Jitter     (TSJ):    0.071ns
    Total Input Jitter      (TIJ):    0.000ns
    Discrete Jitter          (DJ):    0.000ns
    Phase Error              (PE):    0.000ns

    Location             Delay type                Incr(ns)  Path(ns)    Netlist Resource(s)
  -------------------------------------------------------------------    -------------------
                         (clock sys_clk_pin rise edge)
                                                      0.000     0.000 r  
    W5                                                0.000     0.000 r  clk (IN)
                         net (fo=0)                   0.000     0.000    clk
    W5                   IBUF (Prop_ibuf_I_O)         1.458     1.458 r  clk_IBUF_inst/O
                         net (fo=1, routed)           1.967     3.425    clk_IBUF
    BUFGCTRL_X0Y0        BUFG (Prop_bufg_I_O)         0.096     3.521 r  clk_IBUF_BUFG_inst/O
                         net (fo=62, routed)          1.635     5.156    U_Counter/U_Clk_Div_10Hz/CLK
    SLICE_X60Y10         FDCE                                         r  U_Counter/U_Clk_Div_10Hz/div_counter_reg[20]/C
  -------------------------------------------------------------------    -------------------
    SLICE_X60Y10         FDCE (Prop_fdce_C_Q)         0.478     5.634 f  U_Counter/U_Clk_Div_10Hz/div_counter_reg[20]/Q
                         net (fo=2, routed)           0.873     6.508    U_Counter/U_Clk_Div_10Hz/div_counter[20]
    SLICE_X60Y10         LUT4 (Prop_lut4_I0_O)        0.301     6.809 r  U_Counter/U_Clk_Div_10Hz/div_counter[23]_i_7/O
                         net (fo=1, routed)           0.282     7.091    U_Counter/U_Clk_Div_10Hz/div_counter[23]_i_7_n_0
    SLICE_X60Y10         LUT5 (Prop_lut5_I4_O)        0.124     7.215 r  U_Counter/U_Clk_Div_10Hz/div_counter[23]_i_6/O
                         net (fo=1, routed)           0.491     7.706    U_Counter/U_Clk_Div_10Hz/div_counter[23]_i_6_n_0
    SLICE_X60Y8          LUT6 (Prop_lut6_I5_O)        0.124     7.830 r  U_Counter/U_Clk_Div_10Hz/div_counter[23]_i_3/O
                         net (fo=1, routed)           0.607     8.437    U_Counter/U_Clk_Div_10Hz/div_counter[23]_i_3_n_0
    SLICE_X60Y6          LUT6 (Prop_lut6_I0_O)        0.124     8.561 f  U_Counter/U_Clk_Div_10Hz/div_counter[23]_i_2/O
                         net (fo=24, routed)          1.194     9.755    U_Counter/U_Clk_Div_10Hz/tick_0
    SLICE_X60Y10         LUT2 (Prop_lut2_I0_O)        0.124     9.879 r  U_Counter/U_Clk_Div_10Hz/div_counter[18]_i_1/O
                         net (fo=1, routed)           0.000     9.879    U_Counter/U_Clk_Div_10Hz/div_counter_1[18]
    SLICE_X60Y10         FDCE                                         r  U_Counter/U_Clk_Div_10Hz/div_counter_reg[18]/D
  -------------------------------------------------------------------    -------------------

                         (clock sys_clk_pin rise edge)
                                                     10.000    10.000 r  
    W5                                                0.000    10.000 r  clk (IN)
                         net (fo=0)                   0.000    10.000    clk
    W5                   IBUF (Prop_ibuf_I_O)         1.388    11.388 r  clk_IBUF_inst/O
                         net (fo=1, routed)           1.862    13.250    clk_IBUF
    BUFGCTRL_X0Y0        BUFG (Prop_bufg_I_O)         0.091    13.341 r  clk_IBUF_BUFG_inst/O
                         net (fo=62, routed)          1.516    14.857    U_Counter/U_Clk_Div_10Hz/CLK
    SLICE_X60Y10         FDCE                                         r  U_Counter/U_Clk_Div_10Hz/div_counter_reg[18]/C
                         clock pessimism              0.299    15.156    
                         clock uncertainty           -0.035    15.121    
    SLICE_X60Y10         FDCE (Setup_fdce_C_D)        0.077    15.198    U_Counter/U_Clk_Div_10Hz/div_counter_reg[18]
  -------------------------------------------------------------------
                         required time                         15.198    
                         arrival time                          -9.879    
  -------------------------------------------------------------------
                         slack                                  5.319    

Slack (MET) :             5.338ns  (required time - arrival time)
  Source:                 U_Counter/U_Clk_Div_10Hz/div_counter_reg[20]/C
                            (rising edge-triggered cell FDCE clocked by sys_clk_pin  {rise@0.000ns fall@5.000ns period=10.000ns})
  Destination:            U_Counter/U_Clk_Div_10Hz/div_counter_reg[21]/D
                            (rising edge-triggered cell FDCE clocked by sys_clk_pin  {rise@0.000ns fall@5.000ns period=10.000ns})
  Path Group:             sys_clk_pin
  Path Type:              Setup (Max at Slow Process Corner)
  Requirement:            10.000ns  (sys_clk_pin rise@10.000ns - sys_clk_pin rise@0.000ns)
  Data Path Delay:        4.745ns  (logic 1.297ns (27.336%)  route 3.448ns (72.664%))
  Logic Levels:           5  (LUT2=1 LUT4=1 LUT5=1 LUT6=2)
  Clock Path Skew:        0.000ns (DCD - SCD + CPR)
    Destination Clock Delay (DCD):    4.857ns = ( 14.857 - 10.000 ) 
    Source Clock Delay      (SCD):    5.156ns
    Clock Pessimism Removal (CPR):    0.299ns
  Clock Uncertainty:      0.035ns  ((TSJ^2 + TIJ^2)^1/2 + DJ) / 2 + PE
    Total System Jitter     (TSJ):    0.071ns
    Total Input Jitter      (TIJ):    0.000ns
    Discrete Jitter          (DJ):    0.000ns
    Phase Error              (PE):    0.000ns

    Location             Delay type                Incr(ns)  Path(ns)    Netlist Resource(s)
  -------------------------------------------------------------------    -------------------
                         (clock sys_clk_pin rise edge)
                                                      0.000     0.000 r  
    W5                                                0.000     0.000 r  clk (IN)
                         net (fo=0)                   0.000     0.000    clk
    W5                   IBUF (Prop_ibuf_I_O)         1.458     1.458 r  clk_IBUF_inst/O
                         net (fo=1, routed)           1.967     3.425    clk_IBUF
    BUFGCTRL_X0Y0        BUFG (Prop_bufg_I_O)         0.096     3.521 r  clk_IBUF_BUFG_inst/O
                         net (fo=62, routed)          1.635     5.156    U_Counter/U_Clk_Div_10Hz/CLK
    SLICE_X60Y10         FDCE                                         r  U_Counter/U_Clk_Div_10Hz/div_counter_reg[20]/C
  -------------------------------------------------------------------    -------------------
    SLICE_X60Y10         FDCE (Prop_fdce_C_Q)         0.478     5.634 f  U_Counter/U_Clk_Div_10Hz/div_counter_reg[20]/Q
                         net (fo=2, routed)           0.873     6.508    U_Counter/U_Clk_Div_10Hz/div_counter[20]
    SLICE_X60Y10         LUT4 (Prop_lut4_I0_O)        0.301     6.809 r  U_Counter/U_Clk_Div_10Hz/div_counter[23]_i_7/O
                         net (fo=1, routed)           0.282     7.091    U_Counter/U_Clk_Div_10Hz/div_counter[23]_i_7_n_0
    SLICE_X60Y10         LUT5 (Prop_lut5_I4_O)        0.124     7.215 r  U_Counter/U_Clk_Div_10Hz/div_counter[23]_i_6/O
                         net (fo=1, routed)           0.491     7.706    U_Counter/U_Clk_Div_10Hz/div_counter[23]_i_6_n_0
    SLICE_X60Y8          LUT6 (Prop_lut6_I5_O)        0.124     7.830 r  U_Counter/U_Clk_Div_10Hz/div_counter[23]_i_3/O
                         net (fo=1, routed)           0.607     8.437    U_Counter/U_Clk_Div_10Hz/div_counter[23]_i_3_n_0
    SLICE_X60Y6          LUT6 (Prop_lut6_I0_O)        0.124     8.561 f  U_Counter/U_Clk_Div_10Hz/div_counter[23]_i_2/O
                         net (fo=24, routed)          1.194     9.755    U_Counter/U_Clk_Div_10Hz/tick_0
    SLICE_X60Y10         LUT2 (Prop_lut2_I0_O)        0.146     9.901 r  U_Counter/U_Clk_Div_10Hz/div_counter[21]_i_1/O
                         net (fo=1, routed)           0.000     9.901    U_Counter/U_Clk_Div_10Hz/div_counter_1[21]
    SLICE_X60Y10         FDCE                                         r  U_Counter/U_Clk_Div_10Hz/div_counter_reg[21]/D
  -------------------------------------------------------------------    -------------------

                         (clock sys_clk_pin rise edge)
                                                     10.000    10.000 r  
    W5                                                0.000    10.000 r  clk (IN)
                         net (fo=0)                   0.000    10.000    clk
    W5                   IBUF (Prop_ibuf_I_O)         1.388    11.388 r  clk_IBUF_inst/O
                         net (fo=1, routed)           1.862    13.250    clk_IBUF
    BUFGCTRL_X0Y0        BUFG (Prop_bufg_I_O)         0.091    13.341 r  clk_IBUF_BUFG_inst/O
                         net (fo=62, routed)          1.516    14.857    U_Counter/U_Clk_Div_10Hz/CLK
    SLICE_X60Y10         FDCE                                         r  U_Counter/U_Clk_Div_10Hz/div_counter_reg[21]/C
                         clock pessimism              0.299    15.156    
                         clock uncertainty           -0.035    15.121    
    SLICE_X60Y10         FDCE (Setup_fdce_C_D)        0.118    15.239    U_Counter/U_Clk_Div_10Hz/div_counter_reg[21]
  -------------------------------------------------------------------
                         required time                         15.239    
                         arrival time                          -9.901    
  -------------------------------------------------------------------
                         slack                                  5.338    

Slack (MET) :             5.339ns  (required time - arrival time)
  Source:                 U_Counter/U_Counter_Up_Down/counter_reg[7]/C
                            (rising edge-triggered cell FDCE clocked by sys_clk_pin  {rise@0.000ns fall@5.000ns period=10.000ns})
  Destination:            U_Counter/U_Counter_Up_Down/counter_reg[11]/D
                            (rising edge-triggered cell FDCE clocked by sys_clk_pin  {rise@0.000ns fall@5.000ns period=10.000ns})
  Path Group:             sys_clk_pin
  Path Type:              Setup (Max at Slow Process Corner)
  Requirement:            10.000ns  (sys_clk_pin rise@10.000ns - sys_clk_pin rise@0.000ns)
  Data Path Delay:        4.628ns  (logic 1.182ns (25.538%)  route 3.446ns (74.462%))
  Logic Levels:           4  (LUT2=1 LUT6=3)
  Clock Path Skew:        -0.026ns (DCD - SCD + CPR)
    Destination Clock Delay (DCD):    4.854ns = ( 14.854 - 10.000 ) 
    Source Clock Delay      (SCD):    5.154ns
    Clock Pessimism Removal (CPR):    0.274ns
  Clock Uncertainty:      0.035ns  ((TSJ^2 + TIJ^2)^1/2 + DJ) / 2 + PE
    Total System Jitter     (TSJ):    0.071ns
    Total Input Jitter      (TIJ):    0.000ns
    Discrete Jitter          (DJ):    0.000ns
    Phase Error              (PE):    0.000ns

    Location             Delay type                Incr(ns)  Path(ns)    Netlist Resource(s)
  -------------------------------------------------------------------    -------------------
                         (clock sys_clk_pin rise edge)
                                                      0.000     0.000 r  
    W5                                                0.000     0.000 r  clk (IN)
                         net (fo=0)                   0.000     0.000    clk
    W5                   IBUF (Prop_ibuf_I_O)         1.458     1.458 r  clk_IBUF_inst/O
                         net (fo=1, routed)           1.967     3.425    clk_IBUF
    BUFGCTRL_X0Y0        BUFG (Prop_bufg_I_O)         0.096     3.521 r  clk_IBUF_BUFG_inst/O
                         net (fo=62, routed)          1.633     5.154    U_Counter/U_Counter_Up_Down/CLK
    SLICE_X62Y14         FDCE                                         r  U_Counter/U_Counter_Up_Down/counter_reg[7]/C
  -------------------------------------------------------------------    -------------------
    SLICE_X62Y14         FDCE (Prop_fdce_C_Q)         0.456     5.610 r  U_Counter/U_Counter_Up_Down/counter_reg[7]/Q
                         net (fo=32, routed)          0.885     6.495    U_Counter/U_Counter_Up_Down/Q[7]
    SLICE_X63Y14         LUT2 (Prop_lut2_I1_O)        0.152     6.647 r  U_Counter/U_Counter_Up_Down/counter[13]_i_13/O
                         net (fo=1, routed)           0.931     7.578    U_Counter/U_Counter_Up_Down/counter[13]_i_13_n_0
    SLICE_X62Y17         LUT6 (Prop_lut6_I0_O)        0.326     7.904 f  U_Counter/U_Counter_Up_Down/counter[13]_i_8/O
                         net (fo=1, routed)           0.580     8.484    U_Counter/U_Counter_Up_Down/counter[13]_i_8_n_0
    SLICE_X61Y17         LUT6 (Prop_lut6_I5_O)        0.124     8.608 f  U_Counter/U_Counter_Up_Down/counter[13]_i_3/O
                         net (fo=14, routed)          1.051     9.659    U_Counter/U_Counter_Up_Down/counter[13]_i_3_n_0
    SLICE_X62Y15         LUT6 (Prop_lut6_I2_O)        0.124     9.783 r  U_Counter/U_Counter_Up_Down/counter[11]_i_1/O
                         net (fo=1, routed)           0.000     9.783    U_Counter/U_Counter_Up_Down/p_1_in[11]
    SLICE_X62Y15         FDCE                                         r  U_Counter/U_Counter_Up_Down/counter_reg[11]/D
  -------------------------------------------------------------------    -------------------

                         (clock sys_clk_pin rise edge)
                                                     10.000    10.000 r  
    W5                                                0.000    10.000 r  clk (IN)
                         net (fo=0)                   0.000    10.000    clk
    W5                   IBUF (Prop_ibuf_I_O)         1.388    11.388 r  clk_IBUF_inst/O
                         net (fo=1, routed)           1.862    13.250    clk_IBUF
    BUFGCTRL_X0Y0        BUFG (Prop_bufg_I_O)         0.091    13.341 r  clk_IBUF_BUFG_inst/O
                         net (fo=62, routed)          1.513    14.854    U_Counter/U_Counter_Up_Down/CLK
    SLICE_X62Y15         FDCE                                         r  U_Counter/U_Counter_Up_Down/counter_reg[11]/C
                         clock pessimism              0.274    15.128    
                         clock uncertainty           -0.035    15.093    
    SLICE_X62Y15         FDCE (Setup_fdce_C_D)        0.029    15.122    U_Counter/U_Counter_Up_Down/counter_reg[11]
  -------------------------------------------------------------------
                         required time                         15.122    
                         arrival time                          -9.783    
  -------------------------------------------------------------------
                         slack                                  5.339    

Slack (MET) :             5.361ns  (required time - arrival time)
  Source:                 U_Counter/U_Clk_Div_10Hz/div_counter_reg[20]/C
                            (rising edge-triggered cell FDCE clocked by sys_clk_pin  {rise@0.000ns fall@5.000ns period=10.000ns})
  Destination:            U_Counter/U_Clk_Div_10Hz/div_counter_reg[22]/D
                            (rising edge-triggered cell FDCE clocked by sys_clk_pin  {rise@0.000ns fall@5.000ns period=10.000ns})
  Path Group:             sys_clk_pin
  Path Type:              Setup (Max at Slow Process Corner)
  Requirement:            10.000ns  (sys_clk_pin rise@10.000ns - sys_clk_pin rise@0.000ns)
  Data Path Delay:        4.655ns  (logic 1.275ns (27.392%)  route 3.380ns (72.608%))
  Logic Levels:           5  (LUT2=1 LUT4=1 LUT5=1 LUT6=2)
  Clock Path Skew:        -0.026ns (DCD - SCD + CPR)
    Destination Clock Delay (DCD):    4.856ns = ( 14.856 - 10.000 ) 
    Source Clock Delay      (SCD):    5.156ns
    Clock Pessimism Removal (CPR):    0.274ns
  Clock Uncertainty:      0.035ns  ((TSJ^2 + TIJ^2)^1/2 + DJ) / 2 + PE
    Total System Jitter     (TSJ):    0.071ns
    Total Input Jitter      (TIJ):    0.000ns
    Discrete Jitter          (DJ):    0.000ns
    Phase Error              (PE):    0.000ns

    Location             Delay type                Incr(ns)  Path(ns)    Netlist Resource(s)
  -------------------------------------------------------------------    -------------------
                         (clock sys_clk_pin rise edge)
                                                      0.000     0.000 r  
    W5                                                0.000     0.000 r  clk (IN)
                         net (fo=0)                   0.000     0.000    clk
    W5                   IBUF (Prop_ibuf_I_O)         1.458     1.458 r  clk_IBUF_inst/O
                         net (fo=1, routed)           1.967     3.425    clk_IBUF
    BUFGCTRL_X0Y0        BUFG (Prop_bufg_I_O)         0.096     3.521 r  clk_IBUF_BUFG_inst/O
                         net (fo=62, routed)          1.635     5.156    U_Counter/U_Clk_Div_10Hz/CLK
    SLICE_X60Y10         FDCE                                         r  U_Counter/U_Clk_Div_10Hz/div_counter_reg[20]/C
  -------------------------------------------------------------------    -------------------
    SLICE_X60Y10         FDCE (Prop_fdce_C_Q)         0.478     5.634 f  U_Counter/U_Clk_Div_10Hz/div_counter_reg[20]/Q
                         net (fo=2, routed)           0.873     6.508    U_Counter/U_Clk_Div_10Hz/div_counter[20]
    SLICE_X60Y10         LUT4 (Prop_lut4_I0_O)        0.301     6.809 r  U_Counter/U_Clk_Div_10Hz/div_counter[23]_i_7/O
                         net (fo=1, routed)           0.282     7.091    U_Counter/U_Clk_Div_10Hz/div_counter[23]_i_7_n_0
    SLICE_X60Y10         LUT5 (Prop_lut5_I4_O)        0.124     7.215 r  U_Counter/U_Clk_Div_10Hz/div_counter[23]_i_6/O
                         net (fo=1, routed)           0.491     7.706    U_Counter/U_Clk_Div_10Hz/div_counter[23]_i_6_n_0
    SLICE_X60Y8          LUT6 (Prop_lut6_I5_O)        0.124     7.830 r  U_Counter/U_Clk_Div_10Hz/div_counter[23]_i_3/O
                         net (fo=1, routed)           0.607     8.437    U_Counter/U_Clk_Div_10Hz/div_counter[23]_i_3_n_0
    SLICE_X60Y6          LUT6 (Prop_lut6_I0_O)        0.124     8.561 f  U_Counter/U_Clk_Div_10Hz/div_counter[23]_i_2/O
                         net (fo=24, routed)          1.126     9.687    U_Counter/U_Clk_Div_10Hz/tick_0
    SLICE_X60Y11         LUT2 (Prop_lut2_I0_O)        0.124     9.811 r  U_Counter/U_Clk_Div_10Hz/div_counter[22]_i_1/O
                         net (fo=1, routed)           0.000     9.811    U_Counter/U_Clk_Div_10Hz/div_counter_1[22]
    SLICE_X60Y11         FDCE                                         r  U_Counter/U_Clk_Div_10Hz/div_counter_reg[22]/D
  -------------------------------------------------------------------    -------------------

                         (clock sys_clk_pin rise edge)
                                                     10.000    10.000 r  
    W5                                                0.000    10.000 r  clk (IN)
                         net (fo=0)                   0.000    10.000    clk
    W5                   IBUF (Prop_ibuf_I_O)         1.388    11.388 r  clk_IBUF_inst/O
                         net (fo=1, routed)           1.862    13.250    clk_IBUF
    BUFGCTRL_X0Y0        BUFG (Prop_bufg_I_O)         0.091    13.341 r  clk_IBUF_BUFG_inst/O
                         net (fo=62, routed)          1.515    14.856    U_Counter/U_Clk_Div_10Hz/CLK
    SLICE_X60Y11         FDCE                                         r  U_Counter/U_Clk_Div_10Hz/div_counter_reg[22]/C
                         clock pessimism              0.274    15.130    
                         clock uncertainty           -0.035    15.095    
    SLICE_X60Y11         FDCE (Setup_fdce_C_D)        0.077    15.172    U_Counter/U_Clk_Div_10Hz/div_counter_reg[22]
  -------------------------------------------------------------------
                         required time                         15.172    
                         arrival time                          -9.811    
  -------------------------------------------------------------------
                         slack                                  5.361    

Slack (MET) :             5.363ns  (required time - arrival time)
  Source:                 U_Counter/U_Counter_Up_Down/counter_reg[7]/C
                            (rising edge-triggered cell FDCE clocked by sys_clk_pin  {rise@0.000ns fall@5.000ns period=10.000ns})
  Destination:            U_Counter/U_Counter_Up_Down/counter_reg[7]/D
                            (rising edge-triggered cell FDCE clocked by sys_clk_pin  {rise@0.000ns fall@5.000ns period=10.000ns})
  Path Group:             sys_clk_pin
  Path Type:              Setup (Max at Slow Process Corner)
  Requirement:            10.000ns  (sys_clk_pin rise@10.000ns - sys_clk_pin rise@0.000ns)
  Data Path Delay:        4.632ns  (logic 1.182ns (25.516%)  route 3.450ns (74.484%))
  Logic Levels:           4  (LUT2=1 LUT6=3)
  Clock Path Skew:        0.000ns (DCD - SCD + CPR)
    Destination Clock Delay (DCD):    4.855ns = ( 14.855 - 10.000 ) 
    Source Clock Delay      (SCD):    5.154ns
    Clock Pessimism Removal (CPR):    0.299ns
  Clock Uncertainty:      0.035ns  ((TSJ^2 + TIJ^2)^1/2 + DJ) / 2 + PE
    Total System Jitter     (TSJ):    0.071ns
    Total Input Jitter      (TIJ):    0.000ns
    Discrete Jitter          (DJ):    0.000ns
    Phase Error              (PE):    0.000ns

    Location             Delay type                Incr(ns)  Path(ns)    Netlist Resource(s)
  -------------------------------------------------------------------    -------------------
                         (clock sys_clk_pin rise edge)
                                                      0.000     0.000 r  
    W5                                                0.000     0.000 r  clk (IN)
                         net (fo=0)                   0.000     0.000    clk
    W5                   IBUF (Prop_ibuf_I_O)         1.458     1.458 r  clk_IBUF_inst/O
                         net (fo=1, routed)           1.967     3.425    clk_IBUF
    BUFGCTRL_X0Y0        BUFG (Prop_bufg_I_O)         0.096     3.521 r  clk_IBUF_BUFG_inst/O
                         net (fo=62, routed)          1.633     5.154    U_Counter/U_Counter_Up_Down/CLK
    SLICE_X62Y14         FDCE                                         r  U_Counter/U_Counter_Up_Down/counter_reg[7]/C
  -------------------------------------------------------------------    -------------------
    SLICE_X62Y14         FDCE (Prop_fdce_C_Q)         0.456     5.610 r  U_Counter/U_Counter_Up_Down/counter_reg[7]/Q
                         net (fo=32, routed)          0.885     6.495    U_Counter/U_Counter_Up_Down/Q[7]
    SLICE_X63Y14         LUT2 (Prop_lut2_I1_O)        0.152     6.647 r  U_Counter/U_Counter_Up_Down/counter[13]_i_13/O
                         net (fo=1, routed)           0.931     7.578    U_Counter/U_Counter_Up_Down/counter[13]_i_13_n_0
    SLICE_X62Y17         LUT6 (Prop_lut6_I0_O)        0.326     7.904 f  U_Counter/U_Counter_Up_Down/counter[13]_i_8/O
                         net (fo=1, routed)           0.580     8.484    U_Counter/U_Counter_Up_Down/counter[13]_i_8_n_0
    SLICE_X61Y17         LUT6 (Prop_lut6_I5_O)        0.124     8.608 f  U_Counter/U_Counter_Up_Down/counter[13]_i_3/O
                         net (fo=14, routed)          1.055     9.663    U_Counter/U_Counter_Up_Down/counter[13]_i_3_n_0
    SLICE_X62Y14         LUT6 (Prop_lut6_I2_O)        0.124     9.787 r  U_Counter/U_Counter_Up_Down/counter[7]_i_1/O
                         net (fo=1, routed)           0.000     9.787    U_Counter/U_Counter_Up_Down/p_1_in[7]
    SLICE_X62Y14         FDCE                                         r  U_Counter/U_Counter_Up_Down/counter_reg[7]/D
  -------------------------------------------------------------------    -------------------

                         (clock sys_clk_pin rise edge)
                                                     10.000    10.000 r  
    W5                                                0.000    10.000 r  clk (IN)
                         net (fo=0)                   0.000    10.000    clk
    W5                   IBUF (Prop_ibuf_I_O)         1.388    11.388 r  clk_IBUF_inst/O
                         net (fo=1, routed)           1.862    13.250    clk_IBUF
    BUFGCTRL_X0Y0        BUFG (Prop_bufg_I_O)         0.091    13.341 r  clk_IBUF_BUFG_inst/O
                         net (fo=62, routed)          1.514    14.855    U_Counter/U_Counter_Up_Down/CLK
    SLICE_X62Y14         FDCE                                         r  U_Counter/U_Counter_Up_Down/counter_reg[7]/C
                         clock pessimism              0.299    15.154    
                         clock uncertainty           -0.035    15.119    
    SLICE_X62Y14         FDCE (Setup_fdce_C_D)        0.031    15.150    U_Counter/U_Counter_Up_Down/counter_reg[7]
  -------------------------------------------------------------------
                         required time                         15.150    
                         arrival time                          -9.787    
  -------------------------------------------------------------------
                         slack                                  5.363    

Slack (MET) :             5.364ns  (required time - arrival time)
  Source:                 U_Counter/U_Clk_Div_10Hz/div_counter_reg[20]/C
                            (rising edge-triggered cell FDCE clocked by sys_clk_pin  {rise@0.000ns fall@5.000ns period=10.000ns})
  Destination:            U_Counter/U_Clk_Div_10Hz/tick_reg/D
                            (rising edge-triggered cell FDCE clocked by sys_clk_pin  {rise@0.000ns fall@5.000ns period=10.000ns})
  Path Group:             sys_clk_pin
  Path Type:              Setup (Max at Slow Process Corner)
  Requirement:            10.000ns  (sys_clk_pin rise@10.000ns - sys_clk_pin rise@0.000ns)
  Data Path Delay:        4.514ns  (logic 1.151ns (25.499%)  route 3.363ns (74.501%))
  Logic Levels:           4  (LUT4=1 LUT5=1 LUT6=2)
  Clock Path Skew:        -0.028ns (DCD - SCD + CPR)
    Destination Clock Delay (DCD):    4.854ns = ( 14.854 - 10.000 ) 
    Source Clock Delay      (SCD):    5.156ns
    Clock Pessimism Removal (CPR):    0.274ns
  Clock Uncertainty:      0.035ns  ((TSJ^2 + TIJ^2)^1/2 + DJ) / 2 + PE
    Total System Jitter     (TSJ):    0.071ns
    Total Input Jitter      (TIJ):    0.000ns
    Discrete Jitter          (DJ):    0.000ns
    Phase Error              (PE):    0.000ns

    Location             Delay type                Incr(ns)  Path(ns)    Netlist Resource(s)
  -------------------------------------------------------------------    -------------------
                         (clock sys_clk_pin rise edge)
                                                      0.000     0.000 r  
    W5                                                0.000     0.000 r  clk (IN)
                         net (fo=0)                   0.000     0.000    clk
    W5                   IBUF (Prop_ibuf_I_O)         1.458     1.458 r  clk_IBUF_inst/O
                         net (fo=1, routed)           1.967     3.425    clk_IBUF
    BUFGCTRL_X0Y0        BUFG (Prop_bufg_I_O)         0.096     3.521 r  clk_IBUF_BUFG_inst/O
                         net (fo=62, routed)          1.635     5.156    U_Counter/U_Clk_Div_10Hz/CLK
    SLICE_X60Y10         FDCE                                         r  U_Counter/U_Clk_Div_10Hz/div_counter_reg[20]/C
  -------------------------------------------------------------------    -------------------
    SLICE_X60Y10         FDCE (Prop_fdce_C_Q)         0.478     5.634 r  U_Counter/U_Clk_Div_10Hz/div_counter_reg[20]/Q
                         net (fo=2, routed)           0.873     6.508    U_Counter/U_Clk_Div_10Hz/div_counter[20]
    SLICE_X60Y10         LUT4 (Prop_lut4_I0_O)        0.301     6.809 f  U_Counter/U_Clk_Div_10Hz/div_counter[23]_i_7/O
                         net (fo=1, routed)           0.282     7.091    U_Counter/U_Clk_Div_10Hz/div_counter[23]_i_7_n_0
    SLICE_X60Y10         LUT5 (Prop_lut5_I4_O)        0.124     7.215 f  U_Counter/U_Clk_Div_10Hz/div_counter[23]_i_6/O
                         net (fo=1, routed)           0.491     7.706    U_Counter/U_Clk_Div_10Hz/div_counter[23]_i_6_n_0
    SLICE_X60Y8          LUT6 (Prop_lut6_I5_O)        0.124     7.830 f  U_Counter/U_Clk_Div_10Hz/div_counter[23]_i_3/O
                         net (fo=1, routed)           0.607     8.437    U_Counter/U_Clk_Div_10Hz/div_counter[23]_i_3_n_0
    SLICE_X60Y6          LUT6 (Prop_lut6_I0_O)        0.124     8.561 r  U_Counter/U_Clk_Div_10Hz/div_counter[23]_i_2/O
                         net (fo=24, routed)          1.109     9.670    U_Counter/U_Clk_Div_10Hz/tick_0
    SLICE_X60Y13         FDCE                                         r  U_Counter/U_Clk_Div_10Hz/tick_reg/D
  -------------------------------------------------------------------    -------------------

                         (clock sys_clk_pin rise edge)
                                                     10.000    10.000 r  
    W5                                                0.000    10.000 r  clk (IN)
                         net (fo=0)                   0.000    10.000    clk
    W5                   IBUF (Prop_ibuf_I_O)         1.388    11.388 r  clk_IBUF_inst/O
                         net (fo=1, routed)           1.862    13.250    clk_IBUF
    BUFGCTRL_X0Y0        BUFG (Prop_bufg_I_O)         0.091    13.341 r  clk_IBUF_BUFG_inst/O
                         net (fo=62, routed)          1.513    14.854    U_Counter/U_Clk_Div_10Hz/CLK
    SLICE_X60Y13         FDCE                                         r  U_Counter/U_Clk_Div_10Hz/tick_reg/C
                         clock pessimism              0.274    15.128    
                         clock uncertainty           -0.035    15.093    
    SLICE_X60Y13         FDCE (Setup_fdce_C_D)       -0.059    15.034    U_Counter/U_Clk_Div_10Hz/tick_reg
  -------------------------------------------------------------------
                         required time                         15.034    
                         arrival time                          -9.670    
  -------------------------------------------------------------------
                         slack                                  5.364    

Slack (MET) :             5.371ns  (required time - arrival time)
  Source:                 U_Counter/U_Counter_Up_Down/counter_reg[7]/C
                            (rising edge-triggered cell FDCE clocked by sys_clk_pin  {rise@0.000ns fall@5.000ns period=10.000ns})
  Destination:            U_Counter/U_Counter_Up_Down/counter_reg[8]/D
                            (rising edge-triggered cell FDCE clocked by sys_clk_pin  {rise@0.000ns fall@5.000ns period=10.000ns})
  Path Group:             sys_clk_pin
  Path Type:              Setup (Max at Slow Process Corner)
  Requirement:            10.000ns  (sys_clk_pin rise@10.000ns - sys_clk_pin rise@0.000ns)
  Data Path Delay:        4.625ns  (logic 1.182ns (25.554%)  route 3.443ns (74.446%))
  Logic Levels:           4  (LUT2=1 LUT6=3)
  Clock Path Skew:        0.000ns (DCD - SCD + CPR)
    Destination Clock Delay (DCD):    4.855ns = ( 14.855 - 10.000 ) 
    Source Clock Delay      (SCD):    5.154ns
    Clock Pessimism Removal (CPR):    0.299ns
  Clock Uncertainty:      0.035ns  ((TSJ^2 + TIJ^2)^1/2 + DJ) / 2 + PE
    Total System Jitter     (TSJ):    0.071ns
    Total Input Jitter      (TIJ):    0.000ns
    Discrete Jitter          (DJ):    0.000ns
    Phase Error              (PE):    0.000ns

    Location             Delay type                Incr(ns)  Path(ns)    Netlist Resource(s)
  -------------------------------------------------------------------    -------------------
                         (clock sys_clk_pin rise edge)
                                                      0.000     0.000 r  
    W5                                                0.000     0.000 r  clk (IN)
                         net (fo=0)                   0.000     0.000    clk
    W5                   IBUF (Prop_ibuf_I_O)         1.458     1.458 r  clk_IBUF_inst/O
                         net (fo=1, routed)           1.967     3.425    clk_IBUF
    BUFGCTRL_X0Y0        BUFG (Prop_bufg_I_O)         0.096     3.521 r  clk_IBUF_BUFG_inst/O
                         net (fo=62, routed)          1.633     5.154    U_Counter/U_Counter_Up_Down/CLK
    SLICE_X62Y14         FDCE                                         r  U_Counter/U_Counter_Up_Down/counter_reg[7]/C
  -------------------------------------------------------------------    -------------------
    SLICE_X62Y14         FDCE (Prop_fdce_C_Q)         0.456     5.610 f  U_Counter/U_Counter_Up_Down/counter_reg[7]/Q
                         net (fo=32, routed)          0.885     6.495    U_Counter/U_Counter_Up_Down/Q[7]
    SLICE_X63Y14         LUT2 (Prop_lut2_I1_O)        0.152     6.647 f  U_Counter/U_Counter_Up_Down/counter[13]_i_13/O
                         net (fo=1, routed)           0.931     7.578    U_Counter/U_Counter_Up_Down/counter[13]_i_13_n_0
    SLICE_X62Y17         LUT6 (Prop_lut6_I0_O)        0.326     7.904 r  U_Counter/U_Counter_Up_Down/counter[13]_i_8/O
                         net (fo=1, routed)           0.580     8.484    U_Counter/U_Counter_Up_Down/counter[13]_i_8_n_0
    SLICE_X61Y17         LUT6 (Prop_lut6_I5_O)        0.124     8.608 r  U_Counter/U_Counter_Up_Down/counter[13]_i_3/O
                         net (fo=14, routed)          1.048     9.656    U_Counter/U_Counter_Up_Down/counter[13]_i_3_n_0
    SLICE_X62Y14         LUT6 (Prop_lut6_I2_O)        0.124     9.780 r  U_Counter/U_Counter_Up_Down/counter[8]_i_1/O
                         net (fo=1, routed)           0.000     9.780    U_Counter/U_Counter_Up_Down/p_1_in[8]
    SLICE_X62Y14         FDCE                                         r  U_Counter/U_Counter_Up_Down/counter_reg[8]/D
  -------------------------------------------------------------------    -------------------

                         (clock sys_clk_pin rise edge)
                                                     10.000    10.000 r  
    W5                                                0.000    10.000 r  clk (IN)
                         net (fo=0)                   0.000    10.000    clk
    W5                   IBUF (Prop_ibuf_I_O)         1.388    11.388 r  clk_IBUF_inst/O
                         net (fo=1, routed)           1.862    13.250    clk_IBUF
    BUFGCTRL_X0Y0        BUFG (Prop_bufg_I_O)         0.091    13.341 r  clk_IBUF_BUFG_inst/O
                         net (fo=62, routed)          1.514    14.855    U_Counter/U_Counter_Up_Down/CLK
    SLICE_X62Y14         FDCE                                         r  U_Counter/U_Counter_Up_Down/counter_reg[8]/C
                         clock pessimism              0.299    15.154    
                         clock uncertainty           -0.035    15.119    
    SLICE_X62Y14         FDCE (Setup_fdce_C_D)        0.032    15.151    U_Counter/U_Counter_Up_Down/counter_reg[8]
  -------------------------------------------------------------------
                         required time                         15.151    
                         arrival time                          -9.780    
  -------------------------------------------------------------------
                         slack                                  5.371    

Slack (MET) :             5.376ns  (required time - arrival time)
  Source:                 U_Counter/U_Clk_Div_10Hz/div_counter_reg[20]/C
                            (rising edge-triggered cell FDCE clocked by sys_clk_pin  {rise@0.000ns fall@5.000ns period=10.000ns})
  Destination:            U_Counter/U_Clk_Div_10Hz/div_counter_reg[23]/D
                            (rising edge-triggered cell FDCE clocked by sys_clk_pin  {rise@0.000ns fall@5.000ns period=10.000ns})
  Path Group:             sys_clk_pin
  Path Type:              Setup (Max at Slow Process Corner)
  Requirement:            10.000ns  (sys_clk_pin rise@10.000ns - sys_clk_pin rise@0.000ns)
  Data Path Delay:        4.681ns  (logic 1.301ns (27.795%)  route 3.380ns (72.205%))
  Logic Levels:           5  (LUT2=1 LUT4=1 LUT5=1 LUT6=2)
  Clock Path Skew:        -0.026ns (DCD - SCD + CPR)
    Destination Clock Delay (DCD):    4.856ns = ( 14.856 - 10.000 ) 
    Source Clock Delay      (SCD):    5.156ns
    Clock Pessimism Removal (CPR):    0.274ns
  Clock Uncertainty:      0.035ns  ((TSJ^2 + TIJ^2)^1/2 + DJ) / 2 + PE
    Total System Jitter     (TSJ):    0.071ns
    Total Input Jitter      (TIJ):    0.000ns
    Discrete Jitter          (DJ):    0.000ns
    Phase Error              (PE):    0.000ns

    Location             Delay type                Incr(ns)  Path(ns)    Netlist Resource(s)
  -------------------------------------------------------------------    -------------------
                         (clock sys_clk_pin rise edge)
                                                      0.000     0.000 r  
    W5                                                0.000     0.000 r  clk (IN)
                         net (fo=0)                   0.000     0.000    clk
    W5                   IBUF (Prop_ibuf_I_O)         1.458     1.458 r  clk_IBUF_inst/O
                         net (fo=1, routed)           1.967     3.425    clk_IBUF
    BUFGCTRL_X0Y0        BUFG (Prop_bufg_I_O)         0.096     3.521 r  clk_IBUF_BUFG_inst/O
                         net (fo=62, routed)          1.635     5.156    U_Counter/U_Clk_Div_10Hz/CLK
    SLICE_X60Y10         FDCE                                         r  U_Counter/U_Clk_Div_10Hz/div_counter_reg[20]/C
  -------------------------------------------------------------------    -------------------
    SLICE_X60Y10         FDCE (Prop_fdce_C_Q)         0.478     5.634 f  U_Counter/U_Clk_Div_10Hz/div_counter_reg[20]/Q
                         net (fo=2, routed)           0.873     6.508    U_Counter/U_Clk_Div_10Hz/div_counter[20]
    SLICE_X60Y10         LUT4 (Prop_lut4_I0_O)        0.301     6.809 r  U_Counter/U_Clk_Div_10Hz/div_counter[23]_i_7/O
                         net (fo=1, routed)           0.282     7.091    U_Counter/U_Clk_Div_10Hz/div_counter[23]_i_7_n_0
    SLICE_X60Y10         LUT5 (Prop_lut5_I4_O)        0.124     7.215 r  U_Counter/U_Clk_Div_10Hz/div_counter[23]_i_6/O
                         net (fo=1, routed)           0.491     7.706    U_Counter/U_Clk_Div_10Hz/div_counter[23]_i_6_n_0
    SLICE_X60Y8          LUT6 (Prop_lut6_I5_O)        0.124     7.830 r  U_Counter/U_Clk_Div_10Hz/div_counter[23]_i_3/O
                         net (fo=1, routed)           0.607     8.437    U_Counter/U_Clk_Div_10Hz/div_counter[23]_i_3_n_0
    SLICE_X60Y6          LUT6 (Prop_lut6_I0_O)        0.124     8.561 f  U_Counter/U_Clk_Div_10Hz/div_counter[23]_i_2/O
                         net (fo=24, routed)          1.126     9.687    U_Counter/U_Clk_Div_10Hz/tick_0
    SLICE_X60Y11         LUT2 (Prop_lut2_I0_O)        0.150     9.837 r  U_Counter/U_Clk_Div_10Hz/div_counter[23]_i_1/O
                         net (fo=1, routed)           0.000     9.837    U_Counter/U_Clk_Div_10Hz/div_counter_1[23]
    SLICE_X60Y11         FDCE                                         r  U_Counter/U_Clk_Div_10Hz/div_counter_reg[23]/D
  -------------------------------------------------------------------    -------------------

                         (clock sys_clk_pin rise edge)
                                                     10.000    10.000 r  
    W5                                                0.000    10.000 r  clk (IN)
                         net (fo=0)                   0.000    10.000    clk
    W5                   IBUF (Prop_ibuf_I_O)         1.388    11.388 r  clk_IBUF_inst/O
                         net (fo=1, routed)           1.862    13.250    clk_IBUF
    BUFGCTRL_X0Y0        BUFG (Prop_bufg_I_O)         0.091    13.341 r  clk_IBUF_BUFG_inst/O
                         net (fo=62, routed)          1.515    14.856    U_Counter/U_Clk_Div_10Hz/CLK
    SLICE_X60Y11         FDCE                                         r  U_Counter/U_Clk_Div_10Hz/div_counter_reg[23]/C
                         clock pessimism              0.274    15.130    
                         clock uncertainty           -0.035    15.095    
    SLICE_X60Y11         FDCE (Setup_fdce_C_D)        0.118    15.213    U_Counter/U_Clk_Div_10Hz/div_counter_reg[23]
  -------------------------------------------------------------------
                         required time                         15.213    
                         arrival time                          -9.837    
  -------------------------------------------------------------------
                         slack                                  5.376    

Slack (MET) :             5.428ns  (required time - arrival time)
  Source:                 U_Counter/U_Counter_Up_Down/counter_reg[7]/C
                            (rising edge-triggered cell FDCE clocked by sys_clk_pin  {rise@0.000ns fall@5.000ns period=10.000ns})
  Destination:            U_Counter/U_Counter_Up_Down/counter_reg[5]/D
                            (rising edge-triggered cell FDCE clocked by sys_clk_pin  {rise@0.000ns fall@5.000ns period=10.000ns})
  Path Group:             sys_clk_pin
  Path Type:              Setup (Max at Slow Process Corner)
  Requirement:            10.000ns  (sys_clk_pin rise@10.000ns - sys_clk_pin rise@0.000ns)
  Data Path Delay:        4.566ns  (logic 1.182ns (25.889%)  route 3.384ns (74.111%))
  Logic Levels:           4  (LUT2=1 LUT6=3)
  Clock Path Skew:        0.000ns (DCD - SCD + CPR)
    Destination Clock Delay (DCD):    4.855ns = ( 14.855 - 10.000 ) 
    Source Clock Delay      (SCD):    5.154ns
    Clock Pessimism Removal (CPR):    0.299ns
  Clock Uncertainty:      0.035ns  ((TSJ^2 + TIJ^2)^1/2 + DJ) / 2 + PE
    Total System Jitter     (TSJ):    0.071ns
    Total Input Jitter      (TIJ):    0.000ns
    Discrete Jitter          (DJ):    0.000ns
    Phase Error              (PE):    0.000ns

    Location             Delay type                Incr(ns)  Path(ns)    Netlist Resource(s)
  -------------------------------------------------------------------    -------------------
                         (clock sys_clk_pin rise edge)
                                                      0.000     0.000 r  
    W5                                                0.000     0.000 r  clk (IN)
                         net (fo=0)                   0.000     0.000    clk
    W5                   IBUF (Prop_ibuf_I_O)         1.458     1.458 r  clk_IBUF_inst/O
                         net (fo=1, routed)           1.967     3.425    clk_IBUF
    BUFGCTRL_X0Y0        BUFG (Prop_bufg_I_O)         0.096     3.521 r  clk_IBUF_BUFG_inst/O
                         net (fo=62, routed)          1.633     5.154    U_Counter/U_Counter_Up_Down/CLK
    SLICE_X62Y14         FDCE                                         r  U_Counter/U_Counter_Up_Down/counter_reg[7]/C
  -------------------------------------------------------------------    -------------------
    SLICE_X62Y14         FDCE (Prop_fdce_C_Q)         0.456     5.610 r  U_Counter/U_Counter_Up_Down/counter_reg[7]/Q
                         net (fo=32, routed)          0.885     6.495    U_Counter/U_Counter_Up_Down/Q[7]
    SLICE_X63Y14         LUT2 (Prop_lut2_I1_O)        0.152     6.647 r  U_Counter/U_Counter_Up_Down/counter[13]_i_13/O
                         net (fo=1, routed)           0.931     7.578    U_Counter/U_Counter_Up_Down/counter[13]_i_13_n_0
    SLICE_X62Y17         LUT6 (Prop_lut6_I0_O)        0.326     7.904 f  U_Counter/U_Counter_Up_Down/counter[13]_i_8/O
                         net (fo=1, routed)           0.580     8.484    U_Counter/U_Counter_Up_Down/counter[13]_i_8_n_0
    SLICE_X61Y17         LUT6 (Prop_lut6_I5_O)        0.124     8.608 f  U_Counter/U_Counter_Up_Down/counter[13]_i_3/O
                         net (fo=14, routed)          0.988     9.596    U_Counter/U_Counter_Up_Down/counter[13]_i_3_n_0
    SLICE_X62Y14         LUT6 (Prop_lut6_I2_O)        0.124     9.720 r  U_Counter/U_Counter_Up_Down/counter[5]_i_1/O
                         net (fo=1, routed)           0.000     9.720    U_Counter/U_Counter_Up_Down/p_1_in[5]
    SLICE_X62Y14         FDCE                                         r  U_Counter/U_Counter_Up_Down/counter_reg[5]/D
  -------------------------------------------------------------------    -------------------

                         (clock sys_clk_pin rise edge)
                                                     10.000    10.000 r  
    W5                                                0.000    10.000 r  clk (IN)
                         net (fo=0)                   0.000    10.000    clk
    W5                   IBUF (Prop_ibuf_I_O)         1.388    11.388 r  clk_IBUF_inst/O
                         net (fo=1, routed)           1.862    13.250    clk_IBUF
    BUFGCTRL_X0Y0        BUFG (Prop_bufg_I_O)         0.091    13.341 r  clk_IBUF_BUFG_inst/O
                         net (fo=62, routed)          1.514    14.855    U_Counter/U_Counter_Up_Down/CLK
    SLICE_X62Y14         FDCE                                         r  U_Counter/U_Counter_Up_Down/counter_reg[5]/C
                         clock pessimism              0.299    15.154    
                         clock uncertainty           -0.035    15.119    
    SLICE_X62Y14         FDCE (Setup_fdce_C_D)        0.029    15.148    U_Counter/U_Counter_Up_Down/counter_reg[5]
  -------------------------------------------------------------------
                         required time                         15.148    
                         arrival time                          -9.720    
  -------------------------------------------------------------------
                         slack                                  5.428    

Slack (MET) :             5.441ns  (required time - arrival time)
  Source:                 U_Counter/U_Counter_Up_Down/counter_reg[7]/C
                            (rising edge-triggered cell FDCE clocked by sys_clk_pin  {rise@0.000ns fall@5.000ns period=10.000ns})
  Destination:            U_Counter/U_Counter_Up_Down/counter_reg[6]/D
                            (rising edge-triggered cell FDCE clocked by sys_clk_pin  {rise@0.000ns fall@5.000ns period=10.000ns})
  Path Group:             sys_clk_pin
  Path Type:              Setup (Max at Slow Process Corner)
  Requirement:            10.000ns  (sys_clk_pin rise@10.000ns - sys_clk_pin rise@0.000ns)
  Data Path Delay:        4.554ns  (logic 1.182ns (25.953%)  route 3.372ns (74.047%))
  Logic Levels:           4  (LUT2=1 LUT6=3)
  Clock Path Skew:        0.000ns (DCD - SCD + CPR)
    Destination Clock Delay (DCD):    4.855ns = ( 14.855 - 10.000 ) 
    Source Clock Delay      (SCD):    5.154ns
    Clock Pessimism Removal (CPR):    0.299ns
  Clock Uncertainty:      0.035ns  ((TSJ^2 + TIJ^2)^1/2 + DJ) / 2 + PE
    Total System Jitter     (TSJ):    0.071ns
    Total Input Jitter      (TIJ):    0.000ns
    Discrete Jitter          (DJ):    0.000ns
    Phase Error              (PE):    0.000ns

    Location             Delay type                Incr(ns)  Path(ns)    Netlist Resource(s)
  -------------------------------------------------------------------    -------------------
                         (clock sys_clk_pin rise edge)
                                                      0.000     0.000 r  
    W5                                                0.000     0.000 r  clk (IN)
                         net (fo=0)                   0.000     0.000    clk
    W5                   IBUF (Prop_ibuf_I_O)         1.458     1.458 r  clk_IBUF_inst/O
                         net (fo=1, routed)           1.967     3.425    clk_IBUF
    BUFGCTRL_X0Y0        BUFG (Prop_bufg_I_O)         0.096     3.521 r  clk_IBUF_BUFG_inst/O
                         net (fo=62, routed)          1.633     5.154    U_Counter/U_Counter_Up_Down/CLK
    SLICE_X62Y14         FDCE                                         r  U_Counter/U_Counter_Up_Down/counter_reg[7]/C
  -------------------------------------------------------------------    -------------------
    SLICE_X62Y14         FDCE (Prop_fdce_C_Q)         0.456     5.610 r  U_Counter/U_Counter_Up_Down/counter_reg[7]/Q
                         net (fo=32, routed)          0.885     6.495    U_Counter/U_Counter_Up_Down/Q[7]
    SLICE_X63Y14         LUT2 (Prop_lut2_I1_O)        0.152     6.647 r  U_Counter/U_Counter_Up_Down/counter[13]_i_13/O
                         net (fo=1, routed)           0.931     7.578    U_Counter/U_Counter_Up_Down/counter[13]_i_13_n_0
    SLICE_X62Y17         LUT6 (Prop_lut6_I0_O)        0.326     7.904 f  U_Counter/U_Counter_Up_Down/counter[13]_i_8/O
                         net (fo=1, routed)           0.580     8.484    U_Counter/U_Counter_Up_Down/counter[13]_i_8_n_0
    SLICE_X61Y17         LUT6 (Prop_lut6_I5_O)        0.124     8.608 f  U_Counter/U_Counter_Up_Down/counter[13]_i_3/O
                         net (fo=14, routed)          0.977     9.585    U_Counter/U_Counter_Up_Down/counter[13]_i_3_n_0
    SLICE_X62Y14         LUT6 (Prop_lut6_I2_O)        0.124     9.709 r  U_Counter/U_Counter_Up_Down/counter[6]_i_1/O
                         net (fo=1, routed)           0.000     9.709    U_Counter/U_Counter_Up_Down/p_1_in[6]
    SLICE_X62Y14         FDCE                                         r  U_Counter/U_Counter_Up_Down/counter_reg[6]/D
  -------------------------------------------------------------------    -------------------

                         (clock sys_clk_pin rise edge)
                                                     10.000    10.000 r  
    W5                                                0.000    10.000 r  clk (IN)
                         net (fo=0)                   0.000    10.000    clk
    W5                   IBUF (Prop_ibuf_I_O)         1.388    11.388 r  clk_IBUF_inst/O
                         net (fo=1, routed)           1.862    13.250    clk_IBUF
    BUFGCTRL_X0Y0        BUFG (Prop_bufg_I_O)         0.091    13.341 r  clk_IBUF_BUFG_inst/O
                         net (fo=62, routed)          1.514    14.855    U_Counter/U_Counter_Up_Down/CLK
    SLICE_X62Y14         FDCE                                         r  U_Counter/U_Counter_Up_Down/counter_reg[6]/C
                         clock pessimism              0.299    15.154    
                         clock uncertainty           -0.035    15.119    
    SLICE_X62Y14         FDCE (Setup_fdce_C_D)        0.031    15.150    U_Counter/U_Counter_Up_Down/counter_reg[6]
  -------------------------------------------------------------------
                         required time                         15.150    
                         arrival time                          -9.709    
  -------------------------------------------------------------------
                         slack                                  5.441    





Min Delay Paths
--------------------------------------------------------------------------------------
Slack (MET) :             0.212ns  (arrival time - required time)
  Source:                 U_CU/FSM_onehot_state_reg[2]/C
                            (rising edge-triggered cell FDCE clocked by sys_clk_pin  {rise@0.000ns fall@5.000ns period=10.000ns})
  Destination:            U_CU/FSM_onehot_state_reg[0]/D
                            (rising edge-triggered cell FDPE clocked by sys_clk_pin  {rise@0.000ns fall@5.000ns period=10.000ns})
  Path Group:             sys_clk_pin
  Path Type:              Hold (Min at Fast Process Corner)
  Requirement:            0.000ns  (sys_clk_pin rise@0.000ns - sys_clk_pin rise@0.000ns)
  Data Path Delay:        0.304ns  (logic 0.227ns (74.785%)  route 0.077ns (25.215%))
  Logic Levels:           1  (LUT5=1)
  Clock Path Skew:        0.000ns (DCD - SCD - CPR)
    Destination Clock Delay (DCD):    1.987ns
    Source Clock Delay      (SCD):    1.474ns
    Clock Pessimism Removal (CPR):    0.513ns

    Location             Delay type                Incr(ns)  Path(ns)    Netlist Resource(s)
  -------------------------------------------------------------------    -------------------
                         (clock sys_clk_pin rise edge)
                                                      0.000     0.000 r  
    W5                                                0.000     0.000 r  clk (IN)
                         net (fo=0)                   0.000     0.000    clk
    W5                   IBUF (Prop_ibuf_I_O)         0.226     0.226 r  clk_IBUF_inst/O
                         net (fo=1, routed)           0.631     0.858    clk_IBUF
    BUFGCTRL_X0Y0        BUFG (Prop_bufg_I_O)         0.026     0.884 r  clk_IBUF_BUFG_inst/O
                         net (fo=62, routed)          0.591     1.474    U_CU/CLK
    SLICE_X58Y12         FDCE                                         r  U_CU/FSM_onehot_state_reg[2]/C
  -------------------------------------------------------------------    -------------------
    SLICE_X58Y12         FDCE (Prop_fdce_C_Q)         0.128     1.602 r  U_CU/FSM_onehot_state_reg[2]/Q
                         net (fo=19, routed)          0.077     1.679    U_CU/w_run
    SLICE_X58Y12         LUT5 (Prop_lut5_I1_O)        0.099     1.778 r  U_CU/FSM_onehot_state[0]_i_1/O
                         net (fo=1, routed)           0.000     1.778    U_CU/FSM_onehot_state[0]_i_1_n_0
    SLICE_X58Y12         FDPE                                         r  U_CU/FSM_onehot_state_reg[0]/D
  -------------------------------------------------------------------    -------------------

                         (clock sys_clk_pin rise edge)
                                                      0.000     0.000 r  
    W5                                                0.000     0.000 r  clk (IN)
                         net (fo=0)                   0.000     0.000    clk
    W5                   IBUF (Prop_ibuf_I_O)         0.414     0.414 r  clk_IBUF_inst/O
                         net (fo=1, routed)           0.685     1.099    clk_IBUF
    BUFGCTRL_X0Y0        BUFG (Prop_bufg_I_O)         0.029     1.128 r  clk_IBUF_BUFG_inst/O
                         net (fo=62, routed)          0.860     1.987    U_CU/CLK
    SLICE_X58Y12         FDPE                                         r  U_CU/FSM_onehot_state_reg[0]/C
                         clock pessimism             -0.513     1.474    
    SLICE_X58Y12         FDPE (Hold_fdpe_C_D)         0.092     1.566    U_CU/FSM_onehot_state_reg[0]
  -------------------------------------------------------------------
                         required time                         -1.566    
                         arrival time                           1.778    
  -------------------------------------------------------------------
                         slack                                  0.212    

Slack (MET) :             0.310ns  (arrival time - required time)
  Source:                 U_CU/FSM_onehot_state_reg[0]/C
                            (rising edge-triggered cell FDPE clocked by sys_clk_pin  {rise@0.000ns fall@5.000ns period=10.000ns})
  Destination:            U_CU/FSM_onehot_state_reg[2]/D
                            (rising edge-triggered cell FDCE clocked by sys_clk_pin  {rise@0.000ns fall@5.000ns period=10.000ns})
  Path Group:             sys_clk_pin
  Path Type:              Hold (Min at Fast Process Corner)
  Requirement:            0.000ns  (sys_clk_pin rise@0.000ns - sys_clk_pin rise@0.000ns)
  Data Path Delay:        0.417ns  (logic 0.185ns (44.361%)  route 0.232ns (55.639%))
  Logic Levels:           1  (LUT5=1)
  Clock Path Skew:        0.000ns (DCD - SCD - CPR)
    Destination Clock Delay (DCD):    1.987ns
    Source Clock Delay      (SCD):    1.474ns
    Clock Pessimism Removal (CPR):    0.513ns

    Location             Delay type                Incr(ns)  Path(ns)    Netlist Resource(s)
  -------------------------------------------------------------------    -------------------
                         (clock sys_clk_pin rise edge)
                                                      0.000     0.000 r  
    W5                                                0.000     0.000 r  clk (IN)
                         net (fo=0)                   0.000     0.000    clk
    W5                   IBUF (Prop_ibuf_I_O)         0.226     0.226 r  clk_IBUF_inst/O
                         net (fo=1, routed)           0.631     0.858    clk_IBUF
    BUFGCTRL_X0Y0        BUFG (Prop_bufg_I_O)         0.026     0.884 r  clk_IBUF_BUFG_inst/O
                         net (fo=62, routed)          0.591     1.474    U_CU/CLK
    SLICE_X58Y12         FDPE                                         r  U_CU/FSM_onehot_state_reg[0]/C
  -------------------------------------------------------------------    -------------------
    SLICE_X58Y12         FDPE (Prop_fdpe_C_Q)         0.141     1.615 r  U_CU/FSM_onehot_state_reg[0]/Q
                         net (fo=3, routed)           0.232     1.847    U_CU/FSM_onehot_state_reg_n_0_[0]
    SLICE_X58Y12         LUT5 (Prop_lut5_I0_O)        0.044     1.891 r  U_CU/FSM_onehot_state[2]_i_1/O
                         net (fo=1, routed)           0.000     1.891    U_CU/FSM_onehot_state[2]_i_1_n_0
    SLICE_X58Y12         FDCE                                         r  U_CU/FSM_onehot_state_reg[2]/D
  -------------------------------------------------------------------    -------------------

                         (clock sys_clk_pin rise edge)
                                                      0.000     0.000 r  
    W5                                                0.000     0.000 r  clk (IN)
                         net (fo=0)                   0.000     0.000    clk
    W5                   IBUF (Prop_ibuf_I_O)         0.414     0.414 r  clk_IBUF_inst/O
                         net (fo=1, routed)           0.685     1.099    clk_IBUF
    BUFGCTRL_X0Y0        BUFG (Prop_bufg_I_O)         0.029     1.128 r  clk_IBUF_BUFG_inst/O
                         net (fo=62, routed)          0.860     1.987    U_CU/CLK
    SLICE_X58Y12         FDCE                                         r  U_CU/FSM_onehot_state_reg[2]/C
                         clock pessimism             -0.513     1.474    
    SLICE_X58Y12         FDCE (Hold_fdce_C_D)         0.107     1.581    U_CU/FSM_onehot_state_reg[2]
  -------------------------------------------------------------------
                         required time                         -1.581    
                         arrival time                           1.891    
  -------------------------------------------------------------------
                         slack                                  0.310    

Slack (MET) :             0.327ns  (arrival time - required time)
  Source:                 U_CU/FSM_onehot_state_reg[0]/C
                            (rising edge-triggered cell FDPE clocked by sys_clk_pin  {rise@0.000ns fall@5.000ns period=10.000ns})
  Destination:            U_CU/FSM_onehot_state_reg[1]/D
                            (rising edge-triggered cell FDCE clocked by sys_clk_pin  {rise@0.000ns fall@5.000ns period=10.000ns})
  Path Group:             sys_clk_pin
  Path Type:              Hold (Min at Fast Process Corner)
  Requirement:            0.000ns  (sys_clk_pin rise@0.000ns - sys_clk_pin rise@0.000ns)
  Data Path Delay:        0.418ns  (logic 0.186ns (44.494%)  route 0.232ns (55.506%))
  Logic Levels:           1  (LUT5=1)
  Clock Path Skew:        0.000ns (DCD - SCD - CPR)
    Destination Clock Delay (DCD):    1.987ns
    Source Clock Delay      (SCD):    1.474ns
    Clock Pessimism Removal (CPR):    0.513ns

    Location             Delay type                Incr(ns)  Path(ns)    Netlist Resource(s)
  -------------------------------------------------------------------    -------------------
                         (clock sys_clk_pin rise edge)
                                                      0.000     0.000 r  
    W5                                                0.000     0.000 r  clk (IN)
                         net (fo=0)                   0.000     0.000    clk
    W5                   IBUF (Prop_ibuf_I_O)         0.226     0.226 r  clk_IBUF_inst/O
                         net (fo=1, routed)           0.631     0.858    clk_IBUF
    BUFGCTRL_X0Y0        BUFG (Prop_bufg_I_O)         0.026     0.884 r  clk_IBUF_BUFG_inst/O
                         net (fo=62, routed)          0.591     1.474    U_CU/CLK
    SLICE_X58Y12         FDPE                                         r  U_CU/FSM_onehot_state_reg[0]/C
  -------------------------------------------------------------------    -------------------
    SLICE_X58Y12         FDPE (Prop_fdpe_C_Q)         0.141     1.615 r  U_CU/FSM_onehot_state_reg[0]/Q
                         net (fo=3, routed)           0.232     1.847    U_CU/FSM_onehot_state_reg_n_0_[0]
    SLICE_X58Y12         LUT5 (Prop_lut5_I0_O)        0.045     1.892 r  U_CU/FSM_onehot_state[1]_i_1/O
                         net (fo=1, routed)           0.000     1.892    U_CU/FSM_onehot_state[1]_i_1_n_0
    SLICE_X58Y12         FDCE                                         r  U_CU/FSM_onehot_state_reg[1]/D
  -------------------------------------------------------------------    -------------------

                         (clock sys_clk_pin rise edge)
                                                      0.000     0.000 r  
    W5                                                0.000     0.000 r  clk (IN)
                         net (fo=0)                   0.000     0.000    clk
    W5                   IBUF (Prop_ibuf_I_O)         0.414     0.414 r  clk_IBUF_inst/O
                         net (fo=1, routed)           0.685     1.099    clk_IBUF
    BUFGCTRL_X0Y0        BUFG (Prop_bufg_I_O)         0.029     1.128 r  clk_IBUF_BUFG_inst/O
                         net (fo=62, routed)          0.860     1.987    U_CU/CLK
    SLICE_X58Y12         FDCE                                         r  U_CU/FSM_onehot_state_reg[1]/C
                         clock pessimism             -0.513     1.474    
    SLICE_X58Y12         FDCE (Hold_fdce_C_D)         0.091     1.565    U_CU/FSM_onehot_state_reg[1]
  -------------------------------------------------------------------
                         required time                         -1.565    
                         arrival time                           1.892    
  -------------------------------------------------------------------
                         slack                                  0.327    

Slack (MET) :             0.332ns  (arrival time - required time)
  Source:                 U_Counter/U_Clk_Div_10Hz/div_counter_reg[0]/C
                            (rising edge-triggered cell FDCE clocked by sys_clk_pin  {rise@0.000ns fall@5.000ns period=10.000ns})
  Destination:            U_Counter/U_Clk_Div_10Hz/div_counter_reg[0]/D
                            (rising edge-triggered cell FDCE clocked by sys_clk_pin  {rise@0.000ns fall@5.000ns period=10.000ns})
  Path Group:             sys_clk_pin
  Path Type:              Hold (Min at Fast Process Corner)
  Requirement:            0.000ns  (sys_clk_pin rise@0.000ns - sys_clk_pin rise@0.000ns)
  Data Path Delay:        0.453ns  (logic 0.209ns (46.102%)  route 0.244ns (53.898%))
  Logic Levels:           1  (LUT1=1)
  Clock Path Skew:        0.000ns (DCD - SCD - CPR)
    Destination Clock Delay (DCD):    1.991ns
    Source Clock Delay      (SCD):    1.477ns
    Clock Pessimism Removal (CPR):    0.514ns

    Location             Delay type                Incr(ns)  Path(ns)    Netlist Resource(s)
  -------------------------------------------------------------------    -------------------
                         (clock sys_clk_pin rise edge)
                                                      0.000     0.000 r  
    W5                                                0.000     0.000 r  clk (IN)
                         net (fo=0)                   0.000     0.000    clk
    W5                   IBUF (Prop_ibuf_I_O)         0.226     0.226 r  clk_IBUF_inst/O
                         net (fo=1, routed)           0.631     0.858    clk_IBUF
    BUFGCTRL_X0Y0        BUFG (Prop_bufg_I_O)         0.026     0.884 r  clk_IBUF_BUFG_inst/O
                         net (fo=62, routed)          0.594     1.477    U_Counter/U_Clk_Div_10Hz/CLK
    SLICE_X60Y6          FDCE                                         r  U_Counter/U_Clk_Div_10Hz/div_counter_reg[0]/C
  -------------------------------------------------------------------    -------------------
    SLICE_X60Y6          FDCE (Prop_fdce_C_Q)         0.164     1.641 f  U_Counter/U_Clk_Div_10Hz/div_counter_reg[0]/Q
                         net (fo=3, routed)           0.244     1.885    U_Counter/U_Clk_Div_10Hz/div_counter[0]
    SLICE_X60Y6          LUT1 (Prop_lut1_I0_O)        0.045     1.930 r  U_Counter/U_Clk_Div_10Hz/div_counter[0]_i_1/O
                         net (fo=1, routed)           0.000     1.930    U_Counter/U_Clk_Div_10Hz/div_counter_1[0]
    SLICE_X60Y6          FDCE                                         r  U_Counter/U_Clk_Div_10Hz/div_counter_reg[0]/D
  -------------------------------------------------------------------    -------------------

                         (clock sys_clk_pin rise edge)
                                                      0.000     0.000 r  
    W5                                                0.000     0.000 r  clk (IN)
                         net (fo=0)                   0.000     0.000    clk
    W5                   IBUF (Prop_ibuf_I_O)         0.414     0.414 r  clk_IBUF_inst/O
                         net (fo=1, routed)           0.685     1.099    clk_IBUF
    BUFGCTRL_X0Y0        BUFG (Prop_bufg_I_O)         0.029     1.128 r  clk_IBUF_BUFG_inst/O
                         net (fo=62, routed)          0.864     1.991    U_Counter/U_Clk_Div_10Hz/CLK
    SLICE_X60Y6          FDCE                                         r  U_Counter/U_Clk_Div_10Hz/div_counter_reg[0]/C
                         clock pessimism             -0.514     1.477    
    SLICE_X60Y6          FDCE (Hold_fdce_C_D)         0.121     1.598    U_Counter/U_Clk_Div_10Hz/div_counter_reg[0]
  -------------------------------------------------------------------
                         required time                         -1.598    
                         arrival time                           1.930    
  -------------------------------------------------------------------
                         slack                                  0.332    

Slack (MET) :             0.352ns  (arrival time - required time)
  Source:                 U_FndController/U_Clk_Div_1Khz/tick_reg/C
                            (rising edge-triggered cell FDCE clocked by sys_clk_pin  {rise@0.000ns fall@5.000ns period=10.000ns})
  Destination:            U_FndController/U_Conter_2big/count_reg[1]/D
                            (rising edge-triggered cell FDCE clocked by sys_clk_pin  {rise@0.000ns fall@5.000ns period=10.000ns})
  Path Group:             sys_clk_pin
  Path Type:              Hold (Min at Fast Process Corner)
  Requirement:            0.000ns  (sys_clk_pin rise@0.000ns - sys_clk_pin rise@0.000ns)
  Data Path Delay:        0.541ns  (logic 0.212ns (39.168%)  route 0.329ns (60.832%))
  Logic Levels:           1  (LUT3=1)
  Clock Path Skew:        0.058ns (DCD - SCD - CPR)
    Destination Clock Delay (DCD):    1.980ns
    Source Clock Delay      (SCD):    1.444ns
    Clock Pessimism Removal (CPR):    0.478ns

    Location             Delay type                Incr(ns)  Path(ns)    Netlist Resource(s)
  -------------------------------------------------------------------    -------------------
                         (clock sys_clk_pin rise edge)
                                                      0.000     0.000 r  
    W5                                                0.000     0.000 r  clk (IN)
                         net (fo=0)                   0.000     0.000    clk
    W5                   IBUF (Prop_ibuf_I_O)         0.226     0.226 r  clk_IBUF_inst/O
                         net (fo=1, routed)           0.631     0.858    clk_IBUF
    BUFGCTRL_X0Y0        BUFG (Prop_bufg_I_O)         0.026     0.884 r  clk_IBUF_BUFG_inst/O
                         net (fo=62, routed)          0.561     1.444    U_FndController/U_Clk_Div_1Khz/CLK
    SLICE_X56Y18         FDCE                                         r  U_FndController/U_Clk_Div_1Khz/tick_reg/C
  -------------------------------------------------------------------    -------------------
    SLICE_X56Y18         FDCE (Prop_fdce_C_Q)         0.164     1.608 r  U_FndController/U_Clk_Div_1Khz/tick_reg/Q
                         net (fo=2, routed)           0.329     1.937    U_FndController/U_Conter_2big/count_reg[1]_4
    SLICE_X60Y20         LUT3 (Prop_lut3_I1_O)        0.048     1.985 r  U_FndController/U_Conter_2big/count[1]_i_1/O
                         net (fo=1, routed)           0.000     1.985    U_FndController/U_Conter_2big/count[1]_i_1_n_0
    SLICE_X60Y20         FDCE                                         r  U_FndController/U_Conter_2big/count_reg[1]/D
  -------------------------------------------------------------------    -------------------

                         (clock sys_clk_pin rise edge)
                                                      0.000     0.000 r  
    W5                                                0.000     0.000 r  clk (IN)
                         net (fo=0)                   0.000     0.000    clk
    W5                   IBUF (Prop_ibuf_I_O)         0.414     0.414 r  clk_IBUF_inst/O
                         net (fo=1, routed)           0.685     1.099    clk_IBUF
    BUFGCTRL_X0Y0        BUFG (Prop_bufg_I_O)         0.029     1.128 r  clk_IBUF_BUFG_inst/O
                         net (fo=62, routed)          0.853     1.980    U_FndController/U_Conter_2big/CLK
    SLICE_X60Y20         FDCE                                         r  U_FndController/U_Conter_2big/count_reg[1]/C
                         clock pessimism             -0.478     1.502    
    SLICE_X60Y20         FDCE (Hold_fdce_C_D)         0.131     1.633    U_FndController/U_Conter_2big/count_reg[1]
  -------------------------------------------------------------------
                         required time                         -1.633    
                         arrival time                           1.985    
  -------------------------------------------------------------------
                         slack                                  0.352    

Slack (MET) :             0.360ns  (arrival time - required time)
  Source:                 U_FndController/U_Clk_Div_1Khz/tick_reg/C
                            (rising edge-triggered cell FDCE clocked by sys_clk_pin  {rise@0.000ns fall@5.000ns period=10.000ns})
  Destination:            U_FndController/U_Conter_2big/count_reg[0]/D
                            (rising edge-triggered cell FDCE clocked by sys_clk_pin  {rise@0.000ns fall@5.000ns period=10.000ns})
  Path Group:             sys_clk_pin
  Path Type:              Hold (Min at Fast Process Corner)
  Requirement:            0.000ns  (sys_clk_pin rise@0.000ns - sys_clk_pin rise@0.000ns)
  Data Path Delay:        0.538ns  (logic 0.209ns (38.829%)  route 0.329ns (61.171%))
  Logic Levels:           1  (LUT2=1)
  Clock Path Skew:        0.058ns (DCD - SCD - CPR)
    Destination Clock Delay (DCD):    1.980ns
    Source Clock Delay      (SCD):    1.444ns
    Clock Pessimism Removal (CPR):    0.478ns

    Location             Delay type                Incr(ns)  Path(ns)    Netlist Resource(s)
  -------------------------------------------------------------------    -------------------
                         (clock sys_clk_pin rise edge)
                                                      0.000     0.000 r  
    W5                                                0.000     0.000 r  clk (IN)
                         net (fo=0)                   0.000     0.000    clk
    W5                   IBUF (Prop_ibuf_I_O)         0.226     0.226 r  clk_IBUF_inst/O
                         net (fo=1, routed)           0.631     0.858    clk_IBUF
    BUFGCTRL_X0Y0        BUFG (Prop_bufg_I_O)         0.026     0.884 r  clk_IBUF_BUFG_inst/O
                         net (fo=62, routed)          0.561     1.444    U_FndController/U_Clk_Div_1Khz/CLK
    SLICE_X56Y18         FDCE                                         r  U_FndController/U_Clk_Div_1Khz/tick_reg/C
  -------------------------------------------------------------------    -------------------
    SLICE_X56Y18         FDCE (Prop_fdce_C_Q)         0.164     1.608 r  U_FndController/U_Clk_Div_1Khz/tick_reg/Q
                         net (fo=2, routed)           0.329     1.937    U_FndController/U_Conter_2big/count_reg[1]_4
    SLICE_X60Y20         LUT2 (Prop_lut2_I0_O)        0.045     1.982 r  U_FndController/U_Conter_2big/count[0]_i_1/O
                         net (fo=1, routed)           0.000     1.982    U_FndController/U_Conter_2big/count[0]_i_1_n_0
    SLICE_X60Y20         FDCE                                         r  U_FndController/U_Conter_2big/count_reg[0]/D
  -------------------------------------------------------------------    -------------------

                         (clock sys_clk_pin rise edge)
                                                      0.000     0.000 r  
    W5                                                0.000     0.000 r  clk (IN)
                         net (fo=0)                   0.000     0.000    clk
    W5                   IBUF (Prop_ibuf_I_O)         0.414     0.414 r  clk_IBUF_inst/O
                         net (fo=1, routed)           0.685     1.099    clk_IBUF
    BUFGCTRL_X0Y0        BUFG (Prop_bufg_I_O)         0.029     1.128 r  clk_IBUF_BUFG_inst/O
                         net (fo=62, routed)          0.853     1.980    U_FndController/U_Conter_2big/CLK
    SLICE_X60Y20         FDCE                                         r  U_FndController/U_Conter_2big/count_reg[0]/C
                         clock pessimism             -0.478     1.502    
    SLICE_X60Y20         FDCE (Hold_fdce_C_D)         0.120     1.622    U_FndController/U_Conter_2big/count_reg[0]
  -------------------------------------------------------------------
                         required time                         -1.622    
                         arrival time                           1.982    
  -------------------------------------------------------------------
                         slack                                  0.360    

Slack (MET) :             0.371ns  (arrival time - required time)
  Source:                 U_Counter/U_Counter_Up_Down/counter_reg[0]/C
                            (rising edge-triggered cell FDCE clocked by sys_clk_pin  {rise@0.000ns fall@5.000ns period=10.000ns})
  Destination:            U_Counter/U_Counter_Up_Down/counter_reg[0]/D
                            (rising edge-triggered cell FDCE clocked by sys_clk_pin  {rise@0.000ns fall@5.000ns period=10.000ns})
  Path Group:             sys_clk_pin
  Path Type:              Hold (Min at Fast Process Corner)
  Requirement:            0.000ns  (sys_clk_pin rise@0.000ns - sys_clk_pin rise@0.000ns)
  Data Path Delay:        0.463ns  (logic 0.186ns (40.189%)  route 0.277ns (59.811%))
  Logic Levels:           1  (LUT5=1)
  Clock Path Skew:        0.000ns (DCD - SCD - CPR)
    Destination Clock Delay (DCD):    1.987ns
    Source Clock Delay      (SCD):    1.474ns
    Clock Pessimism Removal (CPR):    0.513ns

    Location             Delay type                Incr(ns)  Path(ns)    Netlist Resource(s)
  -------------------------------------------------------------------    -------------------
                         (clock sys_clk_pin rise edge)
                                                      0.000     0.000 r  
    W5                                                0.000     0.000 r  clk (IN)
                         net (fo=0)                   0.000     0.000    clk
    W5                   IBUF (Prop_ibuf_I_O)         0.226     0.226 r  clk_IBUF_inst/O
                         net (fo=1, routed)           0.631     0.858    clk_IBUF
    BUFGCTRL_X0Y0        BUFG (Prop_bufg_I_O)         0.026     0.884 r  clk_IBUF_BUFG_inst/O
                         net (fo=62, routed)          0.591     1.474    U_Counter/U_Counter_Up_Down/CLK
    SLICE_X62Y15         FDCE                                         r  U_Counter/U_Counter_Up_Down/counter_reg[0]/C
  -------------------------------------------------------------------    -------------------
    SLICE_X62Y15         FDCE (Prop_fdce_C_Q)         0.141     1.615 f  U_Counter/U_Counter_Up_Down/counter_reg[0]/Q
                         net (fo=16, routed)          0.277     1.892    U_Counter/U_Counter_Up_Down/Q[0]
    SLICE_X62Y15         LUT5 (Prop_lut5_I3_O)        0.045     1.937 r  U_Counter/U_Counter_Up_Down/counter[0]_i_1/O
                         net (fo=1, routed)           0.000     1.937    U_Counter/U_Counter_Up_Down/p_1_in[0]
    SLICE_X62Y15         FDCE                                         r  U_Counter/U_Counter_Up_Down/counter_reg[0]/D
  -------------------------------------------------------------------    -------------------

                         (clock sys_clk_pin rise edge)
                                                      0.000     0.000 r  
    W5                                                0.000     0.000 r  clk (IN)
                         net (fo=0)                   0.000     0.000    clk
    W5                   IBUF (Prop_ibuf_I_O)         0.414     0.414 r  clk_IBUF_inst/O
                         net (fo=1, routed)           0.685     1.099    clk_IBUF
    BUFGCTRL_X0Y0        BUFG (Prop_bufg_I_O)         0.029     1.128 r  clk_IBUF_BUFG_inst/O
                         net (fo=62, routed)          0.860     1.987    U_Counter/U_Counter_Up_Down/CLK
    SLICE_X62Y15         FDCE                                         r  U_Counter/U_Counter_Up_Down/counter_reg[0]/C
                         clock pessimism             -0.513     1.474    
    SLICE_X62Y15         FDCE (Hold_fdce_C_D)         0.092     1.566    U_Counter/U_Counter_Up_Down/counter_reg[0]
  -------------------------------------------------------------------
                         required time                         -1.566    
                         arrival time                           1.937    
  -------------------------------------------------------------------
                         slack                                  0.371    

Slack (MET) :             0.435ns  (arrival time - required time)
  Source:                 U_CU/FSM_onehot_state_reg[2]/C
                            (rising edge-triggered cell FDCE clocked by sys_clk_pin  {rise@0.000ns fall@5.000ns period=10.000ns})
  Destination:            U_Counter/U_Counter_Up_Down/counter_reg[4]/D
                            (rising edge-triggered cell FDCE clocked by sys_clk_pin  {rise@0.000ns fall@5.000ns period=10.000ns})
  Path Group:             sys_clk_pin
  Path Type:              Hold (Min at Fast Process Corner)
  Requirement:            0.000ns  (sys_clk_pin rise@0.000ns - sys_clk_pin rise@0.000ns)
  Data Path Delay:        0.563ns  (logic 0.227ns (40.292%)  route 0.336ns (59.708%))
  Logic Levels:           1  (LUT6=1)
  Clock Path Skew:        0.036ns (DCD - SCD - CPR)
    Destination Clock Delay (DCD):    1.988ns
    Source Clock Delay      (SCD):    1.474ns
    Clock Pessimism Removal (CPR):    0.478ns

    Location             Delay type                Incr(ns)  Path(ns)    Netlist Resource(s)
  -------------------------------------------------------------------    -------------------
                         (clock sys_clk_pin rise edge)
                                                      0.000     0.000 r  
    W5                                                0.000     0.000 r  clk (IN)
                         net (fo=0)                   0.000     0.000    clk
    W5                   IBUF (Prop_ibuf_I_O)         0.226     0.226 r  clk_IBUF_inst/O
                         net (fo=1, routed)           0.631     0.858    clk_IBUF
    BUFGCTRL_X0Y0        BUFG (Prop_bufg_I_O)         0.026     0.884 r  clk_IBUF_BUFG_inst/O
                         net (fo=62, routed)          0.591     1.474    U_CU/CLK
    SLICE_X58Y12         FDCE                                         r  U_CU/FSM_onehot_state_reg[2]/C
  -------------------------------------------------------------------    -------------------
    SLICE_X58Y12         FDCE (Prop_fdce_C_Q)         0.128     1.602 r  U_CU/FSM_onehot_state_reg[2]/Q
                         net (fo=19, routed)          0.336     1.939    U_Counter/U_Counter_Up_Down/w_run
    SLICE_X62Y13         LUT6 (Prop_lut6_I0_O)        0.099     2.038 r  U_Counter/U_Counter_Up_Down/counter[4]_i_1/O
                         net (fo=1, routed)           0.000     2.038    U_Counter/U_Counter_Up_Down/p_1_in[4]
    SLICE_X62Y13         FDCE                                         r  U_Counter/U_Counter_Up_Down/counter_reg[4]/D
  -------------------------------------------------------------------    -------------------

                         (clock sys_clk_pin rise edge)
                                                      0.000     0.000 r  
    W5                                                0.000     0.000 r  clk (IN)
                         net (fo=0)                   0.000     0.000    clk
    W5                   IBUF (Prop_ibuf_I_O)         0.414     0.414 r  clk_IBUF_inst/O
                         net (fo=1, routed)           0.685     1.099    clk_IBUF
    BUFGCTRL_X0Y0        BUFG (Prop_bufg_I_O)         0.029     1.128 r  clk_IBUF_BUFG_inst/O
                         net (fo=62, routed)          0.861     1.988    U_Counter/U_Counter_Up_Down/CLK
    SLICE_X62Y13         FDCE                                         r  U_Counter/U_Counter_Up_Down/counter_reg[4]/C
                         clock pessimism             -0.478     1.510    
    SLICE_X62Y13         FDCE (Hold_fdce_C_D)         0.092     1.602    U_Counter/U_Counter_Up_Down/counter_reg[4]
  -------------------------------------------------------------------
                         required time                         -1.602    
                         arrival time                           2.038    
  -------------------------------------------------------------------
                         slack                                  0.435    

Slack (MET) :             0.463ns  (arrival time - required time)
  Source:                 U_FndController/U_Clk_Div_1Khz/div_counter_reg[0]/C
                            (rising edge-triggered cell FDCE clocked by sys_clk_pin  {rise@0.000ns fall@5.000ns period=10.000ns})
  Destination:            U_FndController/U_Clk_Div_1Khz/div_counter_reg[0]/D
                            (rising edge-triggered cell FDCE clocked by sys_clk_pin  {rise@0.000ns fall@5.000ns period=10.000ns})
  Path Group:             sys_clk_pin
  Path Type:              Hold (Min at Fast Process Corner)
  Requirement:            0.000ns  (sys_clk_pin rise@0.000ns - sys_clk_pin rise@0.000ns)
  Data Path Delay:        0.486ns  (logic 0.212ns (43.606%)  route 0.274ns (56.394%))
  Logic Levels:           1  (LUT1=1)
  Clock Path Skew:        0.000ns (DCD - SCD - CPR)
    Destination Clock Delay (DCD):    1.958ns
    Source Clock Delay      (SCD):    1.445ns
    Clock Pessimism Removal (CPR):    0.513ns

    Location             Delay type                Incr(ns)  Path(ns)    Netlist Resource(s)
  -------------------------------------------------------------------    -------------------
                         (clock sys_clk_pin rise edge)
                                                      0.000     0.000 r  
    W5                                                0.000     0.000 r  clk (IN)
                         net (fo=0)                   0.000     0.000    clk
    W5                   IBUF (Prop_ibuf_I_O)         0.226     0.226 r  clk_IBUF_inst/O
                         net (fo=1, routed)           0.631     0.858    clk_IBUF
    BUFGCTRL_X0Y0        BUFG (Prop_bufg_I_O)         0.026     0.884 r  clk_IBUF_BUFG_inst/O
                         net (fo=62, routed)          0.562     1.445    U_FndController/U_Clk_Div_1Khz/CLK
    SLICE_X54Y15         FDCE                                         r  U_FndController/U_Clk_Div_1Khz/div_counter_reg[0]/C
  -------------------------------------------------------------------    -------------------
    SLICE_X54Y15         FDCE (Prop_fdce_C_Q)         0.164     1.609 f  U_FndController/U_Clk_Div_1Khz/div_counter_reg[0]/Q
                         net (fo=3, routed)           0.094     1.703    U_FndController/U_Clk_Div_1Khz/div_counter_reg_n_0_[0]
    SLICE_X55Y15         LUT1 (Prop_lut1_I0_O)        0.048     1.751 r  U_FndController/U_Clk_Div_1Khz/div_counter[0]_i_1__0/O
                         net (fo=1, routed)           0.180     1.931    U_FndController/U_Clk_Div_1Khz/div_counter[0]
    SLICE_X54Y15         FDCE                                         r  U_FndController/U_Clk_Div_1Khz/div_counter_reg[0]/D
  -------------------------------------------------------------------    -------------------

                         (clock sys_clk_pin rise edge)
                                                      0.000     0.000 r  
    W5                                                0.000     0.000 r  clk (IN)
                         net (fo=0)                   0.000     0.000    clk
    W5                   IBUF (Prop_ibuf_I_O)         0.414     0.414 r  clk_IBUF_inst/O
                         net (fo=1, routed)           0.685     1.099    clk_IBUF
    BUFGCTRL_X0Y0        BUFG (Prop_bufg_I_O)         0.029     1.128 r  clk_IBUF_BUFG_inst/O
                         net (fo=62, routed)          0.831     1.958    U_FndController/U_Clk_Div_1Khz/CLK
    SLICE_X54Y15         FDCE                                         r  U_FndController/U_Clk_Div_1Khz/div_counter_reg[0]/C
                         clock pessimism             -0.513     1.445    
    SLICE_X54Y15         FDCE (Hold_fdce_C_D)         0.023     1.468    U_FndController/U_Clk_Div_1Khz/div_counter_reg[0]
  -------------------------------------------------------------------
                         required time                         -1.468    
                         arrival time                           1.931    
  -------------------------------------------------------------------
                         slack                                  0.463    

Slack (MET) :             0.478ns  (arrival time - required time)
  Source:                 U_FndController/U_Clk_Div_1Khz/div_counter_reg[3]/C
                            (rising edge-triggered cell FDCE clocked by sys_clk_pin  {rise@0.000ns fall@5.000ns period=10.000ns})
  Destination:            U_FndController/U_Clk_Div_1Khz/div_counter_reg[8]/D
                            (rising edge-triggered cell FDCE clocked by sys_clk_pin  {rise@0.000ns fall@5.000ns period=10.000ns})
  Path Group:             sys_clk_pin
  Path Type:              Hold (Min at Fast Process Corner)
  Requirement:            0.000ns  (sys_clk_pin rise@0.000ns - sys_clk_pin rise@0.000ns)
  Data Path Delay:        0.618ns  (logic 0.260ns (42.073%)  route 0.358ns (57.927%))
  Logic Levels:           2  (LUT2=1 LUT6=1)
  Clock Path Skew:        0.033ns (DCD - SCD - CPR)
    Destination Clock Delay (DCD):    1.958ns
    Source Clock Delay      (SCD):    1.447ns
    Clock Pessimism Removal (CPR):    0.478ns

    Location             Delay type                Incr(ns)  Path(ns)    Netlist Resource(s)
  -------------------------------------------------------------------    -------------------
                         (clock sys_clk_pin rise edge)
                                                      0.000     0.000 r  
    W5                                                0.000     0.000 r  clk (IN)
                         net (fo=0)                   0.000     0.000    clk
    W5                   IBUF (Prop_ibuf_I_O)         0.226     0.226 r  clk_IBUF_inst/O
                         net (fo=1, routed)           0.631     0.858    clk_IBUF
    BUFGCTRL_X0Y0        BUFG (Prop_bufg_I_O)         0.026     0.884 r  clk_IBUF_BUFG_inst/O
                         net (fo=62, routed)          0.564     1.447    U_FndController/U_Clk_Div_1Khz/CLK
    SLICE_X56Y15         FDCE                                         r  U_FndController/U_Clk_Div_1Khz/div_counter_reg[3]/C
  -------------------------------------------------------------------    -------------------
    SLICE_X56Y15         FDCE (Prop_fdce_C_Q)         0.164     1.611 f  U_FndController/U_Clk_Div_1Khz/div_counter_reg[3]/Q
                         net (fo=2, routed)           0.229     1.840    U_FndController/U_Clk_Div_1Khz/div_counter_reg_n_0_[3]
    SLICE_X55Y15         LUT6 (Prop_lut6_I1_O)        0.045     1.885 f  U_FndController/U_Clk_Div_1Khz/div_counter[16]_i_2/O
                         net (fo=17, routed)          0.129     2.014    U_FndController/U_Clk_Div_1Khz/tick
    SLICE_X55Y15         LUT2 (Prop_lut2_I0_O)        0.051     2.065 r  U_FndController/U_Clk_Div_1Khz/div_counter[8]_i_1__0/O
                         net (fo=1, routed)           0.000     2.065    U_FndController/U_Clk_Div_1Khz/div_counter[8]
    SLICE_X55Y15         FDCE                                         r  U_FndController/U_Clk_Div_1Khz/div_counter_reg[8]/D
  -------------------------------------------------------------------    -------------------

                         (clock sys_clk_pin rise edge)
                                                      0.000     0.000 r  
    W5                                                0.000     0.000 r  clk (IN)
                         net (fo=0)                   0.000     0.000    clk
    W5                   IBUF (Prop_ibuf_I_O)         0.414     0.414 r  clk_IBUF_inst/O
                         net (fo=1, routed)           0.685     1.099    clk_IBUF
    BUFGCTRL_X0Y0        BUFG (Prop_bufg_I_O)         0.029     1.128 r  clk_IBUF_BUFG_inst/O
                         net (fo=62, routed)          0.831     1.958    U_FndController/U_Clk_Div_1Khz/CLK
    SLICE_X55Y15         FDCE                                         r  U_FndController/U_Clk_Div_1Khz/div_counter_reg[8]/C
                         clock pessimism             -0.478     1.480    
    SLICE_X55Y15         FDCE (Hold_fdce_C_D)         0.107     1.587    U_FndController/U_Clk_Div_1Khz/div_counter_reg[8]
  -------------------------------------------------------------------
                         required time                         -1.587    
                         arrival time                           2.065    
  -------------------------------------------------------------------
                         slack                                  0.478    





Pulse Width Checks
--------------------------------------------------------------------------------------
Clock Name:         sys_clk_pin
Waveform(ns):       { 0.000 5.000 }
Period(ns):         10.000
Sources:            { clk }

Check Type        Corner  Lib Pin  Reference Pin  Required(ns)  Actual(ns)  Slack(ns)  Location       Pin
Min Period        n/a     BUFG/I   n/a            2.155         10.000      7.845      BUFGCTRL_X0Y0  clk_IBUF_BUFG_inst/I
Min Period        n/a     FDPE/C   n/a            1.000         10.000      9.000      SLICE_X58Y12   U_CU/FSM_onehot_state_reg[0]/C
Min Period        n/a     FDCE/C   n/a            1.000         10.000      9.000      SLICE_X58Y12   U_CU/FSM_onehot_state_reg[1]/C
Min Period        n/a     FDCE/C   n/a            1.000         10.000      9.000      SLICE_X58Y12   U_CU/FSM_onehot_state_reg[2]/C
Min Period        n/a     FDCE/C   n/a            1.000         10.000      9.000      SLICE_X60Y9    U_Counter/U_Clk_Div_10Hz/div_counter_reg[16]/C
Min Period        n/a     FDCE/C   n/a            1.000         10.000      9.000      SLICE_X60Y9    U_Counter/U_Clk_Div_10Hz/div_counter_reg[17]/C
Min Period        n/a     FDCE/C   n/a            1.000         10.000      9.000      SLICE_X60Y10   U_Counter/U_Clk_Div_10Hz/div_counter_reg[18]/C
Min Period        n/a     FDCE/C   n/a            1.000         10.000      9.000      SLICE_X60Y10   U_Counter/U_Clk_Div_10Hz/div_counter_reg[19]/C
Min Period        n/a     FDCE/C   n/a            1.000         10.000      9.000      SLICE_X60Y6    U_Counter/U_Clk_Div_10Hz/div_counter_reg[1]/C
Min Period        n/a     FDCE/C   n/a            1.000         10.000      9.000      SLICE_X60Y10   U_Counter/U_Clk_Div_10Hz/div_counter_reg[20]/C
Low Pulse Width   Slow    FDCE/C   n/a            0.500         5.000       4.500      SLICE_X56Y15   U_FndController/U_Clk_Div_1Khz/div_counter_reg[2]/C
Low Pulse Width   Slow    FDCE/C   n/a            0.500         5.000       4.500      SLICE_X56Y15   U_FndController/U_Clk_Div_1Khz/div_counter_reg[3]/C
Low Pulse Width   Slow    FDCE/C   n/a            0.500         5.000       4.500      SLICE_X56Y15   U_FndController/U_Clk_Div_1Khz/div_counter_reg[4]/C
Low Pulse Width   Slow    FDCE/C   n/a            0.500         5.000       4.500      SLICE_X55Y15   U_FndController/U_Clk_Div_1Khz/div_counter_reg[5]/C
Low Pulse Width   Slow    FDCE/C   n/a            0.500         5.000       4.500      SLICE_X55Y15   U_FndController/U_Clk_Div_1Khz/div_counter_reg[6]/C
Low Pulse Width   Slow    FDCE/C   n/a            0.500         5.000       4.500      SLICE_X55Y15   U_FndController/U_Clk_Div_1Khz/div_counter_reg[7]/C
Low Pulse Width   Slow    FDCE/C   n/a            0.500         5.000       4.500      SLICE_X55Y15   U_FndController/U_Clk_Div_1Khz/div_counter_reg[8]/C
Low Pulse Width   Slow    FDCE/C   n/a            0.500         5.000       4.500      SLICE_X60Y20   U_FndController/U_Conter_2big/count_reg[0]/C
Low Pulse Width   Slow    FDCE/C   n/a            0.500         5.000       4.500      SLICE_X60Y20   U_FndController/U_Conter_2big/count_reg[1]/C
Low Pulse Width   Slow    FDCE/C   n/a            0.500         5.000       4.500      SLICE_X54Y15   U_FndController/U_Clk_Div_1Khz/div_counter_reg[0]/C
High Pulse Width  Slow    FDCE/C   n/a            0.500         5.000       4.500      SLICE_X60Y6    U_Counter/U_Clk_Div_10Hz/div_counter_reg[1]/C
High Pulse Width  Slow    FDCE/C   n/a            0.500         5.000       4.500      SLICE_X60Y6    U_Counter/U_Clk_Div_10Hz/div_counter_reg[2]/C
High Pulse Width  Slow    FDCE/C   n/a            0.500         5.000       4.500      SLICE_X60Y6    U_Counter/U_Clk_Div_10Hz/div_counter_reg[3]/C
High Pulse Width  Slow    FDCE/C   n/a            0.500         5.000       4.500      SLICE_X60Y6    U_Counter/U_Clk_Div_10Hz/div_counter_reg[4]/C
High Pulse Width  Slow    FDCE/C   n/a            0.500         5.000       4.500      SLICE_X62Y15   U_Counter/U_Counter_Up_Down/counter_reg[0]/C
High Pulse Width  Slow    FDCE/C   n/a            0.500         5.000       4.500      SLICE_X62Y15   U_Counter/U_Counter_Up_Down/counter_reg[10]/C
High Pulse Width  Slow    FDCE/C   n/a            0.500         5.000       4.500      SLICE_X62Y15   U_Counter/U_Counter_Up_Down/counter_reg[11]/C
High Pulse Width  Slow    FDCE/C   n/a            0.500         5.000       4.500      SLICE_X62Y15   U_Counter/U_Counter_Up_Down/counter_reg[12]/C
High Pulse Width  Slow    FDCE/C   n/a            0.500         5.000       4.500      SLICE_X59Y15   U_Counter/U_Counter_Up_Down/counter_reg[9]/C
High Pulse Width  Fast    FDCE/C   n/a            0.500         5.000       4.500      SLICE_X59Y15   U_Counter/U_Counter_Up_Down/counter_reg[9]/C



