Copyright 1986-2020 Xilinx, Inc. All Rights Reserved.
--------------------------------------------------------------------------------------------------------------------------------------------------------------------------------
| Tool Version : Vivado v.2020.2 (win64) Build 3064766 Wed Nov 18 09:12:45 MST 2020
| Date         : Tue Apr 22 16:01:06 2025
| Host         : DESKTOP-7CFQ9ND running 64-bit major release  (build 9200)
| Command      : report_timing_summary -max_paths 10 -file MCU_timing_summary_routed.rpt -pb MCU_timing_summary_routed.pb -rpx MCU_timing_summary_routed.rpx -warn_on_violation
| Design       : MCU
| Device       : 7a35t-cpg236
| Speed File   : -1  PRODUCTION 1.23 2018-06-13
--------------------------------------------------------------------------------------------------------------------------------------------------------------------------------

Timing Summary Report

------------------------------------------------------------------------------------------------
| Timer Settings
| --------------
------------------------------------------------------------------------------------------------

  Enable Multi Corner Analysis               :  Yes
  Enable Pessimism Removal                   :  Yes
  Pessimism Removal Resolution               :  Nearest Common Node
  Enable Input Delay Default Clock           :  No
  Enable Preset / Clear Arcs                 :  No
  Disable Flight Delays                      :  No
  Ignore I/O Paths                           :  No
  Timing Early Launch at Borrowing Latches   :  No
  Borrow Time for Max Delay Exceptions       :  Yes
  Merge Timing Exceptions                    :  Yes

  Corner  Analyze    Analyze    
  Name    Max Paths  Min Paths  
  ------  ---------  ---------  
  Slow    Yes        Yes        
  Fast    Yes        Yes        



check_timing report

Table of Contents
-----------------
1. checking no_clock (0)
2. checking constant_clock (0)
3. checking pulse_width_clock (0)
4. checking unconstrained_internal_endpoints (0)
5. checking no_input_delay (25)
6. checking no_output_delay (35)
7. checking multiple_clock (0)
8. checking generated_clocks (0)
9. checking loops (0)
10. checking partial_input_delay (0)
11. checking partial_output_delay (0)
12. checking latch_loops (0)

1. checking no_clock (0)
------------------------
 There are 0 register/latch pins with no clock.


2. checking constant_clock (0)
------------------------------
 There are 0 register/latch pins with constant_clock.


3. checking pulse_width_clock (0)
---------------------------------
 There are 0 register/latch pins which need pulse_width check


4. checking unconstrained_internal_endpoints (0)
------------------------------------------------
 There are 0 pins that are not constrained for maximum delay.

 There are 0 pins that are not constrained for maximum delay due to constant clock.


5. checking no_input_delay (25)
-------------------------------
 There are 25 input ports with no input delay specified. (HIGH)

 There are 0 input ports with no input delay but user has a false path constraint.


6. checking no_output_delay (35)
--------------------------------
 There are 35 ports with no output delay specified. (HIGH)

 There are 0 ports with no output delay but user has a false path constraint

 There are 0 ports with no output delay but with a timing clock defined on it or propagating through it


7. checking multiple_clock (0)
------------------------------
 There are 0 register/latch pins with multiple clocks.


8. checking generated_clocks (0)
--------------------------------
 There are 0 generated clocks that are not connected to a clock source.


9. checking loops (0)
---------------------
 There are 0 combinational loops in the design.


10. checking partial_input_delay (0)
------------------------------------
 There are 0 input ports with partial input delay specified.


11. checking partial_output_delay (0)
-------------------------------------
 There are 0 ports with partial output delay specified.


12. checking latch_loops (0)
----------------------------
 There are 0 combinational latch loops in the design through latch input



------------------------------------------------------------------------------------------------
| Design Timing Summary
| ---------------------
------------------------------------------------------------------------------------------------

    WNS(ns)      TNS(ns)  TNS Failing Endpoints  TNS Total Endpoints      WHS(ns)      THS(ns)  THS Failing Endpoints  THS Total Endpoints     WPWS(ns)     TPWS(ns)  TPWS Failing Endpoints  TPWS Total Endpoints  
    -------      -------  ---------------------  -------------------      -------      -------  ---------------------  -------------------     --------     --------  ----------------------  --------------------  
      0.364        0.000                      0                 2115        0.075        0.000                      0                 2115        3.750        0.000                       0                   915  


All user specified timing constraints are met.


------------------------------------------------------------------------------------------------
| Clock Summary
| -------------
------------------------------------------------------------------------------------------------

Clock        Waveform(ns)       Period(ns)      Frequency(MHz)
-----        ------------       ----------      --------------
sys_clk_pin  {0.000 5.000}      10.000          100.000         


------------------------------------------------------------------------------------------------
| Intra Clock Table
| -----------------
------------------------------------------------------------------------------------------------

Clock             WNS(ns)      TNS(ns)  TNS Failing Endpoints  TNS Total Endpoints      WHS(ns)      THS(ns)  THS Failing Endpoints  THS Total Endpoints     WPWS(ns)     TPWS(ns)  TPWS Failing Endpoints  TPWS Total Endpoints  
-----             -------      -------  ---------------------  -------------------      -------      -------  ---------------------  -------------------     --------     --------  ----------------------  --------------------  
sys_clk_pin         0.364        0.000                      0                 2115        0.075        0.000                      0                 2115        3.750        0.000                       0                   915  


------------------------------------------------------------------------------------------------
| Inter Clock Table
| -----------------
------------------------------------------------------------------------------------------------

From Clock    To Clock          WNS(ns)      TNS(ns)  TNS Failing Endpoints  TNS Total Endpoints      WHS(ns)      THS(ns)  THS Failing Endpoints  THS Total Endpoints  
----------    --------          -------      -------  ---------------------  -------------------      -------      -------  ---------------------  -------------------  


------------------------------------------------------------------------------------------------
| Other Path Groups Table
| -----------------------
------------------------------------------------------------------------------------------------

Path Group    From Clock    To Clock          WNS(ns)      TNS(ns)  TNS Failing Endpoints  TNS Total Endpoints      WHS(ns)      THS(ns)  THS Failing Endpoints  THS Total Endpoints  
----------    ----------    --------          -------      -------  ---------------------  -------------------      -------      -------  ---------------------  -------------------  


------------------------------------------------------------------------------------------------
| Timing Details
| --------------
------------------------------------------------------------------------------------------------


---------------------------------------------------------------------------------------------------
From Clock:  sys_clk_pin
  To Clock:  sys_clk_pin

Setup :            0  Failing Endpoints,  Worst Slack        0.364ns,  Total Violation        0.000ns
Hold  :            0  Failing Endpoints,  Worst Slack        0.075ns,  Total Violation        0.000ns
PW    :            0  Failing Endpoints,  Worst Slack        3.750ns,  Total Violation        0.000ns
---------------------------------------------------------------------------------------------------


Max Delay Paths
--------------------------------------------------------------------------------------
Slack (MET) :             0.364ns  (required time - arrival time)
  Source:                 U_Core/U_DataPath/U_PC/q_reg[6]/C
                            (rising edge-triggered cell FDCE clocked by sys_clk_pin  {rise@0.000ns fall@5.000ns period=10.000ns})
  Destination:            U_Core/U_DataPath/U_RegFile/RegFile_reg_r2_0_31_24_29/RAMA/I
                            (rising edge-triggered cell RAMD32 clocked by sys_clk_pin  {rise@0.000ns fall@5.000ns period=10.000ns})
  Path Group:             sys_clk_pin
  Path Type:              Setup (Max at Slow Process Corner)
  Requirement:            10.000ns  (sys_clk_pin rise@10.000ns - sys_clk_pin rise@0.000ns)
  Data Path Delay:        9.412ns  (logic 3.133ns (33.287%)  route 6.279ns (66.712%))
  Logic Levels:           14  (CARRY4=7 LUT2=1 LUT4=1 LUT5=2 LUT6=3)
  Clock Path Skew:        -0.028ns (DCD - SCD + CPR)
    Destination Clock Delay (DCD):    4.786ns = ( 14.786 - 10.000 ) 
    Source Clock Delay      (SCD):    5.074ns
    Clock Pessimism Removal (CPR):    0.260ns
  Clock Uncertainty:      0.035ns  ((TSJ^2 + TIJ^2)^1/2 + DJ) / 2 + PE
    Total System Jitter     (TSJ):    0.071ns
    Total Input Jitter      (TIJ):    0.000ns
    Discrete Jitter          (DJ):    0.000ns
    Phase Error              (PE):    0.000ns

    Location             Delay type                Incr(ns)  Path(ns)    Netlist Resource(s)
  -------------------------------------------------------------------    -------------------
                         (clock sys_clk_pin rise edge)
                                                      0.000     0.000 r  
    W5                                                0.000     0.000 r  clk (IN)
                         net (fo=0)                   0.000     0.000    clk
    W5                   IBUF (Prop_ibuf_I_O)         1.458     1.458 r  clk_IBUF_inst/O
                         net (fo=1, routed)           1.967     3.425    clk_IBUF
    BUFGCTRL_X0Y0        BUFG (Prop_bufg_I_O)         0.096     3.521 r  clk_IBUF_BUFG_inst/O
                         net (fo=914, routed)         1.553     5.074    U_Core/U_DataPath/U_PC/clk_IBUF_BUFG
    SLICE_X54Y26         FDCE                                         r  U_Core/U_DataPath/U_PC/q_reg[6]/C
  -------------------------------------------------------------------    -------------------
    SLICE_X54Y26         FDCE (Prop_fdce_C_Q)         0.518     5.592 r  U_Core/U_DataPath/U_PC/q_reg[6]/Q
                         net (fo=100, routed)         1.383     6.976    U_Core/U_DataPath/U_PC/q_reg[31]_0[6]
    SLICE_X53Y24         LUT2 (Prop_lut2_I1_O)        0.152     7.128 r  U_Core/U_DataPath/U_PC/RegFile_reg_r1_0_31_0_5_i_31/O
                         net (fo=1, routed)           0.433     7.561    U_Core/U_DataPath/U_PC/RegFile_reg_r1_0_31_0_5_i_31_n_0
    SLICE_X53Y24         LUT6 (Prop_lut6_I2_O)        0.326     7.887 r  U_Core/U_DataPath/U_PC/RegFile_reg_r1_0_31_0_5_i_8/O
                         net (fo=38, routed)          1.235     9.122    U_Core/U_DataPath/U_PC/q_reg[9]_0[9]
    SLICE_X53Y30         LUT5 (Prop_lut5_I3_O)        0.124     9.246 r  U_Core/U_DataPath/U_PC/q[31]_i_2__1/O
                         net (fo=33, routed)          0.447     9.693    U_Core/U_ControlUnit/RData11__3
    SLICE_X53Y30         LUT4 (Prop_lut4_I3_O)        0.124     9.817 r  U_Core/U_ControlUnit/y_carry_i_5/O
                         net (fo=32, routed)          0.801    10.617    U_Core/U_DataPath/U_DecReg_ImmExtend/y_carry
    SLICE_X55Y26         LUT5 (Prop_lut5_I1_O)        0.124    10.741 r  U_Core/U_DataPath/U_DecReg_ImmExtend/y_carry_i_3/O
                         net (fo=1, routed)           0.000    10.741    U_Core/U_DataPath/U_PC_Imm_Adder/q_reg[3][1]
    SLICE_X55Y26         CARRY4 (Prop_carry4_S[1]_CO[3])
                                                      0.550    11.291 r  U_Core/U_DataPath/U_PC_Imm_Adder/y_carry/CO[3]
                         net (fo=1, routed)           0.000    11.291    U_Core/U_DataPath/U_PC_Imm_Adder/y_carry_n_0
    SLICE_X55Y27         CARRY4 (Prop_carry4_CI_CO[3])
                                                      0.114    11.405 r  U_Core/U_DataPath/U_PC_Imm_Adder/y_carry__0/CO[3]
                         net (fo=1, routed)           0.000    11.405    U_Core/U_DataPath/U_PC_Imm_Adder/y_carry__0_n_0
    SLICE_X55Y28         CARRY4 (Prop_carry4_CI_CO[3])
                                                      0.114    11.519 r  U_Core/U_DataPath/U_PC_Imm_Adder/y_carry__1/CO[3]
                         net (fo=1, routed)           0.000    11.519    U_Core/U_DataPath/U_PC_Imm_Adder/y_carry__1_n_0
    SLICE_X55Y29         CARRY4 (Prop_carry4_CI_CO[3])
                                                      0.114    11.633 r  U_Core/U_DataPath/U_PC_Imm_Adder/y_carry__2/CO[3]
                         net (fo=1, routed)           0.000    11.633    U_Core/U_DataPath/U_PC_Imm_Adder/y_carry__2_n_0
    SLICE_X55Y30         CARRY4 (Prop_carry4_CI_CO[3])
                                                      0.114    11.747 r  U_Core/U_DataPath/U_PC_Imm_Adder/y_carry__3/CO[3]
                         net (fo=1, routed)           0.000    11.747    U_Core/U_DataPath/U_PC_Imm_Adder/y_carry__3_n_0
    SLICE_X55Y31         CARRY4 (Prop_carry4_CI_CO[3])
                                                      0.114    11.861 r  U_Core/U_DataPath/U_PC_Imm_Adder/y_carry__4/CO[3]
                         net (fo=1, routed)           0.000    11.861    U_Core/U_DataPath/U_PC_Imm_Adder/y_carry__4_n_0
    SLICE_X55Y32         CARRY4 (Prop_carry4_CI_O[0])
                                                      0.222    12.083 r  U_Core/U_DataPath/U_PC_Imm_Adder/y_carry__5/O[0]
                         net (fo=2, routed)           0.626    12.709    U_Core/U_ControlUnit/PC_Imm_AdderResult[24]
    SLICE_X56Y34         LUT6 (Prop_lut6_I1_O)        0.299    13.008 r  U_Core/U_ControlUnit/RegFile_reg_r1_0_31_24_29_i_8/O
                         net (fo=1, routed)           0.736    13.744    U_Core/U_ControlUnit/RegFile_reg_r1_0_31_24_29_i_8_n_0
    SLICE_X53Y33         LUT6 (Prop_lut6_I3_O)        0.124    13.868 r  U_Core/U_ControlUnit/RegFile_reg_r1_0_31_24_29_i_2/O
                         net (fo=2, routed)           0.618    14.486    U_Core/U_DataPath/U_RegFile/RegFile_reg_r2_0_31_24_29/DIA0
    SLICE_X52Y33         RAMD32                                       r  U_Core/U_DataPath/U_RegFile/RegFile_reg_r2_0_31_24_29/RAMA/I
  -------------------------------------------------------------------    -------------------

                         (clock sys_clk_pin rise edge)
                                                     10.000    10.000 r  
    W5                                                0.000    10.000 r  clk (IN)
                         net (fo=0)                   0.000    10.000    clk
    W5                   IBUF (Prop_ibuf_I_O)         1.388    11.388 r  clk_IBUF_inst/O
                         net (fo=1, routed)           1.862    13.250    clk_IBUF
    BUFGCTRL_X0Y0        BUFG (Prop_bufg_I_O)         0.091    13.341 r  clk_IBUF_BUFG_inst/O
                         net (fo=914, routed)         1.445    14.786    U_Core/U_DataPath/U_RegFile/RegFile_reg_r2_0_31_24_29/WCLK
    SLICE_X52Y33         RAMD32                                       r  U_Core/U_DataPath/U_RegFile/RegFile_reg_r2_0_31_24_29/RAMA/CLK
                         clock pessimism              0.260    15.046    
                         clock uncertainty           -0.035    15.011    
    SLICE_X52Y33         RAMD32 (Setup_ramd32_CLK_I)
                                                     -0.161    14.850    U_Core/U_DataPath/U_RegFile/RegFile_reg_r2_0_31_24_29/RAMA
  -------------------------------------------------------------------
                         required time                         14.850    
                         arrival time                         -14.486    
  -------------------------------------------------------------------
                         slack                                  0.364    

Slack (MET) :             0.377ns  (required time - arrival time)
  Source:                 U_Core/U_DataPath/U_PC/q_reg[6]/C
                            (rising edge-triggered cell FDCE clocked by sys_clk_pin  {rise@0.000ns fall@5.000ns period=10.000ns})
  Destination:            U_Core/U_DataPath/U_RegFile/RegFile_reg_r2_0_31_18_23/RAMC/I
                            (rising edge-triggered cell RAMD32 clocked by sys_clk_pin  {rise@0.000ns fall@5.000ns period=10.000ns})
  Path Group:             sys_clk_pin
  Path Type:              Setup (Max at Slow Process Corner)
  Requirement:            10.000ns  (sys_clk_pin rise@10.000ns - sys_clk_pin rise@0.000ns)
  Data Path Delay:        9.380ns  (logic 3.039ns (32.398%)  route 6.341ns (67.602%))
  Logic Levels:           13  (CARRY4=6 LUT2=1 LUT4=1 LUT5=2 LUT6=3)
  Clock Path Skew:        -0.032ns (DCD - SCD + CPR)
    Destination Clock Delay (DCD):    4.782ns = ( 14.782 - 10.000 ) 
    Source Clock Delay      (SCD):    5.074ns
    Clock Pessimism Removal (CPR):    0.260ns
  Clock Uncertainty:      0.035ns  ((TSJ^2 + TIJ^2)^1/2 + DJ) / 2 + PE
    Total System Jitter     (TSJ):    0.071ns
    Total Input Jitter      (TIJ):    0.000ns
    Discrete Jitter          (DJ):    0.000ns
    Phase Error              (PE):    0.000ns

    Location             Delay type                Incr(ns)  Path(ns)    Netlist Resource(s)
  -------------------------------------------------------------------    -------------------
                         (clock sys_clk_pin rise edge)
                                                      0.000     0.000 r  
    W5                                                0.000     0.000 r  clk (IN)
                         net (fo=0)                   0.000     0.000    clk
    W5                   IBUF (Prop_ibuf_I_O)         1.458     1.458 r  clk_IBUF_inst/O
                         net (fo=1, routed)           1.967     3.425    clk_IBUF
    BUFGCTRL_X0Y0        BUFG (Prop_bufg_I_O)         0.096     3.521 r  clk_IBUF_BUFG_inst/O
                         net (fo=914, routed)         1.553     5.074    U_Core/U_DataPath/U_PC/clk_IBUF_BUFG
    SLICE_X54Y26         FDCE                                         r  U_Core/U_DataPath/U_PC/q_reg[6]/C
  -------------------------------------------------------------------    -------------------
    SLICE_X54Y26         FDCE (Prop_fdce_C_Q)         0.518     5.592 r  U_Core/U_DataPath/U_PC/q_reg[6]/Q
                         net (fo=100, routed)         1.383     6.976    U_Core/U_DataPath/U_PC/q_reg[31]_0[6]
    SLICE_X53Y24         LUT2 (Prop_lut2_I1_O)        0.152     7.128 r  U_Core/U_DataPath/U_PC/RegFile_reg_r1_0_31_0_5_i_31/O
                         net (fo=1, routed)           0.433     7.561    U_Core/U_DataPath/U_PC/RegFile_reg_r1_0_31_0_5_i_31_n_0
    SLICE_X53Y24         LUT6 (Prop_lut6_I2_O)        0.326     7.887 r  U_Core/U_DataPath/U_PC/RegFile_reg_r1_0_31_0_5_i_8/O
                         net (fo=38, routed)          1.235     9.122    U_Core/U_DataPath/U_PC/q_reg[9]_0[9]
    SLICE_X53Y30         LUT5 (Prop_lut5_I3_O)        0.124     9.246 r  U_Core/U_DataPath/U_PC/q[31]_i_2__1/O
                         net (fo=33, routed)          0.447     9.693    U_Core/U_ControlUnit/RData11__3
    SLICE_X53Y30         LUT4 (Prop_lut4_I3_O)        0.124     9.817 r  U_Core/U_ControlUnit/y_carry_i_5/O
                         net (fo=32, routed)          0.801    10.617    U_Core/U_DataPath/U_DecReg_ImmExtend/y_carry
    SLICE_X55Y26         LUT5 (Prop_lut5_I1_O)        0.124    10.741 r  U_Core/U_DataPath/U_DecReg_ImmExtend/y_carry_i_3/O
                         net (fo=1, routed)           0.000    10.741    U_Core/U_DataPath/U_PC_Imm_Adder/q_reg[3][1]
    SLICE_X55Y26         CARRY4 (Prop_carry4_S[1]_CO[3])
                                                      0.550    11.291 r  U_Core/U_DataPath/U_PC_Imm_Adder/y_carry/CO[3]
                         net (fo=1, routed)           0.000    11.291    U_Core/U_DataPath/U_PC_Imm_Adder/y_carry_n_0
    SLICE_X55Y27         CARRY4 (Prop_carry4_CI_CO[3])
                                                      0.114    11.405 r  U_Core/U_DataPath/U_PC_Imm_Adder/y_carry__0/CO[3]
                         net (fo=1, routed)           0.000    11.405    U_Core/U_DataPath/U_PC_Imm_Adder/y_carry__0_n_0
    SLICE_X55Y28         CARRY4 (Prop_carry4_CI_CO[3])
                                                      0.114    11.519 r  U_Core/U_DataPath/U_PC_Imm_Adder/y_carry__1/CO[3]
                         net (fo=1, routed)           0.000    11.519    U_Core/U_DataPath/U_PC_Imm_Adder/y_carry__1_n_0
    SLICE_X55Y29         CARRY4 (Prop_carry4_CI_CO[3])
                                                      0.114    11.633 r  U_Core/U_DataPath/U_PC_Imm_Adder/y_carry__2/CO[3]
                         net (fo=1, routed)           0.000    11.633    U_Core/U_DataPath/U_PC_Imm_Adder/y_carry__2_n_0
    SLICE_X55Y30         CARRY4 (Prop_carry4_CI_CO[3])
                                                      0.114    11.747 r  U_Core/U_DataPath/U_PC_Imm_Adder/y_carry__3/CO[3]
                         net (fo=1, routed)           0.000    11.747    U_Core/U_DataPath/U_PC_Imm_Adder/y_carry__3_n_0
    SLICE_X55Y31         CARRY4 (Prop_carry4_CI_O[2])
                                                      0.239    11.986 r  U_Core/U_DataPath/U_PC_Imm_Adder/y_carry__4/O[2]
                         net (fo=2, routed)           0.556    12.542    U_Core/U_ControlUnit/PC_Imm_AdderResult[22]
    SLICE_X58Y31         LUT6 (Prop_lut6_I1_O)        0.302    12.844 r  U_Core/U_ControlUnit/RegFile_reg_r1_0_31_18_23_i_12/O
                         net (fo=1, routed)           0.815    13.659    U_Core/U_ControlUnit/RegFile_reg_r1_0_31_18_23_i_12_n_0
    SLICE_X53Y31         LUT6 (Prop_lut6_I3_O)        0.124    13.783 r  U_Core/U_ControlUnit/RegFile_reg_r1_0_31_18_23_i_6/O
                         net (fo=2, routed)           0.672    14.455    U_Core/U_DataPath/U_RegFile/RegFile_reg_r2_0_31_18_23/DIC0
    SLICE_X52Y29         RAMD32                                       r  U_Core/U_DataPath/U_RegFile/RegFile_reg_r2_0_31_18_23/RAMC/I
  -------------------------------------------------------------------    -------------------

                         (clock sys_clk_pin rise edge)
                                                     10.000    10.000 r  
    W5                                                0.000    10.000 r  clk (IN)
                         net (fo=0)                   0.000    10.000    clk
    W5                   IBUF (Prop_ibuf_I_O)         1.388    11.388 r  clk_IBUF_inst/O
                         net (fo=1, routed)           1.862    13.250    clk_IBUF
    BUFGCTRL_X0Y0        BUFG (Prop_bufg_I_O)         0.091    13.341 r  clk_IBUF_BUFG_inst/O
                         net (fo=914, routed)         1.441    14.782    U_Core/U_DataPath/U_RegFile/RegFile_reg_r2_0_31_18_23/WCLK
    SLICE_X52Y29         RAMD32                                       r  U_Core/U_DataPath/U_RegFile/RegFile_reg_r2_0_31_18_23/RAMC/CLK
                         clock pessimism              0.260    15.042    
                         clock uncertainty           -0.035    15.007    
    SLICE_X52Y29         RAMD32 (Setup_ramd32_CLK_I)
                                                     -0.175    14.832    U_Core/U_DataPath/U_RegFile/RegFile_reg_r2_0_31_18_23/RAMC
  -------------------------------------------------------------------
                         required time                         14.832    
                         arrival time                         -14.455    
  -------------------------------------------------------------------
                         slack                                  0.377    

Slack (MET) :             0.394ns  (required time - arrival time)
  Source:                 U_Core/U_DataPath/U_PC/q_reg[6]/C
                            (rising edge-triggered cell FDCE clocked by sys_clk_pin  {rise@0.000ns fall@5.000ns period=10.000ns})
  Destination:            U_Core/U_DataPath/U_RegFile/RegFile_reg_r2_0_31_18_23/RAMB/I
                            (rising edge-triggered cell RAMD32 clocked by sys_clk_pin  {rise@0.000ns fall@5.000ns period=10.000ns})
  Path Group:             sys_clk_pin
  Path Type:              Setup (Max at Slow Process Corner)
  Requirement:            10.000ns  (sys_clk_pin rise@10.000ns - sys_clk_pin rise@0.000ns)
  Data Path Delay:        9.353ns  (logic 3.019ns (32.278%)  route 6.334ns (67.722%))
  Logic Levels:           13  (CARRY4=6 LUT2=1 LUT4=1 LUT5=2 LUT6=3)
  Clock Path Skew:        -0.032ns (DCD - SCD + CPR)
    Destination Clock Delay (DCD):    4.782ns = ( 14.782 - 10.000 ) 
    Source Clock Delay      (SCD):    5.074ns
    Clock Pessimism Removal (CPR):    0.260ns
  Clock Uncertainty:      0.035ns  ((TSJ^2 + TIJ^2)^1/2 + DJ) / 2 + PE
    Total System Jitter     (TSJ):    0.071ns
    Total Input Jitter      (TIJ):    0.000ns
    Discrete Jitter          (DJ):    0.000ns
    Phase Error              (PE):    0.000ns

    Location             Delay type                Incr(ns)  Path(ns)    Netlist Resource(s)
  -------------------------------------------------------------------    -------------------
                         (clock sys_clk_pin rise edge)
                                                      0.000     0.000 r  
    W5                                                0.000     0.000 r  clk (IN)
                         net (fo=0)                   0.000     0.000    clk
    W5                   IBUF (Prop_ibuf_I_O)         1.458     1.458 r  clk_IBUF_inst/O
                         net (fo=1, routed)           1.967     3.425    clk_IBUF
    BUFGCTRL_X0Y0        BUFG (Prop_bufg_I_O)         0.096     3.521 r  clk_IBUF_BUFG_inst/O
                         net (fo=914, routed)         1.553     5.074    U_Core/U_DataPath/U_PC/clk_IBUF_BUFG
    SLICE_X54Y26         FDCE                                         r  U_Core/U_DataPath/U_PC/q_reg[6]/C
  -------------------------------------------------------------------    -------------------
    SLICE_X54Y26         FDCE (Prop_fdce_C_Q)         0.518     5.592 r  U_Core/U_DataPath/U_PC/q_reg[6]/Q
                         net (fo=100, routed)         1.383     6.976    U_Core/U_DataPath/U_PC/q_reg[31]_0[6]
    SLICE_X53Y24         LUT2 (Prop_lut2_I1_O)        0.152     7.128 r  U_Core/U_DataPath/U_PC/RegFile_reg_r1_0_31_0_5_i_31/O
                         net (fo=1, routed)           0.433     7.561    U_Core/U_DataPath/U_PC/RegFile_reg_r1_0_31_0_5_i_31_n_0
    SLICE_X53Y24         LUT6 (Prop_lut6_I2_O)        0.326     7.887 r  U_Core/U_DataPath/U_PC/RegFile_reg_r1_0_31_0_5_i_8/O
                         net (fo=38, routed)          1.235     9.122    U_Core/U_DataPath/U_PC/q_reg[9]_0[9]
    SLICE_X53Y30         LUT5 (Prop_lut5_I3_O)        0.124     9.246 r  U_Core/U_DataPath/U_PC/q[31]_i_2__1/O
                         net (fo=33, routed)          0.447     9.693    U_Core/U_ControlUnit/RData11__3
    SLICE_X53Y30         LUT4 (Prop_lut4_I3_O)        0.124     9.817 r  U_Core/U_ControlUnit/y_carry_i_5/O
                         net (fo=32, routed)          0.801    10.617    U_Core/U_DataPath/U_DecReg_ImmExtend/y_carry
    SLICE_X55Y26         LUT5 (Prop_lut5_I1_O)        0.124    10.741 r  U_Core/U_DataPath/U_DecReg_ImmExtend/y_carry_i_3/O
                         net (fo=1, routed)           0.000    10.741    U_Core/U_DataPath/U_PC_Imm_Adder/q_reg[3][1]
    SLICE_X55Y26         CARRY4 (Prop_carry4_S[1]_CO[3])
                                                      0.550    11.291 r  U_Core/U_DataPath/U_PC_Imm_Adder/y_carry/CO[3]
                         net (fo=1, routed)           0.000    11.291    U_Core/U_DataPath/U_PC_Imm_Adder/y_carry_n_0
    SLICE_X55Y27         CARRY4 (Prop_carry4_CI_CO[3])
                                                      0.114    11.405 r  U_Core/U_DataPath/U_PC_Imm_Adder/y_carry__0/CO[3]
                         net (fo=1, routed)           0.000    11.405    U_Core/U_DataPath/U_PC_Imm_Adder/y_carry__0_n_0
    SLICE_X55Y28         CARRY4 (Prop_carry4_CI_CO[3])
                                                      0.114    11.519 r  U_Core/U_DataPath/U_PC_Imm_Adder/y_carry__1/CO[3]
                         net (fo=1, routed)           0.000    11.519    U_Core/U_DataPath/U_PC_Imm_Adder/y_carry__1_n_0
    SLICE_X55Y29         CARRY4 (Prop_carry4_CI_CO[3])
                                                      0.114    11.633 r  U_Core/U_DataPath/U_PC_Imm_Adder/y_carry__2/CO[3]
                         net (fo=1, routed)           0.000    11.633    U_Core/U_DataPath/U_PC_Imm_Adder/y_carry__2_n_0
    SLICE_X55Y30         CARRY4 (Prop_carry4_CI_CO[3])
                                                      0.114    11.747 r  U_Core/U_DataPath/U_PC_Imm_Adder/y_carry__3/CO[3]
                         net (fo=1, routed)           0.000    11.747    U_Core/U_DataPath/U_PC_Imm_Adder/y_carry__3_n_0
    SLICE_X55Y31         CARRY4 (Prop_carry4_CI_O[0])
                                                      0.222    11.969 r  U_Core/U_DataPath/U_PC_Imm_Adder/y_carry__4/O[0]
                         net (fo=2, routed)           0.713    12.683    U_Core/U_ControlUnit/PC_Imm_AdderResult[20]
    SLICE_X58Y31         LUT6 (Prop_lut6_I1_O)        0.299    12.982 r  U_Core/U_ControlUnit/RegFile_reg_r1_0_31_18_23_i_10/O
                         net (fo=1, routed)           0.566    13.548    U_Core/U_ControlUnit/RegFile_reg_r1_0_31_18_23_i_10_n_0
    SLICE_X53Y31         LUT6 (Prop_lut6_I3_O)        0.124    13.672 r  U_Core/U_ControlUnit/RegFile_reg_r1_0_31_18_23_i_4/O
                         net (fo=2, routed)           0.755    14.427    U_Core/U_DataPath/U_RegFile/RegFile_reg_r2_0_31_18_23/DIB0
    SLICE_X52Y29         RAMD32                                       r  U_Core/U_DataPath/U_RegFile/RegFile_reg_r2_0_31_18_23/RAMB/I
  -------------------------------------------------------------------    -------------------

                         (clock sys_clk_pin rise edge)
                                                     10.000    10.000 r  
    W5                                                0.000    10.000 r  clk (IN)
                         net (fo=0)                   0.000    10.000    clk
    W5                   IBUF (Prop_ibuf_I_O)         1.388    11.388 r  clk_IBUF_inst/O
                         net (fo=1, routed)           1.862    13.250    clk_IBUF
    BUFGCTRL_X0Y0        BUFG (Prop_bufg_I_O)         0.091    13.341 r  clk_IBUF_BUFG_inst/O
                         net (fo=914, routed)         1.441    14.782    U_Core/U_DataPath/U_RegFile/RegFile_reg_r2_0_31_18_23/WCLK
    SLICE_X52Y29         RAMD32                                       r  U_Core/U_DataPath/U_RegFile/RegFile_reg_r2_0_31_18_23/RAMB/CLK
                         clock pessimism              0.260    15.042    
                         clock uncertainty           -0.035    15.007    
    SLICE_X52Y29         RAMD32 (Setup_ramd32_CLK_I)
                                                     -0.185    14.822    U_Core/U_DataPath/U_RegFile/RegFile_reg_r2_0_31_18_23/RAMB
  -------------------------------------------------------------------
                         required time                         14.822    
                         arrival time                         -14.427    
  -------------------------------------------------------------------
                         slack                                  0.394    

Slack (MET) :             0.448ns  (required time - arrival time)
  Source:                 U_Core/U_DataPath/U_PC/q_reg[6]/C
                            (rising edge-triggered cell FDCE clocked by sys_clk_pin  {rise@0.000ns fall@5.000ns period=10.000ns})
  Destination:            U_Core/U_DataPath/U_RegFile/RegFile_reg_r1_0_31_24_29/RAMA/I
                            (rising edge-triggered cell RAMD32 clocked by sys_clk_pin  {rise@0.000ns fall@5.000ns period=10.000ns})
  Path Group:             sys_clk_pin
  Path Type:              Setup (Max at Slow Process Corner)
  Requirement:            10.000ns  (sys_clk_pin rise@10.000ns - sys_clk_pin rise@0.000ns)
  Data Path Delay:        9.326ns  (logic 3.133ns (33.593%)  route 6.193ns (66.407%))
  Logic Levels:           14  (CARRY4=7 LUT2=1 LUT4=1 LUT5=2 LUT6=3)
  Clock Path Skew:        -0.029ns (DCD - SCD + CPR)
    Destination Clock Delay (DCD):    4.785ns = ( 14.785 - 10.000 ) 
    Source Clock Delay      (SCD):    5.074ns
    Clock Pessimism Removal (CPR):    0.260ns
  Clock Uncertainty:      0.035ns  ((TSJ^2 + TIJ^2)^1/2 + DJ) / 2 + PE
    Total System Jitter     (TSJ):    0.071ns
    Total Input Jitter      (TIJ):    0.000ns
    Discrete Jitter          (DJ):    0.000ns
    Phase Error              (PE):    0.000ns

    Location             Delay type                Incr(ns)  Path(ns)    Netlist Resource(s)
  -------------------------------------------------------------------    -------------------
                         (clock sys_clk_pin rise edge)
                                                      0.000     0.000 r  
    W5                                                0.000     0.000 r  clk (IN)
                         net (fo=0)                   0.000     0.000    clk
    W5                   IBUF (Prop_ibuf_I_O)         1.458     1.458 r  clk_IBUF_inst/O
                         net (fo=1, routed)           1.967     3.425    clk_IBUF
    BUFGCTRL_X0Y0        BUFG (Prop_bufg_I_O)         0.096     3.521 r  clk_IBUF_BUFG_inst/O
                         net (fo=914, routed)         1.553     5.074    U_Core/U_DataPath/U_PC/clk_IBUF_BUFG
    SLICE_X54Y26         FDCE                                         r  U_Core/U_DataPath/U_PC/q_reg[6]/C
  -------------------------------------------------------------------    -------------------
    SLICE_X54Y26         FDCE (Prop_fdce_C_Q)         0.518     5.592 r  U_Core/U_DataPath/U_PC/q_reg[6]/Q
                         net (fo=100, routed)         1.383     6.976    U_Core/U_DataPath/U_PC/q_reg[31]_0[6]
    SLICE_X53Y24         LUT2 (Prop_lut2_I1_O)        0.152     7.128 r  U_Core/U_DataPath/U_PC/RegFile_reg_r1_0_31_0_5_i_31/O
                         net (fo=1, routed)           0.433     7.561    U_Core/U_DataPath/U_PC/RegFile_reg_r1_0_31_0_5_i_31_n_0
    SLICE_X53Y24         LUT6 (Prop_lut6_I2_O)        0.326     7.887 r  U_Core/U_DataPath/U_PC/RegFile_reg_r1_0_31_0_5_i_8/O
                         net (fo=38, routed)          1.235     9.122    U_Core/U_DataPath/U_PC/q_reg[9]_0[9]
    SLICE_X53Y30         LUT5 (Prop_lut5_I3_O)        0.124     9.246 r  U_Core/U_DataPath/U_PC/q[31]_i_2__1/O
                         net (fo=33, routed)          0.447     9.693    U_Core/U_ControlUnit/RData11__3
    SLICE_X53Y30         LUT4 (Prop_lut4_I3_O)        0.124     9.817 r  U_Core/U_ControlUnit/y_carry_i_5/O
                         net (fo=32, routed)          0.801    10.617    U_Core/U_DataPath/U_DecReg_ImmExtend/y_carry
    SLICE_X55Y26         LUT5 (Prop_lut5_I1_O)        0.124    10.741 r  U_Core/U_DataPath/U_DecReg_ImmExtend/y_carry_i_3/O
                         net (fo=1, routed)           0.000    10.741    U_Core/U_DataPath/U_PC_Imm_Adder/q_reg[3][1]
    SLICE_X55Y26         CARRY4 (Prop_carry4_S[1]_CO[3])
                                                      0.550    11.291 r  U_Core/U_DataPath/U_PC_Imm_Adder/y_carry/CO[3]
                         net (fo=1, routed)           0.000    11.291    U_Core/U_DataPath/U_PC_Imm_Adder/y_carry_n_0
    SLICE_X55Y27         CARRY4 (Prop_carry4_CI_CO[3])
                                                      0.114    11.405 r  U_Core/U_DataPath/U_PC_Imm_Adder/y_carry__0/CO[3]
                         net (fo=1, routed)           0.000    11.405    U_Core/U_DataPath/U_PC_Imm_Adder/y_carry__0_n_0
    SLICE_X55Y28         CARRY4 (Prop_carry4_CI_CO[3])
                                                      0.114    11.519 r  U_Core/U_DataPath/U_PC_Imm_Adder/y_carry__1/CO[3]
                         net (fo=1, routed)           0.000    11.519    U_Core/U_DataPath/U_PC_Imm_Adder/y_carry__1_n_0
    SLICE_X55Y29         CARRY4 (Prop_carry4_CI_CO[3])
                                                      0.114    11.633 r  U_Core/U_DataPath/U_PC_Imm_Adder/y_carry__2/CO[3]
                         net (fo=1, routed)           0.000    11.633    U_Core/U_DataPath/U_PC_Imm_Adder/y_carry__2_n_0
    SLICE_X55Y30         CARRY4 (Prop_carry4_CI_CO[3])
                                                      0.114    11.747 r  U_Core/U_DataPath/U_PC_Imm_Adder/y_carry__3/CO[3]
                         net (fo=1, routed)           0.000    11.747    U_Core/U_DataPath/U_PC_Imm_Adder/y_carry__3_n_0
    SLICE_X55Y31         CARRY4 (Prop_carry4_CI_CO[3])
                                                      0.114    11.861 r  U_Core/U_DataPath/U_PC_Imm_Adder/y_carry__4/CO[3]
                         net (fo=1, routed)           0.000    11.861    U_Core/U_DataPath/U_PC_Imm_Adder/y_carry__4_n_0
    SLICE_X55Y32         CARRY4 (Prop_carry4_CI_O[0])
                                                      0.222    12.083 r  U_Core/U_DataPath/U_PC_Imm_Adder/y_carry__5/O[0]
                         net (fo=2, routed)           0.626    12.709    U_Core/U_ControlUnit/PC_Imm_AdderResult[24]
    SLICE_X56Y34         LUT6 (Prop_lut6_I1_O)        0.299    13.008 r  U_Core/U_ControlUnit/RegFile_reg_r1_0_31_24_29_i_8/O
                         net (fo=1, routed)           0.736    13.744    U_Core/U_ControlUnit/RegFile_reg_r1_0_31_24_29_i_8_n_0
    SLICE_X53Y33         LUT6 (Prop_lut6_I3_O)        0.124    13.868 r  U_Core/U_ControlUnit/RegFile_reg_r1_0_31_24_29_i_2/O
                         net (fo=2, routed)           0.532    14.401    U_Core/U_DataPath/U_RegFile/RegFile_reg_r1_0_31_24_29/DIA0
    SLICE_X52Y32         RAMD32                                       r  U_Core/U_DataPath/U_RegFile/RegFile_reg_r1_0_31_24_29/RAMA/I
  -------------------------------------------------------------------    -------------------

                         (clock sys_clk_pin rise edge)
                                                     10.000    10.000 r  
    W5                                                0.000    10.000 r  clk (IN)
                         net (fo=0)                   0.000    10.000    clk
    W5                   IBUF (Prop_ibuf_I_O)         1.388    11.388 r  clk_IBUF_inst/O
                         net (fo=1, routed)           1.862    13.250    clk_IBUF
    BUFGCTRL_X0Y0        BUFG (Prop_bufg_I_O)         0.091    13.341 r  clk_IBUF_BUFG_inst/O
                         net (fo=914, routed)         1.444    14.785    U_Core/U_DataPath/U_RegFile/RegFile_reg_r1_0_31_24_29/WCLK
    SLICE_X52Y32         RAMD32                                       r  U_Core/U_DataPath/U_RegFile/RegFile_reg_r1_0_31_24_29/RAMA/CLK
                         clock pessimism              0.260    15.045    
                         clock uncertainty           -0.035    15.010    
    SLICE_X52Y32         RAMD32 (Setup_ramd32_CLK_I)
                                                     -0.161    14.849    U_Core/U_DataPath/U_RegFile/RegFile_reg_r1_0_31_24_29/RAMA
  -------------------------------------------------------------------
                         required time                         14.849    
                         arrival time                         -14.401    
  -------------------------------------------------------------------
                         slack                                  0.448    

Slack (MET) :             0.456ns  (required time - arrival time)
  Source:                 U_Core/U_DataPath/U_PC/q_reg[6]/C
                            (rising edge-triggered cell FDCE clocked by sys_clk_pin  {rise@0.000ns fall@5.000ns period=10.000ns})
  Destination:            U_Core/U_DataPath/U_RegFile/RegFile_reg_r1_0_31_24_29/RAMC_D1/I
                            (rising edge-triggered cell RAMD32 clocked by sys_clk_pin  {rise@0.000ns fall@5.000ns period=10.000ns})
  Path Group:             sys_clk_pin
  Path Type:              Setup (Max at Slow Process Corner)
  Requirement:            10.000ns  (sys_clk_pin rise@10.000ns - sys_clk_pin rise@0.000ns)
  Data Path Delay:        9.230ns  (logic 3.363ns (36.434%)  route 5.867ns (63.566%))
  Logic Levels:           15  (CARRY4=8 LUT2=1 LUT4=1 LUT5=2 LUT6=3)
  Clock Path Skew:        -0.029ns (DCD - SCD + CPR)
    Destination Clock Delay (DCD):    4.785ns = ( 14.785 - 10.000 ) 
    Source Clock Delay      (SCD):    5.074ns
    Clock Pessimism Removal (CPR):    0.260ns
  Clock Uncertainty:      0.035ns  ((TSJ^2 + TIJ^2)^1/2 + DJ) / 2 + PE
    Total System Jitter     (TSJ):    0.071ns
    Total Input Jitter      (TIJ):    0.000ns
    Discrete Jitter          (DJ):    0.000ns
    Phase Error              (PE):    0.000ns

    Location             Delay type                Incr(ns)  Path(ns)    Netlist Resource(s)
  -------------------------------------------------------------------    -------------------
                         (clock sys_clk_pin rise edge)
                                                      0.000     0.000 r  
    W5                                                0.000     0.000 r  clk (IN)
                         net (fo=0)                   0.000     0.000    clk
    W5                   IBUF (Prop_ibuf_I_O)         1.458     1.458 r  clk_IBUF_inst/O
                         net (fo=1, routed)           1.967     3.425    clk_IBUF
    BUFGCTRL_X0Y0        BUFG (Prop_bufg_I_O)         0.096     3.521 r  clk_IBUF_BUFG_inst/O
                         net (fo=914, routed)         1.553     5.074    U_Core/U_DataPath/U_PC/clk_IBUF_BUFG
    SLICE_X54Y26         FDCE                                         r  U_Core/U_DataPath/U_PC/q_reg[6]/C
  -------------------------------------------------------------------    -------------------
    SLICE_X54Y26         FDCE (Prop_fdce_C_Q)         0.518     5.592 r  U_Core/U_DataPath/U_PC/q_reg[6]/Q
                         net (fo=100, routed)         1.383     6.976    U_Core/U_DataPath/U_PC/q_reg[31]_0[6]
    SLICE_X53Y24         LUT2 (Prop_lut2_I1_O)        0.152     7.128 r  U_Core/U_DataPath/U_PC/RegFile_reg_r1_0_31_0_5_i_31/O
                         net (fo=1, routed)           0.433     7.561    U_Core/U_DataPath/U_PC/RegFile_reg_r1_0_31_0_5_i_31_n_0
    SLICE_X53Y24         LUT6 (Prop_lut6_I2_O)        0.326     7.887 r  U_Core/U_DataPath/U_PC/RegFile_reg_r1_0_31_0_5_i_8/O
                         net (fo=38, routed)          1.235     9.122    U_Core/U_DataPath/U_PC/q_reg[9]_0[9]
    SLICE_X53Y30         LUT5 (Prop_lut5_I3_O)        0.124     9.246 r  U_Core/U_DataPath/U_PC/q[31]_i_2__1/O
                         net (fo=33, routed)          0.447     9.693    U_Core/U_ControlUnit/RData11__3
    SLICE_X53Y30         LUT4 (Prop_lut4_I3_O)        0.124     9.817 r  U_Core/U_ControlUnit/y_carry_i_5/O
                         net (fo=32, routed)          0.801    10.617    U_Core/U_DataPath/U_DecReg_ImmExtend/y_carry
    SLICE_X55Y26         LUT5 (Prop_lut5_I1_O)        0.124    10.741 r  U_Core/U_DataPath/U_DecReg_ImmExtend/y_carry_i_3/O
                         net (fo=1, routed)           0.000    10.741    U_Core/U_DataPath/U_PC_Imm_Adder/q_reg[3][1]
    SLICE_X55Y26         CARRY4 (Prop_carry4_S[1]_CO[3])
                                                      0.550    11.291 r  U_Core/U_DataPath/U_PC_Imm_Adder/y_carry/CO[3]
                         net (fo=1, routed)           0.000    11.291    U_Core/U_DataPath/U_PC_Imm_Adder/y_carry_n_0
    SLICE_X55Y27         CARRY4 (Prop_carry4_CI_CO[3])
                                                      0.114    11.405 r  U_Core/U_DataPath/U_PC_Imm_Adder/y_carry__0/CO[3]
                         net (fo=1, routed)           0.000    11.405    U_Core/U_DataPath/U_PC_Imm_Adder/y_carry__0_n_0
    SLICE_X55Y28         CARRY4 (Prop_carry4_CI_CO[3])
                                                      0.114    11.519 r  U_Core/U_DataPath/U_PC_Imm_Adder/y_carry__1/CO[3]
                         net (fo=1, routed)           0.000    11.519    U_Core/U_DataPath/U_PC_Imm_Adder/y_carry__1_n_0
    SLICE_X55Y29         CARRY4 (Prop_carry4_CI_CO[3])
                                                      0.114    11.633 r  U_Core/U_DataPath/U_PC_Imm_Adder/y_carry__2/CO[3]
                         net (fo=1, routed)           0.000    11.633    U_Core/U_DataPath/U_PC_Imm_Adder/y_carry__2_n_0
    SLICE_X55Y30         CARRY4 (Prop_carry4_CI_CO[3])
                                                      0.114    11.747 r  U_Core/U_DataPath/U_PC_Imm_Adder/y_carry__3/CO[3]
                         net (fo=1, routed)           0.000    11.747    U_Core/U_DataPath/U_PC_Imm_Adder/y_carry__3_n_0
    SLICE_X55Y31         CARRY4 (Prop_carry4_CI_CO[3])
                                                      0.114    11.861 r  U_Core/U_DataPath/U_PC_Imm_Adder/y_carry__4/CO[3]
                         net (fo=1, routed)           0.000    11.861    U_Core/U_DataPath/U_PC_Imm_Adder/y_carry__4_n_0
    SLICE_X55Y32         CARRY4 (Prop_carry4_CI_CO[3])
                                                      0.114    11.975 r  U_Core/U_DataPath/U_PC_Imm_Adder/y_carry__5/CO[3]
                         net (fo=1, routed)           0.000    11.975    U_Core/U_DataPath/U_PC_Imm_Adder/y_carry__5_n_0
    SLICE_X55Y33         CARRY4 (Prop_carry4_CI_O[1])
                                                      0.334    12.309 r  U_Core/U_DataPath/U_PC_Imm_Adder/y_carry__6/O[1]
                         net (fo=2, routed)           0.471    12.780    U_Core/U_ControlUnit/PC_Imm_AdderResult[29]
    SLICE_X56Y34         LUT6 (Prop_lut6_I1_O)        0.303    13.083 r  U_Core/U_ControlUnit/RegFile_reg_r1_0_31_24_29_i_11/O
                         net (fo=1, routed)           0.442    13.525    U_Core/U_ControlUnit/RegFile_reg_r1_0_31_24_29_i_11_n_0
    SLICE_X55Y34         LUT6 (Prop_lut6_I3_O)        0.124    13.649 r  U_Core/U_ControlUnit/RegFile_reg_r1_0_31_24_29_i_5/O
                         net (fo=2, routed)           0.656    14.305    U_Core/U_DataPath/U_RegFile/RegFile_reg_r1_0_31_24_29/DIC1
    SLICE_X52Y32         RAMD32                                       r  U_Core/U_DataPath/U_RegFile/RegFile_reg_r1_0_31_24_29/RAMC_D1/I
  -------------------------------------------------------------------    -------------------

                         (clock sys_clk_pin rise edge)
                                                     10.000    10.000 r  
    W5                                                0.000    10.000 r  clk (IN)
                         net (fo=0)                   0.000    10.000    clk
    W5                   IBUF (Prop_ibuf_I_O)         1.388    11.388 r  clk_IBUF_inst/O
                         net (fo=1, routed)           1.862    13.250    clk_IBUF
    BUFGCTRL_X0Y0        BUFG (Prop_bufg_I_O)         0.091    13.341 r  clk_IBUF_BUFG_inst/O
                         net (fo=914, routed)         1.444    14.785    U_Core/U_DataPath/U_RegFile/RegFile_reg_r1_0_31_24_29/WCLK
    SLICE_X52Y32         RAMD32                                       r  U_Core/U_DataPath/U_RegFile/RegFile_reg_r1_0_31_24_29/RAMC_D1/CLK
                         clock pessimism              0.260    15.045    
                         clock uncertainty           -0.035    15.010    
    SLICE_X52Y32         RAMD32 (Setup_ramd32_CLK_I)
                                                     -0.249    14.761    U_Core/U_DataPath/U_RegFile/RegFile_reg_r1_0_31_24_29/RAMC_D1
  -------------------------------------------------------------------
                         required time                         14.761    
                         arrival time                         -14.305    
  -------------------------------------------------------------------
                         slack                                  0.456    

Slack (MET) :             0.491ns  (required time - arrival time)
  Source:                 U_Core/U_ControlUnit/FSM_sequential_state_reg[1]/C
                            (rising edge-triggered cell FDCE clocked by sys_clk_pin  {rise@0.000ns fall@5.000ns period=10.000ns})
  Destination:            U_Core/U_DataPath/U_RegFile/RegFile_reg_r2_0_31_18_23/RAMA_D1/I
                            (rising edge-triggered cell RAMD32 clocked by sys_clk_pin  {rise@0.000ns fall@5.000ns period=10.000ns})
  Path Group:             sys_clk_pin
  Path Type:              Setup (Max at Slow Process Corner)
  Requirement:            10.000ns  (sys_clk_pin rise@10.000ns - sys_clk_pin rise@0.000ns)
  Data Path Delay:        9.120ns  (logic 3.077ns (33.740%)  route 6.043ns (66.260%))
  Logic Levels:           10  (CARRY4=4 LUT2=1 LUT4=2 LUT6=3)
  Clock Path Skew:        -0.096ns (DCD - SCD + CPR)
    Destination Clock Delay (DCD):    4.782ns = ( 14.782 - 10.000 ) 
    Source Clock Delay      (SCD):    5.138ns
    Clock Pessimism Removal (CPR):    0.260ns
  Clock Uncertainty:      0.035ns  ((TSJ^2 + TIJ^2)^1/2 + DJ) / 2 + PE
    Total System Jitter     (TSJ):    0.071ns
    Total Input Jitter      (TIJ):    0.000ns
    Discrete Jitter          (DJ):    0.000ns
    Phase Error              (PE):    0.000ns

    Location             Delay type                Incr(ns)  Path(ns)    Netlist Resource(s)
  -------------------------------------------------------------------    -------------------
                         (clock sys_clk_pin rise edge)
                                                      0.000     0.000 r  
    W5                                                0.000     0.000 r  clk (IN)
                         net (fo=0)                   0.000     0.000    clk
    W5                   IBUF (Prop_ibuf_I_O)         1.458     1.458 r  clk_IBUF_inst/O
                         net (fo=1, routed)           1.967     3.425    clk_IBUF
    BUFGCTRL_X0Y0        BUFG (Prop_bufg_I_O)         0.096     3.521 r  clk_IBUF_BUFG_inst/O
                         net (fo=914, routed)         1.617     5.138    U_Core/U_ControlUnit/clk_IBUF_BUFG
    SLICE_X58Y25         FDCE                                         r  U_Core/U_ControlUnit/FSM_sequential_state_reg[1]/C
  -------------------------------------------------------------------    -------------------
    SLICE_X58Y25         FDCE (Prop_fdce_C_Q)         0.419     5.557 r  U_Core/U_ControlUnit/FSM_sequential_state_reg[1]/Q
                         net (fo=61, routed)          1.418     6.976    U_Core/U_ControlUnit/FSM_sequential_state_reg[3]_0[1]
    SLICE_X51Y28         LUT4 (Prop_lut4_I0_O)        0.327     7.303 r  U_Core/U_ControlUnit/result0_carry_i_5/O
                         net (fo=117, routed)         0.999     8.302    U_Core/U_DataPath/U_DecReg_RFRD1/aluSrcMuxSel
    SLICE_X41Y25         LUT4 (Prop_lut4_I2_O)        0.326     8.628 r  U_Core/U_DataPath/U_DecReg_RFRD1/result0_carry__0_i_3/O
                         net (fo=1, routed)           0.000     8.628    U_Core/U_DataPath/U_ALU/q[4]_i_9_0[1]
    SLICE_X41Y25         CARRY4 (Prop_carry4_S[1]_CO[3])
                                                      0.550     9.178 r  U_Core/U_DataPath/U_ALU/result0_carry__0/CO[3]
                         net (fo=1, routed)           0.000     9.178    U_Core/U_DataPath/U_ALU/result0_carry__0_n_0
    SLICE_X41Y26         CARRY4 (Prop_carry4_CI_CO[3])
                                                      0.114     9.292 r  U_Core/U_DataPath/U_ALU/result0_carry__1/CO[3]
                         net (fo=1, routed)           0.000     9.292    U_Core/U_DataPath/U_ALU/result0_carry__1_n_0
    SLICE_X41Y27         CARRY4 (Prop_carry4_CI_CO[3])
                                                      0.114     9.406 r  U_Core/U_DataPath/U_ALU/result0_carry__2/CO[3]
                         net (fo=1, routed)           0.000     9.406    U_Core/U_DataPath/U_ALU/result0_carry__2_n_0
    SLICE_X41Y28         CARRY4 (Prop_carry4_CI_O[3])
                                                      0.313     9.719 r  U_Core/U_DataPath/U_ALU/result0_carry__3/O[3]
                         net (fo=1, routed)           0.662    10.381    U_Core/U_DataPath/U_ALU/result0_carry__3_n_4
    SLICE_X40Y28         LUT2 (Prop_lut2_I0_O)        0.334    10.715 r  U_Core/U_DataPath/U_ALU/q[19]_i_10/O
                         net (fo=1, routed)           0.331    11.045    U_Core/U_ControlUnit/q_reg[19]_3
    SLICE_X39Y29         LUT6 (Prop_lut6_I3_O)        0.332    11.377 r  U_Core/U_ControlUnit/q[19]_i_4__0/O
                         net (fo=1, routed)           0.806    12.184    U_Core/U_ControlUnit/q[19]_i_4__0_n_0
    SLICE_X39Y28         LUT6 (Prop_lut6_I3_O)        0.124    12.308 r  U_Core/U_ControlUnit/q[19]_i_1/O
                         net (fo=2, routed)           1.159    13.467    U_Core/U_ControlUnit/D[17]
    SLICE_X57Y30         LUT6 (Prop_lut6_I4_O)        0.124    13.591 r  U_Core/U_ControlUnit/RegFile_reg_r1_0_31_18_23_i_1/O
                         net (fo=2, routed)           0.667    14.258    U_Core/U_DataPath/U_RegFile/RegFile_reg_r2_0_31_18_23/DIA1
    SLICE_X52Y29         RAMD32                                       r  U_Core/U_DataPath/U_RegFile/RegFile_reg_r2_0_31_18_23/RAMA_D1/I
  -------------------------------------------------------------------    -------------------

                         (clock sys_clk_pin rise edge)
                                                     10.000    10.000 r  
    W5                                                0.000    10.000 r  clk (IN)
                         net (fo=0)                   0.000    10.000    clk
    W5                   IBUF (Prop_ibuf_I_O)         1.388    11.388 r  clk_IBUF_inst/O
                         net (fo=1, routed)           1.862    13.250    clk_IBUF
    BUFGCTRL_X0Y0        BUFG (Prop_bufg_I_O)         0.091    13.341 r  clk_IBUF_BUFG_inst/O
                         net (fo=914, routed)         1.441    14.782    U_Core/U_DataPath/U_RegFile/RegFile_reg_r2_0_31_18_23/WCLK
    SLICE_X52Y29         RAMD32                                       r  U_Core/U_DataPath/U_RegFile/RegFile_reg_r2_0_31_18_23/RAMA_D1/CLK
                         clock pessimism              0.260    15.042    
                         clock uncertainty           -0.035    15.007    
    SLICE_X52Y29         RAMD32 (Setup_ramd32_CLK_I)
                                                     -0.258    14.749    U_Core/U_DataPath/U_RegFile/RegFile_reg_r2_0_31_18_23/RAMA_D1
  -------------------------------------------------------------------
                         required time                         14.749    
                         arrival time                         -14.258    
  -------------------------------------------------------------------
                         slack                                  0.491    

Slack (MET) :             0.514ns  (required time - arrival time)
  Source:                 U_Core/U_DataPath/U_PC/q_reg[6]/C
                            (rising edge-triggered cell FDCE clocked by sys_clk_pin  {rise@0.000ns fall@5.000ns period=10.000ns})
  Destination:            U_Core/U_DataPath/U_RegFile/RegFile_reg_r1_0_31_18_23/RAMB/I
                            (rising edge-triggered cell RAMD32 clocked by sys_clk_pin  {rise@0.000ns fall@5.000ns period=10.000ns})
  Path Group:             sys_clk_pin
  Path Type:              Setup (Max at Slow Process Corner)
  Requirement:            10.000ns  (sys_clk_pin rise@10.000ns - sys_clk_pin rise@0.000ns)
  Data Path Delay:        9.234ns  (logic 3.019ns (32.695%)  route 6.215ns (67.305%))
  Logic Levels:           13  (CARRY4=6 LUT2=1 LUT4=1 LUT5=2 LUT6=3)
  Clock Path Skew:        -0.032ns (DCD - SCD + CPR)
    Destination Clock Delay (DCD):    4.782ns = ( 14.782 - 10.000 ) 
    Source Clock Delay      (SCD):    5.074ns
    Clock Pessimism Removal (CPR):    0.260ns
  Clock Uncertainty:      0.035ns  ((TSJ^2 + TIJ^2)^1/2 + DJ) / 2 + PE
    Total System Jitter     (TSJ):    0.071ns
    Total Input Jitter      (TIJ):    0.000ns
    Discrete Jitter          (DJ):    0.000ns
    Phase Error              (PE):    0.000ns

    Location             Delay type                Incr(ns)  Path(ns)    Netlist Resource(s)
  -------------------------------------------------------------------    -------------------
                         (clock sys_clk_pin rise edge)
                                                      0.000     0.000 r  
    W5                                                0.000     0.000 r  clk (IN)
                         net (fo=0)                   0.000     0.000    clk
    W5                   IBUF (Prop_ibuf_I_O)         1.458     1.458 r  clk_IBUF_inst/O
                         net (fo=1, routed)           1.967     3.425    clk_IBUF
    BUFGCTRL_X0Y0        BUFG (Prop_bufg_I_O)         0.096     3.521 r  clk_IBUF_BUFG_inst/O
                         net (fo=914, routed)         1.553     5.074    U_Core/U_DataPath/U_PC/clk_IBUF_BUFG
    SLICE_X54Y26         FDCE                                         r  U_Core/U_DataPath/U_PC/q_reg[6]/C
  -------------------------------------------------------------------    -------------------
    SLICE_X54Y26         FDCE (Prop_fdce_C_Q)         0.518     5.592 r  U_Core/U_DataPath/U_PC/q_reg[6]/Q
                         net (fo=100, routed)         1.383     6.976    U_Core/U_DataPath/U_PC/q_reg[31]_0[6]
    SLICE_X53Y24         LUT2 (Prop_lut2_I1_O)        0.152     7.128 r  U_Core/U_DataPath/U_PC/RegFile_reg_r1_0_31_0_5_i_31/O
                         net (fo=1, routed)           0.433     7.561    U_Core/U_DataPath/U_PC/RegFile_reg_r1_0_31_0_5_i_31_n_0
    SLICE_X53Y24         LUT6 (Prop_lut6_I2_O)        0.326     7.887 r  U_Core/U_DataPath/U_PC/RegFile_reg_r1_0_31_0_5_i_8/O
                         net (fo=38, routed)          1.235     9.122    U_Core/U_DataPath/U_PC/q_reg[9]_0[9]
    SLICE_X53Y30         LUT5 (Prop_lut5_I3_O)        0.124     9.246 r  U_Core/U_DataPath/U_PC/q[31]_i_2__1/O
                         net (fo=33, routed)          0.447     9.693    U_Core/U_ControlUnit/RData11__3
    SLICE_X53Y30         LUT4 (Prop_lut4_I3_O)        0.124     9.817 r  U_Core/U_ControlUnit/y_carry_i_5/O
                         net (fo=32, routed)          0.801    10.617    U_Core/U_DataPath/U_DecReg_ImmExtend/y_carry
    SLICE_X55Y26         LUT5 (Prop_lut5_I1_O)        0.124    10.741 r  U_Core/U_DataPath/U_DecReg_ImmExtend/y_carry_i_3/O
                         net (fo=1, routed)           0.000    10.741    U_Core/U_DataPath/U_PC_Imm_Adder/q_reg[3][1]
    SLICE_X55Y26         CARRY4 (Prop_carry4_S[1]_CO[3])
                                                      0.550    11.291 r  U_Core/U_DataPath/U_PC_Imm_Adder/y_carry/CO[3]
                         net (fo=1, routed)           0.000    11.291    U_Core/U_DataPath/U_PC_Imm_Adder/y_carry_n_0
    SLICE_X55Y27         CARRY4 (Prop_carry4_CI_CO[3])
                                                      0.114    11.405 r  U_Core/U_DataPath/U_PC_Imm_Adder/y_carry__0/CO[3]
                         net (fo=1, routed)           0.000    11.405    U_Core/U_DataPath/U_PC_Imm_Adder/y_carry__0_n_0
    SLICE_X55Y28         CARRY4 (Prop_carry4_CI_CO[3])
                                                      0.114    11.519 r  U_Core/U_DataPath/U_PC_Imm_Adder/y_carry__1/CO[3]
                         net (fo=1, routed)           0.000    11.519    U_Core/U_DataPath/U_PC_Imm_Adder/y_carry__1_n_0
    SLICE_X55Y29         CARRY4 (Prop_carry4_CI_CO[3])
                                                      0.114    11.633 r  U_Core/U_DataPath/U_PC_Imm_Adder/y_carry__2/CO[3]
                         net (fo=1, routed)           0.000    11.633    U_Core/U_DataPath/U_PC_Imm_Adder/y_carry__2_n_0
    SLICE_X55Y30         CARRY4 (Prop_carry4_CI_CO[3])
                                                      0.114    11.747 r  U_Core/U_DataPath/U_PC_Imm_Adder/y_carry__3/CO[3]
                         net (fo=1, routed)           0.000    11.747    U_Core/U_DataPath/U_PC_Imm_Adder/y_carry__3_n_0
    SLICE_X55Y31         CARRY4 (Prop_carry4_CI_O[0])
                                                      0.222    11.969 r  U_Core/U_DataPath/U_PC_Imm_Adder/y_carry__4/O[0]
                         net (fo=2, routed)           0.713    12.683    U_Core/U_ControlUnit/PC_Imm_AdderResult[20]
    SLICE_X58Y31         LUT6 (Prop_lut6_I1_O)        0.299    12.982 r  U_Core/U_ControlUnit/RegFile_reg_r1_0_31_18_23_i_10/O
                         net (fo=1, routed)           0.566    13.548    U_Core/U_ControlUnit/RegFile_reg_r1_0_31_18_23_i_10_n_0
    SLICE_X53Y31         LUT6 (Prop_lut6_I3_O)        0.124    13.672 r  U_Core/U_ControlUnit/RegFile_reg_r1_0_31_18_23_i_4/O
                         net (fo=2, routed)           0.636    14.308    U_Core/U_DataPath/U_RegFile/RegFile_reg_r1_0_31_18_23/DIB0
    SLICE_X52Y30         RAMD32                                       r  U_Core/U_DataPath/U_RegFile/RegFile_reg_r1_0_31_18_23/RAMB/I
  -------------------------------------------------------------------    -------------------

                         (clock sys_clk_pin rise edge)
                                                     10.000    10.000 r  
    W5                                                0.000    10.000 r  clk (IN)
                         net (fo=0)                   0.000    10.000    clk
    W5                   IBUF (Prop_ibuf_I_O)         1.388    11.388 r  clk_IBUF_inst/O
                         net (fo=1, routed)           1.862    13.250    clk_IBUF
    BUFGCTRL_X0Y0        BUFG (Prop_bufg_I_O)         0.091    13.341 r  clk_IBUF_BUFG_inst/O
                         net (fo=914, routed)         1.441    14.782    U_Core/U_DataPath/U_RegFile/RegFile_reg_r1_0_31_18_23/WCLK
    SLICE_X52Y30         RAMD32                                       r  U_Core/U_DataPath/U_RegFile/RegFile_reg_r1_0_31_18_23/RAMB/CLK
                         clock pessimism              0.260    15.042    
                         clock uncertainty           -0.035    15.007    
    SLICE_X52Y30         RAMD32 (Setup_ramd32_CLK_I)
                                                     -0.185    14.822    U_Core/U_DataPath/U_RegFile/RegFile_reg_r1_0_31_18_23/RAMB
  -------------------------------------------------------------------
                         required time                         14.822    
                         arrival time                         -14.308    
  -------------------------------------------------------------------
                         slack                                  0.514    

Slack (MET) :             0.516ns  (required time - arrival time)
  Source:                 U_Core/U_ControlUnit/FSM_sequential_state_reg[1]/C
                            (rising edge-triggered cell FDCE clocked by sys_clk_pin  {rise@0.000ns fall@5.000ns period=10.000ns})
  Destination:            U_Core/U_DataPath/U_RegFile/RegFile_reg_r1_0_31_18_23/RAMA_D1/I
                            (rising edge-triggered cell RAMD32 clocked by sys_clk_pin  {rise@0.000ns fall@5.000ns period=10.000ns})
  Path Group:             sys_clk_pin
  Path Type:              Setup (Max at Slow Process Corner)
  Requirement:            10.000ns  (sys_clk_pin rise@10.000ns - sys_clk_pin rise@0.000ns)
  Data Path Delay:        9.094ns  (logic 3.077ns (33.834%)  route 6.017ns (66.166%))
  Logic Levels:           10  (CARRY4=4 LUT2=1 LUT4=2 LUT6=3)
  Clock Path Skew:        -0.096ns (DCD - SCD + CPR)
    Destination Clock Delay (DCD):    4.782ns = ( 14.782 - 10.000 ) 
    Source Clock Delay      (SCD):    5.138ns
    Clock Pessimism Removal (CPR):    0.260ns
  Clock Uncertainty:      0.035ns  ((TSJ^2 + TIJ^2)^1/2 + DJ) / 2 + PE
    Total System Jitter     (TSJ):    0.071ns
    Total Input Jitter      (TIJ):    0.000ns
    Discrete Jitter          (DJ):    0.000ns
    Phase Error              (PE):    0.000ns

    Location             Delay type                Incr(ns)  Path(ns)    Netlist Resource(s)
  -------------------------------------------------------------------    -------------------
                         (clock sys_clk_pin rise edge)
                                                      0.000     0.000 r  
    W5                                                0.000     0.000 r  clk (IN)
                         net (fo=0)                   0.000     0.000    clk
    W5                   IBUF (Prop_ibuf_I_O)         1.458     1.458 r  clk_IBUF_inst/O
                         net (fo=1, routed)           1.967     3.425    clk_IBUF
    BUFGCTRL_X0Y0        BUFG (Prop_bufg_I_O)         0.096     3.521 r  clk_IBUF_BUFG_inst/O
                         net (fo=914, routed)         1.617     5.138    U_Core/U_ControlUnit/clk_IBUF_BUFG
    SLICE_X58Y25         FDCE                                         r  U_Core/U_ControlUnit/FSM_sequential_state_reg[1]/C
  -------------------------------------------------------------------    -------------------
    SLICE_X58Y25         FDCE (Prop_fdce_C_Q)         0.419     5.557 r  U_Core/U_ControlUnit/FSM_sequential_state_reg[1]/Q
                         net (fo=61, routed)          1.418     6.976    U_Core/U_ControlUnit/FSM_sequential_state_reg[3]_0[1]
    SLICE_X51Y28         LUT4 (Prop_lut4_I0_O)        0.327     7.303 r  U_Core/U_ControlUnit/result0_carry_i_5/O
                         net (fo=117, routed)         0.999     8.302    U_Core/U_DataPath/U_DecReg_RFRD1/aluSrcMuxSel
    SLICE_X41Y25         LUT4 (Prop_lut4_I2_O)        0.326     8.628 r  U_Core/U_DataPath/U_DecReg_RFRD1/result0_carry__0_i_3/O
                         net (fo=1, routed)           0.000     8.628    U_Core/U_DataPath/U_ALU/q[4]_i_9_0[1]
    SLICE_X41Y25         CARRY4 (Prop_carry4_S[1]_CO[3])
                                                      0.550     9.178 r  U_Core/U_DataPath/U_ALU/result0_carry__0/CO[3]
                         net (fo=1, routed)           0.000     9.178    U_Core/U_DataPath/U_ALU/result0_carry__0_n_0
    SLICE_X41Y26         CARRY4 (Prop_carry4_CI_CO[3])
                                                      0.114     9.292 r  U_Core/U_DataPath/U_ALU/result0_carry__1/CO[3]
                         net (fo=1, routed)           0.000     9.292    U_Core/U_DataPath/U_ALU/result0_carry__1_n_0
    SLICE_X41Y27         CARRY4 (Prop_carry4_CI_CO[3])
                                                      0.114     9.406 r  U_Core/U_DataPath/U_ALU/result0_carry__2/CO[3]
                         net (fo=1, routed)           0.000     9.406    U_Core/U_DataPath/U_ALU/result0_carry__2_n_0
    SLICE_X41Y28         CARRY4 (Prop_carry4_CI_O[3])
                                                      0.313     9.719 r  U_Core/U_DataPath/U_ALU/result0_carry__3/O[3]
                         net (fo=1, routed)           0.662    10.381    U_Core/U_DataPath/U_ALU/result0_carry__3_n_4
    SLICE_X40Y28         LUT2 (Prop_lut2_I0_O)        0.334    10.715 r  U_Core/U_DataPath/U_ALU/q[19]_i_10/O
                         net (fo=1, routed)           0.331    11.045    U_Core/U_ControlUnit/q_reg[19]_3
    SLICE_X39Y29         LUT6 (Prop_lut6_I3_O)        0.332    11.377 r  U_Core/U_ControlUnit/q[19]_i_4__0/O
                         net (fo=1, routed)           0.806    12.184    U_Core/U_ControlUnit/q[19]_i_4__0_n_0
    SLICE_X39Y28         LUT6 (Prop_lut6_I3_O)        0.124    12.308 r  U_Core/U_ControlUnit/q[19]_i_1/O
                         net (fo=2, routed)           1.159    13.467    U_Core/U_ControlUnit/D[17]
    SLICE_X57Y30         LUT6 (Prop_lut6_I4_O)        0.124    13.591 r  U_Core/U_ControlUnit/RegFile_reg_r1_0_31_18_23_i_1/O
                         net (fo=2, routed)           0.642    14.233    U_Core/U_DataPath/U_RegFile/RegFile_reg_r1_0_31_18_23/DIA1
    SLICE_X52Y30         RAMD32                                       r  U_Core/U_DataPath/U_RegFile/RegFile_reg_r1_0_31_18_23/RAMA_D1/I
  -------------------------------------------------------------------    -------------------

                         (clock sys_clk_pin rise edge)
                                                     10.000    10.000 r  
    W5                                                0.000    10.000 r  clk (IN)
                         net (fo=0)                   0.000    10.000    clk
    W5                   IBUF (Prop_ibuf_I_O)         1.388    11.388 r  clk_IBUF_inst/O
                         net (fo=1, routed)           1.862    13.250    clk_IBUF
    BUFGCTRL_X0Y0        BUFG (Prop_bufg_I_O)         0.091    13.341 r  clk_IBUF_BUFG_inst/O
                         net (fo=914, routed)         1.441    14.782    U_Core/U_DataPath/U_RegFile/RegFile_reg_r1_0_31_18_23/WCLK
    SLICE_X52Y30         RAMD32                                       r  U_Core/U_DataPath/U_RegFile/RegFile_reg_r1_0_31_18_23/RAMA_D1/CLK
                         clock pessimism              0.260    15.042    
                         clock uncertainty           -0.035    15.007    
    SLICE_X52Y30         RAMD32 (Setup_ramd32_CLK_I)
                                                     -0.258    14.749    U_Core/U_DataPath/U_RegFile/RegFile_reg_r1_0_31_18_23/RAMA_D1
  -------------------------------------------------------------------
                         required time                         14.749    
                         arrival time                         -14.233    
  -------------------------------------------------------------------
                         slack                                  0.516    

Slack (MET) :             0.518ns  (required time - arrival time)
  Source:                 U_Core/U_DataPath/U_PC/q_reg[6]/C
                            (rising edge-triggered cell FDCE clocked by sys_clk_pin  {rise@0.000ns fall@5.000ns period=10.000ns})
  Destination:            U_Core/U_DataPath/U_RegFile/RegFile_reg_r1_0_31_18_23/RAMC/I
                            (rising edge-triggered cell RAMD32 clocked by sys_clk_pin  {rise@0.000ns fall@5.000ns period=10.000ns})
  Path Group:             sys_clk_pin
  Path Type:              Setup (Max at Slow Process Corner)
  Requirement:            10.000ns  (sys_clk_pin rise@10.000ns - sys_clk_pin rise@0.000ns)
  Data Path Delay:        9.239ns  (logic 3.039ns (32.892%)  route 6.200ns (67.108%))
  Logic Levels:           13  (CARRY4=6 LUT2=1 LUT4=1 LUT5=2 LUT6=3)
  Clock Path Skew:        -0.032ns (DCD - SCD + CPR)
    Destination Clock Delay (DCD):    4.782ns = ( 14.782 - 10.000 ) 
    Source Clock Delay      (SCD):    5.074ns
    Clock Pessimism Removal (CPR):    0.260ns
  Clock Uncertainty:      0.035ns  ((TSJ^2 + TIJ^2)^1/2 + DJ) / 2 + PE
    Total System Jitter     (TSJ):    0.071ns
    Total Input Jitter      (TIJ):    0.000ns
    Discrete Jitter          (DJ):    0.000ns
    Phase Error              (PE):    0.000ns

    Location             Delay type                Incr(ns)  Path(ns)    Netlist Resource(s)
  -------------------------------------------------------------------    -------------------
                         (clock sys_clk_pin rise edge)
                                                      0.000     0.000 r  
    W5                                                0.000     0.000 r  clk (IN)
                         net (fo=0)                   0.000     0.000    clk
    W5                   IBUF (Prop_ibuf_I_O)         1.458     1.458 r  clk_IBUF_inst/O
                         net (fo=1, routed)           1.967     3.425    clk_IBUF
    BUFGCTRL_X0Y0        BUFG (Prop_bufg_I_O)         0.096     3.521 r  clk_IBUF_BUFG_inst/O
                         net (fo=914, routed)         1.553     5.074    U_Core/U_DataPath/U_PC/clk_IBUF_BUFG
    SLICE_X54Y26         FDCE                                         r  U_Core/U_DataPath/U_PC/q_reg[6]/C
  -------------------------------------------------------------------    -------------------
    SLICE_X54Y26         FDCE (Prop_fdce_C_Q)         0.518     5.592 r  U_Core/U_DataPath/U_PC/q_reg[6]/Q
                         net (fo=100, routed)         1.383     6.976    U_Core/U_DataPath/U_PC/q_reg[31]_0[6]
    SLICE_X53Y24         LUT2 (Prop_lut2_I1_O)        0.152     7.128 r  U_Core/U_DataPath/U_PC/RegFile_reg_r1_0_31_0_5_i_31/O
                         net (fo=1, routed)           0.433     7.561    U_Core/U_DataPath/U_PC/RegFile_reg_r1_0_31_0_5_i_31_n_0
    SLICE_X53Y24         LUT6 (Prop_lut6_I2_O)        0.326     7.887 r  U_Core/U_DataPath/U_PC/RegFile_reg_r1_0_31_0_5_i_8/O
                         net (fo=38, routed)          1.235     9.122    U_Core/U_DataPath/U_PC/q_reg[9]_0[9]
    SLICE_X53Y30         LUT5 (Prop_lut5_I3_O)        0.124     9.246 r  U_Core/U_DataPath/U_PC/q[31]_i_2__1/O
                         net (fo=33, routed)          0.447     9.693    U_Core/U_ControlUnit/RData11__3
    SLICE_X53Y30         LUT4 (Prop_lut4_I3_O)        0.124     9.817 r  U_Core/U_ControlUnit/y_carry_i_5/O
                         net (fo=32, routed)          0.801    10.617    U_Core/U_DataPath/U_DecReg_ImmExtend/y_carry
    SLICE_X55Y26         LUT5 (Prop_lut5_I1_O)        0.124    10.741 r  U_Core/U_DataPath/U_DecReg_ImmExtend/y_carry_i_3/O
                         net (fo=1, routed)           0.000    10.741    U_Core/U_DataPath/U_PC_Imm_Adder/q_reg[3][1]
    SLICE_X55Y26         CARRY4 (Prop_carry4_S[1]_CO[3])
                                                      0.550    11.291 r  U_Core/U_DataPath/U_PC_Imm_Adder/y_carry/CO[3]
                         net (fo=1, routed)           0.000    11.291    U_Core/U_DataPath/U_PC_Imm_Adder/y_carry_n_0
    SLICE_X55Y27         CARRY4 (Prop_carry4_CI_CO[3])
                                                      0.114    11.405 r  U_Core/U_DataPath/U_PC_Imm_Adder/y_carry__0/CO[3]
                         net (fo=1, routed)           0.000    11.405    U_Core/U_DataPath/U_PC_Imm_Adder/y_carry__0_n_0
    SLICE_X55Y28         CARRY4 (Prop_carry4_CI_CO[3])
                                                      0.114    11.519 r  U_Core/U_DataPath/U_PC_Imm_Adder/y_carry__1/CO[3]
                         net (fo=1, routed)           0.000    11.519    U_Core/U_DataPath/U_PC_Imm_Adder/y_carry__1_n_0
    SLICE_X55Y29         CARRY4 (Prop_carry4_CI_CO[3])
                                                      0.114    11.633 r  U_Core/U_DataPath/U_PC_Imm_Adder/y_carry__2/CO[3]
                         net (fo=1, routed)           0.000    11.633    U_Core/U_DataPath/U_PC_Imm_Adder/y_carry__2_n_0
    SLICE_X55Y30         CARRY4 (Prop_carry4_CI_CO[3])
                                                      0.114    11.747 r  U_Core/U_DataPath/U_PC_Imm_Adder/y_carry__3/CO[3]
                         net (fo=1, routed)           0.000    11.747    U_Core/U_DataPath/U_PC_Imm_Adder/y_carry__3_n_0
    SLICE_X55Y31         CARRY4 (Prop_carry4_CI_O[2])
                                                      0.239    11.986 r  U_Core/U_DataPath/U_PC_Imm_Adder/y_carry__4/O[2]
                         net (fo=2, routed)           0.556    12.542    U_Core/U_ControlUnit/PC_Imm_AdderResult[22]
    SLICE_X58Y31         LUT6 (Prop_lut6_I1_O)        0.302    12.844 r  U_Core/U_ControlUnit/RegFile_reg_r1_0_31_18_23_i_12/O
                         net (fo=1, routed)           0.815    13.659    U_Core/U_ControlUnit/RegFile_reg_r1_0_31_18_23_i_12_n_0
    SLICE_X53Y31         LUT6 (Prop_lut6_I3_O)        0.124    13.783 r  U_Core/U_ControlUnit/RegFile_reg_r1_0_31_18_23_i_6/O
                         net (fo=2, routed)           0.531    14.314    U_Core/U_DataPath/U_RegFile/RegFile_reg_r1_0_31_18_23/DIC0
    SLICE_X52Y30         RAMD32                                       r  U_Core/U_DataPath/U_RegFile/RegFile_reg_r1_0_31_18_23/RAMC/I
  -------------------------------------------------------------------    -------------------

                         (clock sys_clk_pin rise edge)
                                                     10.000    10.000 r  
    W5                                                0.000    10.000 r  clk (IN)
                         net (fo=0)                   0.000    10.000    clk
    W5                   IBUF (Prop_ibuf_I_O)         1.388    11.388 r  clk_IBUF_inst/O
                         net (fo=1, routed)           1.862    13.250    clk_IBUF
    BUFGCTRL_X0Y0        BUFG (Prop_bufg_I_O)         0.091    13.341 r  clk_IBUF_BUFG_inst/O
                         net (fo=914, routed)         1.441    14.782    U_Core/U_DataPath/U_RegFile/RegFile_reg_r1_0_31_18_23/WCLK
    SLICE_X52Y30         RAMD32                                       r  U_Core/U_DataPath/U_RegFile/RegFile_reg_r1_0_31_18_23/RAMC/CLK
                         clock pessimism              0.260    15.042    
                         clock uncertainty           -0.035    15.007    
    SLICE_X52Y30         RAMD32 (Setup_ramd32_CLK_I)
                                                     -0.175    14.832    U_Core/U_DataPath/U_RegFile/RegFile_reg_r1_0_31_18_23/RAMC
  -------------------------------------------------------------------
                         required time                         14.832    
                         arrival time                         -14.314    
  -------------------------------------------------------------------
                         slack                                  0.518    

Slack (MET) :             0.592ns  (required time - arrival time)
  Source:                 U_Core/U_DataPath/U_PC/q_reg[6]/C
                            (rising edge-triggered cell FDCE clocked by sys_clk_pin  {rise@0.000ns fall@5.000ns period=10.000ns})
  Destination:            U_Core/U_DataPath/U_RegFile/RegFile_reg_r2_0_31_24_29/RAMC_D1/I
                            (rising edge-triggered cell RAMD32 clocked by sys_clk_pin  {rise@0.000ns fall@5.000ns period=10.000ns})
  Path Group:             sys_clk_pin
  Path Type:              Setup (Max at Slow Process Corner)
  Requirement:            10.000ns  (sys_clk_pin rise@10.000ns - sys_clk_pin rise@0.000ns)
  Data Path Delay:        9.095ns  (logic 3.363ns (36.975%)  route 5.732ns (63.025%))
  Logic Levels:           15  (CARRY4=8 LUT2=1 LUT4=1 LUT5=2 LUT6=3)
  Clock Path Skew:        -0.028ns (DCD - SCD + CPR)
    Destination Clock Delay (DCD):    4.786ns = ( 14.786 - 10.000 ) 
    Source Clock Delay      (SCD):    5.074ns
    Clock Pessimism Removal (CPR):    0.260ns
  Clock Uncertainty:      0.035ns  ((TSJ^2 + TIJ^2)^1/2 + DJ) / 2 + PE
    Total System Jitter     (TSJ):    0.071ns
    Total Input Jitter      (TIJ):    0.000ns
    Discrete Jitter          (DJ):    0.000ns
    Phase Error              (PE):    0.000ns

    Location             Delay type                Incr(ns)  Path(ns)    Netlist Resource(s)
  -------------------------------------------------------------------    -------------------
                         (clock sys_clk_pin rise edge)
                                                      0.000     0.000 r  
    W5                                                0.000     0.000 r  clk (IN)
                         net (fo=0)                   0.000     0.000    clk
    W5                   IBUF (Prop_ibuf_I_O)         1.458     1.458 r  clk_IBUF_inst/O
                         net (fo=1, routed)           1.967     3.425    clk_IBUF
    BUFGCTRL_X0Y0        BUFG (Prop_bufg_I_O)         0.096     3.521 r  clk_IBUF_BUFG_inst/O
                         net (fo=914, routed)         1.553     5.074    U_Core/U_DataPath/U_PC/clk_IBUF_BUFG
    SLICE_X54Y26         FDCE                                         r  U_Core/U_DataPath/U_PC/q_reg[6]/C
  -------------------------------------------------------------------    -------------------
    SLICE_X54Y26         FDCE (Prop_fdce_C_Q)         0.518     5.592 r  U_Core/U_DataPath/U_PC/q_reg[6]/Q
                         net (fo=100, routed)         1.383     6.976    U_Core/U_DataPath/U_PC/q_reg[31]_0[6]
    SLICE_X53Y24         LUT2 (Prop_lut2_I1_O)        0.152     7.128 r  U_Core/U_DataPath/U_PC/RegFile_reg_r1_0_31_0_5_i_31/O
                         net (fo=1, routed)           0.433     7.561    U_Core/U_DataPath/U_PC/RegFile_reg_r1_0_31_0_5_i_31_n_0
    SLICE_X53Y24         LUT6 (Prop_lut6_I2_O)        0.326     7.887 r  U_Core/U_DataPath/U_PC/RegFile_reg_r1_0_31_0_5_i_8/O
                         net (fo=38, routed)          1.235     9.122    U_Core/U_DataPath/U_PC/q_reg[9]_0[9]
    SLICE_X53Y30         LUT5 (Prop_lut5_I3_O)        0.124     9.246 r  U_Core/U_DataPath/U_PC/q[31]_i_2__1/O
                         net (fo=33, routed)          0.447     9.693    U_Core/U_ControlUnit/RData11__3
    SLICE_X53Y30         LUT4 (Prop_lut4_I3_O)        0.124     9.817 r  U_Core/U_ControlUnit/y_carry_i_5/O
                         net (fo=32, routed)          0.801    10.617    U_Core/U_DataPath/U_DecReg_ImmExtend/y_carry
    SLICE_X55Y26         LUT5 (Prop_lut5_I1_O)        0.124    10.741 r  U_Core/U_DataPath/U_DecReg_ImmExtend/y_carry_i_3/O
                         net (fo=1, routed)           0.000    10.741    U_Core/U_DataPath/U_PC_Imm_Adder/q_reg[3][1]
    SLICE_X55Y26         CARRY4 (Prop_carry4_S[1]_CO[3])
                                                      0.550    11.291 r  U_Core/U_DataPath/U_PC_Imm_Adder/y_carry/CO[3]
                         net (fo=1, routed)           0.000    11.291    U_Core/U_DataPath/U_PC_Imm_Adder/y_carry_n_0
    SLICE_X55Y27         CARRY4 (Prop_carry4_CI_CO[3])
                                                      0.114    11.405 r  U_Core/U_DataPath/U_PC_Imm_Adder/y_carry__0/CO[3]
                         net (fo=1, routed)           0.000    11.405    U_Core/U_DataPath/U_PC_Imm_Adder/y_carry__0_n_0
    SLICE_X55Y28         CARRY4 (Prop_carry4_CI_CO[3])
                                                      0.114    11.519 r  U_Core/U_DataPath/U_PC_Imm_Adder/y_carry__1/CO[3]
                         net (fo=1, routed)           0.000    11.519    U_Core/U_DataPath/U_PC_Imm_Adder/y_carry__1_n_0
    SLICE_X55Y29         CARRY4 (Prop_carry4_CI_CO[3])
                                                      0.114    11.633 r  U_Core/U_DataPath/U_PC_Imm_Adder/y_carry__2/CO[3]
                         net (fo=1, routed)           0.000    11.633    U_Core/U_DataPath/U_PC_Imm_Adder/y_carry__2_n_0
    SLICE_X55Y30         CARRY4 (Prop_carry4_CI_CO[3])
                                                      0.114    11.747 r  U_Core/U_DataPath/U_PC_Imm_Adder/y_carry__3/CO[3]
                         net (fo=1, routed)           0.000    11.747    U_Core/U_DataPath/U_PC_Imm_Adder/y_carry__3_n_0
    SLICE_X55Y31         CARRY4 (Prop_carry4_CI_CO[3])
                                                      0.114    11.861 r  U_Core/U_DataPath/U_PC_Imm_Adder/y_carry__4/CO[3]
                         net (fo=1, routed)           0.000    11.861    U_Core/U_DataPath/U_PC_Imm_Adder/y_carry__4_n_0
    SLICE_X55Y32         CARRY4 (Prop_carry4_CI_CO[3])
                                                      0.114    11.975 r  U_Core/U_DataPath/U_PC_Imm_Adder/y_carry__5/CO[3]
                         net (fo=1, routed)           0.000    11.975    U_Core/U_DataPath/U_PC_Imm_Adder/y_carry__5_n_0
    SLICE_X55Y33         CARRY4 (Prop_carry4_CI_O[1])
                                                      0.334    12.309 r  U_Core/U_DataPath/U_PC_Imm_Adder/y_carry__6/O[1]
                         net (fo=2, routed)           0.471    12.780    U_Core/U_ControlUnit/PC_Imm_AdderResult[29]
    SLICE_X56Y34         LUT6 (Prop_lut6_I1_O)        0.303    13.083 r  U_Core/U_ControlUnit/RegFile_reg_r1_0_31_24_29_i_11/O
                         net (fo=1, routed)           0.442    13.525    U_Core/U_ControlUnit/RegFile_reg_r1_0_31_24_29_i_11_n_0
    SLICE_X55Y34         LUT6 (Prop_lut6_I3_O)        0.124    13.649 r  U_Core/U_ControlUnit/RegFile_reg_r1_0_31_24_29_i_5/O
                         net (fo=2, routed)           0.521    14.170    U_Core/U_DataPath/U_RegFile/RegFile_reg_r2_0_31_24_29/DIC1
    SLICE_X52Y33         RAMD32                                       r  U_Core/U_DataPath/U_RegFile/RegFile_reg_r2_0_31_24_29/RAMC_D1/I
  -------------------------------------------------------------------    -------------------

                         (clock sys_clk_pin rise edge)
                                                     10.000    10.000 r  
    W5                                                0.000    10.000 r  clk (IN)
                         net (fo=0)                   0.000    10.000    clk
    W5                   IBUF (Prop_ibuf_I_O)         1.388    11.388 r  clk_IBUF_inst/O
                         net (fo=1, routed)           1.862    13.250    clk_IBUF
    BUFGCTRL_X0Y0        BUFG (Prop_bufg_I_O)         0.091    13.341 r  clk_IBUF_BUFG_inst/O
                         net (fo=914, routed)         1.445    14.786    U_Core/U_DataPath/U_RegFile/RegFile_reg_r2_0_31_24_29/WCLK
    SLICE_X52Y33         RAMD32                                       r  U_Core/U_DataPath/U_RegFile/RegFile_reg_r2_0_31_24_29/RAMC_D1/CLK
                         clock pessimism              0.260    15.046    
                         clock uncertainty           -0.035    15.011    
    SLICE_X52Y33         RAMD32 (Setup_ramd32_CLK_I)
                                                     -0.249    14.762    U_Core/U_DataPath/U_RegFile/RegFile_reg_r2_0_31_24_29/RAMC_D1
  -------------------------------------------------------------------
                         required time                         14.762    
                         arrival time                         -14.170    
  -------------------------------------------------------------------
                         slack                                  0.592    





Min Delay Paths
--------------------------------------------------------------------------------------
Slack (MET) :             0.075ns  (arrival time - required time)
  Source:                 U_APB_Master/temp_wdata_reg_reg[26]/C
                            (rising edge-triggered cell FDCE clocked by sys_clk_pin  {rise@0.000ns fall@5.000ns period=10.000ns})
  Destination:            U_RAM/mem_reg/DIADI[26]
                            (rising edge-triggered cell RAMB36E1 clocked by sys_clk_pin  {rise@0.000ns fall@5.000ns period=10.000ns})
  Path Group:             sys_clk_pin
  Path Type:              Hold (Min at Fast Process Corner)
  Requirement:            0.000ns  (sys_clk_pin rise@0.000ns - sys_clk_pin rise@0.000ns)
  Data Path Delay:        0.443ns  (logic 0.164ns (37.051%)  route 0.279ns (62.949%))
  Logic Levels:           0  
  Clock Path Skew:        0.071ns (DCD - SCD - CPR)
    Destination Clock Delay (DCD):    1.995ns
    Source Clock Delay      (SCD):    1.445ns
    Clock Pessimism Removal (CPR):    0.478ns

    Location             Delay type                Incr(ns)  Path(ns)    Netlist Resource(s)
  -------------------------------------------------------------------    -------------------
                         (clock sys_clk_pin rise edge)
                                                      0.000     0.000 r  
    W5                                                0.000     0.000 r  clk (IN)
                         net (fo=0)                   0.000     0.000    clk
    W5                   IBUF (Prop_ibuf_I_O)         0.226     0.226 r  clk_IBUF_inst/O
                         net (fo=1, routed)           0.631     0.858    clk_IBUF
    BUFGCTRL_X0Y0        BUFG (Prop_bufg_I_O)         0.026     0.884 r  clk_IBUF_BUFG_inst/O
                         net (fo=914, routed)         0.562     1.445    U_APB_Master/clk_IBUF_BUFG
    SLICE_X54Y34         FDCE                                         r  U_APB_Master/temp_wdata_reg_reg[26]/C
  -------------------------------------------------------------------    -------------------
    SLICE_X54Y34         FDCE (Prop_fdce_C_Q)         0.164     1.609 r  U_APB_Master/temp_wdata_reg_reg[26]/Q
                         net (fo=11, routed)          0.279     1.888    U_RAM/mem_reg_0[26]
    RAMB36_X2Y5          RAMB36E1                                     r  U_RAM/mem_reg/DIADI[26]
  -------------------------------------------------------------------    -------------------

                         (clock sys_clk_pin rise edge)
                                                      0.000     0.000 r  
    W5                                                0.000     0.000 r  clk (IN)
                         net (fo=0)                   0.000     0.000    clk
    W5                   IBUF (Prop_ibuf_I_O)         0.414     0.414 r  clk_IBUF_inst/O
                         net (fo=1, routed)           0.685     1.099    clk_IBUF
    BUFGCTRL_X0Y0        BUFG (Prop_bufg_I_O)         0.029     1.128 r  clk_IBUF_BUFG_inst/O
                         net (fo=914, routed)         0.867     1.995    U_RAM/clk_IBUF_BUFG
    RAMB36_X2Y5          RAMB36E1                                     r  U_RAM/mem_reg/CLKARDCLK
                         clock pessimism             -0.478     1.517    
    RAMB36_X2Y5          RAMB36E1 (Hold_ramb36e1_CLKARDCLK_DIADI[26])
                                                      0.296     1.813    U_RAM/mem_reg
  -------------------------------------------------------------------
                         required time                         -1.813    
                         arrival time                           1.888    
  -------------------------------------------------------------------
                         slack                                  0.075    

Slack (MET) :             0.106ns  (arrival time - required time)
  Source:                 U_GPOE/U_APB_Intf_FND/slv_reg0_reg[30]/C
                            (rising edge-triggered cell FDCE clocked by sys_clk_pin  {rise@0.000ns fall@5.000ns period=10.000ns})
  Destination:            U_GPOE/U_APB_Intf_FND/PRDATA_reg[30]/D
                            (rising edge-triggered cell FDRE clocked by sys_clk_pin  {rise@0.000ns fall@5.000ns period=10.000ns})
  Path Group:             sys_clk_pin
  Path Type:              Hold (Min at Fast Process Corner)
  Requirement:            0.000ns  (sys_clk_pin rise@0.000ns - sys_clk_pin rise@0.000ns)
  Data Path Delay:        0.240ns  (logic 0.186ns (77.466%)  route 0.054ns (22.534%))
  Logic Levels:           1  (LUT5=1)
  Clock Path Skew:        0.013ns (DCD - SCD - CPR)
    Destination Clock Delay (DCD):    1.987ns
    Source Clock Delay      (SCD):    1.474ns
    Clock Pessimism Removal (CPR):    0.500ns

    Location             Delay type                Incr(ns)  Path(ns)    Netlist Resource(s)
  -------------------------------------------------------------------    -------------------
                         (clock sys_clk_pin rise edge)
                                                      0.000     0.000 r  
    W5                                                0.000     0.000 r  clk (IN)
                         net (fo=0)                   0.000     0.000    clk
    W5                   IBUF (Prop_ibuf_I_O)         0.226     0.226 r  clk_IBUF_inst/O
                         net (fo=1, routed)           0.631     0.858    clk_IBUF
    BUFGCTRL_X0Y0        BUFG (Prop_bufg_I_O)         0.026     0.884 r  clk_IBUF_BUFG_inst/O
                         net (fo=914, routed)         0.591     1.474    U_GPOE/U_APB_Intf_FND/clk_IBUF_BUFG
    SLICE_X61Y37         FDCE                                         r  U_GPOE/U_APB_Intf_FND/slv_reg0_reg[30]/C
  -------------------------------------------------------------------    -------------------
    SLICE_X61Y37         FDCE (Prop_fdce_C_Q)         0.141     1.615 r  U_GPOE/U_APB_Intf_FND/slv_reg0_reg[30]/Q
                         net (fo=1, routed)           0.054     1.669    U_GPOE/U_APB_Intf_FND/slv_reg0[30]
    SLICE_X60Y37         LUT5 (Prop_lut5_I2_O)        0.045     1.714 r  U_GPOE/U_APB_Intf_FND/PRDATA[30]_i_1/O
                         net (fo=1, routed)           0.000     1.714    U_GPOE/U_APB_Intf_FND/p_0_in[30]
    SLICE_X60Y37         FDRE                                         r  U_GPOE/U_APB_Intf_FND/PRDATA_reg[30]/D
  -------------------------------------------------------------------    -------------------

                         (clock sys_clk_pin rise edge)
                                                      0.000     0.000 r  
    W5                                                0.000     0.000 r  clk (IN)
                         net (fo=0)                   0.000     0.000    clk
    W5                   IBUF (Prop_ibuf_I_O)         0.414     0.414 r  clk_IBUF_inst/O
                         net (fo=1, routed)           0.685     1.099    clk_IBUF
    BUFGCTRL_X0Y0        BUFG (Prop_bufg_I_O)         0.029     1.128 r  clk_IBUF_BUFG_inst/O
                         net (fo=914, routed)         0.860     1.987    U_GPOE/U_APB_Intf_FND/clk_IBUF_BUFG
    SLICE_X60Y37         FDRE                                         r  U_GPOE/U_APB_Intf_FND/PRDATA_reg[30]/C
                         clock pessimism             -0.500     1.487    
    SLICE_X60Y37         FDRE (Hold_fdre_C_D)         0.121     1.608    U_GPOE/U_APB_Intf_FND/PRDATA_reg[30]
  -------------------------------------------------------------------
                         required time                         -1.608    
                         arrival time                           1.714    
  -------------------------------------------------------------------
                         slack                                  0.106    

Slack (MET) :             0.119ns  (arrival time - required time)
  Source:                 U_APB_Master/temp_wdata_reg_reg[7]/C
                            (rising edge-triggered cell FDCE clocked by sys_clk_pin  {rise@0.000ns fall@5.000ns period=10.000ns})
  Destination:            U_RAM/mem_reg/DIADI[7]
                            (rising edge-triggered cell RAMB36E1 clocked by sys_clk_pin  {rise@0.000ns fall@5.000ns period=10.000ns})
  Path Group:             sys_clk_pin
  Path Type:              Hold (Min at Fast Process Corner)
  Requirement:            0.000ns  (sys_clk_pin rise@0.000ns - sys_clk_pin rise@0.000ns)
  Data Path Delay:        0.490ns  (logic 0.164ns (33.473%)  route 0.326ns (66.527%))
  Logic Levels:           0  
  Clock Path Skew:        0.074ns (DCD - SCD - CPR)
    Destination Clock Delay (DCD):    1.995ns
    Source Clock Delay      (SCD):    1.442ns
    Clock Pessimism Removal (CPR):    0.478ns

    Location             Delay type                Incr(ns)  Path(ns)    Netlist Resource(s)
  -------------------------------------------------------------------    -------------------
                         (clock sys_clk_pin rise edge)
                                                      0.000     0.000 r  
    W5                                                0.000     0.000 r  clk (IN)
                         net (fo=0)                   0.000     0.000    clk
    W5                   IBUF (Prop_ibuf_I_O)         0.226     0.226 r  clk_IBUF_inst/O
                         net (fo=1, routed)           0.631     0.858    clk_IBUF
    BUFGCTRL_X0Y0        BUFG (Prop_bufg_I_O)         0.026     0.884 r  clk_IBUF_BUFG_inst/O
                         net (fo=914, routed)         0.559     1.442    U_APB_Master/clk_IBUF_BUFG
    SLICE_X50Y31         FDCE                                         r  U_APB_Master/temp_wdata_reg_reg[7]/C
  -------------------------------------------------------------------    -------------------
    SLICE_X50Y31         FDCE (Prop_fdce_C_Q)         0.164     1.606 r  U_APB_Master/temp_wdata_reg_reg[7]/Q
                         net (fo=10, routed)          0.326     1.932    U_RAM/mem_reg_0[7]
    RAMB36_X2Y5          RAMB36E1                                     r  U_RAM/mem_reg/DIADI[7]
  -------------------------------------------------------------------    -------------------

                         (clock sys_clk_pin rise edge)
                                                      0.000     0.000 r  
    W5                                                0.000     0.000 r  clk (IN)
                         net (fo=0)                   0.000     0.000    clk
    W5                   IBUF (Prop_ibuf_I_O)         0.414     0.414 r  clk_IBUF_inst/O
                         net (fo=1, routed)           0.685     1.099    clk_IBUF
    BUFGCTRL_X0Y0        BUFG (Prop_bufg_I_O)         0.029     1.128 r  clk_IBUF_BUFG_inst/O
                         net (fo=914, routed)         0.867     1.995    U_RAM/clk_IBUF_BUFG
    RAMB36_X2Y5          RAMB36E1                                     r  U_RAM/mem_reg/CLKARDCLK
                         clock pessimism             -0.478     1.517    
    RAMB36_X2Y5          RAMB36E1 (Hold_ramb36e1_CLKARDCLK_DIADI[7])
                                                      0.296     1.813    U_RAM/mem_reg
  -------------------------------------------------------------------
                         required time                         -1.813    
                         arrival time                           1.932    
  -------------------------------------------------------------------
                         slack                                  0.119    

Slack (MET) :             0.130ns  (arrival time - required time)
  Source:                 U_APB_Master/temp_wdata_reg_reg[22]/C
                            (rising edge-triggered cell FDCE clocked by sys_clk_pin  {rise@0.000ns fall@5.000ns period=10.000ns})
  Destination:            U_RAM/mem_reg/DIADI[22]
                            (rising edge-triggered cell RAMB36E1 clocked by sys_clk_pin  {rise@0.000ns fall@5.000ns period=10.000ns})
  Path Group:             sys_clk_pin
  Path Type:              Hold (Min at Fast Process Corner)
  Requirement:            0.000ns  (sys_clk_pin rise@0.000ns - sys_clk_pin rise@0.000ns)
  Data Path Delay:        0.423ns  (logic 0.128ns (30.291%)  route 0.295ns (69.709%))
  Logic Levels:           0  
  Clock Path Skew:        0.049ns (DCD - SCD - CPR)
    Destination Clock Delay (DCD):    1.995ns
    Source Clock Delay      (SCD):    1.467ns
    Clock Pessimism Removal (CPR):    0.478ns

    Location             Delay type                Incr(ns)  Path(ns)    Netlist Resource(s)
  -------------------------------------------------------------------    -------------------
                         (clock sys_clk_pin rise edge)
                                                      0.000     0.000 r  
    W5                                                0.000     0.000 r  clk (IN)
                         net (fo=0)                   0.000     0.000    clk
    W5                   IBUF (Prop_ibuf_I_O)         0.226     0.226 r  clk_IBUF_inst/O
                         net (fo=1, routed)           0.631     0.858    clk_IBUF
    BUFGCTRL_X0Y0        BUFG (Prop_bufg_I_O)         0.026     0.884 r  clk_IBUF_BUFG_inst/O
                         net (fo=914, routed)         0.584     1.467    U_APB_Master/clk_IBUF_BUFG
    SLICE_X59Y28         FDCE                                         r  U_APB_Master/temp_wdata_reg_reg[22]/C
  -------------------------------------------------------------------    -------------------
    SLICE_X59Y28         FDCE (Prop_fdce_C_Q)         0.128     1.595 r  U_APB_Master/temp_wdata_reg_reg[22]/Q
                         net (fo=11, routed)          0.295     1.890    U_RAM/mem_reg_0[22]
    RAMB36_X2Y5          RAMB36E1                                     r  U_RAM/mem_reg/DIADI[22]
  -------------------------------------------------------------------    -------------------

                         (clock sys_clk_pin rise edge)
                                                      0.000     0.000 r  
    W5                                                0.000     0.000 r  clk (IN)
                         net (fo=0)                   0.000     0.000    clk
    W5                   IBUF (Prop_ibuf_I_O)         0.414     0.414 r  clk_IBUF_inst/O
                         net (fo=1, routed)           0.685     1.099    clk_IBUF
    BUFGCTRL_X0Y0        BUFG (Prop_bufg_I_O)         0.029     1.128 r  clk_IBUF_BUFG_inst/O
                         net (fo=914, routed)         0.867     1.995    U_RAM/clk_IBUF_BUFG
    RAMB36_X2Y5          RAMB36E1                                     r  U_RAM/mem_reg/CLKARDCLK
                         clock pessimism             -0.478     1.517    
    RAMB36_X2Y5          RAMB36E1 (Hold_ramb36e1_CLKARDCLK_DIADI[22])
                                                      0.243     1.760    U_RAM/mem_reg
  -------------------------------------------------------------------
                         required time                         -1.760    
                         arrival time                           1.890    
  -------------------------------------------------------------------
                         slack                                  0.130    

Slack (MET) :             0.132ns  (arrival time - required time)
  Source:                 U_GPOE/U_APB_Intf_FND/slv_reg1_reg[20]/C
                            (rising edge-triggered cell FDCE clocked by sys_clk_pin  {rise@0.000ns fall@5.000ns period=10.000ns})
  Destination:            U_GPOE/U_APB_Intf_FND/PRDATA_reg[20]/D
                            (rising edge-triggered cell FDRE clocked by sys_clk_pin  {rise@0.000ns fall@5.000ns period=10.000ns})
  Path Group:             sys_clk_pin
  Path Type:              Hold (Min at Fast Process Corner)
  Requirement:            0.000ns  (sys_clk_pin rise@0.000ns - sys_clk_pin rise@0.000ns)
  Data Path Delay:        0.266ns  (logic 0.186ns (69.898%)  route 0.080ns (30.103%))
  Logic Levels:           1  (LUT5=1)
  Clock Path Skew:        0.013ns (DCD - SCD - CPR)
    Destination Clock Delay (DCD):    1.979ns
    Source Clock Delay      (SCD):    1.467ns
    Clock Pessimism Removal (CPR):    0.499ns

    Location             Delay type                Incr(ns)  Path(ns)    Netlist Resource(s)
  -------------------------------------------------------------------    -------------------
                         (clock sys_clk_pin rise edge)
                                                      0.000     0.000 r  
    W5                                                0.000     0.000 r  clk (IN)
                         net (fo=0)                   0.000     0.000    clk
    W5                   IBUF (Prop_ibuf_I_O)         0.226     0.226 r  clk_IBUF_inst/O
                         net (fo=1, routed)           0.631     0.858    clk_IBUF
    BUFGCTRL_X0Y0        BUFG (Prop_bufg_I_O)         0.026     0.884 r  clk_IBUF_BUFG_inst/O
                         net (fo=914, routed)         0.584     1.467    U_GPOE/U_APB_Intf_FND/clk_IBUF_BUFG
    SLICE_X61Y21         FDCE                                         r  U_GPOE/U_APB_Intf_FND/slv_reg1_reg[20]/C
  -------------------------------------------------------------------    -------------------
    SLICE_X61Y21         FDCE (Prop_fdce_C_Q)         0.141     1.608 r  U_GPOE/U_APB_Intf_FND/slv_reg1_reg[20]/Q
                         net (fo=1, routed)           0.080     1.688    U_GPOE/U_APB_Intf_FND/slv_reg1[20]
    SLICE_X60Y21         LUT5 (Prop_lut5_I1_O)        0.045     1.733 r  U_GPOE/U_APB_Intf_FND/PRDATA[20]_i_1/O
                         net (fo=1, routed)           0.000     1.733    U_GPOE/U_APB_Intf_FND/p_0_in[20]
    SLICE_X60Y21         FDRE                                         r  U_GPOE/U_APB_Intf_FND/PRDATA_reg[20]/D
  -------------------------------------------------------------------    -------------------

                         (clock sys_clk_pin rise edge)
                                                      0.000     0.000 r  
    W5                                                0.000     0.000 r  clk (IN)
                         net (fo=0)                   0.000     0.000    clk
    W5                   IBUF (Prop_ibuf_I_O)         0.414     0.414 r  clk_IBUF_inst/O
                         net (fo=1, routed)           0.685     1.099    clk_IBUF
    BUFGCTRL_X0Y0        BUFG (Prop_bufg_I_O)         0.029     1.128 r  clk_IBUF_BUFG_inst/O
                         net (fo=914, routed)         0.852     1.979    U_GPOE/U_APB_Intf_FND/clk_IBUF_BUFG
    SLICE_X60Y21         FDRE                                         r  U_GPOE/U_APB_Intf_FND/PRDATA_reg[20]/C
                         clock pessimism             -0.499     1.480    
    SLICE_X60Y21         FDRE (Hold_fdre_C_D)         0.121     1.601    U_GPOE/U_APB_Intf_FND/PRDATA_reg[20]
  -------------------------------------------------------------------
                         required time                         -1.601    
                         arrival time                           1.733    
  -------------------------------------------------------------------
                         slack                                  0.132    

Slack (MET) :             0.134ns  (arrival time - required time)
  Source:                 U_GPIOC/U_APB_Intf_GPIO/slv_reg2_reg[17]/C
                            (rising edge-triggered cell FDCE clocked by sys_clk_pin  {rise@0.000ns fall@5.000ns period=10.000ns})
  Destination:            U_GPIOC/U_APB_Intf_GPIO/PRDATA_reg[17]/D
                            (rising edge-triggered cell FDRE clocked by sys_clk_pin  {rise@0.000ns fall@5.000ns period=10.000ns})
  Path Group:             sys_clk_pin
  Path Type:              Hold (Min at Fast Process Corner)
  Requirement:            0.000ns  (sys_clk_pin rise@0.000ns - sys_clk_pin rise@0.000ns)
  Data Path Delay:        0.239ns  (logic 0.186ns (77.839%)  route 0.053ns (22.161%))
  Logic Levels:           1  (LUT4=1)
  Clock Path Skew:        0.013ns (DCD - SCD - CPR)
    Destination Clock Delay (DCD):    1.981ns
    Source Clock Delay      (SCD):    1.468ns
    Clock Pessimism Removal (CPR):    0.500ns

    Location             Delay type                Incr(ns)  Path(ns)    Netlist Resource(s)
  -------------------------------------------------------------------    -------------------
                         (clock sys_clk_pin rise edge)
                                                      0.000     0.000 r  
    W5                                                0.000     0.000 r  clk (IN)
                         net (fo=0)                   0.000     0.000    clk
    W5                   IBUF (Prop_ibuf_I_O)         0.226     0.226 r  clk_IBUF_inst/O
                         net (fo=1, routed)           0.631     0.858    clk_IBUF
    BUFGCTRL_X0Y0        BUFG (Prop_bufg_I_O)         0.026     0.884 r  clk_IBUF_BUFG_inst/O
                         net (fo=914, routed)         0.585     1.468    U_GPIOC/U_APB_Intf_GPIO/clk_IBUF_BUFG
    SLICE_X62Y21         FDCE                                         r  U_GPIOC/U_APB_Intf_GPIO/slv_reg2_reg[17]/C
  -------------------------------------------------------------------    -------------------
    SLICE_X62Y21         FDCE (Prop_fdce_C_Q)         0.141     1.609 r  U_GPIOC/U_APB_Intf_GPIO/slv_reg2_reg[17]/Q
                         net (fo=1, routed)           0.053     1.662    U_GPIOC/U_APB_Intf_GPIO/slv_reg2_reg_n_0_[17]
    SLICE_X63Y21         LUT4 (Prop_lut4_I3_O)        0.045     1.707 r  U_GPIOC/U_APB_Intf_GPIO/PRDATA[17]_i_1__1/O
                         net (fo=1, routed)           0.000     1.707    U_GPIOC/U_APB_Intf_GPIO/p_0_in[17]
    SLICE_X63Y21         FDRE                                         r  U_GPIOC/U_APB_Intf_GPIO/PRDATA_reg[17]/D
  -------------------------------------------------------------------    -------------------

                         (clock sys_clk_pin rise edge)
                                                      0.000     0.000 r  
    W5                                                0.000     0.000 r  clk (IN)
                         net (fo=0)                   0.000     0.000    clk
    W5                   IBUF (Prop_ibuf_I_O)         0.414     0.414 r  clk_IBUF_inst/O
                         net (fo=1, routed)           0.685     1.099    clk_IBUF
    BUFGCTRL_X0Y0        BUFG (Prop_bufg_I_O)         0.029     1.128 r  clk_IBUF_BUFG_inst/O
                         net (fo=914, routed)         0.854     1.981    U_GPIOC/U_APB_Intf_GPIO/clk_IBUF_BUFG
    SLICE_X63Y21         FDRE                                         r  U_GPIOC/U_APB_Intf_GPIO/PRDATA_reg[17]/C
                         clock pessimism             -0.500     1.481    
    SLICE_X63Y21         FDRE (Hold_fdre_C_D)         0.092     1.573    U_GPIOC/U_APB_Intf_GPIO/PRDATA_reg[17]
  -------------------------------------------------------------------
                         required time                         -1.573    
                         arrival time                           1.707    
  -------------------------------------------------------------------
                         slack                                  0.134    

Slack (MET) :             0.138ns  (arrival time - required time)
  Source:                 U_Core/U_DataPath/U_DecReg_RFRD2/q_reg[29]/C
                            (rising edge-triggered cell FDCE clocked by sys_clk_pin  {rise@0.000ns fall@5.000ns period=10.000ns})
  Destination:            U_Core/U_DataPath/U_ExeReg_RFRD2/q_reg[29]/D
                            (rising edge-triggered cell FDCE clocked by sys_clk_pin  {rise@0.000ns fall@5.000ns period=10.000ns})
  Path Group:             sys_clk_pin
  Path Type:              Hold (Min at Fast Process Corner)
  Requirement:            0.000ns  (sys_clk_pin rise@0.000ns - sys_clk_pin rise@0.000ns)
  Data Path Delay:        0.209ns  (logic 0.141ns (67.433%)  route 0.068ns (32.567%))
  Logic Levels:           0  
  Clock Path Skew:        0.000ns (DCD - SCD - CPR)
    Destination Clock Delay (DCD):    1.958ns
    Source Clock Delay      (SCD):    1.445ns
    Clock Pessimism Removal (CPR):    0.513ns

    Location             Delay type                Incr(ns)  Path(ns)    Netlist Resource(s)
  -------------------------------------------------------------------    -------------------
                         (clock sys_clk_pin rise edge)
                                                      0.000     0.000 r  
    W5                                                0.000     0.000 r  clk (IN)
                         net (fo=0)                   0.000     0.000    clk
    W5                   IBUF (Prop_ibuf_I_O)         0.226     0.226 r  clk_IBUF_inst/O
                         net (fo=1, routed)           0.631     0.858    clk_IBUF
    BUFGCTRL_X0Y0        BUFG (Prop_bufg_I_O)         0.026     0.884 r  clk_IBUF_BUFG_inst/O
                         net (fo=914, routed)         0.562     1.445    U_Core/U_DataPath/U_DecReg_RFRD2/clk_IBUF_BUFG
    SLICE_X53Y34         FDCE                                         r  U_Core/U_DataPath/U_DecReg_RFRD2/q_reg[29]/C
  -------------------------------------------------------------------    -------------------
    SLICE_X53Y34         FDCE (Prop_fdce_C_Q)         0.141     1.586 r  U_Core/U_DataPath/U_DecReg_RFRD2/q_reg[29]/Q
                         net (fo=8, routed)           0.068     1.654    U_Core/U_DataPath/U_ExeReg_RFRD2/D[29]
    SLICE_X53Y34         FDCE                                         r  U_Core/U_DataPath/U_ExeReg_RFRD2/q_reg[29]/D
  -------------------------------------------------------------------    -------------------

                         (clock sys_clk_pin rise edge)
                                                      0.000     0.000 r  
    W5                                                0.000     0.000 r  clk (IN)
                         net (fo=0)                   0.000     0.000    clk
    W5                   IBUF (Prop_ibuf_I_O)         0.414     0.414 r  clk_IBUF_inst/O
                         net (fo=1, routed)           0.685     1.099    clk_IBUF
    BUFGCTRL_X0Y0        BUFG (Prop_bufg_I_O)         0.029     1.128 r  clk_IBUF_BUFG_inst/O
                         net (fo=914, routed)         0.831     1.958    U_Core/U_DataPath/U_ExeReg_RFRD2/clk_IBUF_BUFG
    SLICE_X53Y34         FDCE                                         r  U_Core/U_DataPath/U_ExeReg_RFRD2/q_reg[29]/C
                         clock pessimism             -0.513     1.445    
    SLICE_X53Y34         FDCE (Hold_fdce_C_D)         0.071     1.516    U_Core/U_DataPath/U_ExeReg_RFRD2/q_reg[29]
  -------------------------------------------------------------------
                         required time                         -1.516    
                         arrival time                           1.654    
  -------------------------------------------------------------------
                         slack                                  0.138    

Slack (MET) :             0.138ns  (arrival time - required time)
  Source:                 U_GPIOD/U_APB_Intf_GPIO/slv_reg0_reg[17]/C
                            (rising edge-triggered cell FDCE clocked by sys_clk_pin  {rise@0.000ns fall@5.000ns period=10.000ns})
  Destination:            U_GPIOD/U_APB_Intf_GPIO/PRDATA_reg[17]/D
                            (rising edge-triggered cell FDRE clocked by sys_clk_pin  {rise@0.000ns fall@5.000ns period=10.000ns})
  Path Group:             sys_clk_pin
  Path Type:              Hold (Min at Fast Process Corner)
  Requirement:            0.000ns  (sys_clk_pin rise@0.000ns - sys_clk_pin rise@0.000ns)
  Data Path Delay:        0.243ns  (logic 0.186ns (76.391%)  route 0.057ns (23.609%))
  Logic Levels:           1  (LUT4=1)
  Clock Path Skew:        0.013ns (DCD - SCD - CPR)
    Destination Clock Delay (DCD):    1.982ns
    Source Clock Delay      (SCD):    1.469ns
    Clock Pessimism Removal (CPR):    0.500ns

    Location             Delay type                Incr(ns)  Path(ns)    Netlist Resource(s)
  -------------------------------------------------------------------    -------------------
                         (clock sys_clk_pin rise edge)
                                                      0.000     0.000 r  
    W5                                                0.000     0.000 r  clk (IN)
                         net (fo=0)                   0.000     0.000    clk
    W5                   IBUF (Prop_ibuf_I_O)         0.226     0.226 r  clk_IBUF_inst/O
                         net (fo=1, routed)           0.631     0.858    clk_IBUF
    BUFGCTRL_X0Y0        BUFG (Prop_bufg_I_O)         0.026     0.884 r  clk_IBUF_BUFG_inst/O
                         net (fo=914, routed)         0.586     1.469    U_GPIOD/U_APB_Intf_GPIO/clk_IBUF_BUFG
    SLICE_X63Y20         FDCE                                         r  U_GPIOD/U_APB_Intf_GPIO/slv_reg0_reg[17]/C
  -------------------------------------------------------------------    -------------------
    SLICE_X63Y20         FDCE (Prop_fdce_C_Q)         0.141     1.610 r  U_GPIOD/U_APB_Intf_GPIO/slv_reg0_reg[17]/Q
                         net (fo=1, routed)           0.057     1.668    U_GPIOD/U_APB_Intf_GPIO/slv_reg0_reg_n_0_[17]
    SLICE_X62Y20         LUT4 (Prop_lut4_I0_O)        0.045     1.713 r  U_GPIOD/U_APB_Intf_GPIO/PRDATA[17]_i_1__0/O
                         net (fo=1, routed)           0.000     1.713    U_GPIOD/U_APB_Intf_GPIO/p_0_in[17]
    SLICE_X62Y20         FDRE                                         r  U_GPIOD/U_APB_Intf_GPIO/PRDATA_reg[17]/D
  -------------------------------------------------------------------    -------------------

                         (clock sys_clk_pin rise edge)
                                                      0.000     0.000 r  
    W5                                                0.000     0.000 r  clk (IN)
                         net (fo=0)                   0.000     0.000    clk
    W5                   IBUF (Prop_ibuf_I_O)         0.414     0.414 r  clk_IBUF_inst/O
                         net (fo=1, routed)           0.685     1.099    clk_IBUF
    BUFGCTRL_X0Y0        BUFG (Prop_bufg_I_O)         0.029     1.128 r  clk_IBUF_BUFG_inst/O
                         net (fo=914, routed)         0.855     1.982    U_GPIOD/U_APB_Intf_GPIO/clk_IBUF_BUFG
    SLICE_X62Y20         FDRE                                         r  U_GPIOD/U_APB_Intf_GPIO/PRDATA_reg[17]/C
                         clock pessimism             -0.500     1.482    
    SLICE_X62Y20         FDRE (Hold_fdre_C_D)         0.092     1.574    U_GPIOD/U_APB_Intf_GPIO/PRDATA_reg[17]
  -------------------------------------------------------------------
                         required time                         -1.574    
                         arrival time                           1.713    
  -------------------------------------------------------------------
                         slack                                  0.138    

Slack (MET) :             0.139ns  (arrival time - required time)
  Source:                 U_GPOE/U_APB_Intf_FND/slv_reg2_reg[6]/C
                            (rising edge-triggered cell FDCE clocked by sys_clk_pin  {rise@0.000ns fall@5.000ns period=10.000ns})
  Destination:            U_GPOE/U_APB_Intf_FND/PRDATA_reg[6]/D
                            (rising edge-triggered cell FDRE clocked by sys_clk_pin  {rise@0.000ns fall@5.000ns period=10.000ns})
  Path Group:             sys_clk_pin
  Path Type:              Hold (Min at Fast Process Corner)
  Requirement:            0.000ns  (sys_clk_pin rise@0.000ns - sys_clk_pin rise@0.000ns)
  Data Path Delay:        0.244ns  (logic 0.186ns (76.126%)  route 0.058ns (23.874%))
  Logic Levels:           1  (LUT5=1)
  Clock Path Skew:        0.013ns (DCD - SCD - CPR)
    Destination Clock Delay (DCD):    1.989ns
    Source Clock Delay      (SCD):    1.475ns
    Clock Pessimism Removal (CPR):    0.501ns

    Location             Delay type                Incr(ns)  Path(ns)    Netlist Resource(s)
  -------------------------------------------------------------------    -------------------
                         (clock sys_clk_pin rise edge)
                                                      0.000     0.000 r  
    W5                                                0.000     0.000 r  clk (IN)
                         net (fo=0)                   0.000     0.000    clk
    W5                   IBUF (Prop_ibuf_I_O)         0.226     0.226 r  clk_IBUF_inst/O
                         net (fo=1, routed)           0.631     0.858    clk_IBUF
    BUFGCTRL_X0Y0        BUFG (Prop_bufg_I_O)         0.026     0.884 r  clk_IBUF_BUFG_inst/O
                         net (fo=914, routed)         0.592     1.475    U_GPOE/U_APB_Intf_FND/clk_IBUF_BUFG
    SLICE_X63Y37         FDCE                                         r  U_GPOE/U_APB_Intf_FND/slv_reg2_reg[6]/C
  -------------------------------------------------------------------    -------------------
    SLICE_X63Y37         FDCE (Prop_fdce_C_Q)         0.141     1.616 r  U_GPOE/U_APB_Intf_FND/slv_reg2_reg[6]/Q
                         net (fo=1, routed)           0.058     1.674    U_GPOE/U_APB_Intf_FND/slv_reg2[6]
    SLICE_X62Y37         LUT5 (Prop_lut5_I4_O)        0.045     1.719 r  U_GPOE/U_APB_Intf_FND/PRDATA[6]_i_1/O
                         net (fo=1, routed)           0.000     1.719    U_GPOE/U_APB_Intf_FND/p_0_in[6]
    SLICE_X62Y37         FDRE                                         r  U_GPOE/U_APB_Intf_FND/PRDATA_reg[6]/D
  -------------------------------------------------------------------    -------------------

                         (clock sys_clk_pin rise edge)
                                                      0.000     0.000 r  
    W5                                                0.000     0.000 r  clk (IN)
                         net (fo=0)                   0.000     0.000    clk
    W5                   IBUF (Prop_ibuf_I_O)         0.414     0.414 r  clk_IBUF_inst/O
                         net (fo=1, routed)           0.685     1.099    clk_IBUF
    BUFGCTRL_X0Y0        BUFG (Prop_bufg_I_O)         0.029     1.128 r  clk_IBUF_BUFG_inst/O
                         net (fo=914, routed)         0.862     1.989    U_GPOE/U_APB_Intf_FND/clk_IBUF_BUFG
    SLICE_X62Y37         FDRE                                         r  U_GPOE/U_APB_Intf_FND/PRDATA_reg[6]/C
                         clock pessimism             -0.501     1.488    
    SLICE_X62Y37         FDRE (Hold_fdre_C_D)         0.092     1.580    U_GPOE/U_APB_Intf_FND/PRDATA_reg[6]
  -------------------------------------------------------------------
                         required time                         -1.580    
                         arrival time                           1.719    
  -------------------------------------------------------------------
                         slack                                  0.139    

Slack (MET) :             0.140ns  (arrival time - required time)
  Source:                 U_GPOE/U_APB_Intf_FND/slv_reg1_reg[12]/C
                            (rising edge-triggered cell FDCE clocked by sys_clk_pin  {rise@0.000ns fall@5.000ns period=10.000ns})
  Destination:            U_GPOE/U_APB_Intf_FND/PRDATA_reg[12]/D
                            (rising edge-triggered cell FDRE clocked by sys_clk_pin  {rise@0.000ns fall@5.000ns period=10.000ns})
  Path Group:             sys_clk_pin
  Path Type:              Hold (Min at Fast Process Corner)
  Requirement:            0.000ns  (sys_clk_pin rise@0.000ns - sys_clk_pin rise@0.000ns)
  Data Path Delay:        0.273ns  (logic 0.186ns (68.106%)  route 0.087ns (31.894%))
  Logic Levels:           1  (LUT5=1)
  Clock Path Skew:        0.013ns (DCD - SCD - CPR)
    Destination Clock Delay (DCD):    1.979ns
    Source Clock Delay      (SCD):    1.467ns
    Clock Pessimism Removal (CPR):    0.499ns

    Location             Delay type                Incr(ns)  Path(ns)    Netlist Resource(s)
  -------------------------------------------------------------------    -------------------
                         (clock sys_clk_pin rise edge)
                                                      0.000     0.000 r  
    W5                                                0.000     0.000 r  clk (IN)
                         net (fo=0)                   0.000     0.000    clk
    W5                   IBUF (Prop_ibuf_I_O)         0.226     0.226 r  clk_IBUF_inst/O
                         net (fo=1, routed)           0.631     0.858    clk_IBUF
    BUFGCTRL_X0Y0        BUFG (Prop_bufg_I_O)         0.026     0.884 r  clk_IBUF_BUFG_inst/O
                         net (fo=914, routed)         0.584     1.467    U_GPOE/U_APB_Intf_FND/clk_IBUF_BUFG
    SLICE_X61Y21         FDCE                                         r  U_GPOE/U_APB_Intf_FND/slv_reg1_reg[12]/C
  -------------------------------------------------------------------    -------------------
    SLICE_X61Y21         FDCE (Prop_fdce_C_Q)         0.141     1.608 r  U_GPOE/U_APB_Intf_FND/slv_reg1_reg[12]/Q
                         net (fo=1, routed)           0.087     1.695    U_GPOE/U_APB_Intf_FND/slv_reg1[12]
    SLICE_X60Y21         LUT5 (Prop_lut5_I1_O)        0.045     1.740 r  U_GPOE/U_APB_Intf_FND/PRDATA[12]_i_1/O
                         net (fo=1, routed)           0.000     1.740    U_GPOE/U_APB_Intf_FND/p_0_in[12]
    SLICE_X60Y21         FDRE                                         r  U_GPOE/U_APB_Intf_FND/PRDATA_reg[12]/D
  -------------------------------------------------------------------    -------------------

                         (clock sys_clk_pin rise edge)
                                                      0.000     0.000 r  
    W5                                                0.000     0.000 r  clk (IN)
                         net (fo=0)                   0.000     0.000    clk
    W5                   IBUF (Prop_ibuf_I_O)         0.414     0.414 r  clk_IBUF_inst/O
                         net (fo=1, routed)           0.685     1.099    clk_IBUF
    BUFGCTRL_X0Y0        BUFG (Prop_bufg_I_O)         0.029     1.128 r  clk_IBUF_BUFG_inst/O
                         net (fo=914, routed)         0.852     1.979    U_GPOE/U_APB_Intf_FND/clk_IBUF_BUFG
    SLICE_X60Y21         FDRE                                         r  U_GPOE/U_APB_Intf_FND/PRDATA_reg[12]/C
                         clock pessimism             -0.499     1.480    
    SLICE_X60Y21         FDRE (Hold_fdre_C_D)         0.120     1.600    U_GPOE/U_APB_Intf_FND/PRDATA_reg[12]
  -------------------------------------------------------------------
                         required time                         -1.600    
                         arrival time                           1.740    
  -------------------------------------------------------------------
                         slack                                  0.140    





Pulse Width Checks
--------------------------------------------------------------------------------------
Clock Name:         sys_clk_pin
Waveform(ns):       { 0.000 5.000 }
Period(ns):         10.000
Sources:            { clk }

Check Type        Corner  Lib Pin             Reference Pin  Required(ns)  Actual(ns)  Slack(ns)  Location       Pin
Min Period        n/a     RAMB36E1/CLKARDCLK  n/a            2.576         10.000      7.424      RAMB36_X2Y5    U_RAM/mem_reg/CLKARDCLK
Min Period        n/a     BUFG/I              n/a            2.155         10.000      7.845      BUFGCTRL_X0Y0  clk_IBUF_BUFG_inst/I
Min Period        n/a     FDCE/C              n/a            1.000         10.000      9.000      SLICE_X58Y27   U_Core/U_ControlUnit/FSM_sequential_state_reg[0]/C
Min Period        n/a     FDCE/C              n/a            1.000         10.000      9.000      SLICE_X58Y25   U_Core/U_ControlUnit/FSM_sequential_state_reg[1]/C
Min Period        n/a     FDCE/C              n/a            1.000         10.000      9.000      SLICE_X58Y27   U_Core/U_ControlUnit/FSM_sequential_state_reg[2]/C
Min Period        n/a     FDCE/C              n/a            1.000         10.000      9.000      SLICE_X58Y25   U_Core/U_ControlUnit/FSM_sequential_state_reg[3]/C
Min Period        n/a     FDCE/C              n/a            1.000         10.000      9.000      SLICE_X59Y31   U_Core/U_DataPath/U_ExeReg_ALU/q_reg[19]/C
Min Period        n/a     FDCE/C              n/a            1.000         10.000      9.000      SLICE_X58Y31   U_Core/U_DataPath/U_ExeReg_ALU/q_reg[20]/C
Min Period        n/a     FDCE/C              n/a            1.000         10.000      9.000      SLICE_X51Y32   U_Core/U_DataPath/U_ExeReg_ALU/q_reg[21]/C
Min Period        n/a     FDCE/C              n/a            1.000         10.000      9.000      SLICE_X51Y32   U_Core/U_DataPath/U_ExeReg_ALU/q_reg[22]/C
Low Pulse Width   Fast    RAMD32/CLK          n/a            1.250         5.000       3.750      SLICE_X56Y31   U_Core/U_DataPath/U_RegFile/RegFile_reg_r2_0_31_30_31/RAMA/CLK
Low Pulse Width   Fast    RAMD32/CLK          n/a            1.250         5.000       3.750      SLICE_X56Y31   U_Core/U_DataPath/U_RegFile/RegFile_reg_r2_0_31_30_31/RAMA_D1/CLK
Low Pulse Width   Fast    RAMD32/CLK          n/a            1.250         5.000       3.750      SLICE_X56Y31   U_Core/U_DataPath/U_RegFile/RegFile_reg_r2_0_31_30_31/RAMB/CLK
Low Pulse Width   Fast    RAMD32/CLK          n/a            1.250         5.000       3.750      SLICE_X56Y31   U_Core/U_DataPath/U_RegFile/RegFile_reg_r2_0_31_30_31/RAMB_D1/CLK
Low Pulse Width   Fast    RAMD32/CLK          n/a            1.250         5.000       3.750      SLICE_X56Y31   U_Core/U_DataPath/U_RegFile/RegFile_reg_r2_0_31_30_31/RAMC/CLK
Low Pulse Width   Fast    RAMD32/CLK          n/a            1.250         5.000       3.750      SLICE_X56Y31   U_Core/U_DataPath/U_RegFile/RegFile_reg_r2_0_31_30_31/RAMC_D1/CLK
Low Pulse Width   Fast    RAMS32/CLK          n/a            1.250         5.000       3.750      SLICE_X56Y31   U_Core/U_DataPath/U_RegFile/RegFile_reg_r2_0_31_30_31/RAMD/CLK
Low Pulse Width   Fast    RAMS32/CLK          n/a            1.250         5.000       3.750      SLICE_X56Y31   U_Core/U_DataPath/U_RegFile/RegFile_reg_r2_0_31_30_31/RAMD_D1/CLK
Low Pulse Width   Slow    RAMD32/CLK          n/a            1.250         5.000       3.750      SLICE_X56Y26   U_Core/U_DataPath/U_RegFile/RegFile_reg_r2_0_31_6_11/RAMA/CLK
Low Pulse Width   Slow    RAMD32/CLK          n/a            1.250         5.000       3.750      SLICE_X56Y26   U_Core/U_DataPath/U_RegFile/RegFile_reg_r2_0_31_6_11/RAMA_D1/CLK
High Pulse Width  Slow    RAMD32/CLK          n/a            1.250         5.000       3.750      SLICE_X52Y30   U_Core/U_DataPath/U_RegFile/RegFile_reg_r1_0_31_18_23/RAMA/CLK
High Pulse Width  Slow    RAMD32/CLK          n/a            1.250         5.000       3.750      SLICE_X52Y30   U_Core/U_DataPath/U_RegFile/RegFile_reg_r1_0_31_18_23/RAMA_D1/CLK
High Pulse Width  Slow    RAMD32/CLK          n/a            1.250         5.000       3.750      SLICE_X52Y30   U_Core/U_DataPath/U_RegFile/RegFile_reg_r1_0_31_18_23/RAMB/CLK
High Pulse Width  Slow    RAMD32/CLK          n/a            1.250         5.000       3.750      SLICE_X52Y30   U_Core/U_DataPath/U_RegFile/RegFile_reg_r1_0_31_18_23/RAMB_D1/CLK
High Pulse Width  Slow    RAMD32/CLK          n/a            1.250         5.000       3.750      SLICE_X52Y30   U_Core/U_DataPath/U_RegFile/RegFile_reg_r1_0_31_18_23/RAMC/CLK
High Pulse Width  Slow    RAMD32/CLK          n/a            1.250         5.000       3.750      SLICE_X52Y30   U_Core/U_DataPath/U_RegFile/RegFile_reg_r1_0_31_18_23/RAMC_D1/CLK
High Pulse Width  Slow    RAMS32/CLK          n/a            1.250         5.000       3.750      SLICE_X52Y30   U_Core/U_DataPath/U_RegFile/RegFile_reg_r1_0_31_18_23/RAMD/CLK
High Pulse Width  Slow    RAMS32/CLK          n/a            1.250         5.000       3.750      SLICE_X52Y30   U_Core/U_DataPath/U_RegFile/RegFile_reg_r1_0_31_18_23/RAMD_D1/CLK
High Pulse Width  Fast    RAMD32/CLK          n/a            1.250         5.000       3.750      SLICE_X52Y32   U_Core/U_DataPath/U_RegFile/RegFile_reg_r1_0_31_24_29/RAMA/CLK
High Pulse Width  Fast    RAMD32/CLK          n/a            1.250         5.000       3.750      SLICE_X52Y32   U_Core/U_DataPath/U_RegFile/RegFile_reg_r1_0_31_24_29/RAMA_D1/CLK



