Copyright 1986-2020 Xilinx, Inc. All Rights Reserved.
--------------------------------------------------------------------------------------------------------------------------------------------------------------------------------
| Tool Version : Vivado v.2020.2 (win64) Build 3064766 Wed Nov 18 09:12:45 MST 2020
| Date         : Fri May  2 19:03:02 2025
| Host         : DESKTOP-7CFQ9ND running 64-bit major release  (build 9200)
| Command      : report_timing_summary -max_paths 10 -file MCU_timing_summary_routed.rpt -pb MCU_timing_summary_routed.pb -rpx MCU_timing_summary_routed.rpx -warn_on_violation
| Design       : MCU
| Device       : 7a35t-cpg236
| Speed File   : -1  PRODUCTION 1.23 2018-06-13
--------------------------------------------------------------------------------------------------------------------------------------------------------------------------------

Timing Summary Report

------------------------------------------------------------------------------------------------
| Timer Settings
| --------------
------------------------------------------------------------------------------------------------

  Enable Multi Corner Analysis               :  Yes
  Enable Pessimism Removal                   :  Yes
  Pessimism Removal Resolution               :  Nearest Common Node
  Enable Input Delay Default Clock           :  No
  Enable Preset / Clear Arcs                 :  No
  Disable Flight Delays                      :  No
  Ignore I/O Paths                           :  No
  Timing Early Launch at Borrowing Latches   :  No
  Borrow Time for Max Delay Exceptions       :  Yes
  Merge Timing Exceptions                    :  Yes

  Corner  Analyze    Analyze    
  Name    Max Paths  Min Paths  
  ------  ---------  ---------  
  Slow    Yes        Yes        
  Fast    Yes        Yes        



check_timing report

Table of Contents
-----------------
1. checking no_clock (2)
2. checking constant_clock (0)
3. checking pulse_width_clock (0)
4. checking unconstrained_internal_endpoints (4)
5. checking no_input_delay (36)
6. checking no_output_delay (47)
7. checking multiple_clock (0)
8. checking generated_clocks (0)
9. checking loops (0)
10. checking partial_input_delay (0)
11. checking partial_output_delay (0)
12. checking latch_loops (0)

1. checking no_clock (2)
------------------------
 There are 2 register/latch pins with no clock driven by root clock pin: U_FND/u_clock_div/r_clk_reg/Q (HIGH)


2. checking constant_clock (0)
------------------------------
 There are 0 register/latch pins with constant_clock.


3. checking pulse_width_clock (0)
---------------------------------
 There are 0 register/latch pins which need pulse_width check


4. checking unconstrained_internal_endpoints (4)
------------------------------------------------
 There are 4 pins that are not constrained for maximum delay. (HIGH)

 There are 0 pins that are not constrained for maximum delay due to constant clock.


5. checking no_input_delay (36)
-------------------------------
 There are 36 input ports with no input delay specified. (HIGH)

 There are 0 input ports with no input delay but user has a false path constraint.


6. checking no_output_delay (47)
--------------------------------
 There are 47 ports with no output delay specified. (HIGH)

 There are 0 ports with no output delay but user has a false path constraint

 There are 0 ports with no output delay but with a timing clock defined on it or propagating through it


7. checking multiple_clock (0)
------------------------------
 There are 0 register/latch pins with multiple clocks.


8. checking generated_clocks (0)
--------------------------------
 There are 0 generated clocks that are not connected to a clock source.


9. checking loops (0)
---------------------
 There are 0 combinational loops in the design.


10. checking partial_input_delay (0)
------------------------------------
 There are 0 input ports with partial input delay specified.


11. checking partial_output_delay (0)
-------------------------------------
 There are 0 ports with partial output delay specified.


12. checking latch_loops (0)
----------------------------
 There are 0 combinational latch loops in the design through latch input



------------------------------------------------------------------------------------------------
| Design Timing Summary
| ---------------------
------------------------------------------------------------------------------------------------

    WNS(ns)      TNS(ns)  TNS Failing Endpoints  TNS Total Endpoints      WHS(ns)      THS(ns)  THS Failing Endpoints  THS Total Endpoints     WPWS(ns)     TPWS(ns)  TPWS Failing Endpoints  TPWS Total Endpoints  
    -------      -------  ---------------------  -------------------      -------      -------  ---------------------  -------------------     --------     --------  ----------------------  --------------------  
     -3.332      -34.174                     22                 3319        0.043        0.000                      0                 3319        3.750        0.000                       0                  1521  


Timing constraints are not met.


------------------------------------------------------------------------------------------------
| Clock Summary
| -------------
------------------------------------------------------------------------------------------------

Clock        Waveform(ns)       Period(ns)      Frequency(MHz)
-----        ------------       ----------      --------------
sys_clk_pin  {0.000 5.000}      10.000          100.000         


------------------------------------------------------------------------------------------------
| Intra Clock Table
| -----------------
------------------------------------------------------------------------------------------------

Clock             WNS(ns)      TNS(ns)  TNS Failing Endpoints  TNS Total Endpoints      WHS(ns)      THS(ns)  THS Failing Endpoints  THS Total Endpoints     WPWS(ns)     TPWS(ns)  TPWS Failing Endpoints  TPWS Total Endpoints  
-----             -------      -------  ---------------------  -------------------      -------      -------  ---------------------  -------------------     --------     --------  ----------------------  --------------------  
sys_clk_pin        -3.332      -34.174                     22                 3319        0.043        0.000                      0                 3319        3.750        0.000                       0                  1521  


------------------------------------------------------------------------------------------------
| Inter Clock Table
| -----------------
------------------------------------------------------------------------------------------------

From Clock    To Clock          WNS(ns)      TNS(ns)  TNS Failing Endpoints  TNS Total Endpoints      WHS(ns)      THS(ns)  THS Failing Endpoints  THS Total Endpoints  
----------    --------          -------      -------  ---------------------  -------------------      -------      -------  ---------------------  -------------------  


------------------------------------------------------------------------------------------------
| Other Path Groups Table
| -----------------------
------------------------------------------------------------------------------------------------

Path Group    From Clock    To Clock          WNS(ns)      TNS(ns)  TNS Failing Endpoints  TNS Total Endpoints      WHS(ns)      THS(ns)  THS Failing Endpoints  THS Total Endpoints  
----------    ----------    --------          -------      -------  ---------------------  -------------------      -------      -------  ---------------------  -------------------  


------------------------------------------------------------------------------------------------
| Timing Details
| --------------
------------------------------------------------------------------------------------------------


---------------------------------------------------------------------------------------------------
From Clock:  sys_clk_pin
  To Clock:  sys_clk_pin

Setup :           22  Failing Endpoints,  Worst Slack       -3.332ns,  Total Violation      -34.174ns
Hold  :            0  Failing Endpoints,  Worst Slack        0.043ns,  Total Violation        0.000ns
PW    :            0  Failing Endpoints,  Worst Slack        3.750ns,  Total Violation        0.000ns
---------------------------------------------------------------------------------------------------


Max Delay Paths
--------------------------------------------------------------------------------------
Slack (VIOLATED) :        -3.332ns  (required time - arrival time)
  Source:                 U_APB_Master/temp_wdata_reg_reg[6]/C
                            (rising edge-triggered cell FDCE clocked by sys_clk_pin  {rise@0.000ns fall@5.000ns period=10.000ns})
  Destination:            U_FND/U_APB_Intf_FND/slv_reg1_reg[13]/D
                            (rising edge-triggered cell FDCE clocked by sys_clk_pin  {rise@0.000ns fall@5.000ns period=10.000ns})
  Path Group:             sys_clk_pin
  Path Type:              Setup (Max at Slow Process Corner)
  Requirement:            10.000ns  (sys_clk_pin rise@10.000ns - sys_clk_pin rise@0.000ns)
  Data Path Delay:        13.287ns  (logic 6.126ns (46.104%)  route 7.161ns (53.896%))
  Logic Levels:           18  (CARRY4=10 LUT2=2 LUT3=4 LUT5=1 LUT6=1)
  Clock Path Skew:        -0.040ns (DCD - SCD + CPR)
    Destination Clock Delay (DCD):    4.855ns = ( 14.855 - 10.000 ) 
    Source Clock Delay      (SCD):    5.155ns
    Clock Pessimism Removal (CPR):    0.260ns
  Clock Uncertainty:      0.035ns  ((TSJ^2 + TIJ^2)^1/2 + DJ) / 2 + PE
    Total System Jitter     (TSJ):    0.071ns
    Total Input Jitter      (TIJ):    0.000ns
    Discrete Jitter          (DJ):    0.000ns
    Phase Error              (PE):    0.000ns

    Location             Delay type                Incr(ns)  Path(ns)    Netlist Resource(s)
  -------------------------------------------------------------------    -------------------
                         (clock sys_clk_pin rise edge)
                                                      0.000     0.000 r  
    W5                                                0.000     0.000 r  clk (IN)
                         net (fo=0)                   0.000     0.000    clk
    W5                   IBUF (Prop_ibuf_I_O)         1.458     1.458 r  clk_IBUF_inst/O
                         net (fo=1, routed)           1.967     3.425    clk_IBUF
    BUFGCTRL_X0Y0        BUFG (Prop_bufg_I_O)         0.096     3.521 r  clk_IBUF_BUFG_inst/O
                         net (fo=1520, routed)        1.634     5.155    U_APB_Master/clk_IBUF_BUFG
    SLICE_X7Y8           FDCE                                         r  U_APB_Master/temp_wdata_reg_reg[6]/C
  -------------------------------------------------------------------    -------------------
    SLICE_X7Y8           FDCE (Prop_fdce_C_Q)         0.456     5.611 r  U_APB_Master/temp_wdata_reg_reg[6]/Q
                         net (fo=39, routed)          0.849     6.460    U_APB_Master/Q[6]
    SLICE_X4Y8           LUT3 (Prop_lut3_I0_O)        0.124     6.584 r  U_APB_Master/slv_reg1[7]_i_163/O
                         net (fo=1, routed)           0.941     7.524    U_FND/U_APB_Intf_FND/slv_reg1[7]_i_104_0[2]
    SLICE_X4Y11          CARRY4 (Prop_carry4_DI[2]_CO[3])
                                                      0.398     7.922 r  U_FND/U_APB_Intf_FND/slv_reg1_reg[7]_i_109/CO[3]
                         net (fo=1, routed)           0.000     7.922    U_FND/U_APB_Intf_FND/slv_reg1_reg[7]_i_109_n_0
    SLICE_X4Y12          CARRY4 (Prop_carry4_CI_CO[3])
                                                      0.114     8.036 r  U_FND/U_APB_Intf_FND/slv_reg1_reg[7]_i_51/CO[3]
                         net (fo=1, routed)           0.000     8.036    U_FND/U_APB_Intf_FND/slv_reg1_reg[7]_i_51_n_0
    SLICE_X4Y13          CARRY4 (Prop_carry4_CI_O[1])
                                                      0.334     8.370 r  U_FND/U_APB_Intf_FND/slv_reg1_reg[7]_i_33/O[1]
                         net (fo=4, routed)           0.867     9.238    U_FND/U_APB_Intf_FND/slv_reg1_reg[7]_i_33_n_6
    SLICE_X8Y13          LUT3 (Prop_lut3_I1_O)        0.303     9.541 r  U_FND/U_APB_Intf_FND/slv_reg1[7]_i_36/O
                         net (fo=2, routed)           0.413     9.953    U_FND/U_APB_Intf_FND/slv_reg1[7]_i_36_n_0
    SLICE_X9Y14          LUT5 (Prop_lut5_I1_O)        0.124    10.077 r  U_FND/U_APB_Intf_FND/slv_reg1[7]_i_16/O
                         net (fo=2, routed)           0.678    10.756    U_FND/U_APB_Intf_FND/slv_reg1[7]_i_16_n_0
    SLICE_X5Y14          LUT6 (Prop_lut6_I0_O)        0.124    10.880 r  U_FND/U_APB_Intf_FND/slv_reg1[7]_i_20/O
                         net (fo=1, routed)           0.000    10.880    U_FND/U_APB_Intf_FND/slv_reg1[7]_i_20_n_0
    SLICE_X5Y14          CARRY4 (Prop_carry4_S[0]_CO[3])
                                                      0.532    11.412 r  U_FND/U_APB_Intf_FND/slv_reg1_reg[7]_i_11/CO[3]
                         net (fo=1, routed)           0.000    11.412    U_FND/U_APB_Intf_FND/slv_reg1_reg[7]_i_11_n_0
    SLICE_X5Y15          CARRY4 (Prop_carry4_CI_O[2])
                                                      0.239    11.651 r  U_FND/U_APB_Intf_FND/slv_reg1_reg[13]_i_18/O[2]
                         net (fo=5, routed)           0.709    12.360    U_FND/U_APB_Intf_FND/slv_reg1_reg[13]_i_18_n_5
    SLICE_X0Y15          LUT3 (Prop_lut3_I2_O)        0.302    12.662 r  U_FND/U_APB_Intf_FND/slv_reg1[11]_i_10/O
                         net (fo=1, routed)           0.463    13.125    U_FND/U_APB_Intf_FND/slv_reg1[11]_i_10_n_0
    SLICE_X3Y15          CARRY4 (Prop_carry4_DI[3]_CO[3])
                                                      0.385    13.510 r  U_FND/U_APB_Intf_FND/slv_reg1_reg[11]_i_9/CO[3]
                         net (fo=1, routed)           0.000    13.510    U_FND/U_APB_Intf_FND/slv_reg1_reg[11]_i_9_n_0
    SLICE_X3Y16          CARRY4 (Prop_carry4_CI_O[0])
                                                      0.222    13.732 r  U_FND/U_APB_Intf_FND/slv_reg1_reg[13]_i_17/O[0]
                         net (fo=1, routed)           0.563    14.295    U_FND/U_APB_Intf_FND/slv_reg1_reg[13]_i_17_n_7
    SLICE_X1Y14          LUT2 (Prop_lut2_I1_O)        0.299    14.594 r  U_FND/U_APB_Intf_FND/slv_reg1[13]_i_14/O
                         net (fo=1, routed)           0.000    14.594    U_FND/U_APB_Intf_FND/slv_reg1[13]_i_14_n_0
    SLICE_X1Y14          CARRY4 (Prop_carry4_S[3]_O[3])
                                                      0.248    14.842 r  U_FND/U_APB_Intf_FND/slv_reg1_reg[13]_i_11/O[3]
                         net (fo=1, routed)           0.563    15.405    U_APB_Master/slv_reg1_reg[13]_i_4[3]
    SLICE_X2Y16          LUT2 (Prop_lut2_I1_O)        0.306    15.711 r  U_APB_Master/slv_reg1[13]_i_9/O
                         net (fo=1, routed)           0.000    15.711    U_FND/U_APB_Intf_FND/slv_reg1_reg[13]_6[0]
    SLICE_X2Y16          CARRY4 (Prop_carry4_S[0]_O[1])
                                                      0.427    16.138 r  U_FND/U_APB_Intf_FND/slv_reg1_reg[13]_i_4/O[1]
                         net (fo=2, routed)           0.496    16.634    U_FND/U_APB_Intf_FND/slv_reg1_reg[13]_i_4_n_6
    SLICE_X3Y14          CARRY4 (Prop_carry4_S[1]_CO[2])
                                                      0.876    17.510 r  U_FND/U_APB_Intf_FND/slv_reg1_reg[13]_i_3/CO[2]
                         net (fo=10, routed)          0.620    18.130    U_FND/U_APB_Intf_FND/slv_reg1_reg[13]_i_3_n_1
    SLICE_X0Y14          LUT3 (Prop_lut3_I1_O)        0.313    18.443 r  U_FND/U_APB_Intf_FND/slv_reg1[13]_i_2/O
                         net (fo=1, routed)           0.000    18.443    U_FND/U_APB_Intf_FND/p_0_in[13]
    SLICE_X0Y14          FDCE                                         r  U_FND/U_APB_Intf_FND/slv_reg1_reg[13]/D
  -------------------------------------------------------------------    -------------------

                         (clock sys_clk_pin rise edge)
                                                     10.000    10.000 r  
    W5                                                0.000    10.000 r  clk (IN)
                         net (fo=0)                   0.000    10.000    clk
    W5                   IBUF (Prop_ibuf_I_O)         1.388    11.388 r  clk_IBUF_inst/O
                         net (fo=1, routed)           1.862    13.250    clk_IBUF
    BUFGCTRL_X0Y0        BUFG (Prop_bufg_I_O)         0.091    13.341 r  clk_IBUF_BUFG_inst/O
                         net (fo=1520, routed)        1.514    14.855    U_FND/U_APB_Intf_FND/clk_IBUF_BUFG
    SLICE_X0Y14          FDCE                                         r  U_FND/U_APB_Intf_FND/slv_reg1_reg[13]/C
                         clock pessimism              0.260    15.115    
                         clock uncertainty           -0.035    15.080    
    SLICE_X0Y14          FDCE (Setup_fdce_C_D)        0.031    15.111    U_FND/U_APB_Intf_FND/slv_reg1_reg[13]
  -------------------------------------------------------------------
                         required time                         15.111    
                         arrival time                         -18.443    
  -------------------------------------------------------------------
                         slack                                 -3.332    

Slack (VIOLATED) :        -3.331ns  (required time - arrival time)
  Source:                 U_APB_Master/temp_wdata_reg_reg[6]/C
                            (rising edge-triggered cell FDCE clocked by sys_clk_pin  {rise@0.000ns fall@5.000ns period=10.000ns})
  Destination:            U_FND/U_APB_Intf_FND/slv_reg1_reg[8]/D
                            (rising edge-triggered cell FDCE clocked by sys_clk_pin  {rise@0.000ns fall@5.000ns period=10.000ns})
  Path Group:             sys_clk_pin
  Path Type:              Setup (Max at Slow Process Corner)
  Requirement:            10.000ns  (sys_clk_pin rise@10.000ns - sys_clk_pin rise@0.000ns)
  Data Path Delay:        13.285ns  (logic 6.126ns (46.112%)  route 7.159ns (53.888%))
  Logic Levels:           18  (CARRY4=10 LUT2=2 LUT3=4 LUT5=1 LUT6=1)
  Clock Path Skew:        -0.041ns (DCD - SCD + CPR)
    Destination Clock Delay (DCD):    4.854ns = ( 14.854 - 10.000 ) 
    Source Clock Delay      (SCD):    5.155ns
    Clock Pessimism Removal (CPR):    0.260ns
  Clock Uncertainty:      0.035ns  ((TSJ^2 + TIJ^2)^1/2 + DJ) / 2 + PE
    Total System Jitter     (TSJ):    0.071ns
    Total Input Jitter      (TIJ):    0.000ns
    Discrete Jitter          (DJ):    0.000ns
    Phase Error              (PE):    0.000ns

    Location             Delay type                Incr(ns)  Path(ns)    Netlist Resource(s)
  -------------------------------------------------------------------    -------------------
                         (clock sys_clk_pin rise edge)
                                                      0.000     0.000 r  
    W5                                                0.000     0.000 r  clk (IN)
                         net (fo=0)                   0.000     0.000    clk
    W5                   IBUF (Prop_ibuf_I_O)         1.458     1.458 r  clk_IBUF_inst/O
                         net (fo=1, routed)           1.967     3.425    clk_IBUF
    BUFGCTRL_X0Y0        BUFG (Prop_bufg_I_O)         0.096     3.521 r  clk_IBUF_BUFG_inst/O
                         net (fo=1520, routed)        1.634     5.155    U_APB_Master/clk_IBUF_BUFG
    SLICE_X7Y8           FDCE                                         r  U_APB_Master/temp_wdata_reg_reg[6]/C
  -------------------------------------------------------------------    -------------------
    SLICE_X7Y8           FDCE (Prop_fdce_C_Q)         0.456     5.611 r  U_APB_Master/temp_wdata_reg_reg[6]/Q
                         net (fo=39, routed)          0.849     6.460    U_APB_Master/Q[6]
    SLICE_X4Y8           LUT3 (Prop_lut3_I0_O)        0.124     6.584 r  U_APB_Master/slv_reg1[7]_i_163/O
                         net (fo=1, routed)           0.941     7.524    U_FND/U_APB_Intf_FND/slv_reg1[7]_i_104_0[2]
    SLICE_X4Y11          CARRY4 (Prop_carry4_DI[2]_CO[3])
                                                      0.398     7.922 r  U_FND/U_APB_Intf_FND/slv_reg1_reg[7]_i_109/CO[3]
                         net (fo=1, routed)           0.000     7.922    U_FND/U_APB_Intf_FND/slv_reg1_reg[7]_i_109_n_0
    SLICE_X4Y12          CARRY4 (Prop_carry4_CI_CO[3])
                                                      0.114     8.036 r  U_FND/U_APB_Intf_FND/slv_reg1_reg[7]_i_51/CO[3]
                         net (fo=1, routed)           0.000     8.036    U_FND/U_APB_Intf_FND/slv_reg1_reg[7]_i_51_n_0
    SLICE_X4Y13          CARRY4 (Prop_carry4_CI_O[1])
                                                      0.334     8.370 r  U_FND/U_APB_Intf_FND/slv_reg1_reg[7]_i_33/O[1]
                         net (fo=4, routed)           0.867     9.238    U_FND/U_APB_Intf_FND/slv_reg1_reg[7]_i_33_n_6
    SLICE_X8Y13          LUT3 (Prop_lut3_I1_O)        0.303     9.541 r  U_FND/U_APB_Intf_FND/slv_reg1[7]_i_36/O
                         net (fo=2, routed)           0.413     9.953    U_FND/U_APB_Intf_FND/slv_reg1[7]_i_36_n_0
    SLICE_X9Y14          LUT5 (Prop_lut5_I1_O)        0.124    10.077 r  U_FND/U_APB_Intf_FND/slv_reg1[7]_i_16/O
                         net (fo=2, routed)           0.678    10.756    U_FND/U_APB_Intf_FND/slv_reg1[7]_i_16_n_0
    SLICE_X5Y14          LUT6 (Prop_lut6_I0_O)        0.124    10.880 r  U_FND/U_APB_Intf_FND/slv_reg1[7]_i_20/O
                         net (fo=1, routed)           0.000    10.880    U_FND/U_APB_Intf_FND/slv_reg1[7]_i_20_n_0
    SLICE_X5Y14          CARRY4 (Prop_carry4_S[0]_CO[3])
                                                      0.532    11.412 r  U_FND/U_APB_Intf_FND/slv_reg1_reg[7]_i_11/CO[3]
                         net (fo=1, routed)           0.000    11.412    U_FND/U_APB_Intf_FND/slv_reg1_reg[7]_i_11_n_0
    SLICE_X5Y15          CARRY4 (Prop_carry4_CI_O[2])
                                                      0.239    11.651 r  U_FND/U_APB_Intf_FND/slv_reg1_reg[13]_i_18/O[2]
                         net (fo=5, routed)           0.709    12.360    U_FND/U_APB_Intf_FND/slv_reg1_reg[13]_i_18_n_5
    SLICE_X0Y15          LUT3 (Prop_lut3_I2_O)        0.302    12.662 r  U_FND/U_APB_Intf_FND/slv_reg1[11]_i_10/O
                         net (fo=1, routed)           0.463    13.125    U_FND/U_APB_Intf_FND/slv_reg1[11]_i_10_n_0
    SLICE_X3Y15          CARRY4 (Prop_carry4_DI[3]_CO[3])
                                                      0.385    13.510 r  U_FND/U_APB_Intf_FND/slv_reg1_reg[11]_i_9/CO[3]
                         net (fo=1, routed)           0.000    13.510    U_FND/U_APB_Intf_FND/slv_reg1_reg[11]_i_9_n_0
    SLICE_X3Y16          CARRY4 (Prop_carry4_CI_O[0])
                                                      0.222    13.732 r  U_FND/U_APB_Intf_FND/slv_reg1_reg[13]_i_17/O[0]
                         net (fo=1, routed)           0.563    14.295    U_FND/U_APB_Intf_FND/slv_reg1_reg[13]_i_17_n_7
    SLICE_X1Y14          LUT2 (Prop_lut2_I1_O)        0.299    14.594 r  U_FND/U_APB_Intf_FND/slv_reg1[13]_i_14/O
                         net (fo=1, routed)           0.000    14.594    U_FND/U_APB_Intf_FND/slv_reg1[13]_i_14_n_0
    SLICE_X1Y14          CARRY4 (Prop_carry4_S[3]_O[3])
                                                      0.248    14.842 r  U_FND/U_APB_Intf_FND/slv_reg1_reg[13]_i_11/O[3]
                         net (fo=1, routed)           0.563    15.405    U_APB_Master/slv_reg1_reg[13]_i_4[3]
    SLICE_X2Y16          LUT2 (Prop_lut2_I1_O)        0.306    15.711 r  U_APB_Master/slv_reg1[13]_i_9/O
                         net (fo=1, routed)           0.000    15.711    U_FND/U_APB_Intf_FND/slv_reg1_reg[13]_6[0]
    SLICE_X2Y16          CARRY4 (Prop_carry4_S[0]_O[1])
                                                      0.427    16.138 r  U_FND/U_APB_Intf_FND/slv_reg1_reg[13]_i_4/O[1]
                         net (fo=2, routed)           0.496    16.634    U_FND/U_APB_Intf_FND/slv_reg1_reg[13]_i_4_n_6
    SLICE_X3Y14          CARRY4 (Prop_carry4_S[1]_CO[2])
                                                      0.876    17.510 r  U_FND/U_APB_Intf_FND/slv_reg1_reg[13]_i_3/CO[2]
                         net (fo=10, routed)          0.618    18.127    U_FND/U_APB_Intf_FND/slv_reg1_reg[13]_i_3_n_1
    SLICE_X0Y15          LUT3 (Prop_lut3_I1_O)        0.313    18.440 r  U_FND/U_APB_Intf_FND/slv_reg1[8]_i_1/O
                         net (fo=1, routed)           0.000    18.440    U_FND/U_APB_Intf_FND/p_0_in[8]
    SLICE_X0Y15          FDCE                                         r  U_FND/U_APB_Intf_FND/slv_reg1_reg[8]/D
  -------------------------------------------------------------------    -------------------

                         (clock sys_clk_pin rise edge)
                                                     10.000    10.000 r  
    W5                                                0.000    10.000 r  clk (IN)
                         net (fo=0)                   0.000    10.000    clk
    W5                   IBUF (Prop_ibuf_I_O)         1.388    11.388 r  clk_IBUF_inst/O
                         net (fo=1, routed)           1.862    13.250    clk_IBUF
    BUFGCTRL_X0Y0        BUFG (Prop_bufg_I_O)         0.091    13.341 r  clk_IBUF_BUFG_inst/O
                         net (fo=1520, routed)        1.513    14.854    U_FND/U_APB_Intf_FND/clk_IBUF_BUFG
    SLICE_X0Y15          FDCE                                         r  U_FND/U_APB_Intf_FND/slv_reg1_reg[8]/C
                         clock pessimism              0.260    15.114    
                         clock uncertainty           -0.035    15.079    
    SLICE_X0Y15          FDCE (Setup_fdce_C_D)        0.031    15.110    U_FND/U_APB_Intf_FND/slv_reg1_reg[8]
  -------------------------------------------------------------------
                         required time                         15.110    
                         arrival time                         -18.440    
  -------------------------------------------------------------------
                         slack                                 -3.331    

Slack (VIOLATED) :        -3.325ns  (required time - arrival time)
  Source:                 U_APB_Master/temp_wdata_reg_reg[6]/C
                            (rising edge-triggered cell FDCE clocked by sys_clk_pin  {rise@0.000ns fall@5.000ns period=10.000ns})
  Destination:            U_FND/U_APB_Intf_FND/slv_reg1_reg[12]/D
                            (rising edge-triggered cell FDCE clocked by sys_clk_pin  {rise@0.000ns fall@5.000ns period=10.000ns})
  Path Group:             sys_clk_pin
  Path Type:              Setup (Max at Slow Process Corner)
  Requirement:            10.000ns  (sys_clk_pin rise@10.000ns - sys_clk_pin rise@0.000ns)
  Data Path Delay:        13.280ns  (logic 6.126ns (46.128%)  route 7.154ns (53.872%))
  Logic Levels:           18  (CARRY4=10 LUT2=2 LUT3=4 LUT5=1 LUT6=1)
  Clock Path Skew:        -0.041ns (DCD - SCD + CPR)
    Destination Clock Delay (DCD):    4.854ns = ( 14.854 - 10.000 ) 
    Source Clock Delay      (SCD):    5.155ns
    Clock Pessimism Removal (CPR):    0.260ns
  Clock Uncertainty:      0.035ns  ((TSJ^2 + TIJ^2)^1/2 + DJ) / 2 + PE
    Total System Jitter     (TSJ):    0.071ns
    Total Input Jitter      (TIJ):    0.000ns
    Discrete Jitter          (DJ):    0.000ns
    Phase Error              (PE):    0.000ns

    Location             Delay type                Incr(ns)  Path(ns)    Netlist Resource(s)
  -------------------------------------------------------------------    -------------------
                         (clock sys_clk_pin rise edge)
                                                      0.000     0.000 r  
    W5                                                0.000     0.000 r  clk (IN)
                         net (fo=0)                   0.000     0.000    clk
    W5                   IBUF (Prop_ibuf_I_O)         1.458     1.458 r  clk_IBUF_inst/O
                         net (fo=1, routed)           1.967     3.425    clk_IBUF
    BUFGCTRL_X0Y0        BUFG (Prop_bufg_I_O)         0.096     3.521 r  clk_IBUF_BUFG_inst/O
                         net (fo=1520, routed)        1.634     5.155    U_APB_Master/clk_IBUF_BUFG
    SLICE_X7Y8           FDCE                                         r  U_APB_Master/temp_wdata_reg_reg[6]/C
  -------------------------------------------------------------------    -------------------
    SLICE_X7Y8           FDCE (Prop_fdce_C_Q)         0.456     5.611 r  U_APB_Master/temp_wdata_reg_reg[6]/Q
                         net (fo=39, routed)          0.849     6.460    U_APB_Master/Q[6]
    SLICE_X4Y8           LUT3 (Prop_lut3_I0_O)        0.124     6.584 r  U_APB_Master/slv_reg1[7]_i_163/O
                         net (fo=1, routed)           0.941     7.524    U_FND/U_APB_Intf_FND/slv_reg1[7]_i_104_0[2]
    SLICE_X4Y11          CARRY4 (Prop_carry4_DI[2]_CO[3])
                                                      0.398     7.922 r  U_FND/U_APB_Intf_FND/slv_reg1_reg[7]_i_109/CO[3]
                         net (fo=1, routed)           0.000     7.922    U_FND/U_APB_Intf_FND/slv_reg1_reg[7]_i_109_n_0
    SLICE_X4Y12          CARRY4 (Prop_carry4_CI_CO[3])
                                                      0.114     8.036 r  U_FND/U_APB_Intf_FND/slv_reg1_reg[7]_i_51/CO[3]
                         net (fo=1, routed)           0.000     8.036    U_FND/U_APB_Intf_FND/slv_reg1_reg[7]_i_51_n_0
    SLICE_X4Y13          CARRY4 (Prop_carry4_CI_O[1])
                                                      0.334     8.370 r  U_FND/U_APB_Intf_FND/slv_reg1_reg[7]_i_33/O[1]
                         net (fo=4, routed)           0.867     9.238    U_FND/U_APB_Intf_FND/slv_reg1_reg[7]_i_33_n_6
    SLICE_X8Y13          LUT3 (Prop_lut3_I1_O)        0.303     9.541 r  U_FND/U_APB_Intf_FND/slv_reg1[7]_i_36/O
                         net (fo=2, routed)           0.413     9.953    U_FND/U_APB_Intf_FND/slv_reg1[7]_i_36_n_0
    SLICE_X9Y14          LUT5 (Prop_lut5_I1_O)        0.124    10.077 r  U_FND/U_APB_Intf_FND/slv_reg1[7]_i_16/O
                         net (fo=2, routed)           0.678    10.756    U_FND/U_APB_Intf_FND/slv_reg1[7]_i_16_n_0
    SLICE_X5Y14          LUT6 (Prop_lut6_I0_O)        0.124    10.880 r  U_FND/U_APB_Intf_FND/slv_reg1[7]_i_20/O
                         net (fo=1, routed)           0.000    10.880    U_FND/U_APB_Intf_FND/slv_reg1[7]_i_20_n_0
    SLICE_X5Y14          CARRY4 (Prop_carry4_S[0]_CO[3])
                                                      0.532    11.412 r  U_FND/U_APB_Intf_FND/slv_reg1_reg[7]_i_11/CO[3]
                         net (fo=1, routed)           0.000    11.412    U_FND/U_APB_Intf_FND/slv_reg1_reg[7]_i_11_n_0
    SLICE_X5Y15          CARRY4 (Prop_carry4_CI_O[2])
                                                      0.239    11.651 r  U_FND/U_APB_Intf_FND/slv_reg1_reg[13]_i_18/O[2]
                         net (fo=5, routed)           0.709    12.360    U_FND/U_APB_Intf_FND/slv_reg1_reg[13]_i_18_n_5
    SLICE_X0Y15          LUT3 (Prop_lut3_I2_O)        0.302    12.662 r  U_FND/U_APB_Intf_FND/slv_reg1[11]_i_10/O
                         net (fo=1, routed)           0.463    13.125    U_FND/U_APB_Intf_FND/slv_reg1[11]_i_10_n_0
    SLICE_X3Y15          CARRY4 (Prop_carry4_DI[3]_CO[3])
                                                      0.385    13.510 r  U_FND/U_APB_Intf_FND/slv_reg1_reg[11]_i_9/CO[3]
                         net (fo=1, routed)           0.000    13.510    U_FND/U_APB_Intf_FND/slv_reg1_reg[11]_i_9_n_0
    SLICE_X3Y16          CARRY4 (Prop_carry4_CI_O[0])
                                                      0.222    13.732 r  U_FND/U_APB_Intf_FND/slv_reg1_reg[13]_i_17/O[0]
                         net (fo=1, routed)           0.563    14.295    U_FND/U_APB_Intf_FND/slv_reg1_reg[13]_i_17_n_7
    SLICE_X1Y14          LUT2 (Prop_lut2_I1_O)        0.299    14.594 r  U_FND/U_APB_Intf_FND/slv_reg1[13]_i_14/O
                         net (fo=1, routed)           0.000    14.594    U_FND/U_APB_Intf_FND/slv_reg1[13]_i_14_n_0
    SLICE_X1Y14          CARRY4 (Prop_carry4_S[3]_O[3])
                                                      0.248    14.842 r  U_FND/U_APB_Intf_FND/slv_reg1_reg[13]_i_11/O[3]
                         net (fo=1, routed)           0.563    15.405    U_APB_Master/slv_reg1_reg[13]_i_4[3]
    SLICE_X2Y16          LUT2 (Prop_lut2_I1_O)        0.306    15.711 r  U_APB_Master/slv_reg1[13]_i_9/O
                         net (fo=1, routed)           0.000    15.711    U_FND/U_APB_Intf_FND/slv_reg1_reg[13]_6[0]
    SLICE_X2Y16          CARRY4 (Prop_carry4_S[0]_O[1])
                                                      0.427    16.138 r  U_FND/U_APB_Intf_FND/slv_reg1_reg[13]_i_4/O[1]
                         net (fo=2, routed)           0.496    16.634    U_FND/U_APB_Intf_FND/slv_reg1_reg[13]_i_4_n_6
    SLICE_X3Y14          CARRY4 (Prop_carry4_S[1]_CO[2])
                                                      0.876    17.510 r  U_FND/U_APB_Intf_FND/slv_reg1_reg[13]_i_3/CO[2]
                         net (fo=10, routed)          0.613    18.123    U_FND/U_APB_Intf_FND/slv_reg1_reg[13]_i_3_n_1
    SLICE_X0Y15          LUT3 (Prop_lut3_I1_O)        0.313    18.436 r  U_FND/U_APB_Intf_FND/slv_reg1[12]_i_1/O
                         net (fo=1, routed)           0.000    18.436    U_FND/U_APB_Intf_FND/p_0_in[12]
    SLICE_X0Y15          FDCE                                         r  U_FND/U_APB_Intf_FND/slv_reg1_reg[12]/D
  -------------------------------------------------------------------    -------------------

                         (clock sys_clk_pin rise edge)
                                                     10.000    10.000 r  
    W5                                                0.000    10.000 r  clk (IN)
                         net (fo=0)                   0.000    10.000    clk
    W5                   IBUF (Prop_ibuf_I_O)         1.388    11.388 r  clk_IBUF_inst/O
                         net (fo=1, routed)           1.862    13.250    clk_IBUF
    BUFGCTRL_X0Y0        BUFG (Prop_bufg_I_O)         0.091    13.341 r  clk_IBUF_BUFG_inst/O
                         net (fo=1520, routed)        1.513    14.854    U_FND/U_APB_Intf_FND/clk_IBUF_BUFG
    SLICE_X0Y15          FDCE                                         r  U_FND/U_APB_Intf_FND/slv_reg1_reg[12]/C
                         clock pessimism              0.260    15.114    
                         clock uncertainty           -0.035    15.079    
    SLICE_X0Y15          FDCE (Setup_fdce_C_D)        0.032    15.111    U_FND/U_APB_Intf_FND/slv_reg1_reg[12]
  -------------------------------------------------------------------
                         required time                         15.111    
                         arrival time                         -18.436    
  -------------------------------------------------------------------
                         slack                                 -3.325    

Slack (VIOLATED) :        -3.184ns  (required time - arrival time)
  Source:                 U_APB_Master/temp_wdata_reg_reg[6]/C
                            (rising edge-triggered cell FDCE clocked by sys_clk_pin  {rise@0.000ns fall@5.000ns period=10.000ns})
  Destination:            U_FND/U_APB_Intf_FND/slv_reg1_reg[6]/D
                            (rising edge-triggered cell FDCE clocked by sys_clk_pin  {rise@0.000ns fall@5.000ns period=10.000ns})
  Path Group:             sys_clk_pin
  Path Type:              Setup (Max at Slow Process Corner)
  Requirement:            10.000ns  (sys_clk_pin rise@10.000ns - sys_clk_pin rise@0.000ns)
  Data Path Delay:        13.138ns  (logic 6.126ns (46.627%)  route 7.012ns (53.373%))
  Logic Levels:           18  (CARRY4=10 LUT2=2 LUT3=4 LUT5=1 LUT6=1)
  Clock Path Skew:        -0.041ns (DCD - SCD + CPR)
    Destination Clock Delay (DCD):    4.854ns = ( 14.854 - 10.000 ) 
    Source Clock Delay      (SCD):    5.155ns
    Clock Pessimism Removal (CPR):    0.260ns
  Clock Uncertainty:      0.035ns  ((TSJ^2 + TIJ^2)^1/2 + DJ) / 2 + PE
    Total System Jitter     (TSJ):    0.071ns
    Total Input Jitter      (TIJ):    0.000ns
    Discrete Jitter          (DJ):    0.000ns
    Phase Error              (PE):    0.000ns

    Location             Delay type                Incr(ns)  Path(ns)    Netlist Resource(s)
  -------------------------------------------------------------------    -------------------
                         (clock sys_clk_pin rise edge)
                                                      0.000     0.000 r  
    W5                                                0.000     0.000 r  clk (IN)
                         net (fo=0)                   0.000     0.000    clk
    W5                   IBUF (Prop_ibuf_I_O)         1.458     1.458 r  clk_IBUF_inst/O
                         net (fo=1, routed)           1.967     3.425    clk_IBUF
    BUFGCTRL_X0Y0        BUFG (Prop_bufg_I_O)         0.096     3.521 r  clk_IBUF_BUFG_inst/O
                         net (fo=1520, routed)        1.634     5.155    U_APB_Master/clk_IBUF_BUFG
    SLICE_X7Y8           FDCE                                         r  U_APB_Master/temp_wdata_reg_reg[6]/C
  -------------------------------------------------------------------    -------------------
    SLICE_X7Y8           FDCE (Prop_fdce_C_Q)         0.456     5.611 r  U_APB_Master/temp_wdata_reg_reg[6]/Q
                         net (fo=39, routed)          0.849     6.460    U_APB_Master/Q[6]
    SLICE_X4Y8           LUT3 (Prop_lut3_I0_O)        0.124     6.584 r  U_APB_Master/slv_reg1[7]_i_163/O
                         net (fo=1, routed)           0.941     7.524    U_FND/U_APB_Intf_FND/slv_reg1[7]_i_104_0[2]
    SLICE_X4Y11          CARRY4 (Prop_carry4_DI[2]_CO[3])
                                                      0.398     7.922 r  U_FND/U_APB_Intf_FND/slv_reg1_reg[7]_i_109/CO[3]
                         net (fo=1, routed)           0.000     7.922    U_FND/U_APB_Intf_FND/slv_reg1_reg[7]_i_109_n_0
    SLICE_X4Y12          CARRY4 (Prop_carry4_CI_CO[3])
                                                      0.114     8.036 r  U_FND/U_APB_Intf_FND/slv_reg1_reg[7]_i_51/CO[3]
                         net (fo=1, routed)           0.000     8.036    U_FND/U_APB_Intf_FND/slv_reg1_reg[7]_i_51_n_0
    SLICE_X4Y13          CARRY4 (Prop_carry4_CI_O[1])
                                                      0.334     8.370 r  U_FND/U_APB_Intf_FND/slv_reg1_reg[7]_i_33/O[1]
                         net (fo=4, routed)           0.867     9.238    U_FND/U_APB_Intf_FND/slv_reg1_reg[7]_i_33_n_6
    SLICE_X8Y13          LUT3 (Prop_lut3_I1_O)        0.303     9.541 r  U_FND/U_APB_Intf_FND/slv_reg1[7]_i_36/O
                         net (fo=2, routed)           0.413     9.953    U_FND/U_APB_Intf_FND/slv_reg1[7]_i_36_n_0
    SLICE_X9Y14          LUT5 (Prop_lut5_I1_O)        0.124    10.077 r  U_FND/U_APB_Intf_FND/slv_reg1[7]_i_16/O
                         net (fo=2, routed)           0.678    10.756    U_FND/U_APB_Intf_FND/slv_reg1[7]_i_16_n_0
    SLICE_X5Y14          LUT6 (Prop_lut6_I0_O)        0.124    10.880 r  U_FND/U_APB_Intf_FND/slv_reg1[7]_i_20/O
                         net (fo=1, routed)           0.000    10.880    U_FND/U_APB_Intf_FND/slv_reg1[7]_i_20_n_0
    SLICE_X5Y14          CARRY4 (Prop_carry4_S[0]_CO[3])
                                                      0.532    11.412 r  U_FND/U_APB_Intf_FND/slv_reg1_reg[7]_i_11/CO[3]
                         net (fo=1, routed)           0.000    11.412    U_FND/U_APB_Intf_FND/slv_reg1_reg[7]_i_11_n_0
    SLICE_X5Y15          CARRY4 (Prop_carry4_CI_O[2])
                                                      0.239    11.651 r  U_FND/U_APB_Intf_FND/slv_reg1_reg[13]_i_18/O[2]
                         net (fo=5, routed)           0.709    12.360    U_FND/U_APB_Intf_FND/slv_reg1_reg[13]_i_18_n_5
    SLICE_X0Y15          LUT3 (Prop_lut3_I2_O)        0.302    12.662 r  U_FND/U_APB_Intf_FND/slv_reg1[11]_i_10/O
                         net (fo=1, routed)           0.463    13.125    U_FND/U_APB_Intf_FND/slv_reg1[11]_i_10_n_0
    SLICE_X3Y15          CARRY4 (Prop_carry4_DI[3]_CO[3])
                                                      0.385    13.510 r  U_FND/U_APB_Intf_FND/slv_reg1_reg[11]_i_9/CO[3]
                         net (fo=1, routed)           0.000    13.510    U_FND/U_APB_Intf_FND/slv_reg1_reg[11]_i_9_n_0
    SLICE_X3Y16          CARRY4 (Prop_carry4_CI_O[0])
                                                      0.222    13.732 r  U_FND/U_APB_Intf_FND/slv_reg1_reg[13]_i_17/O[0]
                         net (fo=1, routed)           0.563    14.295    U_FND/U_APB_Intf_FND/slv_reg1_reg[13]_i_17_n_7
    SLICE_X1Y14          LUT2 (Prop_lut2_I1_O)        0.299    14.594 r  U_FND/U_APB_Intf_FND/slv_reg1[13]_i_14/O
                         net (fo=1, routed)           0.000    14.594    U_FND/U_APB_Intf_FND/slv_reg1[13]_i_14_n_0
    SLICE_X1Y14          CARRY4 (Prop_carry4_S[3]_O[3])
                                                      0.248    14.842 r  U_FND/U_APB_Intf_FND/slv_reg1_reg[13]_i_11/O[3]
                         net (fo=1, routed)           0.563    15.405    U_APB_Master/slv_reg1_reg[13]_i_4[3]
    SLICE_X2Y16          LUT2 (Prop_lut2_I1_O)        0.306    15.711 r  U_APB_Master/slv_reg1[13]_i_9/O
                         net (fo=1, routed)           0.000    15.711    U_FND/U_APB_Intf_FND/slv_reg1_reg[13]_6[0]
    SLICE_X2Y16          CARRY4 (Prop_carry4_S[0]_O[1])
                                                      0.427    16.138 r  U_FND/U_APB_Intf_FND/slv_reg1_reg[13]_i_4/O[1]
                         net (fo=2, routed)           0.496    16.634    U_FND/U_APB_Intf_FND/slv_reg1_reg[13]_i_4_n_6
    SLICE_X3Y14          CARRY4 (Prop_carry4_S[1]_CO[2])
                                                      0.876    17.510 r  U_FND/U_APB_Intf_FND/slv_reg1_reg[13]_i_3/CO[2]
                         net (fo=10, routed)          0.471    17.981    U_FND/U_APB_Intf_FND/slv_reg1_reg[13]_i_3_n_1
    SLICE_X0Y15          LUT3 (Prop_lut3_I1_O)        0.313    18.294 r  U_FND/U_APB_Intf_FND/slv_reg1[6]_i_1/O
                         net (fo=1, routed)           0.000    18.294    U_FND/U_APB_Intf_FND/p_0_in[6]
    SLICE_X0Y15          FDCE                                         r  U_FND/U_APB_Intf_FND/slv_reg1_reg[6]/D
  -------------------------------------------------------------------    -------------------

                         (clock sys_clk_pin rise edge)
                                                     10.000    10.000 r  
    W5                                                0.000    10.000 r  clk (IN)
                         net (fo=0)                   0.000    10.000    clk
    W5                   IBUF (Prop_ibuf_I_O)         1.388    11.388 r  clk_IBUF_inst/O
                         net (fo=1, routed)           1.862    13.250    clk_IBUF
    BUFGCTRL_X0Y0        BUFG (Prop_bufg_I_O)         0.091    13.341 r  clk_IBUF_BUFG_inst/O
                         net (fo=1520, routed)        1.513    14.854    U_FND/U_APB_Intf_FND/clk_IBUF_BUFG
    SLICE_X0Y15          FDCE                                         r  U_FND/U_APB_Intf_FND/slv_reg1_reg[6]/C
                         clock pessimism              0.260    15.114    
                         clock uncertainty           -0.035    15.079    
    SLICE_X0Y15          FDCE (Setup_fdce_C_D)        0.031    15.110    U_FND/U_APB_Intf_FND/slv_reg1_reg[6]
  -------------------------------------------------------------------
                         required time                         15.110    
                         arrival time                         -18.294    
  -------------------------------------------------------------------
                         slack                                 -3.184    

Slack (VIOLATED) :        -3.178ns  (required time - arrival time)
  Source:                 U_APB_Master/temp_wdata_reg_reg[6]/C
                            (rising edge-triggered cell FDCE clocked by sys_clk_pin  {rise@0.000ns fall@5.000ns period=10.000ns})
  Destination:            U_FND/U_APB_Intf_FND/slv_reg1_reg[5]/D
                            (rising edge-triggered cell FDCE clocked by sys_clk_pin  {rise@0.000ns fall@5.000ns period=10.000ns})
  Path Group:             sys_clk_pin
  Path Type:              Setup (Max at Slow Process Corner)
  Requirement:            10.000ns  (sys_clk_pin rise@10.000ns - sys_clk_pin rise@0.000ns)
  Data Path Delay:        13.134ns  (logic 6.126ns (46.644%)  route 7.008ns (53.356%))
  Logic Levels:           18  (CARRY4=10 LUT2=2 LUT3=4 LUT5=1 LUT6=1)
  Clock Path Skew:        -0.040ns (DCD - SCD + CPR)
    Destination Clock Delay (DCD):    4.855ns = ( 14.855 - 10.000 ) 
    Source Clock Delay      (SCD):    5.155ns
    Clock Pessimism Removal (CPR):    0.260ns
  Clock Uncertainty:      0.035ns  ((TSJ^2 + TIJ^2)^1/2 + DJ) / 2 + PE
    Total System Jitter     (TSJ):    0.071ns
    Total Input Jitter      (TIJ):    0.000ns
    Discrete Jitter          (DJ):    0.000ns
    Phase Error              (PE):    0.000ns

    Location             Delay type                Incr(ns)  Path(ns)    Netlist Resource(s)
  -------------------------------------------------------------------    -------------------
                         (clock sys_clk_pin rise edge)
                                                      0.000     0.000 r  
    W5                                                0.000     0.000 r  clk (IN)
                         net (fo=0)                   0.000     0.000    clk
    W5                   IBUF (Prop_ibuf_I_O)         1.458     1.458 r  clk_IBUF_inst/O
                         net (fo=1, routed)           1.967     3.425    clk_IBUF
    BUFGCTRL_X0Y0        BUFG (Prop_bufg_I_O)         0.096     3.521 r  clk_IBUF_BUFG_inst/O
                         net (fo=1520, routed)        1.634     5.155    U_APB_Master/clk_IBUF_BUFG
    SLICE_X7Y8           FDCE                                         r  U_APB_Master/temp_wdata_reg_reg[6]/C
  -------------------------------------------------------------------    -------------------
    SLICE_X7Y8           FDCE (Prop_fdce_C_Q)         0.456     5.611 r  U_APB_Master/temp_wdata_reg_reg[6]/Q
                         net (fo=39, routed)          0.849     6.460    U_APB_Master/Q[6]
    SLICE_X4Y8           LUT3 (Prop_lut3_I0_O)        0.124     6.584 r  U_APB_Master/slv_reg1[7]_i_163/O
                         net (fo=1, routed)           0.941     7.524    U_FND/U_APB_Intf_FND/slv_reg1[7]_i_104_0[2]
    SLICE_X4Y11          CARRY4 (Prop_carry4_DI[2]_CO[3])
                                                      0.398     7.922 r  U_FND/U_APB_Intf_FND/slv_reg1_reg[7]_i_109/CO[3]
                         net (fo=1, routed)           0.000     7.922    U_FND/U_APB_Intf_FND/slv_reg1_reg[7]_i_109_n_0
    SLICE_X4Y12          CARRY4 (Prop_carry4_CI_CO[3])
                                                      0.114     8.036 r  U_FND/U_APB_Intf_FND/slv_reg1_reg[7]_i_51/CO[3]
                         net (fo=1, routed)           0.000     8.036    U_FND/U_APB_Intf_FND/slv_reg1_reg[7]_i_51_n_0
    SLICE_X4Y13          CARRY4 (Prop_carry4_CI_O[1])
                                                      0.334     8.370 r  U_FND/U_APB_Intf_FND/slv_reg1_reg[7]_i_33/O[1]
                         net (fo=4, routed)           0.867     9.238    U_FND/U_APB_Intf_FND/slv_reg1_reg[7]_i_33_n_6
    SLICE_X8Y13          LUT3 (Prop_lut3_I1_O)        0.303     9.541 r  U_FND/U_APB_Intf_FND/slv_reg1[7]_i_36/O
                         net (fo=2, routed)           0.413     9.953    U_FND/U_APB_Intf_FND/slv_reg1[7]_i_36_n_0
    SLICE_X9Y14          LUT5 (Prop_lut5_I1_O)        0.124    10.077 r  U_FND/U_APB_Intf_FND/slv_reg1[7]_i_16/O
                         net (fo=2, routed)           0.678    10.756    U_FND/U_APB_Intf_FND/slv_reg1[7]_i_16_n_0
    SLICE_X5Y14          LUT6 (Prop_lut6_I0_O)        0.124    10.880 r  U_FND/U_APB_Intf_FND/slv_reg1[7]_i_20/O
                         net (fo=1, routed)           0.000    10.880    U_FND/U_APB_Intf_FND/slv_reg1[7]_i_20_n_0
    SLICE_X5Y14          CARRY4 (Prop_carry4_S[0]_CO[3])
                                                      0.532    11.412 r  U_FND/U_APB_Intf_FND/slv_reg1_reg[7]_i_11/CO[3]
                         net (fo=1, routed)           0.000    11.412    U_FND/U_APB_Intf_FND/slv_reg1_reg[7]_i_11_n_0
    SLICE_X5Y15          CARRY4 (Prop_carry4_CI_O[2])
                                                      0.239    11.651 r  U_FND/U_APB_Intf_FND/slv_reg1_reg[13]_i_18/O[2]
                         net (fo=5, routed)           0.709    12.360    U_FND/U_APB_Intf_FND/slv_reg1_reg[13]_i_18_n_5
    SLICE_X0Y15          LUT3 (Prop_lut3_I2_O)        0.302    12.662 r  U_FND/U_APB_Intf_FND/slv_reg1[11]_i_10/O
                         net (fo=1, routed)           0.463    13.125    U_FND/U_APB_Intf_FND/slv_reg1[11]_i_10_n_0
    SLICE_X3Y15          CARRY4 (Prop_carry4_DI[3]_CO[3])
                                                      0.385    13.510 r  U_FND/U_APB_Intf_FND/slv_reg1_reg[11]_i_9/CO[3]
                         net (fo=1, routed)           0.000    13.510    U_FND/U_APB_Intf_FND/slv_reg1_reg[11]_i_9_n_0
    SLICE_X3Y16          CARRY4 (Prop_carry4_CI_O[0])
                                                      0.222    13.732 r  U_FND/U_APB_Intf_FND/slv_reg1_reg[13]_i_17/O[0]
                         net (fo=1, routed)           0.563    14.295    U_FND/U_APB_Intf_FND/slv_reg1_reg[13]_i_17_n_7
    SLICE_X1Y14          LUT2 (Prop_lut2_I1_O)        0.299    14.594 r  U_FND/U_APB_Intf_FND/slv_reg1[13]_i_14/O
                         net (fo=1, routed)           0.000    14.594    U_FND/U_APB_Intf_FND/slv_reg1[13]_i_14_n_0
    SLICE_X1Y14          CARRY4 (Prop_carry4_S[3]_O[3])
                                                      0.248    14.842 r  U_FND/U_APB_Intf_FND/slv_reg1_reg[13]_i_11/O[3]
                         net (fo=1, routed)           0.563    15.405    U_APB_Master/slv_reg1_reg[13]_i_4[3]
    SLICE_X2Y16          LUT2 (Prop_lut2_I1_O)        0.306    15.711 r  U_APB_Master/slv_reg1[13]_i_9/O
                         net (fo=1, routed)           0.000    15.711    U_FND/U_APB_Intf_FND/slv_reg1_reg[13]_6[0]
    SLICE_X2Y16          CARRY4 (Prop_carry4_S[0]_O[1])
                                                      0.427    16.138 r  U_FND/U_APB_Intf_FND/slv_reg1_reg[13]_i_4/O[1]
                         net (fo=2, routed)           0.496    16.634    U_FND/U_APB_Intf_FND/slv_reg1_reg[13]_i_4_n_6
    SLICE_X3Y14          CARRY4 (Prop_carry4_S[1]_CO[2])
                                                      0.876    17.510 r  U_FND/U_APB_Intf_FND/slv_reg1_reg[13]_i_3/CO[2]
                         net (fo=10, routed)          0.466    17.976    U_FND/U_APB_Intf_FND/slv_reg1_reg[13]_i_3_n_1
    SLICE_X1Y13          LUT3 (Prop_lut3_I1_O)        0.313    18.289 r  U_FND/U_APB_Intf_FND/slv_reg1[5]_i_1/O
                         net (fo=1, routed)           0.000    18.289    U_FND/U_APB_Intf_FND/p_0_in[5]
    SLICE_X1Y13          FDCE                                         r  U_FND/U_APB_Intf_FND/slv_reg1_reg[5]/D
  -------------------------------------------------------------------    -------------------

                         (clock sys_clk_pin rise edge)
                                                     10.000    10.000 r  
    W5                                                0.000    10.000 r  clk (IN)
                         net (fo=0)                   0.000    10.000    clk
    W5                   IBUF (Prop_ibuf_I_O)         1.388    11.388 r  clk_IBUF_inst/O
                         net (fo=1, routed)           1.862    13.250    clk_IBUF
    BUFGCTRL_X0Y0        BUFG (Prop_bufg_I_O)         0.091    13.341 r  clk_IBUF_BUFG_inst/O
                         net (fo=1520, routed)        1.514    14.855    U_FND/U_APB_Intf_FND/clk_IBUF_BUFG
    SLICE_X1Y13          FDCE                                         r  U_FND/U_APB_Intf_FND/slv_reg1_reg[5]/C
                         clock pessimism              0.260    15.115    
                         clock uncertainty           -0.035    15.080    
    SLICE_X1Y13          FDCE (Setup_fdce_C_D)        0.031    15.111    U_FND/U_APB_Intf_FND/slv_reg1_reg[5]
  -------------------------------------------------------------------
                         required time                         15.111    
                         arrival time                         -18.289    
  -------------------------------------------------------------------
                         slack                                 -3.178    

Slack (VIOLATED) :        -3.177ns  (required time - arrival time)
  Source:                 U_APB_Master/temp_wdata_reg_reg[6]/C
                            (rising edge-triggered cell FDCE clocked by sys_clk_pin  {rise@0.000ns fall@5.000ns period=10.000ns})
  Destination:            U_FND/U_APB_Intf_FND/slv_reg1_reg[9]/D
                            (rising edge-triggered cell FDCE clocked by sys_clk_pin  {rise@0.000ns fall@5.000ns period=10.000ns})
  Path Group:             sys_clk_pin
  Path Type:              Setup (Max at Slow Process Corner)
  Requirement:            10.000ns  (sys_clk_pin rise@10.000ns - sys_clk_pin rise@0.000ns)
  Data Path Delay:        13.133ns  (logic 6.126ns (46.644%)  route 7.007ns (53.356%))
  Logic Levels:           18  (CARRY4=10 LUT2=2 LUT3=4 LUT5=1 LUT6=1)
  Clock Path Skew:        -0.040ns (DCD - SCD + CPR)
    Destination Clock Delay (DCD):    4.855ns = ( 14.855 - 10.000 ) 
    Source Clock Delay      (SCD):    5.155ns
    Clock Pessimism Removal (CPR):    0.260ns
  Clock Uncertainty:      0.035ns  ((TSJ^2 + TIJ^2)^1/2 + DJ) / 2 + PE
    Total System Jitter     (TSJ):    0.071ns
    Total Input Jitter      (TIJ):    0.000ns
    Discrete Jitter          (DJ):    0.000ns
    Phase Error              (PE):    0.000ns

    Location             Delay type                Incr(ns)  Path(ns)    Netlist Resource(s)
  -------------------------------------------------------------------    -------------------
                         (clock sys_clk_pin rise edge)
                                                      0.000     0.000 r  
    W5                                                0.000     0.000 r  clk (IN)
                         net (fo=0)                   0.000     0.000    clk
    W5                   IBUF (Prop_ibuf_I_O)         1.458     1.458 r  clk_IBUF_inst/O
                         net (fo=1, routed)           1.967     3.425    clk_IBUF
    BUFGCTRL_X0Y0        BUFG (Prop_bufg_I_O)         0.096     3.521 r  clk_IBUF_BUFG_inst/O
                         net (fo=1520, routed)        1.634     5.155    U_APB_Master/clk_IBUF_BUFG
    SLICE_X7Y8           FDCE                                         r  U_APB_Master/temp_wdata_reg_reg[6]/C
  -------------------------------------------------------------------    -------------------
    SLICE_X7Y8           FDCE (Prop_fdce_C_Q)         0.456     5.611 r  U_APB_Master/temp_wdata_reg_reg[6]/Q
                         net (fo=39, routed)          0.849     6.460    U_APB_Master/Q[6]
    SLICE_X4Y8           LUT3 (Prop_lut3_I0_O)        0.124     6.584 r  U_APB_Master/slv_reg1[7]_i_163/O
                         net (fo=1, routed)           0.941     7.524    U_FND/U_APB_Intf_FND/slv_reg1[7]_i_104_0[2]
    SLICE_X4Y11          CARRY4 (Prop_carry4_DI[2]_CO[3])
                                                      0.398     7.922 r  U_FND/U_APB_Intf_FND/slv_reg1_reg[7]_i_109/CO[3]
                         net (fo=1, routed)           0.000     7.922    U_FND/U_APB_Intf_FND/slv_reg1_reg[7]_i_109_n_0
    SLICE_X4Y12          CARRY4 (Prop_carry4_CI_CO[3])
                                                      0.114     8.036 r  U_FND/U_APB_Intf_FND/slv_reg1_reg[7]_i_51/CO[3]
                         net (fo=1, routed)           0.000     8.036    U_FND/U_APB_Intf_FND/slv_reg1_reg[7]_i_51_n_0
    SLICE_X4Y13          CARRY4 (Prop_carry4_CI_O[1])
                                                      0.334     8.370 r  U_FND/U_APB_Intf_FND/slv_reg1_reg[7]_i_33/O[1]
                         net (fo=4, routed)           0.867     9.238    U_FND/U_APB_Intf_FND/slv_reg1_reg[7]_i_33_n_6
    SLICE_X8Y13          LUT3 (Prop_lut3_I1_O)        0.303     9.541 r  U_FND/U_APB_Intf_FND/slv_reg1[7]_i_36/O
                         net (fo=2, routed)           0.413     9.953    U_FND/U_APB_Intf_FND/slv_reg1[7]_i_36_n_0
    SLICE_X9Y14          LUT5 (Prop_lut5_I1_O)        0.124    10.077 r  U_FND/U_APB_Intf_FND/slv_reg1[7]_i_16/O
                         net (fo=2, routed)           0.678    10.756    U_FND/U_APB_Intf_FND/slv_reg1[7]_i_16_n_0
    SLICE_X5Y14          LUT6 (Prop_lut6_I0_O)        0.124    10.880 r  U_FND/U_APB_Intf_FND/slv_reg1[7]_i_20/O
                         net (fo=1, routed)           0.000    10.880    U_FND/U_APB_Intf_FND/slv_reg1[7]_i_20_n_0
    SLICE_X5Y14          CARRY4 (Prop_carry4_S[0]_CO[3])
                                                      0.532    11.412 r  U_FND/U_APB_Intf_FND/slv_reg1_reg[7]_i_11/CO[3]
                         net (fo=1, routed)           0.000    11.412    U_FND/U_APB_Intf_FND/slv_reg1_reg[7]_i_11_n_0
    SLICE_X5Y15          CARRY4 (Prop_carry4_CI_O[2])
                                                      0.239    11.651 r  U_FND/U_APB_Intf_FND/slv_reg1_reg[13]_i_18/O[2]
                         net (fo=5, routed)           0.709    12.360    U_FND/U_APB_Intf_FND/slv_reg1_reg[13]_i_18_n_5
    SLICE_X0Y15          LUT3 (Prop_lut3_I2_O)        0.302    12.662 r  U_FND/U_APB_Intf_FND/slv_reg1[11]_i_10/O
                         net (fo=1, routed)           0.463    13.125    U_FND/U_APB_Intf_FND/slv_reg1[11]_i_10_n_0
    SLICE_X3Y15          CARRY4 (Prop_carry4_DI[3]_CO[3])
                                                      0.385    13.510 r  U_FND/U_APB_Intf_FND/slv_reg1_reg[11]_i_9/CO[3]
                         net (fo=1, routed)           0.000    13.510    U_FND/U_APB_Intf_FND/slv_reg1_reg[11]_i_9_n_0
    SLICE_X3Y16          CARRY4 (Prop_carry4_CI_O[0])
                                                      0.222    13.732 r  U_FND/U_APB_Intf_FND/slv_reg1_reg[13]_i_17/O[0]
                         net (fo=1, routed)           0.563    14.295    U_FND/U_APB_Intf_FND/slv_reg1_reg[13]_i_17_n_7
    SLICE_X1Y14          LUT2 (Prop_lut2_I1_O)        0.299    14.594 r  U_FND/U_APB_Intf_FND/slv_reg1[13]_i_14/O
                         net (fo=1, routed)           0.000    14.594    U_FND/U_APB_Intf_FND/slv_reg1[13]_i_14_n_0
    SLICE_X1Y14          CARRY4 (Prop_carry4_S[3]_O[3])
                                                      0.248    14.842 r  U_FND/U_APB_Intf_FND/slv_reg1_reg[13]_i_11/O[3]
                         net (fo=1, routed)           0.563    15.405    U_APB_Master/slv_reg1_reg[13]_i_4[3]
    SLICE_X2Y16          LUT2 (Prop_lut2_I1_O)        0.306    15.711 r  U_APB_Master/slv_reg1[13]_i_9/O
                         net (fo=1, routed)           0.000    15.711    U_FND/U_APB_Intf_FND/slv_reg1_reg[13]_6[0]
    SLICE_X2Y16          CARRY4 (Prop_carry4_S[0]_O[1])
                                                      0.427    16.138 r  U_FND/U_APB_Intf_FND/slv_reg1_reg[13]_i_4/O[1]
                         net (fo=2, routed)           0.496    16.634    U_FND/U_APB_Intf_FND/slv_reg1_reg[13]_i_4_n_6
    SLICE_X3Y14          CARRY4 (Prop_carry4_S[1]_CO[2])
                                                      0.876    17.510 r  U_FND/U_APB_Intf_FND/slv_reg1_reg[13]_i_3/CO[2]
                         net (fo=10, routed)          0.466    17.976    U_FND/U_APB_Intf_FND/slv_reg1_reg[13]_i_3_n_1
    SLICE_X0Y14          LUT3 (Prop_lut3_I1_O)        0.313    18.289 r  U_FND/U_APB_Intf_FND/slv_reg1[9]_i_1/O
                         net (fo=1, routed)           0.000    18.289    U_FND/U_APB_Intf_FND/p_0_in[9]
    SLICE_X0Y14          FDCE                                         r  U_FND/U_APB_Intf_FND/slv_reg1_reg[9]/D
  -------------------------------------------------------------------    -------------------

                         (clock sys_clk_pin rise edge)
                                                     10.000    10.000 r  
    W5                                                0.000    10.000 r  clk (IN)
                         net (fo=0)                   0.000    10.000    clk
    W5                   IBUF (Prop_ibuf_I_O)         1.388    11.388 r  clk_IBUF_inst/O
                         net (fo=1, routed)           1.862    13.250    clk_IBUF
    BUFGCTRL_X0Y0        BUFG (Prop_bufg_I_O)         0.091    13.341 r  clk_IBUF_BUFG_inst/O
                         net (fo=1520, routed)        1.514    14.855    U_FND/U_APB_Intf_FND/clk_IBUF_BUFG
    SLICE_X0Y14          FDCE                                         r  U_FND/U_APB_Intf_FND/slv_reg1_reg[9]/C
                         clock pessimism              0.260    15.115    
                         clock uncertainty           -0.035    15.080    
    SLICE_X0Y14          FDCE (Setup_fdce_C_D)        0.032    15.112    U_FND/U_APB_Intf_FND/slv_reg1_reg[9]
  -------------------------------------------------------------------
                         required time                         15.112    
                         arrival time                         -18.289    
  -------------------------------------------------------------------
                         slack                                 -3.177    

Slack (VIOLATED) :        -3.176ns  (required time - arrival time)
  Source:                 U_APB_Master/temp_wdata_reg_reg[6]/C
                            (rising edge-triggered cell FDCE clocked by sys_clk_pin  {rise@0.000ns fall@5.000ns period=10.000ns})
  Destination:            U_FND/U_APB_Intf_FND/slv_reg1_reg[7]/D
                            (rising edge-triggered cell FDCE clocked by sys_clk_pin  {rise@0.000ns fall@5.000ns period=10.000ns})
  Path Group:             sys_clk_pin
  Path Type:              Setup (Max at Slow Process Corner)
  Requirement:            10.000ns  (sys_clk_pin rise@10.000ns - sys_clk_pin rise@0.000ns)
  Data Path Delay:        13.130ns  (logic 6.126ns (46.658%)  route 7.004ns (53.342%))
  Logic Levels:           18  (CARRY4=10 LUT2=2 LUT3=4 LUT5=1 LUT6=1)
  Clock Path Skew:        -0.040ns (DCD - SCD + CPR)
    Destination Clock Delay (DCD):    4.855ns = ( 14.855 - 10.000 ) 
    Source Clock Delay      (SCD):    5.155ns
    Clock Pessimism Removal (CPR):    0.260ns
  Clock Uncertainty:      0.035ns  ((TSJ^2 + TIJ^2)^1/2 + DJ) / 2 + PE
    Total System Jitter     (TSJ):    0.071ns
    Total Input Jitter      (TIJ):    0.000ns
    Discrete Jitter          (DJ):    0.000ns
    Phase Error              (PE):    0.000ns

    Location             Delay type                Incr(ns)  Path(ns)    Netlist Resource(s)
  -------------------------------------------------------------------    -------------------
                         (clock sys_clk_pin rise edge)
                                                      0.000     0.000 r  
    W5                                                0.000     0.000 r  clk (IN)
                         net (fo=0)                   0.000     0.000    clk
    W5                   IBUF (Prop_ibuf_I_O)         1.458     1.458 r  clk_IBUF_inst/O
                         net (fo=1, routed)           1.967     3.425    clk_IBUF
    BUFGCTRL_X0Y0        BUFG (Prop_bufg_I_O)         0.096     3.521 r  clk_IBUF_BUFG_inst/O
                         net (fo=1520, routed)        1.634     5.155    U_APB_Master/clk_IBUF_BUFG
    SLICE_X7Y8           FDCE                                         r  U_APB_Master/temp_wdata_reg_reg[6]/C
  -------------------------------------------------------------------    -------------------
    SLICE_X7Y8           FDCE (Prop_fdce_C_Q)         0.456     5.611 r  U_APB_Master/temp_wdata_reg_reg[6]/Q
                         net (fo=39, routed)          0.849     6.460    U_APB_Master/Q[6]
    SLICE_X4Y8           LUT3 (Prop_lut3_I0_O)        0.124     6.584 r  U_APB_Master/slv_reg1[7]_i_163/O
                         net (fo=1, routed)           0.941     7.524    U_FND/U_APB_Intf_FND/slv_reg1[7]_i_104_0[2]
    SLICE_X4Y11          CARRY4 (Prop_carry4_DI[2]_CO[3])
                                                      0.398     7.922 r  U_FND/U_APB_Intf_FND/slv_reg1_reg[7]_i_109/CO[3]
                         net (fo=1, routed)           0.000     7.922    U_FND/U_APB_Intf_FND/slv_reg1_reg[7]_i_109_n_0
    SLICE_X4Y12          CARRY4 (Prop_carry4_CI_CO[3])
                                                      0.114     8.036 r  U_FND/U_APB_Intf_FND/slv_reg1_reg[7]_i_51/CO[3]
                         net (fo=1, routed)           0.000     8.036    U_FND/U_APB_Intf_FND/slv_reg1_reg[7]_i_51_n_0
    SLICE_X4Y13          CARRY4 (Prop_carry4_CI_O[1])
                                                      0.334     8.370 r  U_FND/U_APB_Intf_FND/slv_reg1_reg[7]_i_33/O[1]
                         net (fo=4, routed)           0.867     9.238    U_FND/U_APB_Intf_FND/slv_reg1_reg[7]_i_33_n_6
    SLICE_X8Y13          LUT3 (Prop_lut3_I1_O)        0.303     9.541 r  U_FND/U_APB_Intf_FND/slv_reg1[7]_i_36/O
                         net (fo=2, routed)           0.413     9.953    U_FND/U_APB_Intf_FND/slv_reg1[7]_i_36_n_0
    SLICE_X9Y14          LUT5 (Prop_lut5_I1_O)        0.124    10.077 r  U_FND/U_APB_Intf_FND/slv_reg1[7]_i_16/O
                         net (fo=2, routed)           0.678    10.756    U_FND/U_APB_Intf_FND/slv_reg1[7]_i_16_n_0
    SLICE_X5Y14          LUT6 (Prop_lut6_I0_O)        0.124    10.880 r  U_FND/U_APB_Intf_FND/slv_reg1[7]_i_20/O
                         net (fo=1, routed)           0.000    10.880    U_FND/U_APB_Intf_FND/slv_reg1[7]_i_20_n_0
    SLICE_X5Y14          CARRY4 (Prop_carry4_S[0]_CO[3])
                                                      0.532    11.412 r  U_FND/U_APB_Intf_FND/slv_reg1_reg[7]_i_11/CO[3]
                         net (fo=1, routed)           0.000    11.412    U_FND/U_APB_Intf_FND/slv_reg1_reg[7]_i_11_n_0
    SLICE_X5Y15          CARRY4 (Prop_carry4_CI_O[2])
                                                      0.239    11.651 r  U_FND/U_APB_Intf_FND/slv_reg1_reg[13]_i_18/O[2]
                         net (fo=5, routed)           0.709    12.360    U_FND/U_APB_Intf_FND/slv_reg1_reg[13]_i_18_n_5
    SLICE_X0Y15          LUT3 (Prop_lut3_I2_O)        0.302    12.662 r  U_FND/U_APB_Intf_FND/slv_reg1[11]_i_10/O
                         net (fo=1, routed)           0.463    13.125    U_FND/U_APB_Intf_FND/slv_reg1[11]_i_10_n_0
    SLICE_X3Y15          CARRY4 (Prop_carry4_DI[3]_CO[3])
                                                      0.385    13.510 r  U_FND/U_APB_Intf_FND/slv_reg1_reg[11]_i_9/CO[3]
                         net (fo=1, routed)           0.000    13.510    U_FND/U_APB_Intf_FND/slv_reg1_reg[11]_i_9_n_0
    SLICE_X3Y16          CARRY4 (Prop_carry4_CI_O[0])
                                                      0.222    13.732 r  U_FND/U_APB_Intf_FND/slv_reg1_reg[13]_i_17/O[0]
                         net (fo=1, routed)           0.563    14.295    U_FND/U_APB_Intf_FND/slv_reg1_reg[13]_i_17_n_7
    SLICE_X1Y14          LUT2 (Prop_lut2_I1_O)        0.299    14.594 r  U_FND/U_APB_Intf_FND/slv_reg1[13]_i_14/O
                         net (fo=1, routed)           0.000    14.594    U_FND/U_APB_Intf_FND/slv_reg1[13]_i_14_n_0
    SLICE_X1Y14          CARRY4 (Prop_carry4_S[3]_O[3])
                                                      0.248    14.842 r  U_FND/U_APB_Intf_FND/slv_reg1_reg[13]_i_11/O[3]
                         net (fo=1, routed)           0.563    15.405    U_APB_Master/slv_reg1_reg[13]_i_4[3]
    SLICE_X2Y16          LUT2 (Prop_lut2_I1_O)        0.306    15.711 r  U_APB_Master/slv_reg1[13]_i_9/O
                         net (fo=1, routed)           0.000    15.711    U_FND/U_APB_Intf_FND/slv_reg1_reg[13]_6[0]
    SLICE_X2Y16          CARRY4 (Prop_carry4_S[0]_O[1])
                                                      0.427    16.138 r  U_FND/U_APB_Intf_FND/slv_reg1_reg[13]_i_4/O[1]
                         net (fo=2, routed)           0.496    16.634    U_FND/U_APB_Intf_FND/slv_reg1_reg[13]_i_4_n_6
    SLICE_X3Y14          CARRY4 (Prop_carry4_S[1]_CO[2])
                                                      0.876    17.510 r  U_FND/U_APB_Intf_FND/slv_reg1_reg[13]_i_3/CO[2]
                         net (fo=10, routed)          0.462    17.972    U_FND/U_APB_Intf_FND/slv_reg1_reg[13]_i_3_n_1
    SLICE_X1Y13          LUT3 (Prop_lut3_I1_O)        0.313    18.285 r  U_FND/U_APB_Intf_FND/slv_reg1[7]_i_1/O
                         net (fo=1, routed)           0.000    18.285    U_FND/U_APB_Intf_FND/p_0_in[7]
    SLICE_X1Y13          FDCE                                         r  U_FND/U_APB_Intf_FND/slv_reg1_reg[7]/D
  -------------------------------------------------------------------    -------------------

                         (clock sys_clk_pin rise edge)
                                                     10.000    10.000 r  
    W5                                                0.000    10.000 r  clk (IN)
                         net (fo=0)                   0.000    10.000    clk
    W5                   IBUF (Prop_ibuf_I_O)         1.388    11.388 r  clk_IBUF_inst/O
                         net (fo=1, routed)           1.862    13.250    clk_IBUF
    BUFGCTRL_X0Y0        BUFG (Prop_bufg_I_O)         0.091    13.341 r  clk_IBUF_BUFG_inst/O
                         net (fo=1520, routed)        1.514    14.855    U_FND/U_APB_Intf_FND/clk_IBUF_BUFG
    SLICE_X1Y13          FDCE                                         r  U_FND/U_APB_Intf_FND/slv_reg1_reg[7]/C
                         clock pessimism              0.260    15.115    
                         clock uncertainty           -0.035    15.080    
    SLICE_X1Y13          FDCE (Setup_fdce_C_D)        0.029    15.109    U_FND/U_APB_Intf_FND/slv_reg1_reg[7]
  -------------------------------------------------------------------
                         required time                         15.109    
                         arrival time                         -18.285    
  -------------------------------------------------------------------
                         slack                                 -3.176    

Slack (VIOLATED) :        -3.162ns  (required time - arrival time)
  Source:                 U_APB_Master/temp_wdata_reg_reg[6]/C
                            (rising edge-triggered cell FDCE clocked by sys_clk_pin  {rise@0.000ns fall@5.000ns period=10.000ns})
  Destination:            U_FND/U_APB_Intf_FND/slv_reg1_reg[4]/D
                            (rising edge-triggered cell FDCE clocked by sys_clk_pin  {rise@0.000ns fall@5.000ns period=10.000ns})
  Path Group:             sys_clk_pin
  Path Type:              Setup (Max at Slow Process Corner)
  Requirement:            10.000ns  (sys_clk_pin rise@10.000ns - sys_clk_pin rise@0.000ns)
  Data Path Delay:        13.118ns  (logic 6.126ns (46.699%)  route 6.992ns (53.301%))
  Logic Levels:           18  (CARRY4=10 LUT2=2 LUT3=4 LUT5=1 LUT6=1)
  Clock Path Skew:        -0.040ns (DCD - SCD + CPR)
    Destination Clock Delay (DCD):    4.855ns = ( 14.855 - 10.000 ) 
    Source Clock Delay      (SCD):    5.155ns
    Clock Pessimism Removal (CPR):    0.260ns
  Clock Uncertainty:      0.035ns  ((TSJ^2 + TIJ^2)^1/2 + DJ) / 2 + PE
    Total System Jitter     (TSJ):    0.071ns
    Total Input Jitter      (TIJ):    0.000ns
    Discrete Jitter          (DJ):    0.000ns
    Phase Error              (PE):    0.000ns

    Location             Delay type                Incr(ns)  Path(ns)    Netlist Resource(s)
  -------------------------------------------------------------------    -------------------
                         (clock sys_clk_pin rise edge)
                                                      0.000     0.000 r  
    W5                                                0.000     0.000 r  clk (IN)
                         net (fo=0)                   0.000     0.000    clk
    W5                   IBUF (Prop_ibuf_I_O)         1.458     1.458 r  clk_IBUF_inst/O
                         net (fo=1, routed)           1.967     3.425    clk_IBUF
    BUFGCTRL_X0Y0        BUFG (Prop_bufg_I_O)         0.096     3.521 r  clk_IBUF_BUFG_inst/O
                         net (fo=1520, routed)        1.634     5.155    U_APB_Master/clk_IBUF_BUFG
    SLICE_X7Y8           FDCE                                         r  U_APB_Master/temp_wdata_reg_reg[6]/C
  -------------------------------------------------------------------    -------------------
    SLICE_X7Y8           FDCE (Prop_fdce_C_Q)         0.456     5.611 r  U_APB_Master/temp_wdata_reg_reg[6]/Q
                         net (fo=39, routed)          0.849     6.460    U_APB_Master/Q[6]
    SLICE_X4Y8           LUT3 (Prop_lut3_I0_O)        0.124     6.584 r  U_APB_Master/slv_reg1[7]_i_163/O
                         net (fo=1, routed)           0.941     7.524    U_FND/U_APB_Intf_FND/slv_reg1[7]_i_104_0[2]
    SLICE_X4Y11          CARRY4 (Prop_carry4_DI[2]_CO[3])
                                                      0.398     7.922 r  U_FND/U_APB_Intf_FND/slv_reg1_reg[7]_i_109/CO[3]
                         net (fo=1, routed)           0.000     7.922    U_FND/U_APB_Intf_FND/slv_reg1_reg[7]_i_109_n_0
    SLICE_X4Y12          CARRY4 (Prop_carry4_CI_CO[3])
                                                      0.114     8.036 r  U_FND/U_APB_Intf_FND/slv_reg1_reg[7]_i_51/CO[3]
                         net (fo=1, routed)           0.000     8.036    U_FND/U_APB_Intf_FND/slv_reg1_reg[7]_i_51_n_0
    SLICE_X4Y13          CARRY4 (Prop_carry4_CI_O[1])
                                                      0.334     8.370 r  U_FND/U_APB_Intf_FND/slv_reg1_reg[7]_i_33/O[1]
                         net (fo=4, routed)           0.867     9.238    U_FND/U_APB_Intf_FND/slv_reg1_reg[7]_i_33_n_6
    SLICE_X8Y13          LUT3 (Prop_lut3_I1_O)        0.303     9.541 r  U_FND/U_APB_Intf_FND/slv_reg1[7]_i_36/O
                         net (fo=2, routed)           0.413     9.953    U_FND/U_APB_Intf_FND/slv_reg1[7]_i_36_n_0
    SLICE_X9Y14          LUT5 (Prop_lut5_I1_O)        0.124    10.077 r  U_FND/U_APB_Intf_FND/slv_reg1[7]_i_16/O
                         net (fo=2, routed)           0.678    10.756    U_FND/U_APB_Intf_FND/slv_reg1[7]_i_16_n_0
    SLICE_X5Y14          LUT6 (Prop_lut6_I0_O)        0.124    10.880 r  U_FND/U_APB_Intf_FND/slv_reg1[7]_i_20/O
                         net (fo=1, routed)           0.000    10.880    U_FND/U_APB_Intf_FND/slv_reg1[7]_i_20_n_0
    SLICE_X5Y14          CARRY4 (Prop_carry4_S[0]_CO[3])
                                                      0.532    11.412 r  U_FND/U_APB_Intf_FND/slv_reg1_reg[7]_i_11/CO[3]
                         net (fo=1, routed)           0.000    11.412    U_FND/U_APB_Intf_FND/slv_reg1_reg[7]_i_11_n_0
    SLICE_X5Y15          CARRY4 (Prop_carry4_CI_O[2])
                                                      0.239    11.651 r  U_FND/U_APB_Intf_FND/slv_reg1_reg[13]_i_18/O[2]
                         net (fo=5, routed)           0.709    12.360    U_FND/U_APB_Intf_FND/slv_reg1_reg[13]_i_18_n_5
    SLICE_X0Y15          LUT3 (Prop_lut3_I2_O)        0.302    12.662 r  U_FND/U_APB_Intf_FND/slv_reg1[11]_i_10/O
                         net (fo=1, routed)           0.463    13.125    U_FND/U_APB_Intf_FND/slv_reg1[11]_i_10_n_0
    SLICE_X3Y15          CARRY4 (Prop_carry4_DI[3]_CO[3])
                                                      0.385    13.510 r  U_FND/U_APB_Intf_FND/slv_reg1_reg[11]_i_9/CO[3]
                         net (fo=1, routed)           0.000    13.510    U_FND/U_APB_Intf_FND/slv_reg1_reg[11]_i_9_n_0
    SLICE_X3Y16          CARRY4 (Prop_carry4_CI_O[0])
                                                      0.222    13.732 r  U_FND/U_APB_Intf_FND/slv_reg1_reg[13]_i_17/O[0]
                         net (fo=1, routed)           0.563    14.295    U_FND/U_APB_Intf_FND/slv_reg1_reg[13]_i_17_n_7
    SLICE_X1Y14          LUT2 (Prop_lut2_I1_O)        0.299    14.594 r  U_FND/U_APB_Intf_FND/slv_reg1[13]_i_14/O
                         net (fo=1, routed)           0.000    14.594    U_FND/U_APB_Intf_FND/slv_reg1[13]_i_14_n_0
    SLICE_X1Y14          CARRY4 (Prop_carry4_S[3]_O[3])
                                                      0.248    14.842 r  U_FND/U_APB_Intf_FND/slv_reg1_reg[13]_i_11/O[3]
                         net (fo=1, routed)           0.563    15.405    U_APB_Master/slv_reg1_reg[13]_i_4[3]
    SLICE_X2Y16          LUT2 (Prop_lut2_I1_O)        0.306    15.711 r  U_APB_Master/slv_reg1[13]_i_9/O
                         net (fo=1, routed)           0.000    15.711    U_FND/U_APB_Intf_FND/slv_reg1_reg[13]_6[0]
    SLICE_X2Y16          CARRY4 (Prop_carry4_S[0]_O[1])
                                                      0.427    16.138 r  U_FND/U_APB_Intf_FND/slv_reg1_reg[13]_i_4/O[1]
                         net (fo=2, routed)           0.496    16.634    U_FND/U_APB_Intf_FND/slv_reg1_reg[13]_i_4_n_6
    SLICE_X3Y14          CARRY4 (Prop_carry4_S[1]_CO[2])
                                                      0.876    17.510 r  U_FND/U_APB_Intf_FND/slv_reg1_reg[13]_i_3/CO[2]
                         net (fo=10, routed)          0.451    17.960    U_FND/U_APB_Intf_FND/slv_reg1_reg[13]_i_3_n_1
    SLICE_X1Y13          LUT3 (Prop_lut3_I1_O)        0.313    18.273 r  U_FND/U_APB_Intf_FND/slv_reg1[4]_i_1/O
                         net (fo=1, routed)           0.000    18.273    U_FND/U_APB_Intf_FND/p_0_in[4]
    SLICE_X1Y13          FDCE                                         r  U_FND/U_APB_Intf_FND/slv_reg1_reg[4]/D
  -------------------------------------------------------------------    -------------------

                         (clock sys_clk_pin rise edge)
                                                     10.000    10.000 r  
    W5                                                0.000    10.000 r  clk (IN)
                         net (fo=0)                   0.000    10.000    clk
    W5                   IBUF (Prop_ibuf_I_O)         1.388    11.388 r  clk_IBUF_inst/O
                         net (fo=1, routed)           1.862    13.250    clk_IBUF
    BUFGCTRL_X0Y0        BUFG (Prop_bufg_I_O)         0.091    13.341 r  clk_IBUF_BUFG_inst/O
                         net (fo=1520, routed)        1.514    14.855    U_FND/U_APB_Intf_FND/clk_IBUF_BUFG
    SLICE_X1Y13          FDCE                                         r  U_FND/U_APB_Intf_FND/slv_reg1_reg[4]/C
                         clock pessimism              0.260    15.115    
                         clock uncertainty           -0.035    15.080    
    SLICE_X1Y13          FDCE (Setup_fdce_C_D)        0.031    15.111    U_FND/U_APB_Intf_FND/slv_reg1_reg[4]
  -------------------------------------------------------------------
                         required time                         15.111    
                         arrival time                         -18.273    
  -------------------------------------------------------------------
                         slack                                 -3.162    

Slack (VIOLATED) :        -3.160ns  (required time - arrival time)
  Source:                 U_APB_Master/temp_wdata_reg_reg[6]/C
                            (rising edge-triggered cell FDCE clocked by sys_clk_pin  {rise@0.000ns fall@5.000ns period=10.000ns})
  Destination:            U_FND/U_APB_Intf_FND/slv_reg1_reg[11]/D
                            (rising edge-triggered cell FDCE clocked by sys_clk_pin  {rise@0.000ns fall@5.000ns period=10.000ns})
  Path Group:             sys_clk_pin
  Path Type:              Setup (Max at Slow Process Corner)
  Requirement:            10.000ns  (sys_clk_pin rise@10.000ns - sys_clk_pin rise@0.000ns)
  Data Path Delay:        13.117ns  (logic 6.126ns (46.702%)  route 6.991ns (53.298%))
  Logic Levels:           18  (CARRY4=10 LUT2=2 LUT3=4 LUT5=1 LUT6=1)
  Clock Path Skew:        -0.040ns (DCD - SCD + CPR)
    Destination Clock Delay (DCD):    4.855ns = ( 14.855 - 10.000 ) 
    Source Clock Delay      (SCD):    5.155ns
    Clock Pessimism Removal (CPR):    0.260ns
  Clock Uncertainty:      0.035ns  ((TSJ^2 + TIJ^2)^1/2 + DJ) / 2 + PE
    Total System Jitter     (TSJ):    0.071ns
    Total Input Jitter      (TIJ):    0.000ns
    Discrete Jitter          (DJ):    0.000ns
    Phase Error              (PE):    0.000ns

    Location             Delay type                Incr(ns)  Path(ns)    Netlist Resource(s)
  -------------------------------------------------------------------    -------------------
                         (clock sys_clk_pin rise edge)
                                                      0.000     0.000 r  
    W5                                                0.000     0.000 r  clk (IN)
                         net (fo=0)                   0.000     0.000    clk
    W5                   IBUF (Prop_ibuf_I_O)         1.458     1.458 r  clk_IBUF_inst/O
                         net (fo=1, routed)           1.967     3.425    clk_IBUF
    BUFGCTRL_X0Y0        BUFG (Prop_bufg_I_O)         0.096     3.521 r  clk_IBUF_BUFG_inst/O
                         net (fo=1520, routed)        1.634     5.155    U_APB_Master/clk_IBUF_BUFG
    SLICE_X7Y8           FDCE                                         r  U_APB_Master/temp_wdata_reg_reg[6]/C
  -------------------------------------------------------------------    -------------------
    SLICE_X7Y8           FDCE (Prop_fdce_C_Q)         0.456     5.611 r  U_APB_Master/temp_wdata_reg_reg[6]/Q
                         net (fo=39, routed)          0.849     6.460    U_APB_Master/Q[6]
    SLICE_X4Y8           LUT3 (Prop_lut3_I0_O)        0.124     6.584 r  U_APB_Master/slv_reg1[7]_i_163/O
                         net (fo=1, routed)           0.941     7.524    U_FND/U_APB_Intf_FND/slv_reg1[7]_i_104_0[2]
    SLICE_X4Y11          CARRY4 (Prop_carry4_DI[2]_CO[3])
                                                      0.398     7.922 r  U_FND/U_APB_Intf_FND/slv_reg1_reg[7]_i_109/CO[3]
                         net (fo=1, routed)           0.000     7.922    U_FND/U_APB_Intf_FND/slv_reg1_reg[7]_i_109_n_0
    SLICE_X4Y12          CARRY4 (Prop_carry4_CI_CO[3])
                                                      0.114     8.036 r  U_FND/U_APB_Intf_FND/slv_reg1_reg[7]_i_51/CO[3]
                         net (fo=1, routed)           0.000     8.036    U_FND/U_APB_Intf_FND/slv_reg1_reg[7]_i_51_n_0
    SLICE_X4Y13          CARRY4 (Prop_carry4_CI_O[1])
                                                      0.334     8.370 r  U_FND/U_APB_Intf_FND/slv_reg1_reg[7]_i_33/O[1]
                         net (fo=4, routed)           0.867     9.238    U_FND/U_APB_Intf_FND/slv_reg1_reg[7]_i_33_n_6
    SLICE_X8Y13          LUT3 (Prop_lut3_I1_O)        0.303     9.541 r  U_FND/U_APB_Intf_FND/slv_reg1[7]_i_36/O
                         net (fo=2, routed)           0.413     9.953    U_FND/U_APB_Intf_FND/slv_reg1[7]_i_36_n_0
    SLICE_X9Y14          LUT5 (Prop_lut5_I1_O)        0.124    10.077 r  U_FND/U_APB_Intf_FND/slv_reg1[7]_i_16/O
                         net (fo=2, routed)           0.678    10.756    U_FND/U_APB_Intf_FND/slv_reg1[7]_i_16_n_0
    SLICE_X5Y14          LUT6 (Prop_lut6_I0_O)        0.124    10.880 r  U_FND/U_APB_Intf_FND/slv_reg1[7]_i_20/O
                         net (fo=1, routed)           0.000    10.880    U_FND/U_APB_Intf_FND/slv_reg1[7]_i_20_n_0
    SLICE_X5Y14          CARRY4 (Prop_carry4_S[0]_CO[3])
                                                      0.532    11.412 r  U_FND/U_APB_Intf_FND/slv_reg1_reg[7]_i_11/CO[3]
                         net (fo=1, routed)           0.000    11.412    U_FND/U_APB_Intf_FND/slv_reg1_reg[7]_i_11_n_0
    SLICE_X5Y15          CARRY4 (Prop_carry4_CI_O[2])
                                                      0.239    11.651 r  U_FND/U_APB_Intf_FND/slv_reg1_reg[13]_i_18/O[2]
                         net (fo=5, routed)           0.709    12.360    U_FND/U_APB_Intf_FND/slv_reg1_reg[13]_i_18_n_5
    SLICE_X0Y15          LUT3 (Prop_lut3_I2_O)        0.302    12.662 r  U_FND/U_APB_Intf_FND/slv_reg1[11]_i_10/O
                         net (fo=1, routed)           0.463    13.125    U_FND/U_APB_Intf_FND/slv_reg1[11]_i_10_n_0
    SLICE_X3Y15          CARRY4 (Prop_carry4_DI[3]_CO[3])
                                                      0.385    13.510 r  U_FND/U_APB_Intf_FND/slv_reg1_reg[11]_i_9/CO[3]
                         net (fo=1, routed)           0.000    13.510    U_FND/U_APB_Intf_FND/slv_reg1_reg[11]_i_9_n_0
    SLICE_X3Y16          CARRY4 (Prop_carry4_CI_O[0])
                                                      0.222    13.732 r  U_FND/U_APB_Intf_FND/slv_reg1_reg[13]_i_17/O[0]
                         net (fo=1, routed)           0.563    14.295    U_FND/U_APB_Intf_FND/slv_reg1_reg[13]_i_17_n_7
    SLICE_X1Y14          LUT2 (Prop_lut2_I1_O)        0.299    14.594 r  U_FND/U_APB_Intf_FND/slv_reg1[13]_i_14/O
                         net (fo=1, routed)           0.000    14.594    U_FND/U_APB_Intf_FND/slv_reg1[13]_i_14_n_0
    SLICE_X1Y14          CARRY4 (Prop_carry4_S[3]_O[3])
                                                      0.248    14.842 r  U_FND/U_APB_Intf_FND/slv_reg1_reg[13]_i_11/O[3]
                         net (fo=1, routed)           0.563    15.405    U_APB_Master/slv_reg1_reg[13]_i_4[3]
    SLICE_X2Y16          LUT2 (Prop_lut2_I1_O)        0.306    15.711 r  U_APB_Master/slv_reg1[13]_i_9/O
                         net (fo=1, routed)           0.000    15.711    U_FND/U_APB_Intf_FND/slv_reg1_reg[13]_6[0]
    SLICE_X2Y16          CARRY4 (Prop_carry4_S[0]_O[1])
                                                      0.427    16.138 r  U_FND/U_APB_Intf_FND/slv_reg1_reg[13]_i_4/O[1]
                         net (fo=2, routed)           0.496    16.634    U_FND/U_APB_Intf_FND/slv_reg1_reg[13]_i_4_n_6
    SLICE_X3Y14          CARRY4 (Prop_carry4_S[1]_CO[2])
                                                      0.876    17.510 r  U_FND/U_APB_Intf_FND/slv_reg1_reg[13]_i_3/CO[2]
                         net (fo=10, routed)          0.450    17.959    U_FND/U_APB_Intf_FND/slv_reg1_reg[13]_i_3_n_1
    SLICE_X1Y13          LUT3 (Prop_lut3_I1_O)        0.313    18.272 r  U_FND/U_APB_Intf_FND/slv_reg1[11]_i_1/O
                         net (fo=1, routed)           0.000    18.272    U_FND/U_APB_Intf_FND/p_0_in[11]
    SLICE_X1Y13          FDCE                                         r  U_FND/U_APB_Intf_FND/slv_reg1_reg[11]/D
  -------------------------------------------------------------------    -------------------

                         (clock sys_clk_pin rise edge)
                                                     10.000    10.000 r  
    W5                                                0.000    10.000 r  clk (IN)
                         net (fo=0)                   0.000    10.000    clk
    W5                   IBUF (Prop_ibuf_I_O)         1.388    11.388 r  clk_IBUF_inst/O
                         net (fo=1, routed)           1.862    13.250    clk_IBUF
    BUFGCTRL_X0Y0        BUFG (Prop_bufg_I_O)         0.091    13.341 r  clk_IBUF_BUFG_inst/O
                         net (fo=1520, routed)        1.514    14.855    U_FND/U_APB_Intf_FND/clk_IBUF_BUFG
    SLICE_X1Y13          FDCE                                         r  U_FND/U_APB_Intf_FND/slv_reg1_reg[11]/C
                         clock pessimism              0.260    15.115    
                         clock uncertainty           -0.035    15.080    
    SLICE_X1Y13          FDCE (Setup_fdce_C_D)        0.032    15.112    U_FND/U_APB_Intf_FND/slv_reg1_reg[11]
  -------------------------------------------------------------------
                         required time                         15.112    
                         arrival time                         -18.272    
  -------------------------------------------------------------------
                         slack                                 -3.160    

Slack (VIOLATED) :        -3.127ns  (required time - arrival time)
  Source:                 U_APB_Master/temp_wdata_reg_reg[6]/C
                            (rising edge-triggered cell FDCE clocked by sys_clk_pin  {rise@0.000ns fall@5.000ns period=10.000ns})
  Destination:            U_FND/U_APB_Intf_FND/slv_reg1_reg[10]/D
                            (rising edge-triggered cell FDCE clocked by sys_clk_pin  {rise@0.000ns fall@5.000ns period=10.000ns})
  Path Group:             sys_clk_pin
  Path Type:              Setup (Max at Slow Process Corner)
  Requirement:            10.000ns  (sys_clk_pin rise@10.000ns - sys_clk_pin rise@0.000ns)
  Data Path Delay:        13.126ns  (logic 6.119ns (46.616%)  route 7.007ns (53.384%))
  Logic Levels:           18  (CARRY4=10 LUT2=2 LUT3=4 LUT5=1 LUT6=1)
  Clock Path Skew:        -0.040ns (DCD - SCD + CPR)
    Destination Clock Delay (DCD):    4.855ns = ( 14.855 - 10.000 ) 
    Source Clock Delay      (SCD):    5.155ns
    Clock Pessimism Removal (CPR):    0.260ns
  Clock Uncertainty:      0.035ns  ((TSJ^2 + TIJ^2)^1/2 + DJ) / 2 + PE
    Total System Jitter     (TSJ):    0.071ns
    Total Input Jitter      (TIJ):    0.000ns
    Discrete Jitter          (DJ):    0.000ns
    Phase Error              (PE):    0.000ns

    Location             Delay type                Incr(ns)  Path(ns)    Netlist Resource(s)
  -------------------------------------------------------------------    -------------------
                         (clock sys_clk_pin rise edge)
                                                      0.000     0.000 r  
    W5                                                0.000     0.000 r  clk (IN)
                         net (fo=0)                   0.000     0.000    clk
    W5                   IBUF (Prop_ibuf_I_O)         1.458     1.458 r  clk_IBUF_inst/O
                         net (fo=1, routed)           1.967     3.425    clk_IBUF
    BUFGCTRL_X0Y0        BUFG (Prop_bufg_I_O)         0.096     3.521 r  clk_IBUF_BUFG_inst/O
                         net (fo=1520, routed)        1.634     5.155    U_APB_Master/clk_IBUF_BUFG
    SLICE_X7Y8           FDCE                                         r  U_APB_Master/temp_wdata_reg_reg[6]/C
  -------------------------------------------------------------------    -------------------
    SLICE_X7Y8           FDCE (Prop_fdce_C_Q)         0.456     5.611 r  U_APB_Master/temp_wdata_reg_reg[6]/Q
                         net (fo=39, routed)          0.849     6.460    U_APB_Master/Q[6]
    SLICE_X4Y8           LUT3 (Prop_lut3_I0_O)        0.124     6.584 r  U_APB_Master/slv_reg1[7]_i_163/O
                         net (fo=1, routed)           0.941     7.524    U_FND/U_APB_Intf_FND/slv_reg1[7]_i_104_0[2]
    SLICE_X4Y11          CARRY4 (Prop_carry4_DI[2]_CO[3])
                                                      0.398     7.922 r  U_FND/U_APB_Intf_FND/slv_reg1_reg[7]_i_109/CO[3]
                         net (fo=1, routed)           0.000     7.922    U_FND/U_APB_Intf_FND/slv_reg1_reg[7]_i_109_n_0
    SLICE_X4Y12          CARRY4 (Prop_carry4_CI_CO[3])
                                                      0.114     8.036 r  U_FND/U_APB_Intf_FND/slv_reg1_reg[7]_i_51/CO[3]
                         net (fo=1, routed)           0.000     8.036    U_FND/U_APB_Intf_FND/slv_reg1_reg[7]_i_51_n_0
    SLICE_X4Y13          CARRY4 (Prop_carry4_CI_O[1])
                                                      0.334     8.370 r  U_FND/U_APB_Intf_FND/slv_reg1_reg[7]_i_33/O[1]
                         net (fo=4, routed)           0.867     9.238    U_FND/U_APB_Intf_FND/slv_reg1_reg[7]_i_33_n_6
    SLICE_X8Y13          LUT3 (Prop_lut3_I1_O)        0.303     9.541 r  U_FND/U_APB_Intf_FND/slv_reg1[7]_i_36/O
                         net (fo=2, routed)           0.413     9.953    U_FND/U_APB_Intf_FND/slv_reg1[7]_i_36_n_0
    SLICE_X9Y14          LUT5 (Prop_lut5_I1_O)        0.124    10.077 r  U_FND/U_APB_Intf_FND/slv_reg1[7]_i_16/O
                         net (fo=2, routed)           0.678    10.756    U_FND/U_APB_Intf_FND/slv_reg1[7]_i_16_n_0
    SLICE_X5Y14          LUT6 (Prop_lut6_I0_O)        0.124    10.880 r  U_FND/U_APB_Intf_FND/slv_reg1[7]_i_20/O
                         net (fo=1, routed)           0.000    10.880    U_FND/U_APB_Intf_FND/slv_reg1[7]_i_20_n_0
    SLICE_X5Y14          CARRY4 (Prop_carry4_S[0]_CO[3])
                                                      0.532    11.412 r  U_FND/U_APB_Intf_FND/slv_reg1_reg[7]_i_11/CO[3]
                         net (fo=1, routed)           0.000    11.412    U_FND/U_APB_Intf_FND/slv_reg1_reg[7]_i_11_n_0
    SLICE_X5Y15          CARRY4 (Prop_carry4_CI_O[2])
                                                      0.239    11.651 r  U_FND/U_APB_Intf_FND/slv_reg1_reg[13]_i_18/O[2]
                         net (fo=5, routed)           0.709    12.360    U_FND/U_APB_Intf_FND/slv_reg1_reg[13]_i_18_n_5
    SLICE_X0Y15          LUT3 (Prop_lut3_I2_O)        0.302    12.662 r  U_FND/U_APB_Intf_FND/slv_reg1[11]_i_10/O
                         net (fo=1, routed)           0.463    13.125    U_FND/U_APB_Intf_FND/slv_reg1[11]_i_10_n_0
    SLICE_X3Y15          CARRY4 (Prop_carry4_DI[3]_CO[3])
                                                      0.385    13.510 r  U_FND/U_APB_Intf_FND/slv_reg1_reg[11]_i_9/CO[3]
                         net (fo=1, routed)           0.000    13.510    U_FND/U_APB_Intf_FND/slv_reg1_reg[11]_i_9_n_0
    SLICE_X3Y16          CARRY4 (Prop_carry4_CI_O[0])
                                                      0.222    13.732 r  U_FND/U_APB_Intf_FND/slv_reg1_reg[13]_i_17/O[0]
                         net (fo=1, routed)           0.563    14.295    U_FND/U_APB_Intf_FND/slv_reg1_reg[13]_i_17_n_7
    SLICE_X1Y14          LUT2 (Prop_lut2_I1_O)        0.299    14.594 r  U_FND/U_APB_Intf_FND/slv_reg1[13]_i_14/O
                         net (fo=1, routed)           0.000    14.594    U_FND/U_APB_Intf_FND/slv_reg1[13]_i_14_n_0
    SLICE_X1Y14          CARRY4 (Prop_carry4_S[3]_O[3])
                                                      0.248    14.842 r  U_FND/U_APB_Intf_FND/slv_reg1_reg[13]_i_11/O[3]
                         net (fo=1, routed)           0.563    15.405    U_APB_Master/slv_reg1_reg[13]_i_4[3]
    SLICE_X2Y16          LUT2 (Prop_lut2_I1_O)        0.306    15.711 r  U_APB_Master/slv_reg1[13]_i_9/O
                         net (fo=1, routed)           0.000    15.711    U_FND/U_APB_Intf_FND/slv_reg1_reg[13]_6[0]
    SLICE_X2Y16          CARRY4 (Prop_carry4_S[0]_O[1])
                                                      0.427    16.138 r  U_FND/U_APB_Intf_FND/slv_reg1_reg[13]_i_4/O[1]
                         net (fo=2, routed)           0.496    16.634    U_FND/U_APB_Intf_FND/slv_reg1_reg[13]_i_4_n_6
    SLICE_X3Y14          CARRY4 (Prop_carry4_S[1]_CO[2])
                                                      0.876    17.510 r  U_FND/U_APB_Intf_FND/slv_reg1_reg[13]_i_3/CO[2]
                         net (fo=10, routed)          0.466    17.976    U_FND/U_APB_Intf_FND/slv_reg1_reg[13]_i_3_n_1
    SLICE_X0Y14          LUT3 (Prop_lut3_I1_O)        0.306    18.282 r  U_FND/U_APB_Intf_FND/slv_reg1[10]_i_1/O
                         net (fo=1, routed)           0.000    18.282    U_FND/U_APB_Intf_FND/p_0_in[10]
    SLICE_X0Y14          FDCE                                         r  U_FND/U_APB_Intf_FND/slv_reg1_reg[10]/D
  -------------------------------------------------------------------    -------------------

                         (clock sys_clk_pin rise edge)
                                                     10.000    10.000 r  
    W5                                                0.000    10.000 r  clk (IN)
                         net (fo=0)                   0.000    10.000    clk
    W5                   IBUF (Prop_ibuf_I_O)         1.388    11.388 r  clk_IBUF_inst/O
                         net (fo=1, routed)           1.862    13.250    clk_IBUF
    BUFGCTRL_X0Y0        BUFG (Prop_bufg_I_O)         0.091    13.341 r  clk_IBUF_BUFG_inst/O
                         net (fo=1520, routed)        1.514    14.855    U_FND/U_APB_Intf_FND/clk_IBUF_BUFG
    SLICE_X0Y14          FDCE                                         r  U_FND/U_APB_Intf_FND/slv_reg1_reg[10]/C
                         clock pessimism              0.260    15.115    
                         clock uncertainty           -0.035    15.080    
    SLICE_X0Y14          FDCE (Setup_fdce_C_D)        0.075    15.155    U_FND/U_APB_Intf_FND/slv_reg1_reg[10]
  -------------------------------------------------------------------
                         required time                         15.155    
                         arrival time                         -18.282    
  -------------------------------------------------------------------
                         slack                                 -3.127    





Min Delay Paths
--------------------------------------------------------------------------------------
Slack (MET) :             0.043ns  (arrival time - required time)
  Source:                 U_GPIOC/U_APB_Intf_GPIO/slv_reg2_reg[13]/C
                            (rising edge-triggered cell FDCE clocked by sys_clk_pin  {rise@0.000ns fall@5.000ns period=10.000ns})
  Destination:            U_GPIOC/U_APB_Intf_GPIO/PRDATA_reg[13]/D
                            (rising edge-triggered cell FDRE clocked by sys_clk_pin  {rise@0.000ns fall@5.000ns period=10.000ns})
  Path Group:             sys_clk_pin
  Path Type:              Hold (Min at Fast Process Corner)
  Requirement:            0.000ns  (sys_clk_pin rise@0.000ns - sys_clk_pin rise@0.000ns)
  Data Path Delay:        0.429ns  (logic 0.186ns (43.404%)  route 0.243ns (56.596%))
  Logic Levels:           1  (LUT5=1)
  Clock Path Skew:        0.266ns (DCD - SCD - CPR)
    Destination Clock Delay (DCD):    1.951ns
    Source Clock Delay      (SCD):    1.436ns
    Clock Pessimism Removal (CPR):    0.249ns

    Location             Delay type                Incr(ns)  Path(ns)    Netlist Resource(s)
  -------------------------------------------------------------------    -------------------
                         (clock sys_clk_pin rise edge)
                                                      0.000     0.000 r  
    W5                                                0.000     0.000 r  clk (IN)
                         net (fo=0)                   0.000     0.000    clk
    W5                   IBUF (Prop_ibuf_I_O)         0.226     0.226 r  clk_IBUF_inst/O
                         net (fo=1, routed)           0.631     0.858    clk_IBUF
    BUFGCTRL_X0Y0        BUFG (Prop_bufg_I_O)         0.026     0.884 r  clk_IBUF_BUFG_inst/O
                         net (fo=1520, routed)        0.553     1.436    U_GPIOC/U_APB_Intf_GPIO/clk_IBUF_BUFG
    SLICE_X36Y28         FDCE                                         r  U_GPIOC/U_APB_Intf_GPIO/slv_reg2_reg[13]/C
  -------------------------------------------------------------------    -------------------
    SLICE_X36Y28         FDCE (Prop_fdce_C_Q)         0.141     1.577 r  U_GPIOC/U_APB_Intf_GPIO/slv_reg2_reg[13]/Q
                         net (fo=2, routed)           0.243     1.820    U_GPIOC/U_APB_Intf_GPIO/slv_reg2_reg[15]_0[13]
    SLICE_X34Y33         LUT5 (Prop_lut5_I0_O)        0.045     1.865 r  U_GPIOC/U_APB_Intf_GPIO/PRDATA[13]_i_1/O
                         net (fo=1, routed)           0.000     1.865    U_GPIOC/U_APB_Intf_GPIO/p_0_in[13]
    SLICE_X34Y33         FDRE                                         r  U_GPIOC/U_APB_Intf_GPIO/PRDATA_reg[13]/D
  -------------------------------------------------------------------    -------------------

                         (clock sys_clk_pin rise edge)
                                                      0.000     0.000 r  
    W5                                                0.000     0.000 r  clk (IN)
                         net (fo=0)                   0.000     0.000    clk
    W5                   IBUF (Prop_ibuf_I_O)         0.414     0.414 r  clk_IBUF_inst/O
                         net (fo=1, routed)           0.685     1.099    clk_IBUF
    BUFGCTRL_X0Y0        BUFG (Prop_bufg_I_O)         0.029     1.128 r  clk_IBUF_BUFG_inst/O
                         net (fo=1520, routed)        0.824     1.951    U_GPIOC/U_APB_Intf_GPIO/clk_IBUF_BUFG
    SLICE_X34Y33         FDRE                                         r  U_GPIOC/U_APB_Intf_GPIO/PRDATA_reg[13]/C
                         clock pessimism             -0.249     1.702    
    SLICE_X34Y33         FDRE (Hold_fdre_C_D)         0.120     1.822    U_GPIOC/U_APB_Intf_GPIO/PRDATA_reg[13]
  -------------------------------------------------------------------
                         required time                         -1.822    
                         arrival time                           1.865    
  -------------------------------------------------------------------
                         slack                                  0.043    

Slack (MET) :             0.066ns  (arrival time - required time)
  Source:                 U_Core/U_DataPath/U_ExeReg_PCSrcMux/q_reg[4]/C
                            (rising edge-triggered cell FDCE clocked by sys_clk_pin  {rise@0.000ns fall@5.000ns period=10.000ns})
  Destination:            U_Core/U_DataPath/U_PC/q_reg[4]_rep__0/D
                            (rising edge-triggered cell FDCE clocked by sys_clk_pin  {rise@0.000ns fall@5.000ns period=10.000ns})
  Path Group:             sys_clk_pin
  Path Type:              Hold (Min at Fast Process Corner)
  Requirement:            0.000ns  (sys_clk_pin rise@0.000ns - sys_clk_pin rise@0.000ns)
  Data Path Delay:        0.404ns  (logic 0.164ns (40.640%)  route 0.240ns (59.360%))
  Logic Levels:           0  
  Clock Path Skew:        0.266ns (DCD - SCD - CPR)
    Destination Clock Delay (DCD):    1.959ns
    Source Clock Delay      (SCD):    1.444ns
    Clock Pessimism Removal (CPR):    0.249ns

    Location             Delay type                Incr(ns)  Path(ns)    Netlist Resource(s)
  -------------------------------------------------------------------    -------------------
                         (clock sys_clk_pin rise edge)
                                                      0.000     0.000 r  
    W5                                                0.000     0.000 r  clk (IN)
                         net (fo=0)                   0.000     0.000    clk
    W5                   IBUF (Prop_ibuf_I_O)         0.226     0.226 r  clk_IBUF_inst/O
                         net (fo=1, routed)           0.631     0.858    clk_IBUF
    BUFGCTRL_X0Y0        BUFG (Prop_bufg_I_O)         0.026     0.884 r  clk_IBUF_BUFG_inst/O
                         net (fo=1520, routed)        0.561     1.444    U_Core/U_DataPath/U_ExeReg_PCSrcMux/clk_IBUF_BUFG
    SLICE_X34Y9          FDCE                                         r  U_Core/U_DataPath/U_ExeReg_PCSrcMux/q_reg[4]/C
  -------------------------------------------------------------------    -------------------
    SLICE_X34Y9          FDCE (Prop_fdce_C_Q)         0.164     1.608 r  U_Core/U_DataPath/U_ExeReg_PCSrcMux/q_reg[4]/Q
                         net (fo=4, routed)           0.240     1.848    U_Core/U_DataPath/U_PC/q_reg[31]_1[4]
    SLICE_X41Y9          FDCE                                         r  U_Core/U_DataPath/U_PC/q_reg[4]_rep__0/D
  -------------------------------------------------------------------    -------------------

                         (clock sys_clk_pin rise edge)
                                                      0.000     0.000 r  
    W5                                                0.000     0.000 r  clk (IN)
                         net (fo=0)                   0.000     0.000    clk
    W5                   IBUF (Prop_ibuf_I_O)         0.414     0.414 r  clk_IBUF_inst/O
                         net (fo=1, routed)           0.685     1.099    clk_IBUF
    BUFGCTRL_X0Y0        BUFG (Prop_bufg_I_O)         0.029     1.128 r  clk_IBUF_BUFG_inst/O
                         net (fo=1520, routed)        0.832     1.959    U_Core/U_DataPath/U_PC/clk_IBUF_BUFG
    SLICE_X41Y9          FDCE                                         r  U_Core/U_DataPath/U_PC/q_reg[4]_rep__0/C
                         clock pessimism             -0.249     1.710    
    SLICE_X41Y9          FDCE (Hold_fdce_C_D)         0.072     1.782    U_Core/U_DataPath/U_PC/q_reg[4]_rep__0
  -------------------------------------------------------------------
                         required time                         -1.782    
                         arrival time                           1.848    
  -------------------------------------------------------------------
                         slack                                  0.066    

Slack (MET) :             0.078ns  (arrival time - required time)
  Source:                 U_Core/U_DataPath/U_ExeReg_PCSrcMux/q_reg[5]/C
                            (rising edge-triggered cell FDCE clocked by sys_clk_pin  {rise@0.000ns fall@5.000ns period=10.000ns})
  Destination:            U_Core/U_DataPath/U_PC/q_reg[5]_rep__0/D
                            (rising edge-triggered cell FDCE clocked by sys_clk_pin  {rise@0.000ns fall@5.000ns period=10.000ns})
  Path Group:             sys_clk_pin
  Path Type:              Hold (Min at Fast Process Corner)
  Requirement:            0.000ns  (sys_clk_pin rise@0.000ns - sys_clk_pin rise@0.000ns)
  Data Path Delay:        0.412ns  (logic 0.141ns (34.193%)  route 0.271ns (65.807%))
  Logic Levels:           0  
  Clock Path Skew:        0.264ns (DCD - SCD - CPR)
    Destination Clock Delay (DCD):    1.958ns
    Source Clock Delay      (SCD):    1.445ns
    Clock Pessimism Removal (CPR):    0.249ns

    Location             Delay type                Incr(ns)  Path(ns)    Netlist Resource(s)
  -------------------------------------------------------------------    -------------------
                         (clock sys_clk_pin rise edge)
                                                      0.000     0.000 r  
    W5                                                0.000     0.000 r  clk (IN)
                         net (fo=0)                   0.000     0.000    clk
    W5                   IBUF (Prop_ibuf_I_O)         0.226     0.226 r  clk_IBUF_inst/O
                         net (fo=1, routed)           0.631     0.858    clk_IBUF
    BUFGCTRL_X0Y0        BUFG (Prop_bufg_I_O)         0.026     0.884 r  clk_IBUF_BUFG_inst/O
                         net (fo=1520, routed)        0.562     1.445    U_Core/U_DataPath/U_ExeReg_PCSrcMux/clk_IBUF_BUFG
    SLICE_X33Y8          FDCE                                         r  U_Core/U_DataPath/U_ExeReg_PCSrcMux/q_reg[5]/C
  -------------------------------------------------------------------    -------------------
    SLICE_X33Y8          FDCE (Prop_fdce_C_Q)         0.141     1.586 r  U_Core/U_DataPath/U_ExeReg_PCSrcMux/q_reg[5]/Q
                         net (fo=4, routed)           0.271     1.857    U_Core/U_DataPath/U_PC/q_reg[31]_1[5]
    SLICE_X39Y8          FDCE                                         r  U_Core/U_DataPath/U_PC/q_reg[5]_rep__0/D
  -------------------------------------------------------------------    -------------------

                         (clock sys_clk_pin rise edge)
                                                      0.000     0.000 r  
    W5                                                0.000     0.000 r  clk (IN)
                         net (fo=0)                   0.000     0.000    clk
    W5                   IBUF (Prop_ibuf_I_O)         0.414     0.414 r  clk_IBUF_inst/O
                         net (fo=1, routed)           0.685     1.099    clk_IBUF
    BUFGCTRL_X0Y0        BUFG (Prop_bufg_I_O)         0.029     1.128 r  clk_IBUF_BUFG_inst/O
                         net (fo=1520, routed)        0.831     1.958    U_Core/U_DataPath/U_PC/clk_IBUF_BUFG
    SLICE_X39Y8          FDCE                                         r  U_Core/U_DataPath/U_PC/q_reg[5]_rep__0/C
                         clock pessimism             -0.249     1.709    
    SLICE_X39Y8          FDCE (Hold_fdce_C_D)         0.070     1.779    U_Core/U_DataPath/U_PC/q_reg[5]_rep__0
  -------------------------------------------------------------------
                         required time                         -1.779    
                         arrival time                           1.857    
  -------------------------------------------------------------------
                         slack                                  0.078    

Slack (MET) :             0.079ns  (arrival time - required time)
  Source:                 U_UART_RX_Periph/U_uart_fifo_IP/FIFO_TX/U_FIFO_ControlUnit/wr_ptr_reg_reg[1]/C
                            (rising edge-triggered cell FDCE clocked by sys_clk_pin  {rise@0.000ns fall@5.000ns period=10.000ns})
  Destination:            U_UART_RX_Periph/U_uart_fifo_IP/FIFO_TX/U_RAM_FIFO/mem_reg_0_3_0_5/RAMA/WADR1
                            (rising edge-triggered cell RAMD32 clocked by sys_clk_pin  {rise@0.000ns fall@5.000ns period=10.000ns})
  Path Group:             sys_clk_pin
  Path Type:              Hold (Min at Fast Process Corner)
  Requirement:            0.000ns  (sys_clk_pin rise@0.000ns - sys_clk_pin rise@0.000ns)
  Data Path Delay:        0.426ns  (logic 0.141ns (33.071%)  route 0.285ns (66.929%))
  Logic Levels:           0  
  Clock Path Skew:        0.038ns (DCD - SCD - CPR)
    Destination Clock Delay (DCD):    1.992ns
    Source Clock Delay      (SCD):    1.476ns
    Clock Pessimism Removal (CPR):    0.478ns

    Location             Delay type                Incr(ns)  Path(ns)    Netlist Resource(s)
  -------------------------------------------------------------------    -------------------
                         (clock sys_clk_pin rise edge)
                                                      0.000     0.000 r  
    W5                                                0.000     0.000 r  clk (IN)
                         net (fo=0)                   0.000     0.000    clk
    W5                   IBUF (Prop_ibuf_I_O)         0.226     0.226 r  clk_IBUF_inst/O
                         net (fo=1, routed)           0.631     0.858    clk_IBUF
    BUFGCTRL_X0Y0        BUFG (Prop_bufg_I_O)         0.026     0.884 r  clk_IBUF_BUFG_inst/O
                         net (fo=1520, routed)        0.593     1.476    U_UART_RX_Periph/U_uart_fifo_IP/FIFO_TX/U_FIFO_ControlUnit/clk_IBUF_BUFG
    SLICE_X5Y6           FDCE                                         r  U_UART_RX_Periph/U_uart_fifo_IP/FIFO_TX/U_FIFO_ControlUnit/wr_ptr_reg_reg[1]/C
  -------------------------------------------------------------------    -------------------
    SLICE_X5Y6           FDCE (Prop_fdce_C_Q)         0.141     1.617 r  U_UART_RX_Periph/U_uart_fifo_IP/FIFO_TX/U_FIFO_ControlUnit/wr_ptr_reg_reg[1]/Q
                         net (fo=19, routed)          0.285     1.902    U_UART_RX_Periph/U_uart_fifo_IP/FIFO_TX/U_RAM_FIFO/mem_reg_0_3_0_5/ADDRD1
    SLICE_X2Y7           RAMD32                                       r  U_UART_RX_Periph/U_uart_fifo_IP/FIFO_TX/U_RAM_FIFO/mem_reg_0_3_0_5/RAMA/WADR1
  -------------------------------------------------------------------    -------------------

                         (clock sys_clk_pin rise edge)
                                                      0.000     0.000 r  
    W5                                                0.000     0.000 r  clk (IN)
                         net (fo=0)                   0.000     0.000    clk
    W5                   IBUF (Prop_ibuf_I_O)         0.414     0.414 r  clk_IBUF_inst/O
                         net (fo=1, routed)           0.685     1.099    clk_IBUF
    BUFGCTRL_X0Y0        BUFG (Prop_bufg_I_O)         0.029     1.128 r  clk_IBUF_BUFG_inst/O
                         net (fo=1520, routed)        0.865     1.992    U_UART_RX_Periph/U_uart_fifo_IP/FIFO_TX/U_RAM_FIFO/mem_reg_0_3_0_5/WCLK
    SLICE_X2Y7           RAMD32                                       r  U_UART_RX_Periph/U_uart_fifo_IP/FIFO_TX/U_RAM_FIFO/mem_reg_0_3_0_5/RAMA/CLK
                         clock pessimism             -0.478     1.514    
    SLICE_X2Y7           RAMD32 (Hold_ramd32_CLK_WADR1)
                                                      0.309     1.823    U_UART_RX_Periph/U_uart_fifo_IP/FIFO_TX/U_RAM_FIFO/mem_reg_0_3_0_5/RAMA
  -------------------------------------------------------------------
                         required time                         -1.823    
                         arrival time                           1.902    
  -------------------------------------------------------------------
                         slack                                  0.079    

Slack (MET) :             0.079ns  (arrival time - required time)
  Source:                 U_UART_RX_Periph/U_uart_fifo_IP/FIFO_TX/U_FIFO_ControlUnit/wr_ptr_reg_reg[1]/C
                            (rising edge-triggered cell FDCE clocked by sys_clk_pin  {rise@0.000ns fall@5.000ns period=10.000ns})
  Destination:            U_UART_RX_Periph/U_uart_fifo_IP/FIFO_TX/U_RAM_FIFO/mem_reg_0_3_0_5/RAMA_D1/WADR1
                            (rising edge-triggered cell RAMD32 clocked by sys_clk_pin  {rise@0.000ns fall@5.000ns period=10.000ns})
  Path Group:             sys_clk_pin
  Path Type:              Hold (Min at Fast Process Corner)
  Requirement:            0.000ns  (sys_clk_pin rise@0.000ns - sys_clk_pin rise@0.000ns)
  Data Path Delay:        0.426ns  (logic 0.141ns (33.071%)  route 0.285ns (66.929%))
  Logic Levels:           0  
  Clock Path Skew:        0.038ns (DCD - SCD - CPR)
    Destination Clock Delay (DCD):    1.992ns
    Source Clock Delay      (SCD):    1.476ns
    Clock Pessimism Removal (CPR):    0.478ns

    Location             Delay type                Incr(ns)  Path(ns)    Netlist Resource(s)
  -------------------------------------------------------------------    -------------------
                         (clock sys_clk_pin rise edge)
                                                      0.000     0.000 r  
    W5                                                0.000     0.000 r  clk (IN)
                         net (fo=0)                   0.000     0.000    clk
    W5                   IBUF (Prop_ibuf_I_O)         0.226     0.226 r  clk_IBUF_inst/O
                         net (fo=1, routed)           0.631     0.858    clk_IBUF
    BUFGCTRL_X0Y0        BUFG (Prop_bufg_I_O)         0.026     0.884 r  clk_IBUF_BUFG_inst/O
                         net (fo=1520, routed)        0.593     1.476    U_UART_RX_Periph/U_uart_fifo_IP/FIFO_TX/U_FIFO_ControlUnit/clk_IBUF_BUFG
    SLICE_X5Y6           FDCE                                         r  U_UART_RX_Periph/U_uart_fifo_IP/FIFO_TX/U_FIFO_ControlUnit/wr_ptr_reg_reg[1]/C
  -------------------------------------------------------------------    -------------------
    SLICE_X5Y6           FDCE (Prop_fdce_C_Q)         0.141     1.617 r  U_UART_RX_Periph/U_uart_fifo_IP/FIFO_TX/U_FIFO_ControlUnit/wr_ptr_reg_reg[1]/Q
                         net (fo=19, routed)          0.285     1.902    U_UART_RX_Periph/U_uart_fifo_IP/FIFO_TX/U_RAM_FIFO/mem_reg_0_3_0_5/ADDRD1
    SLICE_X2Y7           RAMD32                                       r  U_UART_RX_Periph/U_uart_fifo_IP/FIFO_TX/U_RAM_FIFO/mem_reg_0_3_0_5/RAMA_D1/WADR1
  -------------------------------------------------------------------    -------------------

                         (clock sys_clk_pin rise edge)
                                                      0.000     0.000 r  
    W5                                                0.000     0.000 r  clk (IN)
                         net (fo=0)                   0.000     0.000    clk
    W5                   IBUF (Prop_ibuf_I_O)         0.414     0.414 r  clk_IBUF_inst/O
                         net (fo=1, routed)           0.685     1.099    clk_IBUF
    BUFGCTRL_X0Y0        BUFG (Prop_bufg_I_O)         0.029     1.128 r  clk_IBUF_BUFG_inst/O
                         net (fo=1520, routed)        0.865     1.992    U_UART_RX_Periph/U_uart_fifo_IP/FIFO_TX/U_RAM_FIFO/mem_reg_0_3_0_5/WCLK
    SLICE_X2Y7           RAMD32                                       r  U_UART_RX_Periph/U_uart_fifo_IP/FIFO_TX/U_RAM_FIFO/mem_reg_0_3_0_5/RAMA_D1/CLK
                         clock pessimism             -0.478     1.514    
    SLICE_X2Y7           RAMD32 (Hold_ramd32_CLK_WADR1)
                                                      0.309     1.823    U_UART_RX_Periph/U_uart_fifo_IP/FIFO_TX/U_RAM_FIFO/mem_reg_0_3_0_5/RAMA_D1
  -------------------------------------------------------------------
                         required time                         -1.823    
                         arrival time                           1.902    
  -------------------------------------------------------------------
                         slack                                  0.079    

Slack (MET) :             0.079ns  (arrival time - required time)
  Source:                 U_UART_RX_Periph/U_uart_fifo_IP/FIFO_TX/U_FIFO_ControlUnit/wr_ptr_reg_reg[1]/C
                            (rising edge-triggered cell FDCE clocked by sys_clk_pin  {rise@0.000ns fall@5.000ns period=10.000ns})
  Destination:            U_UART_RX_Periph/U_uart_fifo_IP/FIFO_TX/U_RAM_FIFO/mem_reg_0_3_0_5/RAMB/WADR1
                            (rising edge-triggered cell RAMD32 clocked by sys_clk_pin  {rise@0.000ns fall@5.000ns period=10.000ns})
  Path Group:             sys_clk_pin
  Path Type:              Hold (Min at Fast Process Corner)
  Requirement:            0.000ns  (sys_clk_pin rise@0.000ns - sys_clk_pin rise@0.000ns)
  Data Path Delay:        0.426ns  (logic 0.141ns (33.071%)  route 0.285ns (66.929%))
  Logic Levels:           0  
  Clock Path Skew:        0.038ns (DCD - SCD - CPR)
    Destination Clock Delay (DCD):    1.992ns
    Source Clock Delay      (SCD):    1.476ns
    Clock Pessimism Removal (CPR):    0.478ns

    Location             Delay type                Incr(ns)  Path(ns)    Netlist Resource(s)
  -------------------------------------------------------------------    -------------------
                         (clock sys_clk_pin rise edge)
                                                      0.000     0.000 r  
    W5                                                0.000     0.000 r  clk (IN)
                         net (fo=0)                   0.000     0.000    clk
    W5                   IBUF (Prop_ibuf_I_O)         0.226     0.226 r  clk_IBUF_inst/O
                         net (fo=1, routed)           0.631     0.858    clk_IBUF
    BUFGCTRL_X0Y0        BUFG (Prop_bufg_I_O)         0.026     0.884 r  clk_IBUF_BUFG_inst/O
                         net (fo=1520, routed)        0.593     1.476    U_UART_RX_Periph/U_uart_fifo_IP/FIFO_TX/U_FIFO_ControlUnit/clk_IBUF_BUFG
    SLICE_X5Y6           FDCE                                         r  U_UART_RX_Periph/U_uart_fifo_IP/FIFO_TX/U_FIFO_ControlUnit/wr_ptr_reg_reg[1]/C
  -------------------------------------------------------------------    -------------------
    SLICE_X5Y6           FDCE (Prop_fdce_C_Q)         0.141     1.617 r  U_UART_RX_Periph/U_uart_fifo_IP/FIFO_TX/U_FIFO_ControlUnit/wr_ptr_reg_reg[1]/Q
                         net (fo=19, routed)          0.285     1.902    U_UART_RX_Periph/U_uart_fifo_IP/FIFO_TX/U_RAM_FIFO/mem_reg_0_3_0_5/ADDRD1
    SLICE_X2Y7           RAMD32                                       r  U_UART_RX_Periph/U_uart_fifo_IP/FIFO_TX/U_RAM_FIFO/mem_reg_0_3_0_5/RAMB/WADR1
  -------------------------------------------------------------------    -------------------

                         (clock sys_clk_pin rise edge)
                                                      0.000     0.000 r  
    W5                                                0.000     0.000 r  clk (IN)
                         net (fo=0)                   0.000     0.000    clk
    W5                   IBUF (Prop_ibuf_I_O)         0.414     0.414 r  clk_IBUF_inst/O
                         net (fo=1, routed)           0.685     1.099    clk_IBUF
    BUFGCTRL_X0Y0        BUFG (Prop_bufg_I_O)         0.029     1.128 r  clk_IBUF_BUFG_inst/O
                         net (fo=1520, routed)        0.865     1.992    U_UART_RX_Periph/U_uart_fifo_IP/FIFO_TX/U_RAM_FIFO/mem_reg_0_3_0_5/WCLK
    SLICE_X2Y7           RAMD32                                       r  U_UART_RX_Periph/U_uart_fifo_IP/FIFO_TX/U_RAM_FIFO/mem_reg_0_3_0_5/RAMB/CLK
                         clock pessimism             -0.478     1.514    
    SLICE_X2Y7           RAMD32 (Hold_ramd32_CLK_WADR1)
                                                      0.309     1.823    U_UART_RX_Periph/U_uart_fifo_IP/FIFO_TX/U_RAM_FIFO/mem_reg_0_3_0_5/RAMB
  -------------------------------------------------------------------
                         required time                         -1.823    
                         arrival time                           1.902    
  -------------------------------------------------------------------
                         slack                                  0.079    

Slack (MET) :             0.079ns  (arrival time - required time)
  Source:                 U_UART_RX_Periph/U_uart_fifo_IP/FIFO_TX/U_FIFO_ControlUnit/wr_ptr_reg_reg[1]/C
                            (rising edge-triggered cell FDCE clocked by sys_clk_pin  {rise@0.000ns fall@5.000ns period=10.000ns})
  Destination:            U_UART_RX_Periph/U_uart_fifo_IP/FIFO_TX/U_RAM_FIFO/mem_reg_0_3_0_5/RAMB_D1/WADR1
                            (rising edge-triggered cell RAMD32 clocked by sys_clk_pin  {rise@0.000ns fall@5.000ns period=10.000ns})
  Path Group:             sys_clk_pin
  Path Type:              Hold (Min at Fast Process Corner)
  Requirement:            0.000ns  (sys_clk_pin rise@0.000ns - sys_clk_pin rise@0.000ns)
  Data Path Delay:        0.426ns  (logic 0.141ns (33.071%)  route 0.285ns (66.929%))
  Logic Levels:           0  
  Clock Path Skew:        0.038ns (DCD - SCD - CPR)
    Destination Clock Delay (DCD):    1.992ns
    Source Clock Delay      (SCD):    1.476ns
    Clock Pessimism Removal (CPR):    0.478ns

    Location             Delay type                Incr(ns)  Path(ns)    Netlist Resource(s)
  -------------------------------------------------------------------    -------------------
                         (clock sys_clk_pin rise edge)
                                                      0.000     0.000 r  
    W5                                                0.000     0.000 r  clk (IN)
                         net (fo=0)                   0.000     0.000    clk
    W5                   IBUF (Prop_ibuf_I_O)         0.226     0.226 r  clk_IBUF_inst/O
                         net (fo=1, routed)           0.631     0.858    clk_IBUF
    BUFGCTRL_X0Y0        BUFG (Prop_bufg_I_O)         0.026     0.884 r  clk_IBUF_BUFG_inst/O
                         net (fo=1520, routed)        0.593     1.476    U_UART_RX_Periph/U_uart_fifo_IP/FIFO_TX/U_FIFO_ControlUnit/clk_IBUF_BUFG
    SLICE_X5Y6           FDCE                                         r  U_UART_RX_Periph/U_uart_fifo_IP/FIFO_TX/U_FIFO_ControlUnit/wr_ptr_reg_reg[1]/C
  -------------------------------------------------------------------    -------------------
    SLICE_X5Y6           FDCE (Prop_fdce_C_Q)         0.141     1.617 r  U_UART_RX_Periph/U_uart_fifo_IP/FIFO_TX/U_FIFO_ControlUnit/wr_ptr_reg_reg[1]/Q
                         net (fo=19, routed)          0.285     1.902    U_UART_RX_Periph/U_uart_fifo_IP/FIFO_TX/U_RAM_FIFO/mem_reg_0_3_0_5/ADDRD1
    SLICE_X2Y7           RAMD32                                       r  U_UART_RX_Periph/U_uart_fifo_IP/FIFO_TX/U_RAM_FIFO/mem_reg_0_3_0_5/RAMB_D1/WADR1
  -------------------------------------------------------------------    -------------------

                         (clock sys_clk_pin rise edge)
                                                      0.000     0.000 r  
    W5                                                0.000     0.000 r  clk (IN)
                         net (fo=0)                   0.000     0.000    clk
    W5                   IBUF (Prop_ibuf_I_O)         0.414     0.414 r  clk_IBUF_inst/O
                         net (fo=1, routed)           0.685     1.099    clk_IBUF
    BUFGCTRL_X0Y0        BUFG (Prop_bufg_I_O)         0.029     1.128 r  clk_IBUF_BUFG_inst/O
                         net (fo=1520, routed)        0.865     1.992    U_UART_RX_Periph/U_uart_fifo_IP/FIFO_TX/U_RAM_FIFO/mem_reg_0_3_0_5/WCLK
    SLICE_X2Y7           RAMD32                                       r  U_UART_RX_Periph/U_uart_fifo_IP/FIFO_TX/U_RAM_FIFO/mem_reg_0_3_0_5/RAMB_D1/CLK
                         clock pessimism             -0.478     1.514    
    SLICE_X2Y7           RAMD32 (Hold_ramd32_CLK_WADR1)
                                                      0.309     1.823    U_UART_RX_Periph/U_uart_fifo_IP/FIFO_TX/U_RAM_FIFO/mem_reg_0_3_0_5/RAMB_D1
  -------------------------------------------------------------------
                         required time                         -1.823    
                         arrival time                           1.902    
  -------------------------------------------------------------------
                         slack                                  0.079    

Slack (MET) :             0.079ns  (arrival time - required time)
  Source:                 U_UART_RX_Periph/U_uart_fifo_IP/FIFO_TX/U_FIFO_ControlUnit/wr_ptr_reg_reg[1]/C
                            (rising edge-triggered cell FDCE clocked by sys_clk_pin  {rise@0.000ns fall@5.000ns period=10.000ns})
  Destination:            U_UART_RX_Periph/U_uart_fifo_IP/FIFO_TX/U_RAM_FIFO/mem_reg_0_3_0_5/RAMC/WADR1
                            (rising edge-triggered cell RAMD32 clocked by sys_clk_pin  {rise@0.000ns fall@5.000ns period=10.000ns})
  Path Group:             sys_clk_pin
  Path Type:              Hold (Min at Fast Process Corner)
  Requirement:            0.000ns  (sys_clk_pin rise@0.000ns - sys_clk_pin rise@0.000ns)
  Data Path Delay:        0.426ns  (logic 0.141ns (33.071%)  route 0.285ns (66.929%))
  Logic Levels:           0  
  Clock Path Skew:        0.038ns (DCD - SCD - CPR)
    Destination Clock Delay (DCD):    1.992ns
    Source Clock Delay      (SCD):    1.476ns
    Clock Pessimism Removal (CPR):    0.478ns

    Location             Delay type                Incr(ns)  Path(ns)    Netlist Resource(s)
  -------------------------------------------------------------------    -------------------
                         (clock sys_clk_pin rise edge)
                                                      0.000     0.000 r  
    W5                                                0.000     0.000 r  clk (IN)
                         net (fo=0)                   0.000     0.000    clk
    W5                   IBUF (Prop_ibuf_I_O)         0.226     0.226 r  clk_IBUF_inst/O
                         net (fo=1, routed)           0.631     0.858    clk_IBUF
    BUFGCTRL_X0Y0        BUFG (Prop_bufg_I_O)         0.026     0.884 r  clk_IBUF_BUFG_inst/O
                         net (fo=1520, routed)        0.593     1.476    U_UART_RX_Periph/U_uart_fifo_IP/FIFO_TX/U_FIFO_ControlUnit/clk_IBUF_BUFG
    SLICE_X5Y6           FDCE                                         r  U_UART_RX_Periph/U_uart_fifo_IP/FIFO_TX/U_FIFO_ControlUnit/wr_ptr_reg_reg[1]/C
  -------------------------------------------------------------------    -------------------
    SLICE_X5Y6           FDCE (Prop_fdce_C_Q)         0.141     1.617 r  U_UART_RX_Periph/U_uart_fifo_IP/FIFO_TX/U_FIFO_ControlUnit/wr_ptr_reg_reg[1]/Q
                         net (fo=19, routed)          0.285     1.902    U_UART_RX_Periph/U_uart_fifo_IP/FIFO_TX/U_RAM_FIFO/mem_reg_0_3_0_5/ADDRD1
    SLICE_X2Y7           RAMD32                                       r  U_UART_RX_Periph/U_uart_fifo_IP/FIFO_TX/U_RAM_FIFO/mem_reg_0_3_0_5/RAMC/WADR1
  -------------------------------------------------------------------    -------------------

                         (clock sys_clk_pin rise edge)
                                                      0.000     0.000 r  
    W5                                                0.000     0.000 r  clk (IN)
                         net (fo=0)                   0.000     0.000    clk
    W5                   IBUF (Prop_ibuf_I_O)         0.414     0.414 r  clk_IBUF_inst/O
                         net (fo=1, routed)           0.685     1.099    clk_IBUF
    BUFGCTRL_X0Y0        BUFG (Prop_bufg_I_O)         0.029     1.128 r  clk_IBUF_BUFG_inst/O
                         net (fo=1520, routed)        0.865     1.992    U_UART_RX_Periph/U_uart_fifo_IP/FIFO_TX/U_RAM_FIFO/mem_reg_0_3_0_5/WCLK
    SLICE_X2Y7           RAMD32                                       r  U_UART_RX_Periph/U_uart_fifo_IP/FIFO_TX/U_RAM_FIFO/mem_reg_0_3_0_5/RAMC/CLK
                         clock pessimism             -0.478     1.514    
    SLICE_X2Y7           RAMD32 (Hold_ramd32_CLK_WADR1)
                                                      0.309     1.823    U_UART_RX_Periph/U_uart_fifo_IP/FIFO_TX/U_RAM_FIFO/mem_reg_0_3_0_5/RAMC
  -------------------------------------------------------------------
                         required time                         -1.823    
                         arrival time                           1.902    
  -------------------------------------------------------------------
                         slack                                  0.079    

Slack (MET) :             0.079ns  (arrival time - required time)
  Source:                 U_UART_RX_Periph/U_uart_fifo_IP/FIFO_TX/U_FIFO_ControlUnit/wr_ptr_reg_reg[1]/C
                            (rising edge-triggered cell FDCE clocked by sys_clk_pin  {rise@0.000ns fall@5.000ns period=10.000ns})
  Destination:            U_UART_RX_Periph/U_uart_fifo_IP/FIFO_TX/U_RAM_FIFO/mem_reg_0_3_0_5/RAMC_D1/WADR1
                            (rising edge-triggered cell RAMD32 clocked by sys_clk_pin  {rise@0.000ns fall@5.000ns period=10.000ns})
  Path Group:             sys_clk_pin
  Path Type:              Hold (Min at Fast Process Corner)
  Requirement:            0.000ns  (sys_clk_pin rise@0.000ns - sys_clk_pin rise@0.000ns)
  Data Path Delay:        0.426ns  (logic 0.141ns (33.071%)  route 0.285ns (66.929%))
  Logic Levels:           0  
  Clock Path Skew:        0.038ns (DCD - SCD - CPR)
    Destination Clock Delay (DCD):    1.992ns
    Source Clock Delay      (SCD):    1.476ns
    Clock Pessimism Removal (CPR):    0.478ns

    Location             Delay type                Incr(ns)  Path(ns)    Netlist Resource(s)
  -------------------------------------------------------------------    -------------------
                         (clock sys_clk_pin rise edge)
                                                      0.000     0.000 r  
    W5                                                0.000     0.000 r  clk (IN)
                         net (fo=0)                   0.000     0.000    clk
    W5                   IBUF (Prop_ibuf_I_O)         0.226     0.226 r  clk_IBUF_inst/O
                         net (fo=1, routed)           0.631     0.858    clk_IBUF
    BUFGCTRL_X0Y0        BUFG (Prop_bufg_I_O)         0.026     0.884 r  clk_IBUF_BUFG_inst/O
                         net (fo=1520, routed)        0.593     1.476    U_UART_RX_Periph/U_uart_fifo_IP/FIFO_TX/U_FIFO_ControlUnit/clk_IBUF_BUFG
    SLICE_X5Y6           FDCE                                         r  U_UART_RX_Periph/U_uart_fifo_IP/FIFO_TX/U_FIFO_ControlUnit/wr_ptr_reg_reg[1]/C
  -------------------------------------------------------------------    -------------------
    SLICE_X5Y6           FDCE (Prop_fdce_C_Q)         0.141     1.617 r  U_UART_RX_Periph/U_uart_fifo_IP/FIFO_TX/U_FIFO_ControlUnit/wr_ptr_reg_reg[1]/Q
                         net (fo=19, routed)          0.285     1.902    U_UART_RX_Periph/U_uart_fifo_IP/FIFO_TX/U_RAM_FIFO/mem_reg_0_3_0_5/ADDRD1
    SLICE_X2Y7           RAMD32                                       r  U_UART_RX_Periph/U_uart_fifo_IP/FIFO_TX/U_RAM_FIFO/mem_reg_0_3_0_5/RAMC_D1/WADR1
  -------------------------------------------------------------------    -------------------

                         (clock sys_clk_pin rise edge)
                                                      0.000     0.000 r  
    W5                                                0.000     0.000 r  clk (IN)
                         net (fo=0)                   0.000     0.000    clk
    W5                   IBUF (Prop_ibuf_I_O)         0.414     0.414 r  clk_IBUF_inst/O
                         net (fo=1, routed)           0.685     1.099    clk_IBUF
    BUFGCTRL_X0Y0        BUFG (Prop_bufg_I_O)         0.029     1.128 r  clk_IBUF_BUFG_inst/O
                         net (fo=1520, routed)        0.865     1.992    U_UART_RX_Periph/U_uart_fifo_IP/FIFO_TX/U_RAM_FIFO/mem_reg_0_3_0_5/WCLK
    SLICE_X2Y7           RAMD32                                       r  U_UART_RX_Periph/U_uart_fifo_IP/FIFO_TX/U_RAM_FIFO/mem_reg_0_3_0_5/RAMC_D1/CLK
                         clock pessimism             -0.478     1.514    
    SLICE_X2Y7           RAMD32 (Hold_ramd32_CLK_WADR1)
                                                      0.309     1.823    U_UART_RX_Periph/U_uart_fifo_IP/FIFO_TX/U_RAM_FIFO/mem_reg_0_3_0_5/RAMC_D1
  -------------------------------------------------------------------
                         required time                         -1.823    
                         arrival time                           1.902    
  -------------------------------------------------------------------
                         slack                                  0.079    

Slack (MET) :             0.079ns  (arrival time - required time)
  Source:                 U_UART_RX_Periph/U_uart_fifo_IP/FIFO_TX/U_FIFO_ControlUnit/wr_ptr_reg_reg[1]/C
                            (rising edge-triggered cell FDCE clocked by sys_clk_pin  {rise@0.000ns fall@5.000ns period=10.000ns})
  Destination:            U_UART_RX_Periph/U_uart_fifo_IP/FIFO_TX/U_RAM_FIFO/mem_reg_0_3_0_5/RAMD/ADR1
                            (rising edge-triggered cell RAMS32 clocked by sys_clk_pin  {rise@0.000ns fall@5.000ns period=10.000ns})
  Path Group:             sys_clk_pin
  Path Type:              Hold (Min at Fast Process Corner)
  Requirement:            0.000ns  (sys_clk_pin rise@0.000ns - sys_clk_pin rise@0.000ns)
  Data Path Delay:        0.426ns  (logic 0.141ns (33.071%)  route 0.285ns (66.929%))
  Logic Levels:           0  
  Clock Path Skew:        0.038ns (DCD - SCD - CPR)
    Destination Clock Delay (DCD):    1.992ns
    Source Clock Delay      (SCD):    1.476ns
    Clock Pessimism Removal (CPR):    0.478ns

    Location             Delay type                Incr(ns)  Path(ns)    Netlist Resource(s)
  -------------------------------------------------------------------    -------------------
                         (clock sys_clk_pin rise edge)
                                                      0.000     0.000 r  
    W5                                                0.000     0.000 r  clk (IN)
                         net (fo=0)                   0.000     0.000    clk
    W5                   IBUF (Prop_ibuf_I_O)         0.226     0.226 r  clk_IBUF_inst/O
                         net (fo=1, routed)           0.631     0.858    clk_IBUF
    BUFGCTRL_X0Y0        BUFG (Prop_bufg_I_O)         0.026     0.884 r  clk_IBUF_BUFG_inst/O
                         net (fo=1520, routed)        0.593     1.476    U_UART_RX_Periph/U_uart_fifo_IP/FIFO_TX/U_FIFO_ControlUnit/clk_IBUF_BUFG
    SLICE_X5Y6           FDCE                                         r  U_UART_RX_Periph/U_uart_fifo_IP/FIFO_TX/U_FIFO_ControlUnit/wr_ptr_reg_reg[1]/C
  -------------------------------------------------------------------    -------------------
    SLICE_X5Y6           FDCE (Prop_fdce_C_Q)         0.141     1.617 r  U_UART_RX_Periph/U_uart_fifo_IP/FIFO_TX/U_FIFO_ControlUnit/wr_ptr_reg_reg[1]/Q
                         net (fo=19, routed)          0.285     1.902    U_UART_RX_Periph/U_uart_fifo_IP/FIFO_TX/U_RAM_FIFO/mem_reg_0_3_0_5/ADDRD1
    SLICE_X2Y7           RAMS32                                       r  U_UART_RX_Periph/U_uart_fifo_IP/FIFO_TX/U_RAM_FIFO/mem_reg_0_3_0_5/RAMD/ADR1
  -------------------------------------------------------------------    -------------------

                         (clock sys_clk_pin rise edge)
                                                      0.000     0.000 r  
    W5                                                0.000     0.000 r  clk (IN)
                         net (fo=0)                   0.000     0.000    clk
    W5                   IBUF (Prop_ibuf_I_O)         0.414     0.414 r  clk_IBUF_inst/O
                         net (fo=1, routed)           0.685     1.099    clk_IBUF
    BUFGCTRL_X0Y0        BUFG (Prop_bufg_I_O)         0.029     1.128 r  clk_IBUF_BUFG_inst/O
                         net (fo=1520, routed)        0.865     1.992    U_UART_RX_Periph/U_uart_fifo_IP/FIFO_TX/U_RAM_FIFO/mem_reg_0_3_0_5/WCLK
    SLICE_X2Y7           RAMS32                                       r  U_UART_RX_Periph/U_uart_fifo_IP/FIFO_TX/U_RAM_FIFO/mem_reg_0_3_0_5/RAMD/CLK
                         clock pessimism             -0.478     1.514    
    SLICE_X2Y7           RAMS32 (Hold_rams32_CLK_ADR1)
                                                      0.309     1.823    U_UART_RX_Periph/U_uart_fifo_IP/FIFO_TX/U_RAM_FIFO/mem_reg_0_3_0_5/RAMD
  -------------------------------------------------------------------
                         required time                         -1.823    
                         arrival time                           1.902    
  -------------------------------------------------------------------
                         slack                                  0.079    





Pulse Width Checks
--------------------------------------------------------------------------------------
Clock Name:         sys_clk_pin
Waveform(ns):       { 0.000 5.000 }
Period(ns):         10.000
Sources:            { clk }

Check Type        Corner  Lib Pin             Reference Pin  Required(ns)  Actual(ns)  Slack(ns)  Location       Pin
Min Period        n/a     RAMB36E1/CLKARDCLK  n/a            2.576         10.000      7.424      RAMB36_X0Y3    U_RAM/mem_reg/CLKARDCLK
Min Period        n/a     BUFG/I              n/a            2.155         10.000      7.845      BUFGCTRL_X0Y0  clk_IBUF_BUFG_inst/I
Min Period        n/a     FDCE/C              n/a            1.000         10.000      9.000      SLICE_X31Y7    U_Core/U_DataPath/U_DecReg_RFRD1/q_reg[3]/C
Min Period        n/a     FDCE/C              n/a            1.000         10.000      9.000      SLICE_X31Y9    U_Core/U_DataPath/U_DecReg_RFRD1/q_reg[4]/C
Min Period        n/a     FDCE/C              n/a            1.000         10.000      9.000      SLICE_X34Y9    U_Core/U_DataPath/U_DecReg_RFRD1/q_reg[5]/C
Min Period        n/a     FDCE/C              n/a            1.000         10.000      9.000      SLICE_X31Y9    U_Core/U_DataPath/U_DecReg_RFRD1/q_reg[6]/C
Min Period        n/a     FDCE/C              n/a            1.000         10.000      9.000      SLICE_X34Y9    U_Core/U_DataPath/U_DecReg_RFRD1/q_reg[7]/C
Min Period        n/a     FDCE/C              n/a            1.000         10.000      9.000      SLICE_X31Y7    U_Core/U_DataPath/U_DecReg_RFRD1/q_reg[8]/C
Min Period        n/a     FDRE/C              n/a            1.000         10.000      9.000      SLICE_X40Y19   U_Counter_Periph/U_APB_Intf/PRDATA_reg[29]/C
Min Period        n/a     FDRE/C              n/a            1.000         10.000      9.000      SLICE_X38Y16   U_Counter_Periph/U_APB_Intf/PRDATA_reg[2]/C
Low Pulse Width   Fast    RAMD32/CLK          n/a            1.250         5.000       3.750      SLICE_X34Y7    U_DataPath/U_RegFile/RegFile_reg_r1_0_31_0_5/RAMA/CLK
Low Pulse Width   Fast    RAMD32/CLK          n/a            1.250         5.000       3.750      SLICE_X34Y7    U_DataPath/U_RegFile/RegFile_reg_r1_0_31_0_5/RAMA_D1/CLK
Low Pulse Width   Fast    RAMD32/CLK          n/a            1.250         5.000       3.750      SLICE_X34Y7    U_DataPath/U_RegFile/RegFile_reg_r1_0_31_0_5/RAMB/CLK
Low Pulse Width   Fast    RAMD32/CLK          n/a            1.250         5.000       3.750      SLICE_X34Y7    U_DataPath/U_RegFile/RegFile_reg_r1_0_31_0_5/RAMB_D1/CLK
Low Pulse Width   Fast    RAMD32/CLK          n/a            1.250         5.000       3.750      SLICE_X34Y7    U_DataPath/U_RegFile/RegFile_reg_r1_0_31_0_5/RAMC/CLK
Low Pulse Width   Fast    RAMD32/CLK          n/a            1.250         5.000       3.750      SLICE_X34Y7    U_DataPath/U_RegFile/RegFile_reg_r1_0_31_0_5/RAMC_D1/CLK
Low Pulse Width   Fast    RAMS32/CLK          n/a            1.250         5.000       3.750      SLICE_X34Y7    U_DataPath/U_RegFile/RegFile_reg_r1_0_31_0_5/RAMD/CLK
Low Pulse Width   Fast    RAMS32/CLK          n/a            1.250         5.000       3.750      SLICE_X34Y7    U_DataPath/U_RegFile/RegFile_reg_r1_0_31_0_5/RAMD_D1/CLK
Low Pulse Width   Fast    RAMD32/CLK          n/a            1.250         5.000       3.750      SLICE_X34Y8    U_DataPath/U_RegFile/RegFile_reg_r1_0_31_6_11/RAMA/CLK
Low Pulse Width   Fast    RAMD32/CLK          n/a            1.250         5.000       3.750      SLICE_X34Y8    U_DataPath/U_RegFile/RegFile_reg_r1_0_31_6_11/RAMA_D1/CLK
High Pulse Width  Fast    RAMD32/CLK          n/a            1.250         5.000       3.750      SLICE_X34Y11   U_DataPath/U_RegFile/RegFile_reg_r1_0_31_12_17/RAMA/CLK
High Pulse Width  Fast    RAMD32/CLK          n/a            1.250         5.000       3.750      SLICE_X34Y11   U_DataPath/U_RegFile/RegFile_reg_r1_0_31_12_17/RAMA_D1/CLK
High Pulse Width  Fast    RAMD32/CLK          n/a            1.250         5.000       3.750      SLICE_X34Y11   U_DataPath/U_RegFile/RegFile_reg_r1_0_31_12_17/RAMB/CLK
High Pulse Width  Fast    RAMD32/CLK          n/a            1.250         5.000       3.750      SLICE_X34Y11   U_DataPath/U_RegFile/RegFile_reg_r1_0_31_12_17/RAMB_D1/CLK
High Pulse Width  Fast    RAMD32/CLK          n/a            1.250         5.000       3.750      SLICE_X34Y11   U_DataPath/U_RegFile/RegFile_reg_r1_0_31_12_17/RAMC/CLK
High Pulse Width  Fast    RAMD32/CLK          n/a            1.250         5.000       3.750      SLICE_X34Y11   U_DataPath/U_RegFile/RegFile_reg_r1_0_31_12_17/RAMC_D1/CLK
High Pulse Width  Fast    RAMS32/CLK          n/a            1.250         5.000       3.750      SLICE_X34Y11   U_DataPath/U_RegFile/RegFile_reg_r1_0_31_12_17/RAMD/CLK
High Pulse Width  Fast    RAMS32/CLK          n/a            1.250         5.000       3.750      SLICE_X34Y11   U_DataPath/U_RegFile/RegFile_reg_r1_0_31_12_17/RAMD_D1/CLK
High Pulse Width  Slow    RAMD32/CLK          n/a            1.250         5.000       3.750      SLICE_X34Y13   U_DataPath/U_RegFile/RegFile_reg_r1_0_31_18_23/RAMA/CLK
High Pulse Width  Slow    RAMD32/CLK          n/a            1.250         5.000       3.750      SLICE_X34Y13   U_DataPath/U_RegFile/RegFile_reg_r1_0_31_18_23/RAMA_D1/CLK



