Copyright 1986-2020 Xilinx, Inc. All Rights Reserved.
-----------------------------------------------------------------------------------------------------------------------------------------------------------------------------------------------------------------------------
| Tool Version : Vivado v.2020.2 (win64) Build 3064766 Wed Nov 18 09:12:45 MST 2020
| Date         : Fri May 30 16:28:52 2025
| Host         : DESKTOP-7CFQ9ND running 64-bit major release  (build 9200)
| Command      : report_timing_summary -max_paths 10 -file OV7670_VGA_Display_timing_summary_routed.rpt -pb OV7670_VGA_Display_timing_summary_routed.pb -rpx OV7670_VGA_Display_timing_summary_routed.rpx -warn_on_violation
| Design       : OV7670_VGA_Display
| Device       : 7a35t-cpg236
| Speed File   : -1  PRODUCTION 1.23 2018-06-13
-----------------------------------------------------------------------------------------------------------------------------------------------------------------------------------------------------------------------------

Timing Summary Report

------------------------------------------------------------------------------------------------
| Timer Settings
| --------------
------------------------------------------------------------------------------------------------

  Enable Multi Corner Analysis               :  Yes
  Enable Pessimism Removal                   :  Yes
  Pessimism Removal Resolution               :  Nearest Common Node
  Enable Input Delay Default Clock           :  No
  Enable Preset / Clear Arcs                 :  No
  Disable Flight Delays                      :  No
  Ignore I/O Paths                           :  No
  Timing Early Launch at Borrowing Latches   :  No
  Borrow Time for Max Delay Exceptions       :  Yes
  Merge Timing Exceptions                    :  Yes

  Corner  Analyze    Analyze    
  Name    Max Paths  Min Paths  
  ------  ---------  ---------  
  Slow    Yes        Yes        
  Fast    Yes        Yes        



check_timing report

Table of Contents
-----------------
1. checking no_clock (93)
2. checking constant_clock (0)
3. checking pulse_width_clock (0)
4. checking unconstrained_internal_endpoints (804)
5. checking no_input_delay (11)
6. checking no_output_delay (15)
7. checking multiple_clock (0)
8. checking generated_clocks (0)
9. checking loops (0)
10. checking partial_input_delay (0)
11. checking partial_output_delay (0)
12. checking latch_loops (0)

1. checking no_clock (93)
-------------------------
 There are 73 register/latch pins with no clock driven by root clock pin: ov7670_pclk (HIGH)

 There are 20 register/latch pins with no clock driven by root clock pin: U_VGAController/u_Pixel_clk_Gen/pclk_reg/Q (HIGH)


2. checking constant_clock (0)
------------------------------
 There are 0 register/latch pins with constant_clock.


3. checking pulse_width_clock (0)
---------------------------------
 There are 0 register/latch pins which need pulse_width check


4. checking unconstrained_internal_endpoints (804)
--------------------------------------------------
 There are 804 pins that are not constrained for maximum delay. (HIGH)

 There are 0 pins that are not constrained for maximum delay due to constant clock.


5. checking no_input_delay (11)
-------------------------------
 There are 11 input ports with no input delay specified. (HIGH)

 There are 0 input ports with no input delay but user has a false path constraint.


6. checking no_output_delay (15)
--------------------------------
 There are 15 ports with no output delay specified. (HIGH)

 There are 0 ports with no output delay but user has a false path constraint

 There are 0 ports with no output delay but with a timing clock defined on it or propagating through it


7. checking multiple_clock (0)
------------------------------
 There are 0 register/latch pins with multiple clocks.


8. checking generated_clocks (0)
--------------------------------
 There are 0 generated clocks that are not connected to a clock source.


9. checking loops (0)
---------------------
 There are 0 combinational loops in the design.


10. checking partial_input_delay (0)
------------------------------------
 There are 0 input ports with partial input delay specified.


11. checking partial_output_delay (0)
-------------------------------------
 There are 0 ports with partial output delay specified.


12. checking latch_loops (0)
----------------------------
 There are 0 combinational latch loops in the design through latch input



------------------------------------------------------------------------------------------------
| Design Timing Summary
| ---------------------
------------------------------------------------------------------------------------------------

    WNS(ns)      TNS(ns)  TNS Failing Endpoints  TNS Total Endpoints      WHS(ns)      THS(ns)  THS Failing Endpoints  THS Total Endpoints     WPWS(ns)     TPWS(ns)  TPWS Failing Endpoints  TPWS Total Endpoints  
    -------      -------  ---------------------  -------------------      -------      -------  ---------------------  -------------------     --------     --------  ----------------------  --------------------  
      6.148        0.000                      0                   20        0.280        0.000                      0                   20        4.500        0.000                       0                    46  


All user specified timing constraints are met.


------------------------------------------------------------------------------------------------
| Clock Summary
| -------------
------------------------------------------------------------------------------------------------

Clock        Waveform(ns)       Period(ns)      Frequency(MHz)
-----        ------------       ----------      --------------
sys_clk_pin  {0.000 5.000}      10.000          100.000         


------------------------------------------------------------------------------------------------
| Intra Clock Table
| -----------------
------------------------------------------------------------------------------------------------

Clock             WNS(ns)      TNS(ns)  TNS Failing Endpoints  TNS Total Endpoints      WHS(ns)      THS(ns)  THS Failing Endpoints  THS Total Endpoints     WPWS(ns)     TPWS(ns)  TPWS Failing Endpoints  TPWS Total Endpoints  
-----             -------      -------  ---------------------  -------------------      -------      -------  ---------------------  -------------------     --------     --------  ----------------------  --------------------  
sys_clk_pin         6.148        0.000                      0                   20        0.280        0.000                      0                   20        4.500        0.000                       0                    46  


------------------------------------------------------------------------------------------------
| Inter Clock Table
| -----------------
------------------------------------------------------------------------------------------------

From Clock    To Clock          WNS(ns)      TNS(ns)  TNS Failing Endpoints  TNS Total Endpoints      WHS(ns)      THS(ns)  THS Failing Endpoints  THS Total Endpoints  
----------    --------          -------      -------  ---------------------  -------------------      -------      -------  ---------------------  -------------------  


------------------------------------------------------------------------------------------------
| Other Path Groups Table
| -----------------------
------------------------------------------------------------------------------------------------

Path Group    From Clock    To Clock          WNS(ns)      TNS(ns)  TNS Failing Endpoints  TNS Total Endpoints      WHS(ns)      THS(ns)  THS Failing Endpoints  THS Total Endpoints  
----------    ----------    --------          -------      -------  ---------------------  -------------------      -------      -------  ---------------------  -------------------  


------------------------------------------------------------------------------------------------
| Timing Details
| --------------
------------------------------------------------------------------------------------------------


---------------------------------------------------------------------------------------------------
From Clock:  sys_clk_pin
  To Clock:  sys_clk_pin

Setup :            0  Failing Endpoints,  Worst Slack        6.148ns,  Total Violation        0.000ns
Hold  :            0  Failing Endpoints,  Worst Slack        0.280ns,  Total Violation        0.000ns
PW    :            0  Failing Endpoints,  Worst Slack        4.500ns,  Total Violation        0.000ns
---------------------------------------------------------------------------------------------------


Max Delay Paths
--------------------------------------------------------------------------------------
Slack (MET) :             6.148ns  (required time - arrival time)
  Source:                 U_Frame_buffer/U_Frame_buffer/mem_reg_0_1_cooolgate_en_gate_49_cooolDelFlop/C
                            (rising edge-triggered cell FDCE clocked by sys_clk_pin  {rise@0.000ns fall@5.000ns period=10.000ns})
  Destination:            U_Frame_buffer/mem_reg_0_9/ENBWREN
                            (rising edge-triggered cell RAMB36E1 clocked by sys_clk_pin  {rise@0.000ns fall@5.000ns period=10.000ns})
  Path Group:             sys_clk_pin
  Path Type:              Setup (Max at Slow Process Corner)
  Requirement:            10.000ns  (sys_clk_pin rise@10.000ns - sys_clk_pin rise@0.000ns)
  Data Path Delay:        3.092ns  (logic 0.636ns (20.569%)  route 2.456ns (79.431%))
  Logic Levels:           1  (LUT4=1)
  Clock Path Skew:        -0.080ns (DCD - SCD + CPR)
    Destination Clock Delay (DCD):    4.809ns = ( 14.809 - 10.000 ) 
    Source Clock Delay      (SCD):    5.076ns
    Clock Pessimism Removal (CPR):    0.187ns
  Clock Uncertainty:      0.035ns  ((TSJ^2 + TIJ^2)^1/2 + DJ) / 2 + PE
    Total System Jitter     (TSJ):    0.071ns
    Total Input Jitter      (TIJ):    0.000ns
    Discrete Jitter          (DJ):    0.000ns
    Phase Error              (PE):    0.000ns

    Location             Delay type                Incr(ns)  Path(ns)    Netlist Resource(s)
  -------------------------------------------------------------------    -------------------
                         (clock sys_clk_pin rise edge)
                                                      0.000     0.000 r  
    W5                                                0.000     0.000 r  clk (IN)
                         net (fo=0)                   0.000     0.000    clk
    W5                   IBUF (Prop_ibuf_I_O)         1.458     1.458 r  clk_IBUF_inst/O
                         net (fo=1, routed)           1.967     3.425    clk_IBUF
    BUFGCTRL_X0Y0        BUFG (Prop_bufg_I_O)         0.096     3.521 r  clk_IBUF_BUFG_inst/O
                         net (fo=45, routed)          1.555     5.076    U_Frame_buffer/clk_IBUF_BUFG
    SLICE_X14Y59         FDCE                                         r  U_Frame_buffer/U_Frame_buffer/mem_reg_0_1_cooolgate_en_gate_49_cooolDelFlop/C
  -------------------------------------------------------------------    -------------------
    SLICE_X14Y59         FDCE (Prop_fdce_C_Q)         0.518     5.594 f  U_Frame_buffer/U_Frame_buffer/mem_reg_0_1_cooolgate_en_gate_49_cooolDelFlop/Q
                         net (fo=12, routed)          1.530     7.124    U_Frame_buffer/U_Frame_buffer/mem_reg_0_1_cooolgate_en_sig_25
    SLICE_X48Y66         LUT4 (Prop_lut4_I3_O)        0.118     7.242 r  U_Frame_buffer/mem_reg_0_9_ENBWREN_cooolgate_en_gate_72_LOPT_REMAP/O
                         net (fo=1, routed)           0.926     8.168    U_Frame_buffer/mem_reg_0_9_ENBWREN_cooolgate_en_sig_37
    RAMB36_X1Y15         RAMB36E1                                     r  U_Frame_buffer/mem_reg_0_9/ENBWREN
  -------------------------------------------------------------------    -------------------

                         (clock sys_clk_pin rise edge)
                                                     10.000    10.000 r  
    W5                                                0.000    10.000 r  clk (IN)
                         net (fo=0)                   0.000    10.000    clk
    W5                   IBUF (Prop_ibuf_I_O)         1.388    11.388 r  clk_IBUF_inst/O
                         net (fo=1, routed)           1.862    13.250    clk_IBUF
    BUFGCTRL_X0Y0        BUFG (Prop_bufg_I_O)         0.091    13.341 r  clk_IBUF_BUFG_inst/O
                         net (fo=45, routed)          1.468    14.809    U_Frame_buffer/clk_IBUF_BUFG
    RAMB36_X1Y15         RAMB36E1                                     r  U_Frame_buffer/mem_reg_0_9/CLKBWRCLK
                         clock pessimism              0.187    14.996    
                         clock uncertainty           -0.035    14.961    
    RAMB36_X1Y15         RAMB36E1 (Setup_ramb36e1_CLKBWRCLK_ENBWREN)
                                                     -0.645    14.316    U_Frame_buffer/mem_reg_0_9
  -------------------------------------------------------------------
                         required time                         14.316    
                         arrival time                          -8.168    
  -------------------------------------------------------------------
                         slack                                  6.148    

Slack (MET) :             6.202ns  (required time - arrival time)
  Source:                 U_Frame_buffer/U_Frame_buffer/mem_reg_0_1_cooolgate_en_gate_49_cooolDelFlop/C
                            (rising edge-triggered cell FDCE clocked by sys_clk_pin  {rise@0.000ns fall@5.000ns period=10.000ns})
  Destination:            U_Frame_buffer/mem_reg_0_4/ENBWREN
                            (rising edge-triggered cell RAMB36E1 clocked by sys_clk_pin  {rise@0.000ns fall@5.000ns period=10.000ns})
  Path Group:             sys_clk_pin
  Path Type:              Setup (Max at Slow Process Corner)
  Requirement:            10.000ns  (sys_clk_pin rise@10.000ns - sys_clk_pin rise@0.000ns)
  Data Path Delay:        3.120ns  (logic 0.668ns (21.410%)  route 2.452ns (78.590%))
  Logic Levels:           1  (LUT4=1)
  Clock Path Skew:        0.004ns (DCD - SCD + CPR)
    Destination Clock Delay (DCD):    4.822ns = ( 14.822 - 10.000 ) 
    Source Clock Delay      (SCD):    5.076ns
    Clock Pessimism Removal (CPR):    0.258ns
  Clock Uncertainty:      0.035ns  ((TSJ^2 + TIJ^2)^1/2 + DJ) / 2 + PE
    Total System Jitter     (TSJ):    0.071ns
    Total Input Jitter      (TIJ):    0.000ns
    Discrete Jitter          (DJ):    0.000ns
    Phase Error              (PE):    0.000ns

    Location             Delay type                Incr(ns)  Path(ns)    Netlist Resource(s)
  -------------------------------------------------------------------    -------------------
                         (clock sys_clk_pin rise edge)
                                                      0.000     0.000 r  
    W5                                                0.000     0.000 r  clk (IN)
                         net (fo=0)                   0.000     0.000    clk
    W5                   IBUF (Prop_ibuf_I_O)         1.458     1.458 r  clk_IBUF_inst/O
                         net (fo=1, routed)           1.967     3.425    clk_IBUF
    BUFGCTRL_X0Y0        BUFG (Prop_bufg_I_O)         0.096     3.521 r  clk_IBUF_BUFG_inst/O
                         net (fo=45, routed)          1.555     5.076    U_Frame_buffer/clk_IBUF_BUFG
    SLICE_X14Y59         FDCE                                         r  U_Frame_buffer/U_Frame_buffer/mem_reg_0_1_cooolgate_en_gate_49_cooolDelFlop/C
  -------------------------------------------------------------------    -------------------
    SLICE_X14Y59         FDCE (Prop_fdce_C_Q)         0.518     5.594 f  U_Frame_buffer/U_Frame_buffer/mem_reg_0_1_cooolgate_en_gate_49_cooolDelFlop/Q
                         net (fo=12, routed)          1.118     6.712    U_Frame_buffer/U_Frame_buffer/mem_reg_0_1_cooolgate_en_sig_25
    SLICE_X8Y66          LUT4 (Prop_lut4_I3_O)        0.150     6.862 r  U_Frame_buffer/mem_reg_0_4_ENBWREN_cooolgate_en_gate_66_LOPT_REMAP/O
                         net (fo=1, routed)           1.334     8.196    U_Frame_buffer/mem_reg_0_4_ENBWREN_cooolgate_en_sig_34
    RAMB36_X0Y18         RAMB36E1                                     r  U_Frame_buffer/mem_reg_0_4/ENBWREN
  -------------------------------------------------------------------    -------------------

                         (clock sys_clk_pin rise edge)
                                                     10.000    10.000 r  
    W5                                                0.000    10.000 r  clk (IN)
                         net (fo=0)                   0.000    10.000    clk
    W5                   IBUF (Prop_ibuf_I_O)         1.388    11.388 r  clk_IBUF_inst/O
                         net (fo=1, routed)           1.862    13.250    clk_IBUF
    BUFGCTRL_X0Y0        BUFG (Prop_bufg_I_O)         0.091    13.341 r  clk_IBUF_BUFG_inst/O
                         net (fo=45, routed)          1.481    14.822    U_Frame_buffer/clk_IBUF_BUFG
    RAMB36_X0Y18         RAMB36E1                                     r  U_Frame_buffer/mem_reg_0_4/CLKBWRCLK
                         clock pessimism              0.258    15.080    
                         clock uncertainty           -0.035    15.045    
    RAMB36_X0Y18         RAMB36E1 (Setup_ramb36e1_CLKBWRCLK_ENBWREN)
                                                     -0.647    14.398    U_Frame_buffer/mem_reg_0_4
  -------------------------------------------------------------------
                         required time                         14.398    
                         arrival time                          -8.196    
  -------------------------------------------------------------------
                         slack                                  6.202    

Slack (MET) :             6.398ns  (required time - arrival time)
  Source:                 U_Frame_buffer/U_Frame_buffer/mem_reg_0_1_cooolgate_en_gate_49_cooolDelFlop/C
                            (rising edge-triggered cell FDCE clocked by sys_clk_pin  {rise@0.000ns fall@5.000ns period=10.000ns})
  Destination:            U_Frame_buffer/mem_reg_0_14/ENBWREN
                            (rising edge-triggered cell RAMB36E1 clocked by sys_clk_pin  {rise@0.000ns fall@5.000ns period=10.000ns})
  Path Group:             sys_clk_pin
  Path Type:              Setup (Max at Slow Process Corner)
  Requirement:            10.000ns  (sys_clk_pin rise@10.000ns - sys_clk_pin rise@0.000ns)
  Data Path Delay:        3.065ns  (logic 0.642ns (20.948%)  route 2.423ns (79.052%))
  Logic Levels:           1  (LUT4=1)
  Clock Path Skew:        -0.059ns (DCD - SCD + CPR)
    Destination Clock Delay (DCD):    4.837ns = ( 14.837 - 10.000 ) 
    Source Clock Delay      (SCD):    5.076ns
    Clock Pessimism Removal (CPR):    0.180ns
  Clock Uncertainty:      0.035ns  ((TSJ^2 + TIJ^2)^1/2 + DJ) / 2 + PE
    Total System Jitter     (TSJ):    0.071ns
    Total Input Jitter      (TIJ):    0.000ns
    Discrete Jitter          (DJ):    0.000ns
    Phase Error              (PE):    0.000ns

    Location             Delay type                Incr(ns)  Path(ns)    Netlist Resource(s)
  -------------------------------------------------------------------    -------------------
                         (clock sys_clk_pin rise edge)
                                                      0.000     0.000 r  
    W5                                                0.000     0.000 r  clk (IN)
                         net (fo=0)                   0.000     0.000    clk
    W5                   IBUF (Prop_ibuf_I_O)         1.458     1.458 r  clk_IBUF_inst/O
                         net (fo=1, routed)           1.967     3.425    clk_IBUF
    BUFGCTRL_X0Y0        BUFG (Prop_bufg_I_O)         0.096     3.521 r  clk_IBUF_BUFG_inst/O
                         net (fo=45, routed)          1.555     5.076    U_Frame_buffer/clk_IBUF_BUFG
    SLICE_X14Y59         FDCE                                         r  U_Frame_buffer/U_Frame_buffer/mem_reg_0_1_cooolgate_en_gate_49_cooolDelFlop/C
  -------------------------------------------------------------------    -------------------
    SLICE_X14Y59         FDCE (Prop_fdce_C_Q)         0.518     5.594 f  U_Frame_buffer/U_Frame_buffer/mem_reg_0_1_cooolgate_en_gate_49_cooolDelFlop/Q
                         net (fo=12, routed)          1.338     6.932    U_Frame_buffer/U_Frame_buffer/mem_reg_0_1_cooolgate_en_sig_25
    SLICE_X48Y59         LUT4 (Prop_lut4_I3_O)        0.124     7.056 r  U_Frame_buffer/mem_reg_0_14_ENBWREN_cooolgate_en_gate_58_LOPT_REMAP/O
                         net (fo=1, routed)           1.085     8.141    U_Frame_buffer/mem_reg_0_14_ENBWREN_cooolgate_en_sig_30
    RAMB36_X2Y9          RAMB36E1                                     r  U_Frame_buffer/mem_reg_0_14/ENBWREN
  -------------------------------------------------------------------    -------------------

                         (clock sys_clk_pin rise edge)
                                                     10.000    10.000 r  
    W5                                                0.000    10.000 r  clk (IN)
                         net (fo=0)                   0.000    10.000    clk
    W5                   IBUF (Prop_ibuf_I_O)         1.388    11.388 r  clk_IBUF_inst/O
                         net (fo=1, routed)           1.862    13.250    clk_IBUF
    BUFGCTRL_X0Y0        BUFG (Prop_bufg_I_O)         0.091    13.341 r  clk_IBUF_BUFG_inst/O
                         net (fo=45, routed)          1.496    14.837    U_Frame_buffer/clk_IBUF_BUFG
    RAMB36_X2Y9          RAMB36E1                                     r  U_Frame_buffer/mem_reg_0_14/CLKBWRCLK
                         clock pessimism              0.180    15.017    
                         clock uncertainty           -0.035    14.981    
    RAMB36_X2Y9          RAMB36E1 (Setup_ramb36e1_CLKBWRCLK_ENBWREN)
                                                     -0.443    14.538    U_Frame_buffer/mem_reg_0_14
  -------------------------------------------------------------------
                         required time                         14.538    
                         arrival time                          -8.141    
  -------------------------------------------------------------------
                         slack                                  6.398    

Slack (MET) :             6.528ns  (required time - arrival time)
  Source:                 U_Frame_buffer/U_Frame_buffer/mem_reg_0_1_cooolgate_en_gate_49_cooolDelFlop/C
                            (rising edge-triggered cell FDCE clocked by sys_clk_pin  {rise@0.000ns fall@5.000ns period=10.000ns})
  Destination:            U_Frame_buffer/mem_reg_0_10/ENBWREN
                            (rising edge-triggered cell RAMB36E1 clocked by sys_clk_pin  {rise@0.000ns fall@5.000ns period=10.000ns})
  Path Group:             sys_clk_pin
  Path Type:              Setup (Max at Slow Process Corner)
  Requirement:            10.000ns  (sys_clk_pin rise@10.000ns - sys_clk_pin rise@0.000ns)
  Data Path Delay:        2.731ns  (logic 0.636ns (23.291%)  route 2.095ns (76.709%))
  Logic Levels:           1  (LUT4=1)
  Clock Path Skew:        -0.061ns (DCD - SCD + CPR)
    Destination Clock Delay (DCD):    4.835ns = ( 14.835 - 10.000 ) 
    Source Clock Delay      (SCD):    5.076ns
    Clock Pessimism Removal (CPR):    0.180ns
  Clock Uncertainty:      0.035ns  ((TSJ^2 + TIJ^2)^1/2 + DJ) / 2 + PE
    Total System Jitter     (TSJ):    0.071ns
    Total Input Jitter      (TIJ):    0.000ns
    Discrete Jitter          (DJ):    0.000ns
    Phase Error              (PE):    0.000ns

    Location             Delay type                Incr(ns)  Path(ns)    Netlist Resource(s)
  -------------------------------------------------------------------    -------------------
                         (clock sys_clk_pin rise edge)
                                                      0.000     0.000 r  
    W5                                                0.000     0.000 r  clk (IN)
                         net (fo=0)                   0.000     0.000    clk
    W5                   IBUF (Prop_ibuf_I_O)         1.458     1.458 r  clk_IBUF_inst/O
                         net (fo=1, routed)           1.967     3.425    clk_IBUF
    BUFGCTRL_X0Y0        BUFG (Prop_bufg_I_O)         0.096     3.521 r  clk_IBUF_BUFG_inst/O
                         net (fo=45, routed)          1.555     5.076    U_Frame_buffer/clk_IBUF_BUFG
    SLICE_X14Y59         FDCE                                         r  U_Frame_buffer/U_Frame_buffer/mem_reg_0_1_cooolgate_en_gate_49_cooolDelFlop/C
  -------------------------------------------------------------------    -------------------
    SLICE_X14Y59         FDCE (Prop_fdce_C_Q)         0.518     5.594 f  U_Frame_buffer/U_Frame_buffer/mem_reg_0_1_cooolgate_en_gate_49_cooolDelFlop/Q
                         net (fo=12, routed)          1.338     6.932    U_Frame_buffer/U_Frame_buffer/mem_reg_0_1_cooolgate_en_sig_25
    SLICE_X48Y59         LUT4 (Prop_lut4_I3_O)        0.118     7.050 r  U_Frame_buffer/mem_reg_0_10_ENBWREN_cooolgate_en_gate_52_LOPT_REMAP/O
                         net (fo=1, routed)           0.757     7.807    U_Frame_buffer/mem_reg_0_10_ENBWREN_cooolgate_en_sig_27
    RAMB36_X1Y9          RAMB36E1                                     r  U_Frame_buffer/mem_reg_0_10/ENBWREN
  -------------------------------------------------------------------    -------------------

                         (clock sys_clk_pin rise edge)
                                                     10.000    10.000 r  
    W5                                                0.000    10.000 r  clk (IN)
                         net (fo=0)                   0.000    10.000    clk
    W5                   IBUF (Prop_ibuf_I_O)         1.388    11.388 r  clk_IBUF_inst/O
                         net (fo=1, routed)           1.862    13.250    clk_IBUF
    BUFGCTRL_X0Y0        BUFG (Prop_bufg_I_O)         0.091    13.341 r  clk_IBUF_BUFG_inst/O
                         net (fo=45, routed)          1.494    14.835    U_Frame_buffer/clk_IBUF_BUFG
    RAMB36_X1Y9          RAMB36E1                                     r  U_Frame_buffer/mem_reg_0_10/CLKBWRCLK
                         clock pessimism              0.180    15.015    
                         clock uncertainty           -0.035    14.979    
    RAMB36_X1Y9          RAMB36E1 (Setup_ramb36e1_CLKBWRCLK_ENBWREN)
                                                     -0.645    14.334    U_Frame_buffer/mem_reg_0_10
  -------------------------------------------------------------------
                         required time                         14.334    
                         arrival time                          -7.807    
  -------------------------------------------------------------------
                         slack                                  6.528    

Slack (MET) :             6.609ns  (required time - arrival time)
  Source:                 U_Frame_buffer/U_Frame_buffer/mem_reg_0_1_cooolgate_en_gate_49_cooolDelFlop/C
                            (rising edge-triggered cell FDCE clocked by sys_clk_pin  {rise@0.000ns fall@5.000ns period=10.000ns})
  Destination:            U_Frame_buffer/mem_reg_0_8/ENBWREN
                            (rising edge-triggered cell RAMB36E1 clocked by sys_clk_pin  {rise@0.000ns fall@5.000ns period=10.000ns})
  Path Group:             sys_clk_pin
  Path Type:              Setup (Max at Slow Process Corner)
  Requirement:            10.000ns  (sys_clk_pin rise@10.000ns - sys_clk_pin rise@0.000ns)
  Data Path Delay:        2.645ns  (logic 0.666ns (25.177%)  route 1.979ns (74.823%))
  Logic Levels:           1  (LUT4=1)
  Clock Path Skew:        -0.063ns (DCD - SCD + CPR)
    Destination Clock Delay (DCD):    4.833ns = ( 14.833 - 10.000 ) 
    Source Clock Delay      (SCD):    5.076ns
    Clock Pessimism Removal (CPR):    0.180ns
  Clock Uncertainty:      0.035ns  ((TSJ^2 + TIJ^2)^1/2 + DJ) / 2 + PE
    Total System Jitter     (TSJ):    0.071ns
    Total Input Jitter      (TIJ):    0.000ns
    Discrete Jitter          (DJ):    0.000ns
    Phase Error              (PE):    0.000ns

    Location             Delay type                Incr(ns)  Path(ns)    Netlist Resource(s)
  -------------------------------------------------------------------    -------------------
                         (clock sys_clk_pin rise edge)
                                                      0.000     0.000 r  
    W5                                                0.000     0.000 r  clk (IN)
                         net (fo=0)                   0.000     0.000    clk
    W5                   IBUF (Prop_ibuf_I_O)         1.458     1.458 r  clk_IBUF_inst/O
                         net (fo=1, routed)           1.967     3.425    clk_IBUF
    BUFGCTRL_X0Y0        BUFG (Prop_bufg_I_O)         0.096     3.521 r  clk_IBUF_BUFG_inst/O
                         net (fo=45, routed)          1.555     5.076    U_Frame_buffer/clk_IBUF_BUFG
    SLICE_X14Y59         FDCE                                         r  U_Frame_buffer/U_Frame_buffer/mem_reg_0_1_cooolgate_en_gate_49_cooolDelFlop/C
  -------------------------------------------------------------------    -------------------
    SLICE_X14Y59         FDCE (Prop_fdce_C_Q)         0.518     5.594 f  U_Frame_buffer/U_Frame_buffer/mem_reg_0_1_cooolgate_en_gate_49_cooolDelFlop/Q
                         net (fo=12, routed)          0.878     6.472    U_Frame_buffer/U_Frame_buffer/mem_reg_0_1_cooolgate_en_sig_25
    SLICE_X8Y59          LUT4 (Prop_lut4_I3_O)        0.148     6.620 r  U_Frame_buffer/mem_reg_0_8_ENBWREN_cooolgate_en_gate_70_LOPT_REMAP/O
                         net (fo=1, routed)           1.101     7.721    U_Frame_buffer/mem_reg_0_8_ENBWREN_cooolgate_en_sig_36
    RAMB36_X0Y8          RAMB36E1                                     r  U_Frame_buffer/mem_reg_0_8/ENBWREN
  -------------------------------------------------------------------    -------------------

                         (clock sys_clk_pin rise edge)
                                                     10.000    10.000 r  
    W5                                                0.000    10.000 r  clk (IN)
                         net (fo=0)                   0.000    10.000    clk
    W5                   IBUF (Prop_ibuf_I_O)         1.388    11.388 r  clk_IBUF_inst/O
                         net (fo=1, routed)           1.862    13.250    clk_IBUF
    BUFGCTRL_X0Y0        BUFG (Prop_bufg_I_O)         0.091    13.341 r  clk_IBUF_BUFG_inst/O
                         net (fo=45, routed)          1.492    14.833    U_Frame_buffer/clk_IBUF_BUFG
    RAMB36_X0Y8          RAMB36E1                                     r  U_Frame_buffer/mem_reg_0_8/CLKBWRCLK
                         clock pessimism              0.180    15.013    
                         clock uncertainty           -0.035    14.977    
    RAMB36_X0Y8          RAMB36E1 (Setup_ramb36e1_CLKBWRCLK_ENBWREN)
                                                     -0.647    14.330    U_Frame_buffer/mem_reg_0_8
  -------------------------------------------------------------------
                         required time                         14.330    
                         arrival time                          -7.721    
  -------------------------------------------------------------------
                         slack                                  6.609    

Slack (MET) :             6.627ns  (required time - arrival time)
  Source:                 U_Frame_buffer/U_Frame_buffer/mem_reg_0_1_cooolgate_en_gate_49_cooolDelFlop/C
                            (rising edge-triggered cell FDCE clocked by sys_clk_pin  {rise@0.000ns fall@5.000ns period=10.000ns})
  Destination:            U_Frame_buffer/mem_reg_0_13/ENBWREN
                            (rising edge-triggered cell RAMB36E1 clocked by sys_clk_pin  {rise@0.000ns fall@5.000ns period=10.000ns})
  Path Group:             sys_clk_pin
  Path Type:              Setup (Max at Slow Process Corner)
  Requirement:            10.000ns  (sys_clk_pin rise@10.000ns - sys_clk_pin rise@0.000ns)
  Data Path Delay:        2.622ns  (logic 0.637ns (24.298%)  route 1.985ns (75.702%))
  Logic Levels:           1  (LUT4=1)
  Clock Path Skew:        -0.065ns (DCD - SCD + CPR)
    Destination Clock Delay (DCD):    4.824ns = ( 14.824 - 10.000 ) 
    Source Clock Delay      (SCD):    5.076ns
    Clock Pessimism Removal (CPR):    0.187ns
  Clock Uncertainty:      0.035ns  ((TSJ^2 + TIJ^2)^1/2 + DJ) / 2 + PE
    Total System Jitter     (TSJ):    0.071ns
    Total Input Jitter      (TIJ):    0.000ns
    Discrete Jitter          (DJ):    0.000ns
    Phase Error              (PE):    0.000ns

    Location             Delay type                Incr(ns)  Path(ns)    Netlist Resource(s)
  -------------------------------------------------------------------    -------------------
                         (clock sys_clk_pin rise edge)
                                                      0.000     0.000 r  
    W5                                                0.000     0.000 r  clk (IN)
                         net (fo=0)                   0.000     0.000    clk
    W5                   IBUF (Prop_ibuf_I_O)         1.458     1.458 r  clk_IBUF_inst/O
                         net (fo=1, routed)           1.967     3.425    clk_IBUF
    BUFGCTRL_X0Y0        BUFG (Prop_bufg_I_O)         0.096     3.521 r  clk_IBUF_BUFG_inst/O
                         net (fo=45, routed)          1.555     5.076    U_Frame_buffer/clk_IBUF_BUFG
    SLICE_X14Y59         FDCE                                         r  U_Frame_buffer/U_Frame_buffer/mem_reg_0_1_cooolgate_en_gate_49_cooolDelFlop/C
  -------------------------------------------------------------------    -------------------
    SLICE_X14Y59         FDCE (Prop_fdce_C_Q)         0.518     5.594 f  U_Frame_buffer/U_Frame_buffer/mem_reg_0_1_cooolgate_en_gate_49_cooolDelFlop/Q
                         net (fo=12, routed)          1.342     6.936    U_Frame_buffer/U_Frame_buffer/mem_reg_0_1_cooolgate_en_sig_25
    SLICE_X48Y59         LUT4 (Prop_lut4_I3_O)        0.119     7.055 r  U_Frame_buffer/mem_reg_0_13_ENBWREN_cooolgate_en_gate_56_LOPT_REMAP/O
                         net (fo=1, routed)           0.643     7.697    U_Frame_buffer/mem_reg_0_13_ENBWREN_cooolgate_en_sig_29
    RAMB36_X1Y11         RAMB36E1                                     r  U_Frame_buffer/mem_reg_0_13/ENBWREN
  -------------------------------------------------------------------    -------------------

                         (clock sys_clk_pin rise edge)
                                                     10.000    10.000 r  
    W5                                                0.000    10.000 r  clk (IN)
                         net (fo=0)                   0.000    10.000    clk
    W5                   IBUF (Prop_ibuf_I_O)         1.388    11.388 r  clk_IBUF_inst/O
                         net (fo=1, routed)           1.862    13.250    clk_IBUF
    BUFGCTRL_X0Y0        BUFG (Prop_bufg_I_O)         0.091    13.341 r  clk_IBUF_BUFG_inst/O
                         net (fo=45, routed)          1.483    14.824    U_Frame_buffer/clk_IBUF_BUFG
    RAMB36_X1Y11         RAMB36E1                                     r  U_Frame_buffer/mem_reg_0_13/CLKBWRCLK
                         clock pessimism              0.187    15.011    
                         clock uncertainty           -0.035    14.976    
    RAMB36_X1Y11         RAMB36E1 (Setup_ramb36e1_CLKBWRCLK_ENBWREN)
                                                     -0.651    14.325    U_Frame_buffer/mem_reg_0_13
  -------------------------------------------------------------------
                         required time                         14.325    
                         arrival time                          -7.697    
  -------------------------------------------------------------------
                         slack                                  6.627    

Slack (MET) :             6.632ns  (required time - arrival time)
  Source:                 U_Frame_buffer/U_Frame_buffer/mem_reg_0_1_cooolgate_en_gate_49_cooolDelFlop/C
                            (rising edge-triggered cell FDCE clocked by sys_clk_pin  {rise@0.000ns fall@5.000ns period=10.000ns})
  Destination:            U_Frame_buffer/mem_reg_0_3/ENBWREN
                            (rising edge-triggered cell RAMB36E1 clocked by sys_clk_pin  {rise@0.000ns fall@5.000ns period=10.000ns})
  Path Group:             sys_clk_pin
  Path Type:              Setup (Max at Slow Process Corner)
  Requirement:            10.000ns  (sys_clk_pin rise@10.000ns - sys_clk_pin rise@0.000ns)
  Data Path Delay:        2.681ns  (logic 0.634ns (23.644%)  route 2.047ns (76.356%))
  Logic Levels:           1  (LUT4=1)
  Clock Path Skew:        -0.005ns (DCD - SCD + CPR)
    Destination Clock Delay (DCD):    4.813ns = ( 14.813 - 10.000 ) 
    Source Clock Delay      (SCD):    5.076ns
    Clock Pessimism Removal (CPR):    0.258ns
  Clock Uncertainty:      0.035ns  ((TSJ^2 + TIJ^2)^1/2 + DJ) / 2 + PE
    Total System Jitter     (TSJ):    0.071ns
    Total Input Jitter      (TIJ):    0.000ns
    Discrete Jitter          (DJ):    0.000ns
    Phase Error              (PE):    0.000ns

    Location             Delay type                Incr(ns)  Path(ns)    Netlist Resource(s)
  -------------------------------------------------------------------    -------------------
                         (clock sys_clk_pin rise edge)
                                                      0.000     0.000 r  
    W5                                                0.000     0.000 r  clk (IN)
                         net (fo=0)                   0.000     0.000    clk
    W5                   IBUF (Prop_ibuf_I_O)         1.458     1.458 r  clk_IBUF_inst/O
                         net (fo=1, routed)           1.967     3.425    clk_IBUF
    BUFGCTRL_X0Y0        BUFG (Prop_bufg_I_O)         0.096     3.521 r  clk_IBUF_BUFG_inst/O
                         net (fo=45, routed)          1.555     5.076    U_Frame_buffer/clk_IBUF_BUFG
    SLICE_X14Y59         FDCE                                         r  U_Frame_buffer/U_Frame_buffer/mem_reg_0_1_cooolgate_en_gate_49_cooolDelFlop/C
  -------------------------------------------------------------------    -------------------
    SLICE_X14Y59         FDCE (Prop_fdce_C_Q)         0.518     5.594 f  U_Frame_buffer/U_Frame_buffer/mem_reg_0_1_cooolgate_en_gate_49_cooolDelFlop/Q
                         net (fo=12, routed)          0.913     6.507    U_Frame_buffer/U_Frame_buffer/mem_reg_0_1_cooolgate_en_sig_25
    SLICE_X8Y62          LUT4 (Prop_lut4_I3_O)        0.116     6.623 r  U_Frame_buffer/mem_reg_0_3_ENBWREN_cooolgate_en_gate_64_LOPT_REMAP/O
                         net (fo=1, routed)           1.134     7.757    U_Frame_buffer/mem_reg_0_3_ENBWREN_cooolgate_en_sig_33
    RAMB36_X0Y16         RAMB36E1                                     r  U_Frame_buffer/mem_reg_0_3/ENBWREN
  -------------------------------------------------------------------    -------------------

                         (clock sys_clk_pin rise edge)
                                                     10.000    10.000 r  
    W5                                                0.000    10.000 r  clk (IN)
                         net (fo=0)                   0.000    10.000    clk
    W5                   IBUF (Prop_ibuf_I_O)         1.388    11.388 r  clk_IBUF_inst/O
                         net (fo=1, routed)           1.862    13.250    clk_IBUF
    BUFGCTRL_X0Y0        BUFG (Prop_bufg_I_O)         0.091    13.341 r  clk_IBUF_BUFG_inst/O
                         net (fo=45, routed)          1.472    14.813    U_Frame_buffer/clk_IBUF_BUFG
    RAMB36_X0Y16         RAMB36E1                                     r  U_Frame_buffer/mem_reg_0_3/CLKBWRCLK
                         clock pessimism              0.258    15.071    
                         clock uncertainty           -0.035    15.036    
    RAMB36_X0Y16         RAMB36E1 (Setup_ramb36e1_CLKBWRCLK_ENBWREN)
                                                     -0.647    14.389    U_Frame_buffer/mem_reg_0_3
  -------------------------------------------------------------------
                         required time                         14.389    
                         arrival time                          -7.757    
  -------------------------------------------------------------------
                         slack                                  6.632    

Slack (MET) :             6.736ns  (required time - arrival time)
  Source:                 U_Frame_buffer/U_Frame_buffer/mem_reg_0_1_cooolgate_en_gate_49_cooolDelFlop/C
                            (rising edge-triggered cell FDCE clocked by sys_clk_pin  {rise@0.000ns fall@5.000ns period=10.000ns})
  Destination:            U_Frame_buffer/mem_reg_0_12/ENBWREN
                            (rising edge-triggered cell RAMB36E1 clocked by sys_clk_pin  {rise@0.000ns fall@5.000ns period=10.000ns})
  Path Group:             sys_clk_pin
  Path Type:              Setup (Max at Slow Process Corner)
  Requirement:            10.000ns  (sys_clk_pin rise@10.000ns - sys_clk_pin rise@0.000ns)
  Data Path Delay:        2.720ns  (logic 0.642ns (23.603%)  route 2.078ns (76.397%))
  Logic Levels:           1  (LUT4=1)
  Clock Path Skew:        -0.066ns (DCD - SCD + CPR)
    Destination Clock Delay (DCD):    4.823ns = ( 14.823 - 10.000 ) 
    Source Clock Delay      (SCD):    5.076ns
    Clock Pessimism Removal (CPR):    0.187ns
  Clock Uncertainty:      0.035ns  ((TSJ^2 + TIJ^2)^1/2 + DJ) / 2 + PE
    Total System Jitter     (TSJ):    0.071ns
    Total Input Jitter      (TIJ):    0.000ns
    Discrete Jitter          (DJ):    0.000ns
    Phase Error              (PE):    0.000ns

    Location             Delay type                Incr(ns)  Path(ns)    Netlist Resource(s)
  -------------------------------------------------------------------    -------------------
                         (clock sys_clk_pin rise edge)
                                                      0.000     0.000 r  
    W5                                                0.000     0.000 r  clk (IN)
                         net (fo=0)                   0.000     0.000    clk
    W5                   IBUF (Prop_ibuf_I_O)         1.458     1.458 r  clk_IBUF_inst/O
                         net (fo=1, routed)           1.967     3.425    clk_IBUF
    BUFGCTRL_X0Y0        BUFG (Prop_bufg_I_O)         0.096     3.521 r  clk_IBUF_BUFG_inst/O
                         net (fo=45, routed)          1.555     5.076    U_Frame_buffer/clk_IBUF_BUFG
    SLICE_X14Y59         FDCE                                         r  U_Frame_buffer/U_Frame_buffer/mem_reg_0_1_cooolgate_en_gate_49_cooolDelFlop/C
  -------------------------------------------------------------------    -------------------
    SLICE_X14Y59         FDCE (Prop_fdce_C_Q)         0.518     5.594 f  U_Frame_buffer/U_Frame_buffer/mem_reg_0_1_cooolgate_en_gate_49_cooolDelFlop/Q
                         net (fo=12, routed)          1.342     6.936    U_Frame_buffer/U_Frame_buffer/mem_reg_0_1_cooolgate_en_sig_25
    SLICE_X48Y59         LUT4 (Prop_lut4_I3_O)        0.124     7.060 r  U_Frame_buffer/mem_reg_0_12_ENBWREN_cooolgate_en_gate_54_LOPT_REMAP/O
                         net (fo=1, routed)           0.736     7.796    U_Frame_buffer/mem_reg_0_12_ENBWREN_cooolgate_en_sig_28
    RAMB36_X2Y12         RAMB36E1                                     r  U_Frame_buffer/mem_reg_0_12/ENBWREN
  -------------------------------------------------------------------    -------------------

                         (clock sys_clk_pin rise edge)
                                                     10.000    10.000 r  
    W5                                                0.000    10.000 r  clk (IN)
                         net (fo=0)                   0.000    10.000    clk
    W5                   IBUF (Prop_ibuf_I_O)         1.388    11.388 r  clk_IBUF_inst/O
                         net (fo=1, routed)           1.862    13.250    clk_IBUF
    BUFGCTRL_X0Y0        BUFG (Prop_bufg_I_O)         0.091    13.341 r  clk_IBUF_BUFG_inst/O
                         net (fo=45, routed)          1.482    14.823    U_Frame_buffer/clk_IBUF_BUFG
    RAMB36_X2Y12         RAMB36E1                                     r  U_Frame_buffer/mem_reg_0_12/CLKBWRCLK
                         clock pessimism              0.187    15.010    
                         clock uncertainty           -0.035    14.975    
    RAMB36_X2Y12         RAMB36E1 (Setup_ramb36e1_CLKBWRCLK_ENBWREN)
                                                     -0.443    14.532    U_Frame_buffer/mem_reg_0_12
  -------------------------------------------------------------------
                         required time                         14.532    
                         arrival time                          -7.796    
  -------------------------------------------------------------------
                         slack                                  6.736    

Slack (MET) :             6.794ns  (required time - arrival time)
  Source:                 U_Frame_buffer/U_Frame_buffer/mem_reg_0_1_cooolgate_en_gate_49_cooolDelFlop/C
                            (rising edge-triggered cell FDCE clocked by sys_clk_pin  {rise@0.000ns fall@5.000ns period=10.000ns})
  Destination:            U_Frame_buffer/mem_reg_0_15/ENBWREN
                            (rising edge-triggered cell RAMB36E1 clocked by sys_clk_pin  {rise@0.000ns fall@5.000ns period=10.000ns})
  Path Group:             sys_clk_pin
  Path Type:              Setup (Max at Slow Process Corner)
  Requirement:            10.000ns  (sys_clk_pin rise@10.000ns - sys_clk_pin rise@0.000ns)
  Data Path Delay:        2.656ns  (logic 0.642ns (24.175%)  route 2.014ns (75.825%))
  Logic Levels:           1  (LUT4=1)
  Clock Path Skew:        -0.072ns (DCD - SCD + CPR)
    Destination Clock Delay (DCD):    4.817ns = ( 14.817 - 10.000 ) 
    Source Clock Delay      (SCD):    5.076ns
    Clock Pessimism Removal (CPR):    0.187ns
  Clock Uncertainty:      0.035ns  ((TSJ^2 + TIJ^2)^1/2 + DJ) / 2 + PE
    Total System Jitter     (TSJ):    0.071ns
    Total Input Jitter      (TIJ):    0.000ns
    Discrete Jitter          (DJ):    0.000ns
    Phase Error              (PE):    0.000ns

    Location             Delay type                Incr(ns)  Path(ns)    Netlist Resource(s)
  -------------------------------------------------------------------    -------------------
                         (clock sys_clk_pin rise edge)
                                                      0.000     0.000 r  
    W5                                                0.000     0.000 r  clk (IN)
                         net (fo=0)                   0.000     0.000    clk
    W5                   IBUF (Prop_ibuf_I_O)         1.458     1.458 r  clk_IBUF_inst/O
                         net (fo=1, routed)           1.967     3.425    clk_IBUF
    BUFGCTRL_X0Y0        BUFG (Prop_bufg_I_O)         0.096     3.521 r  clk_IBUF_BUFG_inst/O
                         net (fo=45, routed)          1.555     5.076    U_Frame_buffer/clk_IBUF_BUFG
    SLICE_X14Y59         FDCE                                         r  U_Frame_buffer/U_Frame_buffer/mem_reg_0_1_cooolgate_en_gate_49_cooolDelFlop/C
  -------------------------------------------------------------------    -------------------
    SLICE_X14Y59         FDCE (Prop_fdce_C_Q)         0.518     5.594 f  U_Frame_buffer/U_Frame_buffer/mem_reg_0_1_cooolgate_en_gate_49_cooolDelFlop/Q
                         net (fo=12, routed)          1.530     7.124    U_Frame_buffer/U_Frame_buffer/mem_reg_0_1_cooolgate_en_sig_25
    SLICE_X48Y66         LUT4 (Prop_lut4_I3_O)        0.124     7.248 r  U_Frame_buffer/mem_reg_0_15_ENBWREN_cooolgate_en_gate_60_LOPT_REMAP/O
                         net (fo=1, routed)           0.483     7.732    U_Frame_buffer/mem_reg_0_15_ENBWREN_cooolgate_en_sig_31
    RAMB36_X1Y13         RAMB36E1                                     r  U_Frame_buffer/mem_reg_0_15/ENBWREN
  -------------------------------------------------------------------    -------------------

                         (clock sys_clk_pin rise edge)
                                                     10.000    10.000 r  
    W5                                                0.000    10.000 r  clk (IN)
                         net (fo=0)                   0.000    10.000    clk
    W5                   IBUF (Prop_ibuf_I_O)         1.388    11.388 r  clk_IBUF_inst/O
                         net (fo=1, routed)           1.862    13.250    clk_IBUF
    BUFGCTRL_X0Y0        BUFG (Prop_bufg_I_O)         0.091    13.341 r  clk_IBUF_BUFG_inst/O
                         net (fo=45, routed)          1.476    14.817    U_Frame_buffer/clk_IBUF_BUFG
    RAMB36_X1Y13         RAMB36E1                                     r  U_Frame_buffer/mem_reg_0_15/CLKBWRCLK
                         clock pessimism              0.187    15.004    
                         clock uncertainty           -0.035    14.969    
    RAMB36_X1Y13         RAMB36E1 (Setup_ramb36e1_CLKBWRCLK_ENBWREN)
                                                     -0.443    14.526    U_Frame_buffer/mem_reg_0_15
  -------------------------------------------------------------------
                         required time                         14.526    
                         arrival time                          -7.732    
  -------------------------------------------------------------------
                         slack                                  6.794    

Slack (MET) :             7.217ns  (required time - arrival time)
  Source:                 U_Frame_buffer/U_Frame_buffer/mem_reg_0_1_cooolgate_en_gate_49_cooolDelFlop/C
                            (rising edge-triggered cell FDCE clocked by sys_clk_pin  {rise@0.000ns fall@5.000ns period=10.000ns})
  Destination:            U_Frame_buffer/mem_reg_0_2/ENBWREN
                            (rising edge-triggered cell RAMB36E1 clocked by sys_clk_pin  {rise@0.000ns fall@5.000ns period=10.000ns})
  Path Group:             sys_clk_pin
  Path Type:              Setup (Max at Slow Process Corner)
  Requirement:            10.000ns  (sys_clk_pin rise@10.000ns - sys_clk_pin rise@0.000ns)
  Data Path Delay:        2.299ns  (logic 0.642ns (27.931%)  route 1.657ns (72.069%))
  Logic Levels:           1  (LUT4=1)
  Clock Path Skew:        -0.007ns (DCD - SCD + CPR)
    Destination Clock Delay (DCD):    4.811ns = ( 14.811 - 10.000 ) 
    Source Clock Delay      (SCD):    5.076ns
    Clock Pessimism Removal (CPR):    0.258ns
  Clock Uncertainty:      0.035ns  ((TSJ^2 + TIJ^2)^1/2 + DJ) / 2 + PE
    Total System Jitter     (TSJ):    0.071ns
    Total Input Jitter      (TIJ):    0.000ns
    Discrete Jitter          (DJ):    0.000ns
    Phase Error              (PE):    0.000ns

    Location             Delay type                Incr(ns)  Path(ns)    Netlist Resource(s)
  -------------------------------------------------------------------    -------------------
                         (clock sys_clk_pin rise edge)
                                                      0.000     0.000 r  
    W5                                                0.000     0.000 r  clk (IN)
                         net (fo=0)                   0.000     0.000    clk
    W5                   IBUF (Prop_ibuf_I_O)         1.458     1.458 r  clk_IBUF_inst/O
                         net (fo=1, routed)           1.967     3.425    clk_IBUF
    BUFGCTRL_X0Y0        BUFG (Prop_bufg_I_O)         0.096     3.521 r  clk_IBUF_BUFG_inst/O
                         net (fo=45, routed)          1.555     5.076    U_Frame_buffer/clk_IBUF_BUFG
    SLICE_X14Y59         FDCE                                         r  U_Frame_buffer/U_Frame_buffer/mem_reg_0_1_cooolgate_en_gate_49_cooolDelFlop/C
  -------------------------------------------------------------------    -------------------
    SLICE_X14Y59         FDCE (Prop_fdce_C_Q)         0.518     5.594 f  U_Frame_buffer/U_Frame_buffer/mem_reg_0_1_cooolgate_en_gate_49_cooolDelFlop/Q
                         net (fo=12, routed)          1.118     6.712    U_Frame_buffer/U_Frame_buffer/mem_reg_0_1_cooolgate_en_sig_25
    SLICE_X8Y66          LUT4 (Prop_lut4_I3_O)        0.124     6.836 r  U_Frame_buffer/mem_reg_0_2_ENBWREN_cooolgate_en_gate_62_LOPT_REMAP/O
                         net (fo=1, routed)           0.538     7.374    U_Frame_buffer/mem_reg_0_2_ENBWREN_cooolgate_en_sig_32
    RAMB36_X0Y14         RAMB36E1                                     r  U_Frame_buffer/mem_reg_0_2/ENBWREN
  -------------------------------------------------------------------    -------------------

                         (clock sys_clk_pin rise edge)
                                                     10.000    10.000 r  
    W5                                                0.000    10.000 r  clk (IN)
                         net (fo=0)                   0.000    10.000    clk
    W5                   IBUF (Prop_ibuf_I_O)         1.388    11.388 r  clk_IBUF_inst/O
                         net (fo=1, routed)           1.862    13.250    clk_IBUF
    BUFGCTRL_X0Y0        BUFG (Prop_bufg_I_O)         0.091    13.341 r  clk_IBUF_BUFG_inst/O
                         net (fo=45, routed)          1.470    14.811    U_Frame_buffer/clk_IBUF_BUFG
    RAMB36_X0Y14         RAMB36E1                                     r  U_Frame_buffer/mem_reg_0_2/CLKBWRCLK
                         clock pessimism              0.258    15.069    
                         clock uncertainty           -0.035    15.034    
    RAMB36_X0Y14         RAMB36E1 (Setup_ramb36e1_CLKBWRCLK_ENBWREN)
                                                     -0.443    14.591    U_Frame_buffer/mem_reg_0_2
  -------------------------------------------------------------------
                         required time                         14.591    
                         arrival time                          -7.374    
  -------------------------------------------------------------------
                         slack                                  7.217    





Min Delay Paths
--------------------------------------------------------------------------------------
Slack (MET) :             0.280ns  (arrival time - required time)
  Source:                 u_OV7670_clk_Gen/p_counter_reg[0]/C
                            (rising edge-triggered cell FDCE clocked by sys_clk_pin  {rise@0.000ns fall@5.000ns period=10.000ns})
  Destination:            u_OV7670_clk_Gen/p_counter_reg[0]/D
                            (rising edge-triggered cell FDCE clocked by sys_clk_pin  {rise@0.000ns fall@5.000ns period=10.000ns})
  Path Group:             sys_clk_pin
  Path Type:              Hold (Min at Fast Process Corner)
  Requirement:            0.000ns  (sys_clk_pin rise@0.000ns - sys_clk_pin rise@0.000ns)
  Data Path Delay:        0.371ns  (logic 0.186ns (50.171%)  route 0.185ns (49.829%))
  Logic Levels:           1  (LUT1=1)
  Clock Path Skew:        0.000ns (DCD - SCD - CPR)
    Destination Clock Delay (DCD):    1.982ns
    Source Clock Delay      (SCD):    1.469ns
    Clock Pessimism Removal (CPR):    0.513ns

    Location             Delay type                Incr(ns)  Path(ns)    Netlist Resource(s)
  -------------------------------------------------------------------    -------------------
                         (clock sys_clk_pin rise edge)
                                                      0.000     0.000 r  
    W5                                                0.000     0.000 r  clk (IN)
                         net (fo=0)                   0.000     0.000    clk
    W5                   IBUF (Prop_ibuf_I_O)         0.226     0.226 r  clk_IBUF_inst/O
                         net (fo=1, routed)           0.631     0.858    clk_IBUF
    BUFGCTRL_X0Y0        BUFG (Prop_bufg_I_O)         0.026     0.884 r  clk_IBUF_BUFG_inst/O
                         net (fo=45, routed)          0.586     1.469    u_OV7670_clk_Gen/clk_IBUF_BUFG
    SLICE_X0Y68          FDCE                                         r  u_OV7670_clk_Gen/p_counter_reg[0]/C
  -------------------------------------------------------------------    -------------------
    SLICE_X0Y68          FDCE (Prop_fdce_C_Q)         0.141     1.610 f  u_OV7670_clk_Gen/p_counter_reg[0]/Q
                         net (fo=3, routed)           0.185     1.795    u_OV7670_clk_Gen/p_counter[0]
    SLICE_X0Y68          LUT1 (Prop_lut1_I0_O)        0.045     1.840 r  u_OV7670_clk_Gen/p_counter[0]_i_1/O
                         net (fo=1, routed)           0.000     1.840    u_OV7670_clk_Gen/p_counter[0]_i_1_n_0
    SLICE_X0Y68          FDCE                                         r  u_OV7670_clk_Gen/p_counter_reg[0]/D
  -------------------------------------------------------------------    -------------------

                         (clock sys_clk_pin rise edge)
                                                      0.000     0.000 r  
    W5                                                0.000     0.000 r  clk (IN)
                         net (fo=0)                   0.000     0.000    clk
    W5                   IBUF (Prop_ibuf_I_O)         0.414     0.414 r  clk_IBUF_inst/O
                         net (fo=1, routed)           0.685     1.099    clk_IBUF
    BUFGCTRL_X0Y0        BUFG (Prop_bufg_I_O)         0.029     1.128 r  clk_IBUF_BUFG_inst/O
                         net (fo=45, routed)          0.854     1.982    u_OV7670_clk_Gen/clk_IBUF_BUFG
    SLICE_X0Y68          FDCE                                         r  u_OV7670_clk_Gen/p_counter_reg[0]/C
                         clock pessimism             -0.513     1.469    
    SLICE_X0Y68          FDCE (Hold_fdce_C_D)         0.091     1.560    u_OV7670_clk_Gen/p_counter_reg[0]
  -------------------------------------------------------------------
                         required time                         -1.560    
                         arrival time                           1.840    
  -------------------------------------------------------------------
                         slack                                  0.280    

Slack (MET) :             0.280ns  (arrival time - required time)
  Source:                 U_Frame_buffer/mem_reg_mux_sel__14/C
                            (rising edge-triggered cell FDRE clocked by sys_clk_pin  {rise@0.000ns fall@5.000ns period=10.000ns})
  Destination:            U_Frame_buffer/mem_reg_mux_sel__14/D
                            (rising edge-triggered cell FDRE clocked by sys_clk_pin  {rise@0.000ns fall@5.000ns period=10.000ns})
  Path Group:             sys_clk_pin
  Path Type:              Hold (Min at Fast Process Corner)
  Requirement:            0.000ns  (sys_clk_pin rise@0.000ns - sys_clk_pin rise@0.000ns)
  Data Path Delay:        0.371ns  (logic 0.186ns (50.157%)  route 0.185ns (49.843%))
  Logic Levels:           1  (LUT3=1)
  Clock Path Skew:        0.000ns (DCD - SCD - CPR)
    Destination Clock Delay (DCD):    1.955ns
    Source Clock Delay      (SCD):    1.442ns
    Clock Pessimism Removal (CPR):    0.513ns

    Location             Delay type                Incr(ns)  Path(ns)    Netlist Resource(s)
  -------------------------------------------------------------------    -------------------
                         (clock sys_clk_pin rise edge)
                                                      0.000     0.000 r  
    W5                                                0.000     0.000 r  clk (IN)
                         net (fo=0)                   0.000     0.000    clk
    W5                   IBUF (Prop_ibuf_I_O)         0.226     0.226 r  clk_IBUF_inst/O
                         net (fo=1, routed)           0.631     0.858    clk_IBUF
    BUFGCTRL_X0Y0        BUFG (Prop_bufg_I_O)         0.026     0.884 r  clk_IBUF_BUFG_inst/O
                         net (fo=45, routed)          0.559     1.442    U_Frame_buffer/clk_IBUF_BUFG
    SLICE_X31Y60         FDRE                                         r  U_Frame_buffer/mem_reg_mux_sel__14/C
  -------------------------------------------------------------------    -------------------
    SLICE_X31Y60         FDRE (Prop_fdre_C_Q)         0.141     1.583 r  U_Frame_buffer/mem_reg_mux_sel__14/Q
                         net (fo=13, routed)          0.185     1.768    U_QVGA_MemController/mem_reg_mux_sel__14
    SLICE_X31Y60         LUT3 (Prop_lut3_I2_O)        0.045     1.813 r  U_QVGA_MemController/mem_mux_sel__14_i_1/O
                         net (fo=1, routed)           0.000     1.813    U_Frame_buffer/mem_reg_mux_sel__14_1
    SLICE_X31Y60         FDRE                                         r  U_Frame_buffer/mem_reg_mux_sel__14/D
  -------------------------------------------------------------------    -------------------

                         (clock sys_clk_pin rise edge)
                                                      0.000     0.000 r  
    W5                                                0.000     0.000 r  clk (IN)
                         net (fo=0)                   0.000     0.000    clk
    W5                   IBUF (Prop_ibuf_I_O)         0.414     0.414 r  clk_IBUF_inst/O
                         net (fo=1, routed)           0.685     1.099    clk_IBUF
    BUFGCTRL_X0Y0        BUFG (Prop_bufg_I_O)         0.029     1.128 r  clk_IBUF_BUFG_inst/O
                         net (fo=45, routed)          0.827     1.955    U_Frame_buffer/clk_IBUF_BUFG
    SLICE_X31Y60         FDRE                                         r  U_Frame_buffer/mem_reg_mux_sel__14/C
                         clock pessimism             -0.513     1.442    
    SLICE_X31Y60         FDRE (Hold_fdre_C_D)         0.091     1.533    U_Frame_buffer/mem_reg_mux_sel__14
  -------------------------------------------------------------------
                         required time                         -1.533    
                         arrival time                           1.813    
  -------------------------------------------------------------------
                         slack                                  0.280    

Slack (MET) :             0.302ns  (arrival time - required time)
  Source:                 u_OV7670_clk_Gen/p_counter_reg[1]/C
                            (rising edge-triggered cell FDCE clocked by sys_clk_pin  {rise@0.000ns fall@5.000ns period=10.000ns})
  Destination:            u_OV7670_clk_Gen/pclk_reg/D
                            (rising edge-triggered cell FDCE clocked by sys_clk_pin  {rise@0.000ns fall@5.000ns period=10.000ns})
  Path Group:             sys_clk_pin
  Path Type:              Hold (Min at Fast Process Corner)
  Requirement:            0.000ns  (sys_clk_pin rise@0.000ns - sys_clk_pin rise@0.000ns)
  Data Path Delay:        0.409ns  (logic 0.184ns (45.030%)  route 0.225ns (54.970%))
  Logic Levels:           1  (LUT2=1)
  Clock Path Skew:        0.000ns (DCD - SCD - CPR)
    Destination Clock Delay (DCD):    1.982ns
    Source Clock Delay      (SCD):    1.469ns
    Clock Pessimism Removal (CPR):    0.513ns

    Location             Delay type                Incr(ns)  Path(ns)    Netlist Resource(s)
  -------------------------------------------------------------------    -------------------
                         (clock sys_clk_pin rise edge)
                                                      0.000     0.000 r  
    W5                                                0.000     0.000 r  clk (IN)
                         net (fo=0)                   0.000     0.000    clk
    W5                   IBUF (Prop_ibuf_I_O)         0.226     0.226 r  clk_IBUF_inst/O
                         net (fo=1, routed)           0.631     0.858    clk_IBUF
    BUFGCTRL_X0Y0        BUFG (Prop_bufg_I_O)         0.026     0.884 r  clk_IBUF_BUFG_inst/O
                         net (fo=45, routed)          0.586     1.469    u_OV7670_clk_Gen/clk_IBUF_BUFG
    SLICE_X0Y68          FDCE                                         r  u_OV7670_clk_Gen/p_counter_reg[1]/C
  -------------------------------------------------------------------    -------------------
    SLICE_X0Y68          FDCE (Prop_fdce_C_Q)         0.141     1.610 r  u_OV7670_clk_Gen/p_counter_reg[1]/Q
                         net (fo=2, routed)           0.225     1.835    u_OV7670_clk_Gen/p_counter[1]
    SLICE_X0Y68          LUT2 (Prop_lut2_I1_O)        0.043     1.878 r  u_OV7670_clk_Gen/pclk_i_1/O
                         net (fo=1, routed)           0.000     1.878    u_OV7670_clk_Gen/pclk_i_1_n_0
    SLICE_X0Y68          FDCE                                         r  u_OV7670_clk_Gen/pclk_reg/D
  -------------------------------------------------------------------    -------------------

                         (clock sys_clk_pin rise edge)
                                                      0.000     0.000 r  
    W5                                                0.000     0.000 r  clk (IN)
                         net (fo=0)                   0.000     0.000    clk
    W5                   IBUF (Prop_ibuf_I_O)         0.414     0.414 r  clk_IBUF_inst/O
                         net (fo=1, routed)           0.685     1.099    clk_IBUF
    BUFGCTRL_X0Y0        BUFG (Prop_bufg_I_O)         0.029     1.128 r  clk_IBUF_BUFG_inst/O
                         net (fo=45, routed)          0.854     1.982    u_OV7670_clk_Gen/clk_IBUF_BUFG
    SLICE_X0Y68          FDCE                                         r  u_OV7670_clk_Gen/pclk_reg/C
                         clock pessimism             -0.513     1.469    
    SLICE_X0Y68          FDCE (Hold_fdce_C_D)         0.107     1.576    u_OV7670_clk_Gen/pclk_reg
  -------------------------------------------------------------------
                         required time                         -1.576    
                         arrival time                           1.878    
  -------------------------------------------------------------------
                         slack                                  0.302    

Slack (MET) :             0.311ns  (arrival time - required time)
  Source:                 U_VGAController/u_Pixel_clk_Gen/p_counter_reg[0]/C
                            (rising edge-triggered cell FDCE clocked by sys_clk_pin  {rise@0.000ns fall@5.000ns period=10.000ns})
  Destination:            U_VGAController/u_Pixel_clk_Gen/pclk_reg/D
                            (rising edge-triggered cell FDCE clocked by sys_clk_pin  {rise@0.000ns fall@5.000ns period=10.000ns})
  Path Group:             sys_clk_pin
  Path Type:              Hold (Min at Fast Process Corner)
  Requirement:            0.000ns  (sys_clk_pin rise@0.000ns - sys_clk_pin rise@0.000ns)
  Data Path Delay:        0.442ns  (logic 0.208ns (47.037%)  route 0.234ns (52.963%))
  Logic Levels:           1  (LUT2=1)
  Clock Path Skew:        0.000ns (DCD - SCD - CPR)
    Destination Clock Delay (DCD):    1.957ns
    Source Clock Delay      (SCD):    1.444ns
    Clock Pessimism Removal (CPR):    0.513ns

    Location             Delay type                Incr(ns)  Path(ns)    Netlist Resource(s)
  -------------------------------------------------------------------    -------------------
                         (clock sys_clk_pin rise edge)
                                                      0.000     0.000 r  
    W5                                                0.000     0.000 r  clk (IN)
                         net (fo=0)                   0.000     0.000    clk
    W5                   IBUF (Prop_ibuf_I_O)         0.226     0.226 r  clk_IBUF_inst/O
                         net (fo=1, routed)           0.631     0.858    clk_IBUF
    BUFGCTRL_X0Y0        BUFG (Prop_bufg_I_O)         0.026     0.884 r  clk_IBUF_BUFG_inst/O
                         net (fo=45, routed)          0.561     1.444    U_VGAController/u_Pixel_clk_Gen/clk_IBUF_BUFG
    SLICE_X14Y62         FDCE                                         r  U_VGAController/u_Pixel_clk_Gen/p_counter_reg[0]/C
  -------------------------------------------------------------------    -------------------
    SLICE_X14Y62         FDCE (Prop_fdce_C_Q)         0.164     1.608 r  U_VGAController/u_Pixel_clk_Gen/p_counter_reg[0]/Q
                         net (fo=3, routed)           0.234     1.842    U_VGAController/u_Pixel_clk_Gen/p_counter[0]
    SLICE_X14Y62         LUT2 (Prop_lut2_I0_O)        0.044     1.886 r  U_VGAController/u_Pixel_clk_Gen/pclk_i_1__0/O
                         net (fo=1, routed)           0.000     1.886    U_VGAController/u_Pixel_clk_Gen/pclk_i_1__0_n_0
    SLICE_X14Y62         FDCE                                         r  U_VGAController/u_Pixel_clk_Gen/pclk_reg/D
  -------------------------------------------------------------------    -------------------

                         (clock sys_clk_pin rise edge)
                                                      0.000     0.000 r  
    W5                                                0.000     0.000 r  clk (IN)
                         net (fo=0)                   0.000     0.000    clk
    W5                   IBUF (Prop_ibuf_I_O)         0.414     0.414 r  clk_IBUF_inst/O
                         net (fo=1, routed)           0.685     1.099    clk_IBUF
    BUFGCTRL_X0Y0        BUFG (Prop_bufg_I_O)         0.029     1.128 r  clk_IBUF_BUFG_inst/O
                         net (fo=45, routed)          0.829     1.957    U_VGAController/u_Pixel_clk_Gen/clk_IBUF_BUFG
    SLICE_X14Y62         FDCE                                         r  U_VGAController/u_Pixel_clk_Gen/pclk_reg/C
                         clock pessimism             -0.513     1.444    
    SLICE_X14Y62         FDCE (Hold_fdce_C_D)         0.131     1.575    U_VGAController/u_Pixel_clk_Gen/pclk_reg
  -------------------------------------------------------------------
                         required time                         -1.575    
                         arrival time                           1.886    
  -------------------------------------------------------------------
                         slack                                  0.311    

Slack (MET) :             0.319ns  (arrival time - required time)
  Source:                 u_OV7670_clk_Gen/p_counter_reg[1]/C
                            (rising edge-triggered cell FDCE clocked by sys_clk_pin  {rise@0.000ns fall@5.000ns period=10.000ns})
  Destination:            u_OV7670_clk_Gen/p_counter_reg[1]/D
                            (rising edge-triggered cell FDCE clocked by sys_clk_pin  {rise@0.000ns fall@5.000ns period=10.000ns})
  Path Group:             sys_clk_pin
  Path Type:              Hold (Min at Fast Process Corner)
  Requirement:            0.000ns  (sys_clk_pin rise@0.000ns - sys_clk_pin rise@0.000ns)
  Data Path Delay:        0.411ns  (logic 0.186ns (45.297%)  route 0.225ns (54.703%))
  Logic Levels:           1  (LUT2=1)
  Clock Path Skew:        0.000ns (DCD - SCD - CPR)
    Destination Clock Delay (DCD):    1.982ns
    Source Clock Delay      (SCD):    1.469ns
    Clock Pessimism Removal (CPR):    0.513ns

    Location             Delay type                Incr(ns)  Path(ns)    Netlist Resource(s)
  -------------------------------------------------------------------    -------------------
                         (clock sys_clk_pin rise edge)
                                                      0.000     0.000 r  
    W5                                                0.000     0.000 r  clk (IN)
                         net (fo=0)                   0.000     0.000    clk
    W5                   IBUF (Prop_ibuf_I_O)         0.226     0.226 r  clk_IBUF_inst/O
                         net (fo=1, routed)           0.631     0.858    clk_IBUF
    BUFGCTRL_X0Y0        BUFG (Prop_bufg_I_O)         0.026     0.884 r  clk_IBUF_BUFG_inst/O
                         net (fo=45, routed)          0.586     1.469    u_OV7670_clk_Gen/clk_IBUF_BUFG
    SLICE_X0Y68          FDCE                                         r  u_OV7670_clk_Gen/p_counter_reg[1]/C
  -------------------------------------------------------------------    -------------------
    SLICE_X0Y68          FDCE (Prop_fdce_C_Q)         0.141     1.610 r  u_OV7670_clk_Gen/p_counter_reg[1]/Q
                         net (fo=2, routed)           0.225     1.835    u_OV7670_clk_Gen/p_counter[1]
    SLICE_X0Y68          LUT2 (Prop_lut2_I1_O)        0.045     1.880 r  u_OV7670_clk_Gen/p_counter[1]_i_1/O
                         net (fo=1, routed)           0.000     1.880    u_OV7670_clk_Gen/p_counter[1]_i_1_n_0
    SLICE_X0Y68          FDCE                                         r  u_OV7670_clk_Gen/p_counter_reg[1]/D
  -------------------------------------------------------------------    -------------------

                         (clock sys_clk_pin rise edge)
                                                      0.000     0.000 r  
    W5                                                0.000     0.000 r  clk (IN)
                         net (fo=0)                   0.000     0.000    clk
    W5                   IBUF (Prop_ibuf_I_O)         0.414     0.414 r  clk_IBUF_inst/O
                         net (fo=1, routed)           0.685     1.099    clk_IBUF
    BUFGCTRL_X0Y0        BUFG (Prop_bufg_I_O)         0.029     1.128 r  clk_IBUF_BUFG_inst/O
                         net (fo=45, routed)          0.854     1.982    u_OV7670_clk_Gen/clk_IBUF_BUFG
    SLICE_X0Y68          FDCE                                         r  u_OV7670_clk_Gen/p_counter_reg[1]/C
                         clock pessimism             -0.513     1.469    
    SLICE_X0Y68          FDCE (Hold_fdce_C_D)         0.092     1.561    u_OV7670_clk_Gen/p_counter_reg[1]
  -------------------------------------------------------------------
                         required time                         -1.561    
                         arrival time                           1.880    
  -------------------------------------------------------------------
                         slack                                  0.319    

Slack (MET) :             0.320ns  (arrival time - required time)
  Source:                 U_VGAController/u_Pixel_clk_Gen/p_counter_reg[0]/C
                            (rising edge-triggered cell FDCE clocked by sys_clk_pin  {rise@0.000ns fall@5.000ns period=10.000ns})
  Destination:            U_VGAController/u_Pixel_clk_Gen/p_counter_reg[0]/D
                            (rising edge-triggered cell FDCE clocked by sys_clk_pin  {rise@0.000ns fall@5.000ns period=10.000ns})
  Path Group:             sys_clk_pin
  Path Type:              Hold (Min at Fast Process Corner)
  Requirement:            0.000ns  (sys_clk_pin rise@0.000ns - sys_clk_pin rise@0.000ns)
  Data Path Delay:        0.441ns  (logic 0.209ns (47.370%)  route 0.232ns (52.630%))
  Logic Levels:           1  (LUT1=1)
  Clock Path Skew:        0.000ns (DCD - SCD - CPR)
    Destination Clock Delay (DCD):    1.957ns
    Source Clock Delay      (SCD):    1.444ns
    Clock Pessimism Removal (CPR):    0.513ns

    Location             Delay type                Incr(ns)  Path(ns)    Netlist Resource(s)
  -------------------------------------------------------------------    -------------------
                         (clock sys_clk_pin rise edge)
                                                      0.000     0.000 r  
    W5                                                0.000     0.000 r  clk (IN)
                         net (fo=0)                   0.000     0.000    clk
    W5                   IBUF (Prop_ibuf_I_O)         0.226     0.226 r  clk_IBUF_inst/O
                         net (fo=1, routed)           0.631     0.858    clk_IBUF
    BUFGCTRL_X0Y0        BUFG (Prop_bufg_I_O)         0.026     0.884 r  clk_IBUF_BUFG_inst/O
                         net (fo=45, routed)          0.561     1.444    U_VGAController/u_Pixel_clk_Gen/clk_IBUF_BUFG
    SLICE_X14Y62         FDCE                                         r  U_VGAController/u_Pixel_clk_Gen/p_counter_reg[0]/C
  -------------------------------------------------------------------    -------------------
    SLICE_X14Y62         FDCE (Prop_fdce_C_Q)         0.164     1.608 f  U_VGAController/u_Pixel_clk_Gen/p_counter_reg[0]/Q
                         net (fo=3, routed)           0.232     1.840    U_VGAController/u_Pixel_clk_Gen/p_counter[0]
    SLICE_X14Y62         LUT1 (Prop_lut1_I0_O)        0.045     1.885 r  U_VGAController/u_Pixel_clk_Gen/p_counter[0]_i_1__0/O
                         net (fo=1, routed)           0.000     1.885    U_VGAController/u_Pixel_clk_Gen/p_counter[0]_i_1__0_n_0
    SLICE_X14Y62         FDCE                                         r  U_VGAController/u_Pixel_clk_Gen/p_counter_reg[0]/D
  -------------------------------------------------------------------    -------------------

                         (clock sys_clk_pin rise edge)
                                                      0.000     0.000 r  
    W5                                                0.000     0.000 r  clk (IN)
                         net (fo=0)                   0.000     0.000    clk
    W5                   IBUF (Prop_ibuf_I_O)         0.414     0.414 r  clk_IBUF_inst/O
                         net (fo=1, routed)           0.685     1.099    clk_IBUF
    BUFGCTRL_X0Y0        BUFG (Prop_bufg_I_O)         0.029     1.128 r  clk_IBUF_BUFG_inst/O
                         net (fo=45, routed)          0.829     1.957    U_VGAController/u_Pixel_clk_Gen/clk_IBUF_BUFG
    SLICE_X14Y62         FDCE                                         r  U_VGAController/u_Pixel_clk_Gen/p_counter_reg[0]/C
                         clock pessimism             -0.513     1.444    
    SLICE_X14Y62         FDCE (Hold_fdce_C_D)         0.121     1.565    U_VGAController/u_Pixel_clk_Gen/p_counter_reg[0]
  -------------------------------------------------------------------
                         required time                         -1.565    
                         arrival time                           1.885    
  -------------------------------------------------------------------
                         slack                                  0.320    

Slack (MET) :             0.323ns  (arrival time - required time)
  Source:                 U_VGAController/u_Pixel_clk_Gen/p_counter_reg[0]/C
                            (rising edge-triggered cell FDCE clocked by sys_clk_pin  {rise@0.000ns fall@5.000ns period=10.000ns})
  Destination:            U_VGAController/u_Pixel_clk_Gen/p_counter_reg[1]/D
                            (rising edge-triggered cell FDCE clocked by sys_clk_pin  {rise@0.000ns fall@5.000ns period=10.000ns})
  Path Group:             sys_clk_pin
  Path Type:              Hold (Min at Fast Process Corner)
  Requirement:            0.000ns  (sys_clk_pin rise@0.000ns - sys_clk_pin rise@0.000ns)
  Data Path Delay:        0.443ns  (logic 0.209ns (47.156%)  route 0.234ns (52.844%))
  Logic Levels:           1  (LUT2=1)
  Clock Path Skew:        0.000ns (DCD - SCD - CPR)
    Destination Clock Delay (DCD):    1.957ns
    Source Clock Delay      (SCD):    1.444ns
    Clock Pessimism Removal (CPR):    0.513ns

    Location             Delay type                Incr(ns)  Path(ns)    Netlist Resource(s)
  -------------------------------------------------------------------    -------------------
                         (clock sys_clk_pin rise edge)
                                                      0.000     0.000 r  
    W5                                                0.000     0.000 r  clk (IN)
                         net (fo=0)                   0.000     0.000    clk
    W5                   IBUF (Prop_ibuf_I_O)         0.226     0.226 r  clk_IBUF_inst/O
                         net (fo=1, routed)           0.631     0.858    clk_IBUF
    BUFGCTRL_X0Y0        BUFG (Prop_bufg_I_O)         0.026     0.884 r  clk_IBUF_BUFG_inst/O
                         net (fo=45, routed)          0.561     1.444    U_VGAController/u_Pixel_clk_Gen/clk_IBUF_BUFG
    SLICE_X14Y62         FDCE                                         r  U_VGAController/u_Pixel_clk_Gen/p_counter_reg[0]/C
  -------------------------------------------------------------------    -------------------
    SLICE_X14Y62         FDCE (Prop_fdce_C_Q)         0.164     1.608 r  U_VGAController/u_Pixel_clk_Gen/p_counter_reg[0]/Q
                         net (fo=3, routed)           0.234     1.842    U_VGAController/u_Pixel_clk_Gen/p_counter[0]
    SLICE_X14Y62         LUT2 (Prop_lut2_I0_O)        0.045     1.887 r  U_VGAController/u_Pixel_clk_Gen/p_counter[1]_i_1__0/O
                         net (fo=1, routed)           0.000     1.887    U_VGAController/u_Pixel_clk_Gen/p_counter[1]_i_1__0_n_0
    SLICE_X14Y62         FDCE                                         r  U_VGAController/u_Pixel_clk_Gen/p_counter_reg[1]/D
  -------------------------------------------------------------------    -------------------

                         (clock sys_clk_pin rise edge)
                                                      0.000     0.000 r  
    W5                                                0.000     0.000 r  clk (IN)
                         net (fo=0)                   0.000     0.000    clk
    W5                   IBUF (Prop_ibuf_I_O)         0.414     0.414 r  clk_IBUF_inst/O
                         net (fo=1, routed)           0.685     1.099    clk_IBUF
    BUFGCTRL_X0Y0        BUFG (Prop_bufg_I_O)         0.029     1.128 r  clk_IBUF_BUFG_inst/O
                         net (fo=45, routed)          0.829     1.957    U_VGAController/u_Pixel_clk_Gen/clk_IBUF_BUFG
    SLICE_X14Y62         FDCE                                         r  U_VGAController/u_Pixel_clk_Gen/p_counter_reg[1]/C
                         clock pessimism             -0.513     1.444    
    SLICE_X14Y62         FDCE (Hold_fdce_C_D)         0.120     1.564    U_VGAController/u_Pixel_clk_Gen/p_counter_reg[1]
  -------------------------------------------------------------------
                         required time                         -1.564    
                         arrival time                           1.887    
  -------------------------------------------------------------------
                         slack                                  0.323    

Slack (MET) :             0.438ns  (arrival time - required time)
  Source:                 U_Frame_buffer/mem_reg_mux_sel__46/C
                            (rising edge-triggered cell FDRE clocked by sys_clk_pin  {rise@0.000ns fall@5.000ns period=10.000ns})
  Destination:            U_Frame_buffer/mem_reg_mux_sel__46/D
                            (rising edge-triggered cell FDRE clocked by sys_clk_pin  {rise@0.000ns fall@5.000ns period=10.000ns})
  Path Group:             sys_clk_pin
  Path Type:              Hold (Min at Fast Process Corner)
  Requirement:            0.000ns  (sys_clk_pin rise@0.000ns - sys_clk_pin rise@0.000ns)
  Data Path Delay:        0.545ns  (logic 0.226ns (41.481%)  route 0.319ns (58.519%))
  Logic Levels:           1  (LUT3=1)
  Clock Path Skew:        0.000ns (DCD - SCD - CPR)
    Destination Clock Delay (DCD):    1.955ns
    Source Clock Delay      (SCD):    1.442ns
    Clock Pessimism Removal (CPR):    0.513ns

    Location             Delay type                Incr(ns)  Path(ns)    Netlist Resource(s)
  -------------------------------------------------------------------    -------------------
                         (clock sys_clk_pin rise edge)
                                                      0.000     0.000 r  
    W5                                                0.000     0.000 r  clk (IN)
                         net (fo=0)                   0.000     0.000    clk
    W5                   IBUF (Prop_ibuf_I_O)         0.226     0.226 r  clk_IBUF_inst/O
                         net (fo=1, routed)           0.631     0.858    clk_IBUF
    BUFGCTRL_X0Y0        BUFG (Prop_bufg_I_O)         0.026     0.884 r  clk_IBUF_BUFG_inst/O
                         net (fo=45, routed)          0.559     1.442    U_Frame_buffer/clk_IBUF_BUFG
    SLICE_X31Y60         FDRE                                         r  U_Frame_buffer/mem_reg_mux_sel__46/C
  -------------------------------------------------------------------    -------------------
    SLICE_X31Y60         FDRE (Prop_fdre_C_Q)         0.128     1.570 r  U_Frame_buffer/mem_reg_mux_sel__46/Q
                         net (fo=13, routed)          0.319     1.889    U_QVGA_MemController/mem_reg_mux_sel__46
    SLICE_X31Y60         LUT3 (Prop_lut3_I2_O)        0.098     1.987 r  U_QVGA_MemController/mem_mux_sel__46_i_1/O
                         net (fo=1, routed)           0.000     1.987    U_Frame_buffer/mem_reg_mux_sel__46_1
    SLICE_X31Y60         FDRE                                         r  U_Frame_buffer/mem_reg_mux_sel__46/D
  -------------------------------------------------------------------    -------------------

                         (clock sys_clk_pin rise edge)
                                                      0.000     0.000 r  
    W5                                                0.000     0.000 r  clk (IN)
                         net (fo=0)                   0.000     0.000    clk
    W5                   IBUF (Prop_ibuf_I_O)         0.414     0.414 r  clk_IBUF_inst/O
                         net (fo=1, routed)           0.685     1.099    clk_IBUF
    BUFGCTRL_X0Y0        BUFG (Prop_bufg_I_O)         0.029     1.128 r  clk_IBUF_BUFG_inst/O
                         net (fo=45, routed)          0.827     1.955    U_Frame_buffer/clk_IBUF_BUFG
    SLICE_X31Y60         FDRE                                         r  U_Frame_buffer/mem_reg_mux_sel__46/C
                         clock pessimism             -0.513     1.442    
    SLICE_X31Y60         FDRE (Hold_fdre_C_D)         0.107     1.549    U_Frame_buffer/mem_reg_mux_sel__46
  -------------------------------------------------------------------
                         required time                         -1.549    
                         arrival time                           1.987    
  -------------------------------------------------------------------
                         slack                                  0.438    

Slack (MET) :             0.564ns  (arrival time - required time)
  Source:                 U_Frame_buffer/U_Frame_buffer/mem_reg_0_1_cooolgate_en_gate_49_cooolDelFlop/C
                            (rising edge-triggered cell FDCE clocked by sys_clk_pin  {rise@0.000ns fall@5.000ns period=10.000ns})
  Destination:            U_Frame_buffer/mem_reg_0_1/ENBWREN
                            (rising edge-triggered cell RAMB36E1 clocked by sys_clk_pin  {rise@0.000ns fall@5.000ns period=10.000ns})
  Path Group:             sys_clk_pin
  Path Type:              Hold (Min at Fast Process Corner)
  Requirement:            0.000ns  (sys_clk_pin rise@0.000ns - sys_clk_pin rise@0.000ns)
  Data Path Delay:        0.738ns  (logic 0.209ns (28.336%)  route 0.529ns (71.664%))
  Logic Levels:           1  (LUT4=1)
  Clock Path Skew:        0.077ns (DCD - SCD - CPR)
    Destination Clock Delay (DCD):    2.002ns
    Source Clock Delay      (SCD):    1.446ns
    Clock Pessimism Removal (CPR):    0.478ns

    Location             Delay type                Incr(ns)  Path(ns)    Netlist Resource(s)
  -------------------------------------------------------------------    -------------------
                         (clock sys_clk_pin rise edge)
                                                      0.000     0.000 r  
    W5                                                0.000     0.000 r  clk (IN)
                         net (fo=0)                   0.000     0.000    clk
    W5                   IBUF (Prop_ibuf_I_O)         0.226     0.226 r  clk_IBUF_inst/O
                         net (fo=1, routed)           0.631     0.858    clk_IBUF
    BUFGCTRL_X0Y0        BUFG (Prop_bufg_I_O)         0.026     0.884 r  clk_IBUF_BUFG_inst/O
                         net (fo=45, routed)          0.563     1.446    U_Frame_buffer/clk_IBUF_BUFG
    SLICE_X14Y59         FDCE                                         r  U_Frame_buffer/U_Frame_buffer/mem_reg_0_1_cooolgate_en_gate_49_cooolDelFlop/C
  -------------------------------------------------------------------    -------------------
    SLICE_X14Y59         FDCE (Prop_fdce_C_Q)         0.164     1.610 f  U_Frame_buffer/U_Frame_buffer/mem_reg_0_1_cooolgate_en_gate_49_cooolDelFlop/Q
                         net (fo=12, routed)          0.375     1.985    U_Frame_buffer/U_Frame_buffer/mem_reg_0_1_cooolgate_en_sig_25
    SLICE_X8Y62          LUT4 (Prop_lut4_I3_O)        0.045     2.030 r  U_Frame_buffer/mem_reg_0_1_ENBWREN_cooolgate_en_gate_50_LOPT_REMAP/O
                         net (fo=1, routed)           0.154     2.184    U_Frame_buffer/mem_reg_0_1_ENBWREN_cooolgate_en_sig_26
    RAMB36_X0Y12         RAMB36E1                                     r  U_Frame_buffer/mem_reg_0_1/ENBWREN
  -------------------------------------------------------------------    -------------------

                         (clock sys_clk_pin rise edge)
                                                      0.000     0.000 r  
    W5                                                0.000     0.000 r  clk (IN)
                         net (fo=0)                   0.000     0.000    clk
    W5                   IBUF (Prop_ibuf_I_O)         0.414     0.414 r  clk_IBUF_inst/O
                         net (fo=1, routed)           0.685     1.099    clk_IBUF
    BUFGCTRL_X0Y0        BUFG (Prop_bufg_I_O)         0.029     1.128 r  clk_IBUF_BUFG_inst/O
                         net (fo=45, routed)          0.874     2.002    U_Frame_buffer/clk_IBUF_BUFG
    RAMB36_X0Y12         RAMB36E1                                     r  U_Frame_buffer/mem_reg_0_1/CLKBWRCLK
                         clock pessimism             -0.478     1.524    
    RAMB36_X0Y12         RAMB36E1 (Hold_ramb36e1_CLKBWRCLK_ENBWREN)
                                                      0.096     1.620    U_Frame_buffer/mem_reg_0_1
  -------------------------------------------------------------------
                         required time                         -1.620    
                         arrival time                           2.184    
  -------------------------------------------------------------------
                         slack                                  0.564    

Slack (MET) :             0.665ns  (arrival time - required time)
  Source:                 U_Frame_buffer/U_Frame_buffer/mem_reg_0_1_cooolgate_en_gate_49_cooolDelFlop/C
                            (rising edge-triggered cell FDCE clocked by sys_clk_pin  {rise@0.000ns fall@5.000ns period=10.000ns})
  Destination:            U_Frame_buffer/mem_reg_0_7/ENBWREN
                            (rising edge-triggered cell RAMB36E1 clocked by sys_clk_pin  {rise@0.000ns fall@5.000ns period=10.000ns})
  Path Group:             sys_clk_pin
  Path Type:              Hold (Min at Fast Process Corner)
  Requirement:            0.000ns  (sys_clk_pin rise@0.000ns - sys_clk_pin rise@0.000ns)
  Data Path Delay:        0.841ns  (logic 0.209ns (24.850%)  route 0.632ns (75.150%))
  Logic Levels:           1  (LUT4=1)
  Clock Path Skew:        0.080ns (DCD - SCD - CPR)
    Destination Clock Delay (DCD):    2.005ns
    Source Clock Delay      (SCD):    1.446ns
    Clock Pessimism Removal (CPR):    0.478ns

    Location             Delay type                Incr(ns)  Path(ns)    Netlist Resource(s)
  -------------------------------------------------------------------    -------------------
                         (clock sys_clk_pin rise edge)
                                                      0.000     0.000 r  
    W5                                                0.000     0.000 r  clk (IN)
                         net (fo=0)                   0.000     0.000    clk
    W5                   IBUF (Prop_ibuf_I_O)         0.226     0.226 r  clk_IBUF_inst/O
                         net (fo=1, routed)           0.631     0.858    clk_IBUF
    BUFGCTRL_X0Y0        BUFG (Prop_bufg_I_O)         0.026     0.884 r  clk_IBUF_BUFG_inst/O
                         net (fo=45, routed)          0.563     1.446    U_Frame_buffer/clk_IBUF_BUFG
    SLICE_X14Y59         FDCE                                         r  U_Frame_buffer/U_Frame_buffer/mem_reg_0_1_cooolgate_en_gate_49_cooolDelFlop/C
  -------------------------------------------------------------------    -------------------
    SLICE_X14Y59         FDCE (Prop_fdce_C_Q)         0.164     1.610 f  U_Frame_buffer/U_Frame_buffer/mem_reg_0_1_cooolgate_en_gate_49_cooolDelFlop/Q
                         net (fo=12, routed)          0.338     1.948    U_Frame_buffer/U_Frame_buffer/mem_reg_0_1_cooolgate_en_sig_25
    SLICE_X8Y59          LUT4 (Prop_lut4_I3_O)        0.045     1.993 r  U_Frame_buffer/mem_reg_0_7_ENBWREN_cooolgate_en_gate_68_LOPT_REMAP/O
                         net (fo=1, routed)           0.294     2.287    U_Frame_buffer/mem_reg_0_7_ENBWREN_cooolgate_en_sig_35
    RAMB36_X0Y10         RAMB36E1                                     r  U_Frame_buffer/mem_reg_0_7/ENBWREN
  -------------------------------------------------------------------    -------------------

                         (clock sys_clk_pin rise edge)
                                                      0.000     0.000 r  
    W5                                                0.000     0.000 r  clk (IN)
                         net (fo=0)                   0.000     0.000    clk
    W5                   IBUF (Prop_ibuf_I_O)         0.414     0.414 r  clk_IBUF_inst/O
                         net (fo=1, routed)           0.685     1.099    clk_IBUF
    BUFGCTRL_X0Y0        BUFG (Prop_bufg_I_O)         0.029     1.128 r  clk_IBUF_BUFG_inst/O
                         net (fo=45, routed)          0.877     2.005    U_Frame_buffer/clk_IBUF_BUFG
    RAMB36_X0Y10         RAMB36E1                                     r  U_Frame_buffer/mem_reg_0_7/CLKBWRCLK
                         clock pessimism             -0.478     1.527    
    RAMB36_X0Y10         RAMB36E1 (Hold_ramb36e1_CLKBWRCLK_ENBWREN)
                                                      0.096     1.623    U_Frame_buffer/mem_reg_0_7
  -------------------------------------------------------------------
                         required time                         -1.623    
                         arrival time                           2.287    
  -------------------------------------------------------------------
                         slack                                  0.665    





Pulse Width Checks
--------------------------------------------------------------------------------------
Clock Name:         sys_clk_pin
Waveform(ns):       { 0.000 5.000 }
Period(ns):         10.000
Sources:            { clk }

Check Type        Corner  Lib Pin             Reference Pin  Required(ns)  Actual(ns)  Slack(ns)  Location      Pin
Min Period        n/a     RAMB36E1/CLKBWRCLK  n/a            2.892         10.000      7.108      RAMB36_X0Y12  U_Frame_buffer/mem_reg_0_1/CLKBWRCLK
Min Period        n/a     RAMB36E1/CLKBWRCLK  n/a            2.892         10.000      7.108      RAMB36_X1Y13  U_Frame_buffer/mem_reg_0_15/CLKBWRCLK
Min Period        n/a     RAMB36E1/CLKBWRCLK  n/a            2.892         10.000      7.108      RAMB36_X0Y8   U_Frame_buffer/mem_reg_0_8/CLKBWRCLK
Min Period        n/a     RAMB36E1/CLKBWRCLK  n/a            2.892         10.000      7.108      RAMB36_X2Y13  U_Frame_buffer/mem_reg_1_12/CLKBWRCLK
Min Period        n/a     RAMB36E1/CLKBWRCLK  n/a            2.892         10.000      7.108      RAMB36_X0Y11  U_Frame_buffer/mem_reg_1_7/CLKBWRCLK
Min Period        n/a     RAMB36E1/CLKBWRCLK  n/a            2.892         10.000      7.108      RAMB36_X0Y14  U_Frame_buffer/mem_reg_0_2/CLKBWRCLK
Min Period        n/a     RAMB36E1/CLKBWRCLK  n/a            2.892         10.000      7.108      RAMB36_X1Y15  U_Frame_buffer/mem_reg_0_9/CLKBWRCLK
Min Period        n/a     RAMB36E1/CLKBWRCLK  n/a            2.892         10.000      7.108      RAMB36_X1Y14  U_Frame_buffer/mem_reg_1_15/CLKBWRCLK
Min Period        n/a     RAMB36E1/CLKBWRCLK  n/a            2.892         10.000      7.108      RAMB36_X0Y17  U_Frame_buffer/mem_reg_1_3/CLKBWRCLK
Min Period        n/a     RAMB36E1/CLKBWRCLK  n/a            2.892         10.000      7.108      RAMB36_X1Y9   U_Frame_buffer/mem_reg_0_10/CLKBWRCLK
Low Pulse Width   Slow    FDRE/C              n/a            0.500         5.000       4.500      SLICE_X31Y60  U_Frame_buffer/mem_reg_mux_sel__14/C
Low Pulse Width   Slow    FDRE/C              n/a            0.500         5.000       4.500      SLICE_X31Y60  U_Frame_buffer/mem_reg_mux_sel__46/C
Low Pulse Width   Slow    FDCE/C              n/a            0.500         5.000       4.500      SLICE_X14Y62  U_VGAController/u_Pixel_clk_Gen/p_counter_reg[0]/C
Low Pulse Width   Fast    FDCE/C              n/a            0.500         5.000       4.500      SLICE_X14Y62  U_VGAController/u_Pixel_clk_Gen/p_counter_reg[0]/C
Low Pulse Width   Slow    FDCE/C              n/a            0.500         5.000       4.500      SLICE_X14Y62  U_VGAController/u_Pixel_clk_Gen/p_counter_reg[1]/C
Low Pulse Width   Fast    FDCE/C              n/a            0.500         5.000       4.500      SLICE_X14Y62  U_VGAController/u_Pixel_clk_Gen/p_counter_reg[1]/C
Low Pulse Width   Slow    FDCE/C              n/a            0.500         5.000       4.500      SLICE_X14Y62  U_VGAController/u_Pixel_clk_Gen/pclk_reg/C
Low Pulse Width   Fast    FDCE/C              n/a            0.500         5.000       4.500      SLICE_X14Y62  U_VGAController/u_Pixel_clk_Gen/pclk_reg/C
Low Pulse Width   Fast    FDRE/C              n/a            0.500         5.000       4.500      SLICE_X31Y60  U_Frame_buffer/mem_reg_mux_sel__14/C
Low Pulse Width   Fast    FDRE/C              n/a            0.500         5.000       4.500      SLICE_X31Y60  U_Frame_buffer/mem_reg_mux_sel__46/C
High Pulse Width  Slow    FDCE/C              n/a            0.500         5.000       4.500      SLICE_X14Y59  U_Frame_buffer/U_Frame_buffer/mem_reg_0_1_cooolgate_en_gate_49_cooolDelFlop/C
High Pulse Width  Slow    FDCE/C              n/a            0.500         5.000       4.500      SLICE_X0Y68   u_OV7670_clk_Gen/p_counter_reg[0]/C
High Pulse Width  Slow    FDCE/C              n/a            0.500         5.000       4.500      SLICE_X0Y68   u_OV7670_clk_Gen/p_counter_reg[1]/C
High Pulse Width  Slow    FDCE/C              n/a            0.500         5.000       4.500      SLICE_X0Y68   u_OV7670_clk_Gen/pclk_reg/C
High Pulse Width  Fast    FDCE/C              n/a            0.500         5.000       4.500      SLICE_X14Y59  U_Frame_buffer/U_Frame_buffer/mem_reg_0_1_cooolgate_en_gate_49_cooolDelFlop/C
High Pulse Width  Fast    FDCE/C              n/a            0.500         5.000       4.500      SLICE_X14Y62  U_VGAController/u_Pixel_clk_Gen/p_counter_reg[0]/C
High Pulse Width  Fast    FDCE/C              n/a            0.500         5.000       4.500      SLICE_X14Y62  U_VGAController/u_Pixel_clk_Gen/p_counter_reg[1]/C
High Pulse Width  Fast    FDCE/C              n/a            0.500         5.000       4.500      SLICE_X14Y62  U_VGAController/u_Pixel_clk_Gen/pclk_reg/C
High Pulse Width  Fast    FDRE/C              n/a            0.500         5.000       4.500      SLICE_X31Y60  U_Frame_buffer/mem_reg_mux_sel__14/C
High Pulse Width  Fast    FDRE/C              n/a            0.500         5.000       4.500      SLICE_X31Y60  U_Frame_buffer/mem_reg_mux_sel__46/C



